"detail_url","Crop Name","National Code","Variety Name","Original Name","Outstanding Characteristics","Agroecological Zones","Origin/Source","Developing Institute","Breeder(s)/Collaborators","Potential Yield (t/ha)","Year of Release","Year of Registration","Summary Yield (t/ha)"
"https://www.seedportal.org.ng/variety.php?keyword=&category=&varid=666&cropid=3&task=view","Cowpea","NGVU-25-44","FUAMPEA 5 (ALKAM SUPER)","UAM15-2157-4","Light brown, large seed, and good adaptation to intercropping. (2.9t/ha)","Northern and Southern Guinea savannas ecologies","Joseph SarwuanTarka University Makurdi","Joseph SarwuanTarka University Makurdi; Joseph SarwuanTarka University Makurdi","L.O. Omoigui, G. Ekeruo, M.S. Ugbaa, A.Y. Kamara, O.O. Olufajo, N. Iyorkaa, A.S. Shaibu, T. Iorlamen, R. Solomon & M.P. Timko",2.9,2025,2025,2.9
"https://www.seedportal.org.ng/variety.php?keyword=&category=&varid=673&cropid=4&task=view","Soybean","NGGM-25-27","NCRISOY 5M","TGx 2029-27F","Good pod clearance, high yielding, tolerance to cercospora leaf spot and bacterial pustule.(3.4t/ha)","Northern guinea savannas, derived savannas, southern guinea savannas ecologies","IITA, Ibadan","IITA, Ibadan & NCRI, Badeggi;","Abush T. Abebe, Godfree Chigeza, Adeyinka S. Adewumi, Shaahu Aondover, Dean Mungani, Hapson Mushoriwa, Omoigui L.O., Simon Imoro, Ibnou Deing, Solomon Ntukidem, Umar A.B., Moses Adebayo, Vange T., Nwosu D., Adetiloye I.S., Nnamani G.C., Ochigbo E.A & Okoh J.O.",3.4,2025,2025,3.3
"https://www.seedportal.org.ng/variety.php?keyword=&category=&varid=674&cropid=4&task=view","Soybean","NGGM-25-28","NCRISOY 6M","TGx 2029-53F","Good pod clearance, high yielding, high protein content, tolerance to cercospora leaf spot and bacterial pustule.(3.3t/ha)","Northern guinea savannas, derived savannas, southern guinea savannas ecologies","IITA, Ibadan","IITA, Ibadan & NCRI, Badeggi;","Abush T. Abebe, Godfree Chigeza, Adeyinka S. Adewumi, Shaahu Aondover, Dean Mungani, Hapson Mushoriwa, Omoigui L.O., Simon Imoro, Ibnou Deing, Solomon Ntukidem, Umar A.B., Moses Adebayo, Vange T., Nwosu D., Adetiloye I.S., Nnamani G.C., Ochigbo E.A & Okoh J.O.",3.3,2025,2025,4.12
"https://www.seedportal.org.ng/variety.php?keyword=&category=&varid=678&cropid=5&task=view","Forage Legume","NGMP 25-10","Skika Legume 1","Velvet Bean","High dry matter yield and protein content. (5.01t/ha)","Northern guinea and Sudan savannah ecologies","Southern China and Eastern India","NAPRI, Zaria,Nigeria; IAR, Zaria","N. Nzamani, P.E. Olarenwaju, W.M. Abdullahi, M.L. Umar, M.A. Yahya, M.R. Hassan, S.A. Abubakar, H. Abubakar, Y.M. Ishiaku, J.T. Amodu, R.J Tanko & S.A. Ahmed.",5.01,2025,2025,11.1
"https://www.seedportal.org.ng/variety.php?keyword=&category=&varid=679&cropid=5&task=view","Forage Legume","NGLP 25-11","Shika Legume 2","White Lablab","High dry matter yield and protein content. (4.12t/ha)","Northern guinea, Sudan and Sahel savannah ecologies","South and East Africa","NAPRI, Zaria,Nigeria; IAR, Zaria","N. Nzamani, P.E. Olarenwaju, W.M. Abdullahi, M.L. Umar, M.A. Yahya, M.R. Hassan, S.A. Abubakar, H. Abubakar, Y.M. Ishiaku, J.T. Amodu, R.J Tanko & S.A. Ahmed.",4.12,2025,2025,10.8
"https://www.seedportal.org.ng/variety.php?keyword=&category=&varid=680&cropid=7&task=view","Maize","NGZM-25-205","ETG M401","ETG M401","High grain yield and good standability. (10.2t/ha)","Guinea and Sudan Savanna ecologies","ETG Input Nigeria Ltd.","ETG Input Nigeria Ltd.; IAR, Samaru, Zaria","Madan Maurya, M. Oyekunle, G. Ogu, S.G. Ado, I.S. Usman, H. Mani & Y.U. Oladimeji",10.2,2025,2025,10.6
"https://www.seedportal.org.ng/variety.php?keyword=&category=&varid=681&cropid=7&task=view","Maize","NGZM-25-206","ETG M601","ETG M601","High grain yield and good standability. (11.1t/ha)","Guinea and Sudan Savanna ecologies","ETG Input Nigeria Ltd.","ETG Input Nigeria Ltd.; IAR, Samaru, Zaria","Madan Maurya, M. Oyekunle, G. Ogu, S.G. Ado, I.S. Usman, H. Mani & Y.U. Oladimeji",11.1,2025,2025,4.8
"https://www.seedportal.org.ng/variety.php?keyword=&category=&varid=682&cropid=7&task=view","Maize","NGZM-25-207","SAMMAZ 77","A2326-1","Tolerance to multiple stresses (Striga hermonthica, drought and fall armyworm) and high grain yield. (10.8t/ha)","Northern and Southern Guinea Savanna ecologies","IITA, Ibadan","IITA, Ibadan; IAR, Samaru, Zaria","A. Menkir, M. Oyekunle, S.G. Ado, S. Silvestro, W. Mengasa, Z. Saminu, F. Bankole, A. Kamara, I.S. Usman, H. Mani, Y.U. Oladimeji & H. Abubakar",10.8,2025,2025,4.7
"https://www.seedportal.org.ng/variety.php?keyword=&category=&varid=683&cropid=7&task=view","Maize","NGZM-25-208","SC 451","19C11934","Extra-earliness, good standability, and high grain yield. (10.8t/ha)","Guinea and Sudan Savannah ecologies","Seed Co Ltd., Zimbabwe","Seed Co Ltd., Zimbabwe; IAR, Samaru, Zaria","G. Mabuyaye, T. Kusada, V.O. Oladipo, M. Oyekunle, A. Chikoshana, A. Sani, R. Ogoyi & E. Ajeh",10.8,2025,2025,9.8
"https://www.seedportal.org.ng/variety.php?keyword=&category=&varid=684&cropid=7&task=view","Maize","NGZM-25-209","SC 563","16C34878","Early maturity, good standability, and high grain yield. (10.8t/ha)","Guinea Savannah ecologies","Seed Co Ltd., Zimbabwe","Seed Co Ltd., Zimbabwe; IAR, Samaru, Zaria","G. Mabuyaye, T. Kusada, V.O. Oladipo, M. Oyekunle, A. Chikoshana, A. Sani, R. Ogoyi & E. Ajeh",10.8,2025,2025,13.9
"https://www.seedportal.org.ng/variety.php?keyword=&category=&varid=685&cropid=7&task=view","Maize","NGZM-25-210","SC 618","18C2450","Medium maturity, good standability, husk cover and high grain yield. (10.6t/ha)","Guinea and Sudan Savannah ecologies","Seed Co Ltd., Zimbabwe","Seed Co Ltd., Zimbabwe; IAR, Samaru, Zaria","G. Mabuyaye, T. Kusada, V.O. Oladipo, M. Oyekunle, A. Chikoshana, A. Sani, R. Ogoyi & E. Ajeh",10.6,2025,2025,NA
"https://www.seedportal.org.ng/variety.php?keyword=&category=&varid=730&cropid=8&task=view","Pearl Millet","NGPG-25-16","LCIC MH2","LCMH20-1","Early maturity, high grain yield and high zinc. (4.8t/ha)","Sudano Sahelian ecologies","ICRISAT","ICRISAT & LCRI, Maiduguri, Nigeria;","M.A. Dawud, I.I. Angarawai, I. Drabo, R. Mohammed, K.K. Mala, Y. Yakubu, B.G.J. Kabir, A.S. Wali, Z.G.S. Turaki, J. Umar, D. Puozaa, J. Jonah",4.8,2025,2025,NA
"https://www.seedportal.org.ng/variety.php?keyword=&category=&varid=731&cropid=8&task=view","Pearl Millet","NGPG-25-17","LCIC MH3","LCMH20-14","High grain yield and high Fe and Zn (4.8t/ha)","Sudano Sahelian ecologies","ICRISAT","ICRISAT & LCRI, Maiduguri, Nigeria;","M.A. Dawud, I.I. Angarawai, I. Drabo, R. Mohammed, K.K. Mala, Y. Yakubu, B.G.J. Kabir, A.S. Wali, Z.G.S. Turaki, J. Umar, D. Puozaa, J. Jonah",4.8,2025,2025,NA
"https://www.seedportal.org.ng/variety.php?keyword=&category=&varid=732&cropid=8&task=view","Pearl Millet","NGPG-25-18","LCIC MH4","LCMH20-23","High yielding and high Fe and Zn (4.7t/ha)","Sudano Sahelian ecologies","ICRISAT","ICRISAT & LCRI, Maiduguri, Nigeria;","M.A. Dawud, I.I. Angarawai, I. Drabo, R. Mohammed, K.K. Mala, Y. Yakubu, B.G.J. Kabir, A.S. Wali, Z.G.S. Turaki, J. Umar, D. Puozaa, J. Jonah",4.7,2025,2025,NA
"https://www.seedportal.org.ng/variety.php?keyword=&category=&varid=733&cropid=8&task=view","Pearl Millet","NGPG-25-19","LCIC MH5","LCMH20-27","High yielding and high Zn (4.7t/ha)","Sudano Sahelian ecologies","ICRISAT","ICRISAT & LCRI, Maiduguri, Nigeria;","M.A. Dawud, I.I. Angarawai, I. Drabo, R. Mohammed, K.K. Mala, Y. Yakubu, B.G.J. Kabir, A.S. Wali, Z.G.S. Turaki, J. Umar, D. Puozaa, J. Jonah",4.7,2025,2025,NA
"https://www.seedportal.org.ng/variety.php?keyword=&category=&varid=737&cropid=9&task=view","Rice","NGOS-25-82","FARO 71","BRRI DHAN 74","High yiedling and high Zinc content (24.18mg). (9.6t/ha)","Savanna and Rainforest ecologies","Bangladesh Rice Research Institute (BRRI)","Bangladesh Rice Research Institute (BRRI); National Rice and Maize Centre, Ibadan; ADP Niger, Oyo & FCT; Centre for Dryland Agriculture, Bayero University, Kano; Foreign Commonwealth and Development Office; Alliance for Green Revolution in Africa (AG","Alangir Hossain, Partha S.B, Abdul Kadel, Muhammed L., Isong, A.E., Bashir, M., Shaib, A.S., Muhammed, I.O., Audu, S.O., Salihu, A., Gbadeyan, S.T., Ajaye, O.F. & Muhammed, A.",9.6,2025,2025,NA
"https://www.seedportal.org.ng/variety.php?keyword=&category=&varid=738&cropid=9&task=view","Rice","NGOS-25-83","FARO 72","BRRI DHAN 100","High yiedling, medium slender grain and high Zinc content (25.2mg/kg). (9.8t/ha)","Savanna and Rainforest ecologies","Bangladesh Rice Research Institute (BRRI)","Bangladesh Rice Research Institute (BRRI); National Rice and Maize Centre, Ibadan; ADP Niger, Oyo & FCT; Centre for Dryland Agriculture, Bayero University, Kano; Foreign Commonwealth and Development Office; Alliance for Green Revolution in Africa (AG","Alangir Hossain, Partha S.B, Abdul Kadel, Muhammed L., Isong, A.E., Bashir, M., Shaib, A.S., Muhammed, I.O., Gbadeyan, S.T., Apuyor, B., & Audu, S.D.",9.8,2025,2025,NA
"https://www.seedportal.org.ng/variety.php?keyword=&category=&varid=739&cropid=9&task=view","Rice","NGOS-25-84","ADV 8200","PAC 801","High yielding, high milling recovery (71.15%), medium duration. (13.8t/ha)","Savanna and Rainforest ecologies","Advanta Enterprise Limited, India","Advanta Enterprise Limited, India; NCRI, Badeggi; ADPs Niger & Oyo.","Shindu, I., Bashir, M., Muhammed M.L., Isong, A.E., Ajaye, O.J., Salihu, A., Orolakin, O.G., Mohammed, I.G., Gbadeyan, S.T. & Apuyor, B.F.",13.8,2025,2025,NA
"https://www.seedportal.org.ng/variety.php?keyword=&category=&varid=740&cropid=9&task=view","Rice","NGOS-25-85","Swarna 2","ADV 8744+","High yielding, high head rice yield (52.15%) and medium duration. (13.9t/ha)","Savanna and Rainforest ecologies","Advanta Enterprise Limited, India","Advanta Enterprise Limited, India; NCRI, Badeggi; ADPs Niger & Oyo.","Shindu, I., Bashir, M., Muhammed M.L., Isong, A.E., Ajaye, O.J., Orolakin, O.G., Mohammed, I.G., Gbadeyan, S.T. & Apuyor, B.F.",13.9,2025,2025,NA
"https://www.seedportal.org.ng/variety.php?keyword=&category=&varid=749&cropid=11&task=view","Sesame","NGSI-25-6","NCRIBEN-06E","04E-550-G3-3","High yield and high oil content 56% (2.0t/ha)","Savannah ecologies","NCRI, Badeggi","FUT, Minna;","M. Liman, Ismaila Abubakar, O.A. Falusi, A. Kabir, M.A. Audu, A.A. Gado, Usman Aliyu, Mohammed K. Musa, H. Shehu, S. Salihu & I. Yusuf.",2,2025,2025,NA
"https://www.seedportal.org.ng/variety.php?keyword=&category=&varid=750&cropid=11&task=view","Sesame","NGSI-25-7","NCRIBEN-07E","04E-550-G1-3","High yield (2.3t/ha)","Savannah ecologies","NCRI, Badeggi","FUT, Minna;","M. Liman, Ismaila Abubakar, O.A. Falusi, A. Kabir, M.A. Audu, A.A. Gado, Usman Aliyu, Mohammed K. Musa, H. Shehu, S. Salihu & I. Yusuf.",2.3,2025,2025,2.3
"https://www.seedportal.org.ng/variety.php?keyword=&category=&varid=755&cropid=14&task=view","Tomato","NGLE -25 -23","HORTITOM 4","NHTo10-1","Tolerant to bacterial wilt, high yield potential, medium maturity (80-90 days), good fruit quality, good adaptation to open field rainfed cultivation, and irrigated system. (27.2t/ha)","Rainforest, derived guinea and Sudan savanna ecologies","NIHORT","NIHORT;","Anyaoha Christian O., Oguntolu O.O., Okoyo M.E., Ikoro J.I., Ibitoye d.O., Uterdzua O., Hamisu H.S., Akinyode E.T., Adetula O.A., Fajimi O.B., Abdul- Rafiu A.M., Elum C.G., Olajide-Taiwo, F.B., Adesegun E.A., Osuji E.M. & Attanda M.L.",27.2,2025,2025,21.7
"https://www.seedportal.org.ng/variety.php?keyword=&category=&varid=756&cropid=14&task=view","Tomato","NGLE -25 -24","HORTITOM 5","NHTo180-1","Tolerant to bacterial wilt, medium maturity (80-90 days), good fruit quality, good adaptation to open field rainfed cultivation, and irrigated system. (21.7t/ha)","Rainforest, derived guinea and Sudan savanna ecologies","NIHORT","NIHORT;","Anyaoha Christian O., Oguntolu O.O., Okoyo M.E., Ikoro J.I., Ibitoye d.O., Uterdzua O., Hamisu H.S., Akinyode E.T., Adetula O.A., Fajimi O.B., Abdul- Rafiu A.M., Elum C.G., Olajide-Taiwo, F.B., Adesegun E.A., Osuji E.M. & Attanda M.L.",21.7,2025,2025,7.5
"https://www.seedportal.org.ng/variety.php?keyword=&category=&varid=762&cropid=15&task=view","Wheat","NGTT-25-24","SC W9103","W1780-6-1","Heat tolerance, high yielding, high flour yield and quality. (8.2t/ha)","Sahel, Sudan & Northern guinea savanna","Seed Co Limited","Seed Co Limited; Lake Chad Research Institute, Maiduguri","Ephrame Havazvidi, T. Soko, V.O. Oladipo, K.K. Mala, M.A. Dawud, Y. Yakubu, A. Ahmed, G. Mabuyaye, B.G.J. Kabir, Z.G.S. Turaki, O.G. Olabanji, J. Umar & A. Kyari",8.2,2025,2025,20.11
"https://www.seedportal.org.ng/variety.php?keyword=&category=&varid=763&cropid=15&task=view","Wheat","NGTT-25-25","SC W9105","WZ4153-6-23","Heat tolerance, high yielding, high flour yield and quality. (7.5t/ha)","Sahel, Sudan & Northern guinea savanna","Seed Co Limited","Seed Co Limited; Lake Chad Research Institute, Maiduguri","Ephrame Havazvidi, T. Soko, V.O. Oladipo, K.K. Mala, M.A. Dawud, Y. Yakubu, A. Ahmed, G. Mabuyaye, B.G.J. Kabir, Z.G.S. Turaki, O.G. Olabanji, J. Umar & A. Kyari",7.5,2025,2025,3.6
"https://www.seedportal.org.ng/variety.php?keyword=&category=&varid=764&cropid=15&task=view","Wheat","NGTT-25-26","SC W9106","W1708-6-1","Heat tolerance, high yielding, high flour yield and quality. (7.5t/ha)","Sahel, Sudan & Northern guinea savanna","Seed Co Limited","Seed Co Limited; Lake Chad Research Institute, Maiduguri","Ephrame Havazvidi, T. Soko, V.O. Oladipo, K.K. Mala, M.A. Dawud, Y. Yakubu, A. Ahmed, G. Mabuyaye, B.G.J. Kabir, Z.G.S. Turaki, O.G. Olabanji, J. Umar & A. Kyari",7.5,2025,2025,4.3
"https://www.seedportal.org.ng/variety.php?keyword=&category=&varid=779&cropid=22&task=view","Pepper","NGCF- 25-10","HORTIPEP 1","NB","Very high pungency, aromatic and high yield potential. (20.11t/ha)","Rainforest, derived savanna, guinea and sudan savanna ecologies","NIHORT","NIHORT;","Anyaoha Christian O., Habu Saleh Hamisu, Oyedeji E., Arogundade O., Abdul- Rafiu A.M., Badmus M.A., Aminu-Taiwo B., Akinpelu C.a., Ademoyegun O.T., Akinkunmi O.Y., Osuji E.M., Fariyike T.A., Akintoye H.A. & Attanda M.I.",20.11,2025,2025,25.5
"https://www.seedportal.org.ng/variety.php?keyword=&category=&varid=780&cropid=22&task=view","Pepper","NGCF- 25-11","HORTIPEP 2","90DG","Medium maturity, very high pungency, aromatic and high yield potential. (18.6t/ha)","Rainforest, derived and northern guinea savanna ecologies","NIHORT","NIHORT;","Anyaoha Christian O., Habu Saleh Hamisu, Oyedeji E., Arogundade O., Abdul- Rafiu A.M., Badmus M.A., Aminu-Taiwo B., Akinpelu C.a., Ademoyegun O.T., Akinkunmi O.Y., Osuji E.M., Fariyike T.A., Akintoye H.A. & Attanda M.I.",18.6,2025,2025,19.3
"https://www.seedportal.org.ng/variety.php?keyword=&category=&varid=793&cropid=42&task=view","Barley","NGHV-25-04","LACRISAMBARLE Y 4","C17-295-016","High grain yield and protein content (18.80%). (3.6t/ha)","Guinea Savanna and mid-altitude ecologies","General Mills, Inc., USA","Context Global Development and IAR Samaru, Zaria; Lake Chad Research Institute, Maiduguri","Eric Jackson, M. Oyekunle, R.O. Abdulmalik, K.K. Mala, Mark Nelson, Will Rogens, A.I. Gabasawa, H.N. Kura & Y. Hussani",3.6,2025,2025,32.5
"https://www.seedportal.org.ng/variety.php?keyword=&category=&varid=794&cropid=42&task=view","Barley","NGHV-25-05","LACRISAMBARLE Y 5","C17-295-069","High grain yield, Tillering capacity and protein content (15.25%). (4.9t/ha)","Sudan Savanna and mid-altitude ecologies","General Mills, Inc., USA","Context Global Development and IAR Samaru, Zaria; Lake Chad Research Institute, Maiduguri","Eric Jackson, M. Oyekunle, R.O. Abdulmalik, K.K. Mala, Mark Nelson, Will Rogens, A.I. Gabasawa, H.N. Kura & Y. Hussani",4.9,2025,2025,48.55
"https://www.seedportal.org.ng/variety.php?keyword=&category=&varid=795&cropid=42&task=view","Barley","NGHV-25-06","LACRISAMBARLE Y 6","C17-295-070","High grain yield and ash content (2.40%). (4.3t/ha)","Northern Guinea Savanna and mid-altitude ecologies","General Mills, Inc., USA","Context Global Development and IAR Samaru, Zaria; Lake Chad Research Institute, Maiduguri","Eric Jackson, M. Oyekunle, R.O. Abdulmalik, K.K. Mala, Mark Nelson, Will Rogens, A.I. Gabasawa, H.N. Kura & Y. Hussani",4.3,2025,2025,NA
"https://www.seedportal.org.ng/variety.php?keyword=&category=&varid=801&cropid=44&task=view","Shika Grass","NGBR 25-12","Shika Grass 1","Brachiaria 1, Ruzi grass","High crude fibre and nutrient content. (12.23t/ha)","Northern guinea, Southern guinea and Sudan savanna ecologies","Southern America","NAPRI, Zaria,Nigeria; IAR, Zaria","N. Nzamani, P.E. Olarenwaju, W.M. Abdullahi, M.L. Umar, M.A. Yahya, M.R. Hassan, S.A. Abubakar, H. Abubakar, Y.M. Ishiaku, J.T. Amodu, R.J Tanko & S.A. Ahmed.",12.23,2025,2025,NA
"https://www.seedportal.org.ng/variety.php?keyword=&category=&varid=802&cropid=44&task=view","Shika Grass","NGCG 25-13","Shika Grass 2","Rhode grass","High dry matter yield. (25.50t/ha)","Guinea savanna, Sahel savanna and Forest ecologies","Zimbabwe","NAPRI, Zaria,Nigeria; IAR, Zaria","N. Nzamani, P.E. Olarenwaju, W.M. Abdullahi, M.L. Umar, M.A. Yahya, M.R. Hassan, S.A. Abubakar, H. Abubakar, Y.M. Ishiaku, J.T. Amodu, R.J Tanko & S.A. Ahmed.",25.5,2025,2025,NA
"https://www.seedportal.org.ng/variety.php?keyword=&category=&varid=803&cropid=44&task=view","Shika Grass","NGSA 25-14","Shika Grass 3","Sudan grass","High crude fibre and nutrient content. (19.50t/ha)","Guinea and Sudan savanna ecologies","Argentina","NAPRI, Zaria,Nigeria; IAR, Zaria","N. Nzamani, P.E. Olarenwaju, W.M. Abdullahi, M.L. Umar, M.A. Yahya, M.R. Hassan, S.A. Abubakar, H. Abubakar, Y.M. Ishiaku, J.T. Amodu, R.J Tanko & S.A. Ahmed.",19.5,2025,2025,NA
"https://www.seedportal.org.ng/variety.php?keyword=&category=&varid=804&cropid=44&task=view","Shika Grass","NGAG 25-15","Shika Grass 4","Northern Gamba","High crude fibre and nutrient content. (19.30t/ha)","Sudan and Northern guinea savanna ecologies","Nigeria","NAPRI, Zaria,Nigeria; IAR, Zaria","N. Nzamani, P.E. Olarenwaju, W.M. Abdullahi, M.L. Umar, M.A. Yahya, M.R. Hassan, S.A. Abubakar, H. Abubakar, Y.M. Ishiaku, J.T. Amodu, R.J Tanko & S.A. Ahmed.",19.3,2025,2025,NA
"https://www.seedportal.org.ng/variety.php?keyword=&category=&varid=805&cropid=44&task=view","Shika Grass","NGPM 25-16","Shika Grass 5","Mumbasa grass","High dry matter yield. (42.50t/ha)","Southern and Northern guinea savanna ecologies","South America","NAPRI, Zaria,Nigeria; IAR, Zaria","N. Nzamani, P.E. Olarenwaju, W.M. Abdullahi, M.L. Umar, M.A. Yahya, M.R. Hassan, S.A. Abubakar, H. Abubakar, Y.M. Ishiaku, J.T. Amodu, R.J Tanko & S.A. Ahmed.",42.5,2025,2025,NA
"https://www.seedportal.org.ng/variety.php?keyword=&category=&varid=806&cropid=44&task=view","Shika Grass","NGPP 25-17","Shika Grass 6","Hybrid Napier/Elephant grass","High dry matter yield. (32.50t/ha)","Southern, Northern savanna and Forest zones ecologies","Thailand","NAPRI, Zaria,Nigeria; IAR, Zaria","N. Nzamani, P.E. Olarenwaju, W.M. Abdullahi, M.L. Umar, M.A. Yahya, M.R. Hassan, S.A. Abubakar, H. Abubakar, Y.M. Ishiaku, J.T. Amodu, R.J Tanko & S.A. Ahmed.",32.5,2025,2025,NA
"https://www.seedportal.org.ng/variety.php?keyword=&category=&varid=661&cropid=1&task=view","Cassava","NGME-24-55","UMUCASS 55 (Renewed Hope)","TMS14F1036P00 07","Good plant architecture, high yielding (45.7t/ha), and high dry matter content (37%)","Humid Forest, Derived Savanna and Guinea Savanna.","IITA, Ibadan","NRCRI, Umudike & IITA, Ibadan;","C.N. Egesi, F. Okeakpu, D. Njoku, L. Jiwuba, P. Kulakow, U.O. Ekanem, E.G. Mbanjo, E. Parkes, I.Y. Rabbi, J. Onyeka, B. Teeken, T. Madu, P. Iluebbey, A.S. Ikpan, B. Abolore, U. Chijioke, O.D. Nwanze, S. Onwuka & M. Diebiru- Ojo",45.7,2024,2024,NA
"https://www.seedportal.org.ng/variety.php?keyword=&category=&varid=662&cropid=1&task=view","Cassava","NGME-24-56","UMUCASS 56 (Biggie)","TMS17F1387P00 08","High vigorous, high yield (48.55t/ha), good plant architecture for mechanization and high- density planting, slightly poundable, high dry matter (36.6%) and starch content (28.8%). (48.6t/ha)","Humid Forest, Derived Savanna and Guinea Savanna.","IITA, Ibadan","NRCRI, Umudike & IITA, Ibadan;","C.N. Egesi, F. Okeakpu, D. Njoku, L. Jiwuba, P. Kulakow, U.O. Ekanem, E.G. Mbanjo, E. Parkes, I.Y. Rabbi, J. Onyeka, B. Teeken, T. Madu, P. Iluebbey, A.S. Ikpan, B. Abolore, U. Chijioke, O.D. Nwanze, S. Onwuka, M. Diebiru- Ojo, B. Okoye & P. Peteti",48.6,2024,2024,NA
"https://www.seedportal.org.ng/variety.php?keyword=&category=&varid=686&cropid=7&task=view","Maize","NGZM-24-191","SAMMAZ 70","EEPVAH-96","High provitamin A content (17.2 mg/g DW). (7.6t/ha)","Northern Guinea and Sudan Savanna ecologies","IITA, Ibadan","IITA, Ibadan; IAR, Samaru, Zaria","B. Badu-Apraku, M. Oyekunle, S.G. Ado, F. Bankole, Z. Saminu, A. Masari, I. Adejumobi, I.S. Usman, H. Mani & Y.U. Oladimeji",7.6,2024,2024,NA
"https://www.seedportal.org.ng/variety.php?keyword=&category=&varid=687&cropid=7&task=view","Maize","NGZM-24-192","SAMMAZ 71","22A10571B","Resistance to aflatoxin B and high grain yield(10t/ha)","Northern and Southern Guinea Savanna ecologies","IITA, Ibadan","IITA, Ibadan; IAR, Samaru, Zaria","A. Menkir, M. Oyekunle, S. Meseka, W. Mengesha, S.G. Ado, Z. Saminu, I.S. Usman, H. Mani, H. Abubakar and Y.U. Oladimeji",10,2024,2024,10
"https://www.seedportal.org.ng/variety.php?keyword=&category=&varid=688&cropid=7&task=view","Maize","NGZM-24-193","Hybrid 68","Champion Gold 68","High grain yield, good standability and tolerance to major foliar diseases(11.0 t/ha)","Northern Guinea and Sudan Savanna ecologies","Monsipo Seeds Private Limited","Monsipo Seeds Private Limited; IAR, Samaru, Zaria","R. Nanda Kumar, M. Oyekunle, P. Ramakrishna Reddy, B. Bankole-Manuel, I.S. Usman and H. Mani",11,2024,2024,11
"https://www.seedportal.org.ng/variety.php?keyword=&category=&varid=689&cropid=7&task=view","Maize","NGZM-24-194","SC 417","SC 417","Early maturity, good standability and high yield(11 t/ha)","Guinea and Sudan Savannah ecologies","Seed Co Ltd, Zimbabwe","Seed Co Ltd., Zimbabwe; IAR, Samaru, Zaria","G. Mabuyaye, E. Tembo and V.O. Oladipo, M. Oyekunle, A. Sani, R. Ogoyi, E. Ajeh and A. Chikoshana",11,2024,2024,10
"https://www.seedportal.org.ng/variety.php?keyword=&category=&varid=690&cropid=7&task=view","Maize","NGZM-24-196","Kabamanoj","Kabamanoj","High yield, drought tolerance, stay-green, standability(11.8 t/ha)","Rain Forest, Guinea and Sudan Savanna agro ecologies","UPL India","UPL India; IAR, Samaru, Zaria","UPL India, M.A. Yahaya, A. Job, K. Reddy, G. Orolakin, I. Iseghohi and F. A. Bankole",11.8,2024,2024,9.4
"https://www.seedportal.org.ng/variety.php?keyword=&category=&varid=691&cropid=7&task=view","Maize","NGZM-24-197","Golden MH1-W","EXP WHITE SINGLE TH 13","Good milling quality and high yield(10 t/ha)","Guinea and sudan Savanna agro-ecologies","Hytech Seed International","Hytech Seed international, Egypt; IAR, Samaru, Zaria","Hytech Seed International, A. Job, M.A. Yahaya, S. Ameh, O. Falade, S. Usman, I. Iseghohi, A. Abe and F.A. Bankole",10,2024,2024,10.2
"https://www.seedportal.org.ng/variety.php?keyword=&category=&varid=692&cropid=7&task=view","Maize","NGZM-24-198","Golden MH2-Y","EXP YELLOW SINGLE TH 15","Good milling quality, high yield, stand establishment(8.9 t/ha)","Guinea and Sudan Savanna agro- ecologies","Hytech Seed International","Hytech Seed international, Egypt; IAR, Samaru, Zaria","Hytech Seed International, A. Job, M.A. Yahaya, S. Ameh, O. Falade, S. Usman, I. Iseghohi, A. Abe and F.A. Bankole",8.9,2024,2024,8.5
"https://www.seedportal.org.ng/variety.php?keyword=&category=&varid=693&cropid=7&task=view","Maize","NGZM-24-199","SAMMAZ 72T","WE2272BII","Resistance to fall armyworm, good standability and high grain yield(9.4 t/ha)","Guinea and Sudan Savanna ecologies","African Agricultural Technology Foundation (AATF)/TELA, KENYA","Bayer Crop Science, Isando, South Africa, IAR, Samaru, Zaria, CIMMYT, Nairobi, Kenya, AATF, ILRI Kenya; IAR, Samaru, Zaria","E.Ndou, M. Oyekunle, Y. Beyene, R. S. Adamu, M. Abdulmalik and S.O. Oikeh",9.4,2024,2024,9.9
"https://www.seedportal.org.ng/variety.php?keyword=&category=&varid=694&cropid=7&task=view","Maize","NGZM-24-200","SAMMAZ 73T","WE2279BII","Resistance to fall armyworm, high grain yield, good standability and most stable(10.4 t/ha)","Rain forest and Guinea Savanna ecologies","African Agricultural Technology Foundation (AATF)/TELA, KENYA","Bayer Crop Science, Isando, South Africa, IAR, Samaru, Zaria, CIMMYT, Nairobi, Kenya, AATF, ILRI Kenya; IAR, Samaru, Zaria","E.Ndou, M. Oyekunle, Y. Beyene, R. S. Adamu, M. Abdulmalik and S.O. Oikeh",10.4,2024,2024,11.7
"https://www.seedportal.org.ng/variety.php?keyword=&category=&varid=695&cropid=7&task=view","Maize","NGZM-24-201","SAMMAZ 74T","WE2251BII","Resistance to fall armyworm, high grain yield, excellent stay- green characteristic and large kernel size(10.2 t/ha)","Guinea and Sudan Savanna ecologies","African Agricultural Technology Foundation (AATF)/TELA, KENYA","Bayer Crop Science, Isando, South Africa, IAR, Samaru, Zaria, CIMMYT, Nairobi, Kenya, AATF, ILRI Kenya; IAR, Samaru, Zaria","E.Ndou, M. Oyekunle, Y. Beyene, R. S. Adamu, M. Abdulmalik and S.O. Oikeh",10.2,2024,2024,11.8
"https://www.seedportal.org.ng/variety.php?keyword=&category=&varid=696&cropid=7&task=view","Maize","NGZM-24-202","SAMMAZ 75T","WE8206BII","Resistance to fall armyworm, high grain yield, good stay-green characteristic and excellent drought tolerance background(10.2 t/ha)","Guinea and Sudan Savanna ecologies","African Agricultural Technology Foundation (AATF)/TELA, KENYA","Bayer Crop Science, Isando, South Africa, IAR, Samaru, Zaria, CIMMYT, Nairobi, Kenya, AATF, ILRI Kenya; IAR, Samaru, Zaria","E.Ndou, M. Oyekunle, Y. Beyene, R. S. Adamu, M. Abdulmalik and S.O. Oikeh",10.2,2024,2024,6.9
"https://www.seedportal.org.ng/variety.php?keyword=&category=&varid=697&cropid=7&task=view","Maize","NGZM-24-203","ILOMAZ 3","AS2001-19","Tolerance to drought, Resistant to Striga hermonthica and high grain yield. (8.5t/ha)","Southern Guinea Savanna and Rain Forest ecologies","IITA, Ibadan","IITA, Ibadan; University of Ilorin, IAR, Zaria & IAR&T, Ibadan","A. Menkir, F. Bankole, G. Olaoye, M. Oyekunle, S. Meseka, W. Mengesha, S. Olakojo, K. Omotesho & O. Ayinde.",8.5,2024,2024,NA
"https://www.seedportal.org.ng/variety.php?keyword=&category=&varid=698&cropid=7&task=view","Maize","NGZM-24-204","SAMMAZ 76","TZE Comp3DT/White DT STR SYN","Tolerance to multiple stresses (Striga hernonthica, drought and fall armyworm) and high grain yield. (10.3t/ha)","Northern Guinea and Sudan Savanna ecologies","IITA, Ibadan","IITA, Ibadan; IAR, Samaru, Zaria","A. Menkir, M. Oyekunle, S.G. Ado, S. Silvestro, W. Mengasa, Z. Saminu, A. Kamara, I.S. Usman, H. Mani & Y.U. Oladimeji",10.3,2024,2024,NA
"https://www.seedportal.org.ng/variety.php?keyword=&category=&varid=741&cropid=9&task=view","Rice","NGOS-24-77","Ex Badaru","Ex Badaru","Early maturity, high yield, high tillering(9.9t/ha)","Lowland","Jigawa State Agricultural Research Institute","Jigawa State Agricultural Research Institute; National Rice & Maize Centre, Ibadan; ADP, Niger, Jigawa & Nasarawa","Bashir, M., Isong, A. E., Muhammad, M.L, Ajaye O.F, Mohammed, I.G., Damisa, D, M. Gbadeyan, S.T., Apuyor, B., Adesanya, F. and Audu, S. D.",9.9,2024,2024,NA
"https://www.seedportal.org.ng/variety.php?keyword=&category=&varid=742&cropid=9&task=view","Rice","NGOS-24-78","Bioseed Fiyah 549","Paddy 549","High yield and high swelling ratio(11.8t/ha)","Lowland","Bioseed Research, India","Bioseed Research India; National Cereals Research Institute, Badeggi,National Rice & Maize Centre, Ibadan; ADP, Niger, Oyo and FCT","Kumar, Vijaya, Bhaskara Reddy P., Bashir, M., Isong, A. E., Muhammad M.L. and Ajaye, O.F",11.8,2024,2024,NA
"https://www.seedportal.org.ng/variety.php?keyword=&category=&varid=743&cropid=9&task=view","Rice","NGOS-24-79","Bioseed Fiyah 800","Paddy 800","High yield, high swelling ratio and long grain(11.7t/ha)","Lowland","Bioseed Research, India","Bioseed Research India; National Cereals Research Institute, Badeggi,National Rice & Maize Centre, Ibadan; ADP, Niger, Oyo and FCT","Kumar, Vijaya, Bhaskara Reddy P., Bashir, M., Isong, A. E., Muhammad M.L. and Ajaye, O.F",11.7,2024,2024,NA
"https://www.seedportal.org.ng/variety.php?keyword=&category=&varid=744&cropid=9&task=view","Rice","NGOS-24-80","FARO 69","Hanliangyon 3908 (DS15)","High yield and drought tolerance. (13.8t/ha)","Lowland","Shanghai Agro- biological Gene Center, Institute of Crop Sciences (ICS), Chinese Academy of Agricultural Sciences (CAAS), China","Shanghai Agro- biological Gene Center, Institute of Crop Sciences (ICS), Chinese Academy of Agricultural Sciences (CAAS), China; Federal University of Agriculture Abeokuta, Green Agriculture West Africa Limited (GAWAL), Abuja, Federal University Lafi","Yu, X., Liu. G., Kong, D., Luo, L., Xu, J., Salihu, B.Z., Ajadi, A.A, Ehirim, B.O., Isong, A.E., Umar, F., Ajaye, O.F., Muhammed, I.G., Gbadeyan, S.T., Eze, J.N., Olaniyan, O.B., Adigbo, S.O., Adeniji, O.T. & Ibrahim, A.J.",13.8,2024,2024,NA
"https://www.seedportal.org.ng/variety.php?keyword=&category=&varid=745&cropid=9&task=view","Rice","NGOS-24-81","FARO 70","Hanliangyon 7608 (DS18)","High crop and ratoon yield, early maturity and drought tolerance. (11.8t/ha)","Lowland","Shanghai Agro- biological Gene Center, Institute of Crop Sciences (ICS), Chinese Academy of Agricultural Sciences (CAAS), China","Shanghai Agro- biological Gene Center, Institute of Crop Sciences (ICS), Chinese Academy of Agricultural Sciences (CAAS), China; National Cereals Research Institute, Badeggi, Federal University of Agriculture Abeokuta, Green Agriculture West Africa L","Yu, X., Liu, G., Kong, D., Luo, L., Xu, J., Salihu, B. Z., Ajadi, A. A, Ehirim, B. O., Isong, A. E., Umar, F., Ajaye, O. F., Mohammed, I. G., Gbadeyan, S. T., Eze, J. N., Olaniyan, O. B.; Jun, W., Wen, J., Adigbo, S. O., Adeniji, O. T., Shema, A. M. and Ibrahim, A. J.",11.8,2024,2024,NA
"https://www.seedportal.org.ng/variety.php?keyword=&category=&varid=751&cropid=12&task=view","Sorghum","NGSB-24-60","Golden SH1","EXP. Grain Sorghum Single HTI","High yield, early maturing, dwarness, stay- green (6.2 t/ha)","Derived and Guinea Savanna ecologies","Hytech Seed International","Hytech Seed international, Egypt; IAR, Samaru, Zaria","Hytech Seed International, A. Job, M.A. Yahaya, S. Ameh, O. Falade, S. Usman, I. Iseghohi and F.A. Bankole",6.2,2024,2024,NA
"https://www.seedportal.org.ng/variety.php?keyword=&category=&varid=765&cropid=15&task=view","Wheat","NGTT-24-23","LACRI-WHIT-18D","CROWN","High yielding, high flour yield and quality. (6.9t/ha)","Sahel, Sudan and Northern Guinea Savanna ecological zones (Irrigated conditions)","ICARDA, Morocco","ICARDA, Morocco; Olam Agir-Crown Flour Mill, Nigeria","M.B. Filippo, K.K. Mala, M.A. Dawud, Y. Yakubu, B.G.J. Kabir, Z.G.S. Turaki, A.S. Wali, J. Umar, D. Adeniyi & R. Musa",6.9,2024,2024,NA
"https://www.seedportal.org.ng/variety.php?keyword=&category=&varid=772&cropid=16&task=view","Yam","NGDR-24-31","UMUDr36","TDr04-219 x TDr9501932","Early maturity, high flour yield and high yield potential(33.8 t/ha)","Southern Guinea Savanah and Derived Savannah","IITA, Ibadan","IITA, Ibadan & NRCRI, Umudike;","Asfaw A., Obidiegwu J.E., Nwogha J., Lopez Montes A., Dekoeyer D., Agre P, Matsumoto R., Adebola P., Asiedu R., Ofeze M., Nnabue, I., Edemodu A.",33.8,2024,2024,NA
"https://www.seedportal.org.ng/variety.php?keyword=&category=&varid=777&cropid=19&task=view","Corchorus","NGCO-24-4","HORTICOR 1","NHCOOLA 1","No seed dormancy, high yielding, larger and glossy leaf, draw very well, high protein, high potassium, zinc and iron. (34.3t/ha)","Rainforest, Derived and Guinea Savanna","NIHORT, Ibadan","NIHORT, Ibadan;","Adetula Olagorite, Olajide-Taiwo F.B., Ajayi E.O., Oduntan, Akinpelu A.O., Fajinmi O. & Olabiwonninu I.",34.3,2024,2024,34.3
"https://www.seedportal.org.ng/variety.php?keyword=&category=&varid=778&cropid=19&task=view","Corchorus","NGCO-24-5","HORTICOR 2","NHCOOLA 4","No seed dormancy, high yielding, long leaf and high protein, high manganese, high vitamin C and high chlorophl content. (33.9t/ha)","Rainforest, Derived and Guinea Savanna","NIHORT, Ibadan","NIHORT, Ibadan;","Adetula Olagorite, Olajide-Taiwo F.B., Ajayi E.O., Oduntan, Akinpelu A.O., Fajinmi O. & Olabiwonninu I.",33.9,2024,2024,6.8
"https://www.seedportal.org.ng/variety.php?keyword=&category=&varid=781&cropid=22&task=view","Pepper","NGCF- 24-8","PS PEP 1","AVP 1111","Medium maturity (80-90 days after transplanting),medium pungency (10- 50mg/100g), long heavy fruits and multiple diseases resistance(6.8t/ha)","Sudan and Northern Guinea Savanna ecologies","World Vegetable Centre, Taiwan","World Vegetable Centre, Taiwan; Premier Seed Nigeria Limited","Derek W. Barchenger, Herbaud Zohoungbogbo, Afolabi Samson, Ibitoye Oyewale, Muhammad Lawal Attanda, Habu Saleh Hamisu, Chilaleke Victor Anoize, Dorcas olubunmi Ibitoye, Yahaya Danlami Giginyu, Hudu Abubakar Hudu, Idris Bala Abudullahi, Olaolu Isreal Fawole, Emmanuel Nandom Sunday, Felix Joshua, Kalejaiye Saye and Prince Umeh",6.8,2024,2024,3.2
"https://www.seedportal.org.ng/variety.php?keyword=&category=&varid=782&cropid=22&task=view","Pepper","NGCF- 24-9","PS PEP 2","AVPP0105","Early maturity (70-80 days after transplanting),medium pungency (10- 50mg/100g), long fruits with horned shape and multiple diseases resistance(5.0t/ha)","Sudan and Northern Guinea Savanna ecologies","World Vegetable Centre, Taiwan","World Vegetable Centre, Taiwan; Premier Seed Nigeria Limited","Derek W. Barchenger, Herbaud Zohoungbogbo, Afolabi Samson, Ibitoye Oyewale, Muhammad Lawal Attanda, Habu Saleh Hamisu, Chilaleke Victor Anoize, Dorcas olubunmi Ibitoye, Yahaya Danlami Giginyu, Hudu Abubakar Hudu, Idris Bala Abudullahi, Olaolu Isreal Fawole, Emmanuel Nandom Sunday, Felix Joshua, Kalejaiye Saye and Prince Umeh",5,2024,2024,1.8
"https://www.seedportal.org.ng/variety.php?keyword=&category=&varid=788&cropid=40&task=view","Castor","NGRC 24-3","SAMCAS 1","IAR-CAS-028","High seed yield and oil content (46.97%) (3.2 t/ha)","Northern Guinea and Sudan Savanna ecologies","IAR, Samaru, Zaria","IAR, Samaru, Zaria;","M. Oyekunle, R. A. Sami, A. Usman, C.A. Echekwu, M. Usman and S. M. Bugaje",3.2,2024,2024,5.6
"https://www.seedportal.org.ng/variety.php?keyword=&category=&varid=789&cropid=40&task=view","Castor","NGRC 24-4","NCRICAS3","CASPampo-1","High seed yield and large endosperm. (2.1t/ha)","Rainforest and Savanna","NCRI, Badeggi","NCRI, Badeggi; Federal University of Agriculture, Abeokuta and Bauchi State ADP.","B.Z, Salihu, M.N. Ishaq, A.E. Isong, F. Umar, A.A. Ajadi, O.F. Ajaye, V.I.O. Olowe, A.Z. Saleh, B.O. Apuyor, M.A. Kabaraini, M.S. Salahu, I.G. Muhammed, S.T. Gbadeyan & M. Yusuf.",2.1,2024,2024,2.3
"https://www.seedportal.org.ng/variety.php?keyword=&category=&varid=790&cropid=40&task=view","Castor","NGRC 24-5","NCRICAS4","CASOgbo-20AC","High seed yield, high oil content and large endosperm. (1.8t/ha)","Derived and Guinea Savanna","NCRI, Badeggi","NCRI, Badeggi; Federal University of Agriculture, Abeokuta and Bauchi State ADP.","B.Z, Salihu, M.N. Ishaq, A.E. Isong, F. Umar, A.A. Ajadi, O.F. Ajaye, V.I.O. Olowe, A.Z. Saleh, B.O. Apuyor, M.A. Kabaraini, M.S. Salahu, I.G. Muhammed, S.T. Gbadeyan & M. Yusuf.",1.8,2024,2024,3
"https://www.seedportal.org.ng/variety.php?keyword=&category=&varid=796&cropid=42&task=view","Barley","NGHV-24-01","LACRIBARLEY 1","TRAVELER","High yielding and good malting quality. (6t/ha)","Sahel, Sudan and Northern Guinea Savanna ecological zones (Irrigated conditions)","Secobra Recherches, Centre du Bois Henry 78580 MAULE France.","GEVES, France- GEVES La Miniere (78) - Le Magneraud (17); Nigeria Breweries Plc, Lagos, Nigeria","R. Secobra, M. Sanchez-Garcia, K.K. Mala, M.A. Dawud, Y. Yakubu, B.G.J. Kabir, Z.G.S. Turaki, A.S. Wali, J. Umar, A. Ogunyinka, A. Muhammed, G.I. Abor, M. Ati & A.T. Clement.",6,2024,2024,8.3
"https://www.seedportal.org.ng/variety.php?keyword=&category=&varid=797&cropid=42&task=view","Barley","NGHV-24-02","LACRIBARLEY 2","EXPLORER","Early maturing (75 - 80), high yielding and good malting quality. (5.6t/ha)","Sahel, Sudan and Northern Guinea Savanna ecological zones (Irrigated conditions)","Secobra Recherches, Centre du Bois Henry 78580 MAULE France.","GEVES, France- GEVES La Miniere (78) - Le Magneraud (17); Nigeria Breweries Plc, Lagos, Nigeria","R. Secobra, M. Sanchez-Garcia, K.K. Mala, M.A. Dawud, Y. Yakubu, B.G.J. Kabir, Z.G.S. Turaki, A.S. Wali, J. Umar, A. Ogunyinka, A. Muhammed, G.I. Abor, M. Ati & A.T. Clement.",5.6,2024,2024,7.5
"https://www.seedportal.org.ng/variety.php?keyword=&category=&varid=798&cropid=42&task=view","Barley","NGHV-24-03","LACRIBARLEY 3","PRUNELLA","High yielding and good malting quality. (5.9t/ha)","Sahel, Sudan and Northern Guinea Savanna ecological zones (Irrigated conditions)","Secobra Recherches, Centre du Bois Henry 78580 MAULE France.","GEVES, France- GEVES La Miniere (78) - Le Magneraud (17); Nigeria Breweries Plc, Lagos, Nigeria","R. Secobra, M. Sanchez-Garcia, K.K. Mala, M.A. Dawud, Y. Yakubu, B.G.J. Kabir, Z.G.S. Turaki, A.S. Wali, J. Umar, A. Ogunyinka, A. Muhammed, G.I. Abor, M. Ati & A.T. Clement.",5.9,2024,2024,9.9
"https://www.seedportal.org.ng/variety.php?keyword=&category=&varid=807&cropid=45&task=view","Oat","NGAM-24-03","SAMOAT 3","25-2_O_629085","Extra-early maturity, high grain yield and protein content (12.25%) and adaptation to warmer climate (2.3 t/ha)","Guinea Savanna and mid-altitude ecologies","General Mills, Inc., USA","Context Global Development and IAR Samaru, Zaria;","Eric Jackson, M. Oyekunle, R.O. Abdulmalik, Mark Nelson, Will Rogers, A.I. Gabasawa R.O., H.N. Kura and Y. Hussani",2.3,2024,2024,NA
"https://www.seedportal.org.ng/variety.php?keyword=&category=&varid=808&cropid=45&task=view","Oat","NGAM-24-04","SAMOAT 4","25-2_O_536616","Extra-early maturity, high grain yield and adaptation to warmer climate (2.5 t/ha)","Guinea savanna and mid-altitude ecologies","General Mills, Inc., USA","Context Global Development and IAR Samaru, Zaria;","Eric Jackson, M. Oyekunle, R.O. Abdulmalik, Mark Nelson, Will Rogers, A.I. Gabasawa R.O., H.N. Kura and Y. Hussani",2.5,2024,2024,NA
"https://www.seedportal.org.ng/variety.php?keyword=&category=&varid=809&cropid=45&task=view","Oat","NGAM-24-05","SAMOAT 5","25-2_O_629092","High grain yield and protein content (12.25%) and adaptation to warmer climate (3.0 t/ha)","Guinea savanna and mid-altitude ecologies","General Mills, Inc., USA","Context Global Development and IAR Samaru, Zaria;","Eric Jackson, M. Oyekunle, R.O. Abdulmalik, Mark Nelson, Will Rogers, A.I. Gabasawa R.O., H.N. Kura and Y. Hussani",3,2024,2024,NA
"https://www.seedportal.org.ng/variety.php?keyword=&category=&varid=699&cropid=7&task=view","Maize","NGZM-23-183","Oba Super 8","EEPVAH-68","High provitamin A content (20.10 µg g-1), tolerance to Striga, drought and low nitrogen. (8.3t/ha)","Southern and Northern Guinea Savanna ecologies","IITA, Ibadan","IITA, Ibadan & Premier Seed Nigeria; IAR, Samaru, Zaria","B. Badu-Apraku, S.O. Afolabi, M. Oyekunle, A.O. Ogungbile, O.O. Ibitoye, O.I. Fawole, P.P. Umeh, R.O. Ali, h. Mani & I.S. Usman",8.3,2023,2023,NA
"https://www.seedportal.org.ng/variety.php?keyword=&category=&varid=700&cropid=7&task=view","Maize","NGZM-23-184","VSL 2201","VSLFAWTH-1","Tolerant to fall armyworm and high yield. (8.3t/ha)","Derived and Guinea Savanna ecologies","Value Seeds Limited, Nigeria.","Value Seeds Limited Nigeria; IAR, Samaru, Zaria","A. Job, M.A. Yahaya, M.T. Igyuyve, I. Iseghohi, r. Olayiwola, A. Abe, R. Akinwale, A.A. Yusuf, K. Abdulbasid, J. Oyekanmi, G. Zangir & O. Obisesan",8.3,2023,2023,NA
"https://www.seedportal.org.ng/variety.php?keyword=&category=&varid=701&cropid=7&task=view","Maize","NGZM-23-185","PAC740","PAC740","High yielding, tolerance to major foliar diseases, attractive orange coloured grains. (8.3t/ha)","Northern Guinea and Sudan Savanna ecologies","Advanta Seed International, India","Advanta Seed International, India; IAR, Samaru, Zaria","V. Satyadev, M. Oyekunle, I. Shiundu, G. Orolakin, I.S. Usman & H. Mani",8.3,2023,2023,NA
"https://www.seedportal.org.ng/variety.php?keyword=&category=&varid=702&cropid=7&task=view","Maize","NGZM-23-186","SAMMAZ 69","2015 DTE STR-Y SYN","Tolerance to multiple stresses (Striga hermonthica, drought and low-N) and high grain yield. (7.5t/ha)","Northern Guinea and Sudan Savanna ecologies","IITA, Ibadan","IITA, Ibadan & IAR, Samaru, Zaria;","B. Badu-Apraku, M. Oyekunle, S.G. Ado,Z. Saminu, A. Masari, I.S. Usman, h. Mani & Y.U. Oladimeji",7.5,2023,2023,NA
"https://www.seedportal.org.ng/variety.php?keyword=&category=&varid=703&cropid=7&task=view","Maize","NGZM-23-187","SC 423","SC 423","Earliness, good standability and high yielding. (8.3t/ha)","Guinea and Sudan Savannah","Seed Co Ltd., Zimbabwe","Seed Co Ltd., Zimbabwe; IAR, Samaru, Zaria and IAR&T, Ibadan","Gorden Mabuyaye, Elliot Tembo, Victor O. Oladipo, Muhydeen Oyekunle, Samuel Olakojo, Dotun Ogunniyan & Alex Chikoshana",8.3,2023,2023,NA
"https://www.seedportal.org.ng/variety.php?keyword=&category=&varid=704&cropid=7&task=view","Maize","NGZM-23-188","SC 555","SC 555","Good standability, high yielding and stay green characteristics. (9.9t/ha)","Guinea and Sudan Savannah","Seed Co Ltd., Zimbabwe","Seed Co Ltd., Zimbabwe; IAR, Samaru, Zaria and IAR&T, Ibadan","Gorden Mabuyaye, Elliot Tembo, Victor O. Oladipo, Muhydeen Oyekunle, Samuel Olakojo, Dotun Ogunniyan & Alex Chikoshana",9.9,2023,2023,NA
"https://www.seedportal.org.ng/variety.php?keyword=&category=&varid=705&cropid=7&task=view","Maize","NGZM-23-189","ARTMAZ 01","AWR SYN-W2","Fall armyworm tolerant. (7.3t/ha)","Rainforest, Guinea and Sudan Savanna ecologies","IITA, Ibadan","IITA, Ibadan; ADPs of Ondo, Ekiti, Osun, Kastina and Kaduna","S.O. Ajala, S.A. Olakojo, D.J. Ogunniyan and A. Job",7.3,2023,2023,NA
"https://www.seedportal.org.ng/variety.php?keyword=&category=&varid=706&cropid=7&task=view","Maize","NGZM-23-190","ARTMAZ 02","AWR SYN-Y2","Fall armyworm tolerant and high yielding. (9.0t/ha)","Rainforest, Guinea and Sudan Savanna ecologies","IITA, Ibadan","IITA, Ibadan; ADPs of Ondo, Ekiti, Osun, Kastina and Kaduna","S.O. Ajala, S.A. Olakojo, D.J. Ogunniyan and A. Job",9,2023,2023,9
"https://www.seedportal.org.ng/variety.php?keyword=&category=&varid=734&cropid=8&task=view","Pearl Millet","NGPG-23-13","LCICMV-5","Chakti","High Iron (74.2ppm) and Zinc (44.7ppm). (3.9t/ha)","Sahel Agro ecologies","ICRISAT Hyderabad Telengana India","ICRISAT, India & LCRI, Maiduguri, Nigeria;","I.I. Angarawai, M.A. Dawud, M. Govindaraj, P. Gangashetty, M. Riyazaddin, K.K. Mala, Y. Yakubu, Z.G.S. Turaki, H.A. Ajeigbe, J. Jonah, B.G.J. Kabir, A.T.S. Bibinu & M.I. Mohammed.",3.9,2023,2023,3.8
"https://www.seedportal.org.ng/variety.php?keyword=&category=&varid=735&cropid=8&task=view","Pearl Millet","NGPG-23-14","LCICMV-6","ICMP1970115","High yielding. (3.8t/ha)","Sudano- sahelian ecology","ICRISAT, Sadore","ICRISAT, Sadore, Niger & LCRI, Maiduguri, Nigeria;","I.I. Angarawai, M.A. Dawud, M. Riyazaddin, K.K. Mala, Y. Yakubu, Z.G.S. Turaki, H.A. Ajeigbe, J. Jonah, B.G.J. Kabir, A.T.S. Bibinu & M.I. Mohammed.",3.8,2023,2023,11.6
"https://www.seedportal.org.ng/variety.php?keyword=&category=&varid=736&cropid=8&task=view","Pearl Millet","NGPG-23-15","LCICMV-7","ICMP187093","Panicle with long bristles and excellent for dry season production with fairly high resistance to bird damage. (3.40t/ha)","Sudano- sahelian ecology","ICRISAT","ICRISAT, Sadore, Niger & LCRI, Maiduguri, Nigeria;","I.I. Angarawai, M.A. Dawud, M. Riyazaddin, K.K. Mala, Y. Yakubu, Z.G.S. Turaki, H.A. Ajeigbe, J. Jonah, B.G.J. Kabir, A.T.S. Bibinu & M.I. Mohammed.",3.4,2023,2023,3.8
"https://www.seedportal.org.ng/variety.php?keyword=&category=&varid=746&cropid=9&task=view","Rice","NGOS-23-76","FARO 68","ARS 161-3-5-5-3- B-BD","Early maturing and high yielding. (11.6t/ha)","Lowland","Africa Rice Centre","Africa Rice Centre, Cote d'lvoire & NCRI, Badeggi; National Cereals Research Institute, Badeggi, Federal University of Agriculture Abeokuta, Green Agriculture West Africa Limited (GAWAL), Abuja, Federal University Lafia, Federal University Oye-Ekiti","Yu, X., Liu, G., Kong, D., Luo, L., Xu, J., Salihu, B. Z., Ajadi, A. A, Ehirim, B. O., Isong, A. E., Umar, F. and Ajaye, O. F., Mohammed, I. G.; Gbadeyan, S. T.; Eze, J. N.; Olaniyan, O. B.; Jun, W.; Wen, J.; Adigbo, S. O.; Adeniji, O. T., Shema, A. M. and Ibrahim, A. J.",11.6,2023,2023,55.6
"https://www.seedportal.org.ng/variety.php?keyword=&category=&varid=752&cropid=12&task=view","Sorghum","NGSB-23-57","SAMSORG 52","12KNICSV-297 (YAR GWUIWA)","Earliness, Fe Dense (55.0ppm/1g), tolerant to Striga infestation and dwarfness. (3.7t/ha)","Sahel and Sudan Savanna","ICRISAT, Nigeria","ICRISAT, Nigeria & IAR, Samaru, Zaria;","M.Y. Yeye, I.I. Angarawai, D.A. Aba, F. Rattunde, H.A. Ajeigbe, R.O. Abdulmalik, J. Jonah, O. Alabi, J.A.Y. Shebayan & R.S. Adamu",3.7,2023,2023,63.3
"https://www.seedportal.org.ng/variety.php?keyword=&category=&varid=753&cropid=12&task=view","Sorghum","NGSB-23-58","SAMSORG 53","12KNICSV-252","High grain and biomass yield, semi-dwarf, Fe dense (54.0ppm/1g) and tolerant to striga. (3.8t/ha)","Sudan Savannah","ICRISAT, Nigeria","ICRISAT, Nigeria & IAR, Samaru, Zaria;","M.Y. Yeye, I.I. Angarawai, D.A. Aba, F. Rattunde, H.A. Ajeigbe, R.O. Abdulmalik, J. Jonah, O. Alabi, J.A.Y. Shebayan & R.S. Adamu",3.8,2023,2023,45.1
"https://www.seedportal.org.ng/variety.php?keyword=&category=&varid=754&cropid=12&task=view","Sorghum","NGSB-23-59","SAMSORG 54","12KNICSV-260","High grain yield and tolerant to striga. (3.7t/ha)","Sudan Savannah","ICRISAT, Nigeria","ICRISAT, Nigeria & IAR, Samaru, Zaria;","M.Y. Yeye, I.I. Angarawai, D.A. Aba, F. Rattunde, H.A. Ajeigbe, R.O. Abdulmalik, J. Jonah, O. Alabi, J.A.Y. Shebayan & R.S. Adamu",3.7,2023,2023,NA
"https://www.seedportal.org.ng/variety.php?keyword=&category=&varid=757&cropid=14&task=view","Tomato","NGLE -23 -18","HORTITOM1","R2H12BP2","Tolerant to Fusarium wilt, Meloidogyne incognita, early maturing, high yielding, good shelf- life and good nutritional qualities. (55.6t/ha)","Sudan Savannah","NIHORT, Ibadan","NIHORT, Ibadan; FUNAB & NACGRAB, Ibadan","Akinyode E.T, Ariyo O.J., Ibitoye D.O., Chikaleke V.A., Anyaoha C.O., Olomide O.A.K., Attanda M.L., Oyedeji E.O., Fashola O.O., Aminu-Taiwo B.R., Aderibigbe O.R., Oke A.O., Akinleye O.C., Lukman F.B., Modupeola T.O., Abdul- Rafiu A.M., Akinpelu A.O., Oladigbolu A., Arogundade O., Olajide Taiwo f.B., Ibe R.B., Onyegbule U., ajayi E., Uwalaka O., Elum G., Usulo E., Shuaibu M., Abidemi M., Omotosho R.R. & Sadiku B.T.",55.6,2023,2023,NA
"https://www.seedportal.org.ng/variety.php?keyword=&category=&varid=758&cropid=14&task=view","Tomato","NGLE -23 -19","HORTITOM2","R2H11CP5","Tolerant to Fusarium wilt, Meloidogyne incognita, medium shelf- life, early maturing, high yielding and good nutritional qualities. (49t/ha)","Rainforest, Guinea and Sudan Savannah","NIHORT, Ibadan","NIHORT, Ibadan; FUNAB & NACGRAB, Ibadan","Akinyode E.T, Ariyo O.J., Ibitoye D.O., Chikaleke V.A., Anyaoha C.O., Olomide O.A.K., Attanda M.L., Oyedeji E.O., Fashola O.O., Aminu-Taiwo B.R., Aderibigbe O.R., Oke A.O., Akinleye O.C., Lukman F.B., Modupeola T.O., Abdul- Rafiu A.M., Akinpelu A.O., Oladigbolu A., Arogundade O., Olajide Taiwo f.B., Ibe R.B., Onyegbule U., ajayi E., Uwalaka O., Elum G., Usulo E., Shuaibu M., Abidemi M., Omotosho R.R. & Sadiku B.T.",49,2023,2023,33
"https://www.seedportal.org.ng/variety.php?keyword=&category=&varid=759&cropid=14&task=view","Tomato","NGLE -23 -20","HORTITOM3","R1H3P1","Tolerant to Fusarium wilt, Meloidogyne incognita, good shelf-life, early maturing, high yielding and good nutritional qualities. (63.3t/ha)","Rainforest","NIHORT, Ibadan","NIHORT, Ibadan; FUNAB & NACGRAB, Ibadan","Akinyode E.T, Ariyo O.J., Ibitoye D.O., Chikaleke V.A., Anyaoha C.O., Olomide O.A.K., Attanda M.L., Oyedeji E.O., Fashola O.O., Aminu-Taiwo B.R., Aderibigbe O.R., Oke A.O., Akinleye O.C., Lukman F.B., Modupeola T.O., Abdul- Rafiu A.M., Akinpelu A.O., Oladigbolu A., Arogundade O., Olajide Taiwo f.B., Ibe R.B., Onyegbule U., ajayi E., Uwalaka O., Elum G., Usulo E., Shuaibu M., Abidemi M., Omotosho R.R. & Sadiku B.T.",63.3,2023,2023,NA
"https://www.seedportal.org.ng/variety.php?keyword=&category=&varid=760&cropid=14&task=view","Tomato","NGLE -23 -21","PS TOM1","AVTO1707","Medium maturity (70-80 days), heat tolerant, very firm fruit, good shelf life, dual purpose (good for processing and fresh market). (58.7t/ha)","Sudan and Northern Guinea Savanna ecologies","World Vegetable Centre, Taiwan","World Vegetable Centre, Taiwan & Premier Seed Nigeria; NIHORT, Ibadan","Peter Hanson, Afolabi Samson Oluwaseun, Habu Saleh Hamisu, Chikaleke Victor Anoize, Idris Bala Abdullahi, Yahaya Danlami Giginyu, Ibitoye Oyewale, Olaolu Israel Fawole, Emmanuel Nandom Sunday, Felix Joshua, Rekiya Ojochide Ali & Prince Peter Umeh",58.7,2023,2023,NA
"https://www.seedportal.org.ng/variety.php?keyword=&category=&varid=761&cropid=14&task=view","Tomato","NGLE -23 -22","PS TOM2","AVTO1706","Medium maturity (70-80 days), good heat tolerant, very firm fruit, good shelf life, dual purpose (good for processing and fresh market). (45.1t/ha)","Sudan and Northern Guinea Savanna ecologies","World Vegetable Centre, Taiwan","World Vegetable Centre, Taiwan & Premier Seed Nigeria; NIHORT, Ibadan","Peter Hanson, Afolabi Samson Oluwaseun, Habu Saleh Hamisu, Chikaleke Victor Anoize, Idris Bala Abdullahi, Yahaya Danlami Giginyu, Ibitoye Oyewale, Olaolu Israel Fawole, Emmanuel Nandom Sunday, Felix Joshua, Rekiya Ojochide Ali & Prince Peter Umeh",45.1,2023,2023,NA
"https://www.seedportal.org.ng/variety.php?keyword=&category=&varid=766&cropid=15&task=view","Wheat","NGTA-23-19","LACRI-WHIT-14","BORLAUG100","Heat tolerance, high yielding and high flour yield (79.7%) and quality. 8.2t/ha","Sahel, Sudan and Northern Guinea Zones (Irrigated conditions)","CIMMYT, Mexico","CIMMYT, Mexico; Flour Milling Association of Nigeria","R. Singh, M.B. Filippo, K.K. Mala, M.A. Dawud, Y. Yakubu, B.G.J. Kabir, Z.G.S. Turaki, O.G. Olabanji, S. Miko, A. Samaila & A.T. Abdullahi.",8.2,2023,2023,NA
"https://www.seedportal.org.ng/variety.php?keyword=&category=&varid=767&cropid=15&task=view","Wheat","NGTA-23-20","LACRI-WHIT-15","NELOKI","Heat tolerance, high yielding and high flour yield (78.7%) and quality. 7.5t/ha","Sahel, Sudan and Northern Guinea Zones (Irrigated conditions)","CIMMYT, Mexico","CIMMYT, Mexico; Flour Milling Association of Nigeria","K. Ammar, M.B. Filippo, K.K. Mala, M.A. Dawud, Y. Yakubu, B.G.J. Kabir, Z.G.S. Turaki, O.G. Olabanji, S. Miko, A. Samaila & A.T. Abdullahi.",7.5,2023,2023,NA
"https://www.seedportal.org.ng/variety.php?keyword=&category=&varid=768&cropid=15&task=view","Wheat","NGTA-23-21","LACRI-WHIT-16D","CIRNO","Heat tolerance, high yielding and high flour yield (71.9%) and quality. 7.1t/ha","Sahel, Sudan and Northern Guinea Zones (Irrigated conditions)","CIMMYT, Mexico","CIMMYT, Mexico; Flour Milling Association of Nigeria","K. Ammar, M.B. Filippo, K.K. Mala, M.A. Dawud, Y. Yakubu, B.G.J. Kabir, Z.G.S. Turaki, O.G. Olabanji, S. Miko, A. Samaila & A.T. Abdullahi.",7.1,2023,2023,NA
"https://www.seedportal.org.ng/variety.php?keyword=&category=&varid=769&cropid=15&task=view","Wheat","NGTA-23-22","LACRI-WHIT-17D","BAYORECA","Heat tolerance, high yielding and high flour yield (71.8%) and quality. 7.3t/ha","Sahel, Sudan and Northern Guinea Zones (Irrigated conditions)","CIMMYT, Mexico","CIMMYT, Mexico; Flour Milling Association of Nigeria","K. Ammar, M.B. Filippo, K.K. Mala, M.A. Dawud, Y. Yakubu, B.G.J. Kabir, Z.G.S. Turaki, O.G. Olabanji, S. Miko, A. Samaila & A.T. Abdullahi.",7.3,2023,2023,NA
"https://www.seedportal.org.ng/variety.php?keyword=&category=&varid=773&cropid=16&task=view","Yam","NGDA-23-28","UMUDa35","TDa1100374","High yield, high dry matter and high flour yield. (45.7t/ha)","Southern Guinea Savanna, Derived Savanna and Humid Rain Forest","IITA, Ibadan","IITA, Ibadan & NRCRI, Umudike;","Asfaw A., Obidiegwu J.E., Oselebe H., Dekoeyer D., Agre P., Adebola P., Asiedu R., Nwadili C., Okereke N.R., Ofeze M., Nnabue I and Edemodu A.",45.7,2023,2023,NA
"https://www.seedportal.org.ng/variety.php?keyword=&category=&varid=774&cropid=16&task=view","Yam","NGDR-23-29","UMUDr33","TDr1401220","High yield, high dry matter and low peel loss. (33t/ha)","Southern Guinea Savanna, Derived Savanna and Humid Rain Forest","IITA, Ibadan","IITA, Ibadan & NRCRI, Umudike;","Asfaw A., Obidiegwu J.E., Oselebe H., Dekoeyer D., Agre P., Adebola P., Asiedu R., Nwadili C., Okereke N.R., Ofeze M., Nnabue I and Edemodu A.",33,2023,2023,NA
"https://www.seedportal.org.ng/variety.php?keyword=&category=&varid=775&cropid=16&task=view","Yam","NGDR-23-30","UMUDr34","TDr1400158","High yield, high dry matter, excellent boiling and pounding qualities. (31.8t/ha)","Savanna","IITA, Ibadan","IITA, Ibadan & NRCRI, Umudike;","Asfaw A., Obidiegwu J.E., Oselebe H., Dekoeyer D., Agre P., Adebola P., Asiedu R., Nwadili C., Okereke N.R., Ofeze M., Nnabue I and Edemodu A.",31.8,2023,2023,NA
"https://www.seedportal.org.ng/variety.php?keyword=&category=&varid=783&cropid=34&task=view","Potato","NGST-16-7","KYAU","CIP398190.200","Resistant to late blight, high dry matter, high yielding, good for table.(44.3t/ha)","Mid altitude","International Potato Center (CIP), Avenida La Molina 1895, La Molina Apartado Postal 1558, Lima, Peru.","International Potato Center (CIP), Avenida La Molina 1895, La Molina Apartado Postal 1558, Lima, Peru.;","Thiago Mendes, Charles Amadi, Kahya Shuaibu, Atieno Elly, Nwadili, C.O., Egesi, C.N., and Kalpana Sharma.",44.3,2023,2023,44.3
"https://www.seedportal.org.ng/variety.php?keyword=&category=&varid=784&cropid=34&task=view","Potato","NGST-16-8","BABBAN","CIP393371.58","Resistant to late blight, high dry matter, high yielding and large tubers, suitable for french fries.(45.3t/ha)","Mid altitude","International Potato Center (CIP), Avenida La Molina 1895, La Molina Apartado Postal 1558, Lima, Peru.","International Potato Center (CIP), Avenida La Molina 1895, La Molina Apartado Postal 1558, Lima, Peru.;","Thiago Mendes, Charles Amadi, Kahya Shuaibu, Atieno Elly, Nwadili, C., Egesi, C.N., and Kalpana Sharma.",45.3,2023,2023,44.3
"https://www.seedportal.org.ng/variety.php?keyword=&category=&varid=785&cropid=34&task=view","Potato","NGST-16-9","JURIYA","CIP393371.57","Resistant to late blight, high dry matter, high yielding and large tubers, suitable for crisps.(44.3t/ha)","Mid altitude","International Potato Center (CIP), Avenida La Molina 1895, La Molina Apartado Postal 1558, Lima, Peru.","International Potato Center (CIP), Avenida La Molina 1895, La Molina Apartado Postal 1558, Lima, Peru.;","Thiago Mendes, Charles Amadi, Kahya Shuaibu, Atieno Elly, Nwadili, C., Egesi, C.N., and Kalpana Sharma.",44.3,2023,2023,NA
"https://www.seedportal.org.ng/variety.php?keyword=&category=&varid=786&cropid=34&task=view","Potato","NGST-16-10","UNICA","CIP398797.22","Tolerant to late blight, multi-purpose (crisps, french fries and table) variety, large tubers, high dry matter and high yielding. (44.3t/ha)","Mid altitude","International Potato Center (CIP), Avenida La Molina 1895, La Molina Apartado Postal 1558, Lima, Peru.","International Potato Center (CIP), Avenida La Molina 1895, La Molina Apartado Postal 1558, Lima, Peru.;","Thiago Mendes, Charles Amadi, Kahya Shuaibu, Atieno Elly, Nwadili, C., Egesi, C.N., and Kalpana Sharma.",44.3,2023,2023,NA
"https://www.seedportal.org.ng/variety.php?keyword=&category=&varid=663&cropid=1&task=view","Cassava","NGME-22-52","UMUCASS 52 (HEADMASTER)","IBA154810","High fresh root yield, high dry matter content and hightotal carotenoid content (16.86 ug/g FW). 51.6 t/ha","Rain Forest to Southern Guinea Savanna","IITA, Ibadan","IITA, Ibadan;","Chiedozie N. Egesi,Elizabeth Parkes, Njoku Damian, Ismail Rabbi, Mercy Diebiru-Ojo, Peter Kulakow, BusieMaziya- Dixon, Bela Teeken, Joseph Onyeka,TessyMadu, Ugo Chijioke, Prasad Pateti, Afolabi Agbona and Ezenwanyi Uba",51.6,2022,2022,2.6
"https://www.seedportal.org.ng/variety.php?keyword=&category=&varid=664&cropid=1&task=view","Cassava","NGME-22-53","UMUCASS 53 (SECURITY)","IKN130010","High fresh root yield, high dry matter content and hightotal carotenoid content (15.58 ug/g FW). 51.6 t/ha","Rain Forest","IITA, Ibadan","IITA, Ibadan;","Chiedozie N. Egesi,Elizabeth Parkes, Njoku Damian, Ismail Rabbi, Mercy Diebiru-Ojo, Peter Kulakow, BusieMaziya- Dixon, Bela Teeken, Joseph Onyeka,TessyMadu, Ugo Chijioke, Prasad Pateti, Afolabi Agbona and Ezenwanyi Uba",51.6,2022,2022,1.2
"https://www.seedportal.org.ng/variety.php?keyword=&category=&varid=665&cropid=1&task=view","Cassava","NGME-22-54","UMUCASS 54 (NO- HUNGER)","IBA164773","High fresh root yield, high dry matter content and hightotal carotenoid content (15.65 ug/g FW). 45.8 t/ha","Rain Forest to Southern Guinea Savanna","IITA, Ibadan","IITA, Ibadan;","Chiedozie N. Egesi,Elizabeth Parkes, Njoku Damian, Ismail Rabbi, Mercy Diebiru-Ojo, Peter Kulakow, BusieMaziya- Dixon, Bela Teeken, Joseph Onyeka,TessyMadu, Ugo Chijioke, Prasad Pateti, Afolabi Agbona and Ezenwanyi Uba",45.8,2022,2022,2.1
"https://www.seedportal.org.ng/variety.php?keyword=&category=&varid=667&cropid=3&task=view","Cowpea","NGVU-22-38","ARTPEA-204B","Modupe","High yield fodder, Reduced insecticides spray, early maturing and resistance to Anthracnose,Bacterial blight and tolerant to Brown Blotch. Seed with high protein content. (1.29t/ha)","Forest, Forest Transition and Derived Savanna","IAR&T, Ibadan","IAR&T, Ibadan;","A. O. Obajimi, O. F. Owolade, J. O. Olasoji, S. A. Olakojo, R. S. Adamu, A. Agboola and M. Obembe",1.29,2022,2022,NA
"https://www.seedportal.org.ng/variety.php?keyword=&category=&varid=668&cropid=3&task=view","Cowpea","NGVU-22-39","FUAMPEA 3","UAM14-122-17-7","Brown large seed, good adaptation to intercropping. (2.6 t/ha)","Northern and Southern Guinea savannas","Joseph SarwuanTarka University Makurdi","Joseph SarwuanTarka University Makurdi;","L.O. Omoigui, G. Ekeruo, M.F. Ishiyaku, A.Y. Kamara, O.O. Olufajo, N. Iyorkaa, A. S. Shaibu, T. Iolarmen,R. Solomon, M.S. Ugbaa, and M.P. Timko",2.6,2022,2022,NA
"https://www.seedportal.org.ng/variety.php?keyword=&category=&varid=669&cropid=3&task=view","Cowpea","NGVU-22-40","FUAMPEA 4","UAM14-123-18-3","Brown extra-large seed. (2.4 t/ha)","Northern and southern Guinea savannas","Joseph SarwuanTarka University Makurdi","Joseph SarwuanTarka University Makurdi;","L.O. Omoigui, G. Ekeruo, M.F. Ishiyaku, A.Y. Kamara, O.O. Olufajo, N. Iyorkaa, A. S. Shaibu, T. Iolarmen,R. Solomon, M.S. Ugbaa, and M.P. Timko",2.4,2022,2022,7.1
"https://www.seedportal.org.ng/variety.php?keyword=&category=&varid=670&cropid=3&task=view","Cowpea","NGVU-22-41","ARTPEA/BBT/22/ W (Boluyo)","L-22-B","Brown Blotch tolerance, early maturity and high grain yield. (1.2 t/ha)","Humid forest ecologies","IAR&T and IITA, Ibadan","IAR&T, Ibadan;","Adetumbi J.A, Akinyosoye S.T., Olakojo S.A., Akande S.R., O.F. Oduwaye, K.T. Kareem, L.B. Taiwo, O.M. Taiwo, Kehinde T, Fayeun N. Adekoya M and Adeniji O.T.",1.2,2022,2022,NA
"https://www.seedportal.org.ng/variety.php?keyword=&category=&varid=671&cropid=3&task=view","Cowpea","NGVU-22-42","ARTPEA/BBT/72/ B (Remilekun)","L-72-C","Brown Blotch tolerance, early maturity and high grain yield. (1.0 t/ha)","Humid forest ecologies","IAR&T and IITA, Ibadan","IAR&T, Ibadan;","Adetumbi J.A, Akinyosoye S.T., Olakojo S.A., Akande S.R., O.F. Oduwaye, K.T. Kareem, L.B. Taiwo, O.M. Taiwo, Kehinde T, Fayeun N. Adekoya M and Adeniji O.T.",1,2022,2022,NA
"https://www.seedportal.org.ng/variety.php?keyword=&category=&varid=672&cropid=3&task=view","Cowpea","NGVU-22-43","SAMPEA 21","IT13K-1308-5","Early maturity, resistance to Striga and bacterial blight. (2.1t/ha)","Northern Guinea Savanna and Sudan Savanna","IITA, Ibadan","IITA, Ibadan;","O. Boukar, C. Fatokun, P. Ongom, M.I. Umar, M.F. Ishiyaku, S.B. Mohammed, O.O. Olufajo, A. Togola and D. Ishaya",2.1,2022,2022,NA
"https://www.seedportal.org.ng/variety.php?keyword=&category=&varid=675&cropid=4&task=view","Soybean","NGGM-22-24","SC SIGNAL","SC SIGNAL","High yield, Rust tolerance, earliness, and high pod clearance. (3.3t/ha)","Guinea Savannah","Seed Co, Zimbabwe","Seed Co, Zimbabwe; NCRI, Badeggi","L. Mwadzingeni, J. Tichagwa, E. Tembo, T. Soko, Victor O. Oladipo, ShaahuAondover, A.B. Umar, S.O. Bakare, K. Shaheed, M. Adebayo and G. Mabuyaye.",3.3,2022,2022,NA
"https://www.seedportal.org.ng/variety.php?keyword=&category=&varid=676&cropid=4&task=view","Soybean","NGGM-22-25","NCRISOY 3","TGx 2024-7E","High yield, large seed size, early maturity, high promiscuous nodulation, tolerance to bacterial pustule, Cercospora leaf spot and rust. (2.8 - 3.3 t/ha)","Northern and guinea savannah","IITA, Ibadan","IITA, Ibadan;","Godfree Chigeza , Abush T. Abebe, SHAAHU Aondover, Umar A. B., Moses Adebayo,Omojola E.T., Vange T., Nwosu D., Nnamani G.C. and Ochigbo E.A.",3.3,2022,2022,NA
"https://www.seedportal.org.ng/variety.php?keyword=&category=&varid=677&cropid=4&task=view","Soybean","NGGM-22-26","NCRISOY 4","TGx 2020-4E","High yielding, early maturing, high protein and high oil content,high promiscuous nodulation, tolerance to bacterial pustule, cercospora leaf spot and rust. (2.5-3.1 t/ha)","Adapted to the entire savannah ecology of Nigeria","IITA, Ibadan","IITA, Ibadan;","Godfree Chigeza , Abush T. Abebe, SHAAHU Aondover, Umar A. B., Moses Adebayo,Omojola E.T., Vange T., Nwosu D., Nnamani G.C. and Ochigbo E.A.",3.1,2022,2022,NA
"https://www.seedportal.org.ng/variety.php?keyword=&category=&varid=707&cropid=7&task=view","Maize","NGZM-21-160","HAKIMI 1","LY1606","Intermediate provitamin A content (11.1 ?g/g). 7.4 t/ha","Northern and Southern Guinea Savanna ecologies","IITA, Ibadan","IITA, Ibadan and Goldagric Nigeria Limited; IAR, Samaru, Zaria","A. Menkir, M. Oyekunle, W. Mengesha, S. Meseka, J.E. Onyibe, J.O. Onyibe, I.S. Usman, and H. Mani",7.4,2022,2022,NA
"https://www.seedportal.org.ng/variety.php?keyword=&category=&varid=708&cropid=7&task=view","Maize","NGZM-21-161","HAKIMI 2","M1226-4","High grain yielding and prolific. (8.1 t/ha)","Southern and Northern Guinea Savanna ecologies","IITA, Ibadan","IITA, Ibadan and Goldagric Nigeria Limited; IAR, Samaru, Zaria","A. Menkir, M. Oyekunle, W. Mengesha, S. Meseka, J.E. Onyibe, J.O. Onyibe, I.S. Usman, and H. Mani",8.1,2022,2022,NA
"https://www.seedportal.org.ng/variety.php?keyword=&category=&varid=709&cropid=7&task=view","Maize","NGZM-21-162","HAKIMI 3","EWH-79","Early maturity, high grain yield, tolerance to drought, Striga hermonthica and low soil nitrogen. (7.1 t/ha)","Northern Guinea and Sudan Savanna ecologies","IITA, Ibadan","IITA, Ibadan and Goldagric Nigeria Limited; IAR, Samaru, Zaria","B. Badu-Apraku, M. Oyekunle, J.E. Onyibe, J.O. Onyibe, I.S. Usman and H. Mani",7.1,2022,2022,NA
"https://www.seedportal.org.ng/variety.php?keyword=&category=&varid=710&cropid=7&task=view","Maize","NGZM-21-163","DK7500","DK7500","High grain yield and good standability. (10 t/ha)","Southern and Northern Guinea Savanna ecologies","Bayer Nigeria Limited (Monsanto technology LLC)","Bayer Nigeria Limited (Monsanto technology LLC); IAR, Samaru, Zaria","Isidro Alvarez, M. Oyekunle, D. Wangila, A. Schroder, I. Alvarez, K. Ayodele, E. Adebayo, A. Bello, I.S. Usman, and H. Mani",10,2022,2022,NA
"https://www.seedportal.org.ng/variety.php?keyword=&category=&varid=711&cropid=7&task=view","Maize","NGZM-21-164","SAMMAZ 64","MO19-24","Tolerance to drought and Striga hermonthica. (8.2t/ha)","Southern and Northern Guinea Savanna ecologies","IAR Samaru, Zaria","IAR Samaru, Zaria;","M. Oyekunle, S.G. Ado, Z. Saminu, I.S. Usman, H. Mani, H. Abubakar, Y.U. Oladimeji, L.B. Hassan and H.O. Ahmed",8.2,2022,2022,8.2
"https://www.seedportal.org.ng/variety.php?keyword=&category=&varid=712&cropid=7&task=view","Maize","NGZM-21-165","SAMMAZ 65","MO19-21","Tolerance to drought and Striga hermonthica. (8.7t/ha)","Southern and Northern Guinea Savanna ecologies","IAR Samaru, Zaria","IAR Samaru, Zaria;","M. Oyekunle, S.G. Ado, Z. Saminu, I.S. Usman, H. Mani, H. Abubakar, Y.U. Oladimeji, L.B. Hassan and H.O. Ahmed",8.7,2022,2022,8.4
"https://www.seedportal.org.ng/variety.php?keyword=&category=&varid=713&cropid=7&task=view","Maize","NGZM-21-166","SAMMAZ 66","TZL COMP1-W C6/DT-SYN-1-W","High grain yield, tolerant to drought and Striga hermonthica. (8.4t/ha)","Southern and Northern Guinea Savanna ecologies","IITA, Ibadan","IITA, Ibadan;","A. Menkir, M. Oyekunle, S. Meseka, W. Mengesha, S.G. Ado, Z. Saminu, I.S. Usman, H. Mani, H. Abubakar, Y.U. Oladimeji, L.B. Hassan and H.O. Ahmed",8.4,2022,2022,8.7
"https://www.seedportal.org.ng/variety.php?keyword=&category=&varid=714&cropid=7&task=view","Maize","NGZM-21-167","SAMMAZ 67","A1820-4","High grain yield and intermediate provitamin A content (13.5?g/g). 9.7t/ha","Northern and Southern Guinea Savanna ecologies","IITA, Ibadan","IITA, Ibadan;","A. Menkir, M. Oyekunle, W. Mengesha, S. Meseka, S.G. Ado, I.S. Usman and H. Mani",9.7,2022,2022,9.7
"https://www.seedportal.org.ng/variety.php?keyword=&category=&varid=715&cropid=7&task=view","Maize","NGZM-21-168","SAMMAZ 68","WE8206","High yield and good standability. (8.7t/ha)","Guinea Savanna ecologies","AATF/TELA Maize Project, Nairobi, Kenya","Bayer Crop Science, Petit, South Afica, IAR Samaru, Zaria, CIMMYT Nairobi, Kenya and AATF Nairobi, Kenya;","E. Ndou, M. Oyekunle, Y. Beyene, R.S. Adamu and S.O. Oikeh",8.7,2022,2022,8.1
"https://www.seedportal.org.ng/variety.php?keyword=&category=&varid=716&cropid=7&task=view","Maize","NGZM-21-169","OBA SUPER 15","AS1705-21","Striga and drought tolerance and high grain yield. (9.3 t/ha)","Southern and Northern Guinea Savanna ecologies","IITA, Ibadan","IITA, Ibadan; IAR, Samaru, Zaria","Abebe Menkir (IITA), M. Oyekunle (IAR), Afolabi Samson (PSNL), Silvestro Meseka, A. O. Ogungbile, Ibitoye Oyewale, H. Mani, and I.S. Usman",9.3,2022,2022,8.6
"https://www.seedportal.org.ng/variety.php?keyword=&category=&varid=717&cropid=7&task=view","Maize","NGZM-21-170","OBA SUPER 17","M1526-2","Striga and drought tolerance and high grain yield. (9.7 t/ha)","Southern Guinea and Northern Guinea Savanna ecologies","IITA, Ibadan","IITA, Ibadan; IAR, Samaru, Zaria","Abebe Menkir (IITA), M. Oyekunle (IAR), Afolabi Samson (PSNL), Silvestro Meseka, A. O. Ogungbile, Ibitoye Oyewale, H. Mani, and I.S. Usman",9.7,2022,2022,NA
"https://www.seedportal.org.ng/variety.php?keyword=&category=&varid=718&cropid=7&task=view","Maize","NGZM-22-171","SC737","15C32563","Vigorous, good standability, high yielding and excellent husk cover. (10.9 t/ha)","Guinea Savannah","Seed Co Ltd, Zimbabwe","Seed Co Ltd, Nigeria; IAR, Samaru, Zaria and IITA, Ibadan","Victor O. Oladipo, Gorden Mabuyaye, Elliot Tembo, RodreckGunundu, Alex Chikoshana, MuhydeenOyekunle, Abebe Menkir, Shaheed Kabir and Moses Adebayo.",10.9,2022,2022,7.42
"https://www.seedportal.org.ng/variety.php?keyword=&category=&varid=719&cropid=7&task=view","Maize","NGZM-22-172","VSL 2101","VLN30/VCML25","High yielding, drought and low nitrogen tolerance. (8.1 t/ha)","Derived and Guinea Savanna ecologies","Value Seeds Limited, Nigeria.","Value Seeds Limited Nigeria; IAR, Samaru, Zaria","Anthony Oluwatoyosi Job, Muhammad Ahmad Yahaya, Moses TerguIgyuve, A.A. Yusuf, A. Sanni, A.I. Gabasawa, I.M. Utono, R. Olayiwola, R. Akinwale, I. Iseghohi, G. Zangir, A. Abidakun, M. Adakwu and A. Fashina",8.1,2022,2022,10.1
"https://www.seedportal.org.ng/variety.php?keyword=&category=&varid=720&cropid=7&task=view","Maize","NGZM-22-173","VSL 2102","VLN31- Y/V352DTLN","High yielding, low nitrogen tolerance. (8.2 t/ha)","Guinea and Sudan Savanna agro- ecologies","Value Seeds Limited, Nigeria.","Value Seeds Limited Nigeria; IAR, Samaru, Zaria","Anthony Oluwatoyosi Job, Muhammad Ahmad Yahaya, Moses Terngu Igyuve, A.A. Yusuf, S. Abdulrahman, A.I. Gabasawa, I.M. Utono, Richard Olayiwola, Richard Akinwale, Innocent Iseghohi, G. Zangir, A. Abidakun, M. Adakwu and A. Fashina",8.2,2022,2022,10.51
"https://www.seedportal.org.ng/variety.php?keyword=&category=&varid=721&cropid=7&task=view","Maize","NGZM-22-174","VSL 2065","VELN-W/VE47M","High yielding and low soil nitrogen tolerance. (8.6t/ha)","Guinea Savanna agro- ecologies","Value Seeds Limited, Nigeria.","Value Seeds Limited Nigeria; IAR, Samaru, Zaria","Anthony Oluwatoyosi Job, Muhammad Ahmad Yahaya, Moses Terngu Igyuve, A.A. Yusuf, S. Abdulrahman, A.I. Gabasawa, I.M. Utono, R. Olayiwola, R. Akinwale, I. Iseghohi, G. Zangir, A. Abidakun, M. Adakwu and A. Fashina",8.6,2022,2022,NA
"https://www.seedportal.org.ng/variety.php?keyword=&category=&varid=722&cropid=7&task=view","Maize","NGZM-22-175","ILOMAZ 2","TZL COMP4 C3 DT C2","Tolerance to drought and high grain yield. (7.4t/ha)","Southern Guinea Savanna and Rain Forest ecologies","IITA, Ibadan","IITA, Ibadan;","A. Menkir, F. Bankole, G. Olaoye, M. Oyekunle, S. Olakojo, F. Takim, K. Omotesho and O. Ayinde",7.4,2022,2022,NA
"https://www.seedportal.org.ng/variety.php?keyword=&category=&varid=723&cropid=7&task=view","Maize","NGZM-22-176","WAC58PVEE","EEPVAH-58","High yielding, Provitamin A, (8.12?g/g). 6.70 t/ha","Derived Savann, Southern and Northern Guinea Savanna ecologies","IITA, Ibadan","IITA, Ibadan; IAR&T, Ibadan","B. Badu-Apraku, S.A. Olakojo, T.A. Akintunde, Oluwaseun Omikunle, A.A.Adebite, D.J. Ogunniyan, J.O Olasoji, F.A.Akinbode, A.O.Egbetokun, F.A.Anjorin and M.A.Kolawole.",6.7,2022,2022,NA
"https://www.seedportal.org.ng/variety.php?keyword=&category=&varid=724&cropid=7&task=view","Maize","NGZM-22-177","WAC 42PVEE","EEPVAH-42","High yielding, drought tolerant, Provitamin A (5.30?g/g). 6.20 t/ha","Derived savanna, Southern and Northern Guinea Savanna ecologies","IITA, Ibadan","IITA, Ibadan; IAR&T, Ibadan","B. Badu-Apraku, S.A. Olakojo, T.A. Akintunde, Oluwaseun Omikunle, A.A.Adebite, D.J. Ogunniyan, J.O Olasoji, F.A.Akinbode, A.O.Egbetokun, F.A.Anjorin and M.A.Kolawole.",6.2,2022,2022,NA
"https://www.seedportal.org.ng/variety.php?keyword=&category=&varid=725&cropid=7&task=view","Maize","NGZM-22-178","WACQ6","EYQ-6","High yielding, Low Nitrogen tolerance. (7.42 t/ha)","Rainforest, derived savanna, Southern and Northern Guinea Savanna ecologies","IITA, Ibadan","IITA, Ibadan; IAR&T, Ibadan","B. Badu-Apraku, S.A. Olakojo, T.A. Akintunde, Oluwaseun Omikunle, A.A.Adebite, D.J. Ogunniyan, J.O Olasoji, F.A.Akinbode, A.O.Egbetokun, F.A.Anjorin and M.A.Kolawole.",7.42,2022,2022,NA
"https://www.seedportal.org.ng/variety.php?keyword=&category=&varid=726&cropid=7&task=view","Maize","NGZM-22-179","WAC55E","EYH55","High yield, Striga tolerant. (7.44 t/ha)","Rainforest, Southern and Northern Guinea Savanna ecologies","IITA, Ibadan","IITA, Ibadan; IAR&T, Ibadan","B. Badu-Apraku, S.A. Olakojo, T.A. Akintunde, Oluwaseun Omikunle, A.A.Adebite, D.J. Ogunniyan, J.O Olasoji, F.A.Akinbode, A.O.Egbetokun, F.A.Anjorin and M.A.Kolawole.",7.44,2022,2022,NA
"https://www.seedportal.org.ng/variety.php?keyword=&category=&varid=727&cropid=7&task=view","Maize","NGZM-22-180","WAC14M5","MO1426-5","High grain yielding. (10.10 t/ha)","Rainforest, derived savanna, Southern and Northern Guinea Savanna ecologies","IITA, Ibadan","IITA, Ibadan; IAR&T, Ibadan","A. Menkir, S.A. Olakojo, A.T. Akintunde, Oluwaseun Omikunle, A.A.Adebite, D.J. Ogunniyan, J.O Olasoji, F.A.Akinbode, A.O.Egbetokun, F.A.Anjorin and M.A.Kolawole",10.1,2022,2022,NA
"https://www.seedportal.org.ng/variety.php?keyword=&category=&varid=728&cropid=7&task=view","Maize","NGZM-22-181","SAMLAK 2609MW","MO9026-09","High yield, drought tolerant. (10.95 t/ha)","Rainforest, Southern and Northern Guinea Savanna ecologies","IITA, Ibadan","IITA, Ibadan; IAR&T, Ibadan","Abebe Menkir, Oloruntoba Olakojo, A.A.Adebite, D.J. Ogunniyan, J.O Olasoji, F.A.Akinbode, A.O.Egbetokun, F.A.Anjorin and M.A.Kolawole",10.95,2022,2022,NA
"https://www.seedportal.org.ng/variety.php?keyword=&category=&varid=729&cropid=7&task=view","Maize","NGZM-22-182","SAMLAK 1608LY","LY1608","Drought tolerance, High yield, High Provitamin A nd Beta Carotene. (10.51 t/ha)","Rainforest, Southern and Northern Guinea Savanna ecologies","IITA, Ibadan","IITA, Ibadan; IAR&T, Ibadan","Abebe Menkir, Oloruntoba O. Olakojo, A.A.Adebite, D.J. Ogunniyan, J.O Olasoji, F.A.Akinbode, A.O.Egbetokun, F.A.Anjorin and M.A.Kolawole.",10.51,2022,2022,NA
"https://www.seedportal.org.ng/variety.php?keyword=&category=&varid=747&cropid=9&task=view","Rice","NGOS-21-74","Arize 6444 Gold","Arize 6444 Gold","High yield, long and medium slender grains and tolerance to blast and stem borer. (10 t/ha)","Lowland","Pallishree Ltd Arambagh West Bengal India","Bayer, Asian Pacific Commercial, Crop Science Division Bayer Bioscience PVT. India; NCRI, Badeggi","Y, Raj., M. Bashir, A. T. Maji, E.O. Bernard, Ahmed B., Ayodele K. Esther, A and Salami O.",10,2022,2022,NA
"https://www.seedportal.org.ng/variety.php?keyword=&category=&varid=748&cropid=9&task=view","Rice","NGOS-21-75","Arize TEJ Gold","Arize TEJ Gold","High yield, long and slender grains, tolerant to blast and stem borer. (9.7 t/ha)","Lowland","Pallishree Ltd Arambagh West Bengal India","Bayer, Asian Pacific Commercial, Crop Science Division Bayer Bioscience PVT. India; NCRI, Badeggi","Y, Raj., M. Bashir, A. T. Maji, E.O. Bernard, Ahmed B., Ayodele K. Esther, A and Salami O.",9.7,2022,2022,9.7
"https://www.seedportal.org.ng/variety.php?keyword=&category=&varid=770&cropid=15&task=view","Wheat","NGTA-22-17","LACRI-WHIT-12D","MBA-MAJA (GERARDO)","Heat tolerance, high yielding and high flour yield and quality (73.3%). 6.2t/ha","Irrigated conditions of the Sudano- sahelian zones","ICARDA Morocco","ICARDA Morocco, LCRI Nigeria and JRI Nigeria;","Filippo Maria Bassi, Solomon Asefa, Mala Kachalla Kyari, Dawud Maryam Abba, Yakubu Yahaya, Auwal Ahmed, Z.G.S. Turaki, O.G. Olabanji, I.U. Abubakar and Sani Miko",6.2,2022,2022,NA
"https://www.seedportal.org.ng/variety.php?keyword=&category=&varid=771&cropid=15&task=view","Wheat","NGTA-22-18","LACRI-WHIT-13D","ALTAR-84","Heat tolerance, high yielding and high flour yield and quality (71.3%). 5.6t/ha","Irrigated conditions of the Sudano- sahelian zones","ICARDA Morocco","ICARDA Morocco and LCRI Nigeria;","Filippo Maria Bassi, Solomon Asefa, Mala Kachalla Kyari, Dawud Maryam Abba, Yakubu Yahaya, Auwal Ahmed, Z.G.S. Turaki, O.G. Olabanji, I.U. Abubakar and Sani Miko",5.6,2022,2022,4.9
"https://www.seedportal.org.ng/variety.php?keyword=&category=&varid=776&cropid=16&task=view","Yam","NGDR-22-27","UMUDr32 (favorite)","TDr1100497","High dry matter, high tuber and flour yields,high starch, slow rate of oxidation, excellent sensory properties. (32.7t/ha)","Guinea Savannah and Rain Forest Agro-ecologies","IITA, Ibadan","IITA, Ibadan;","Lopez-Montes A .,Obidiegwu J.E., Asfaw A., Oselebe H.,., Agre P., Dekoeyer D., Adebola P., Asiedu R., Nwadili, C., Okereke, N.R., Ofeze M., Nnabue, I. and Edemodu A.",32.7,2022,2022,1.48
"https://www.seedportal.org.ng/variety.php?keyword=&category=&varid=787&cropid=37&task=view","Kenaf","NGHC-22-03","ARTKEN 211","SAU75-414","High fibre yield and high fibre quality. (4.9 t/ha)","Rain forest and Guinea Savanna.","IAR&T, Ibadan","IAR&T, Ibadan;","D.J. Ogunniyan, S. A. Olakojo, O.N. Adeniyan, J.A. Adetumbi, S. A. Makinde and A.T. Attah",4.9,2022,2022,30
"https://www.seedportal.org.ng/variety.php?keyword=&category=&varid=791&cropid=41&task=view","Acha","NGDE-22-01","NCRIACH 1","EXPL03-10-01","High yielding, high tillering/culm branching, Resistant to Leaf Miner Pest, Leaf spot and leaf rust diseases. (818.03 kg/ha)","Norther, Southern and Derived Savanna Ecologies","NCRI-Badeggi","NCRI-Badeggi; University of Jos, Nigeria","Isong, Abasianyanga E., Umar, Fatima A., Stephen, D., Mamza, W. S., Umar, A., Maji, A. T., Bakare, S. O., Kwon-Ndung, E. H., Ishaq, M. N., Mohammed, I. G., Gbadeyan, S. T., Apuyor, B. O., Bright, E. O., Onyia, K. C. and Ogeh, B. O.",0.82,2022,2022,4.1
"https://www.seedportal.org.ng/variety.php?keyword=&category=&varid=792&cropid=41&task=view","Acha","NGDI-22-02","NCRIACH 2","IBPL05-19-03","High yielding, Good tillering ability and resistance to lodging. (1.48 t/ha)","Norther, Southern and Derived Savanna Ecologies","NCRI-Badeggi","NCRI-Badeggi; University of Jos, Nigeria","Isong, A. E. and Umar, F. A.",1.48,2022,2022,38.7
"https://www.seedportal.org.ng/variety.php?keyword=&category=&varid=799&cropid=43&task=view","Ginger","NGZO-22-01","UMUGIN 1","UG 1","High yield, yellow flesh colour. (39t/ha)","Rainforest and Guinea Savannah","NRCRI, Umudike, Nigeria","NRCRI, Umudike, Nigeria;","Amadi Charles, Nwaigwe Grace, Amanze Ngozi, Ohaeri John, Afuape Solomon, Onyekwere Innocent, Aboaja Friday, Mafulul Mohamed, Bala Idris, Opia Harrison, Ewuziem Justin, Ezebuiro Victoria, Amadi Genevieve, Ebeniro Christiana and Ukpabi J. Ukpabi",39,2022,2022,37.5
"https://www.seedportal.org.ng/variety.php?keyword=&category=&varid=800&cropid=43&task=view","Ginger","NGZO-22-02","UMUGIN 2","UG 2","High yield and high oleoresin. (30t/ha)","Rainforest and Guinea Savannah","NRCRI, Umudike, Nigeria","NRCRI, Umudike, Nigeria;","Amadi Charles, Nwaigwe Grace, Amanze Ngozi, Ohaeri John, Afuape Solomon, Onyekwere Innocent, Aboaja Friday, Mafulul Mohamed, Bala Idris, Opia Harrison, Ewuziem Justin, Ezebuiro Victoria, Amadi Genevieve, Ebeniro Christiana and Ukpabi J. Ukpabi",30,2022,2022,3.7
"https://www.seedportal.org.ng/variety.php?keyword=&category=&varid=810&cropid=45&task=view","Oat","NGAM-21-01","SAMOAT 1","2013Y1592","High panicle yield and protein content. (2.7t/ha)","Mid-altitute (600-800 m asl) ecology","General Mills, Inc., USA","Context Global Development and IAR Samaru, Zaria;","Eric Jackson, M. Oyekunle, R.O. Abdulmalik, Mark Nelson, Will Rogers, A.I. Gabasawa, H.N. Kura and Y. Hussani",2.7,2022,2022,10
"https://www.seedportal.org.ng/variety.php?keyword=&category=&varid=811&cropid=45&task=view","Oat","NGAM-21-02","SAMOAT 2","BAM_96_6_55","High panicle yield and protein content. (4.1t/ha)","Mid-altitute (600-800 m asl) ecology","General Mills, Inc., USA","Context Global Development and IAR Samaru, Zaria;","Eric Jackson, M. Oyekunle, R.O. Abdulmalik, Mark Nelson, Will Rogers, A.I. Gabasawa, H.N. Kura and Y. Hussani",4.1,2022,2022,NA
"https://www.seedportal.org.ng/variety.php?keyword=&category=&varid=629&cropid=1&task=view","Cassava","NGME-20-47","UMUCASS 47 (GAME CHANGER)","TMS13F1160P000","High starch, dry matter content and high fresh root yield. (39.2t/ha)","Rainforest and Southern Guinea Savannah","IITA, Ibadan","IITA, Ibadan/NRCRI, Umudike","Peter Kulakow, Alfred Dixon, Ismail Rabbi, Elizabeth Parkes, Njoku Damian, Chiedozie N. Egesi, Busie Maziya-Dixon, Bela Teekan, Tessy Madu and Ugo Chijioke.",39.2,2020,2020,NA
"https://www.seedportal.org.ng/variety.php?keyword=&category=&varid=630&cropid=1&task=view","Cassava","NGME-20-48","UMUCASS 48 (OBASANJO-2)","TMS13F1343P002","High starch, dry matter content and high fresh root yield and good for flour. (38.7t/ha)","Rainforest and Southern Guinea Savannah","IITA, Ibadan","IITA, Ibadan/NRCRI, Umudike","Peter Kulakow, Alfred Dixon, Ismail Rabbi, Elizabeth Parkes, Njoku Damian, Chiedozie N. Egesi, Busie Maziya-Dixon, Bela Teekan, Tessy Madu and Ugo Chijioke.",38.7,2020,2020,NA
"https://www.seedportal.org.ng/variety.php?keyword=&category=&varid=631&cropid=1&task=view","Cassava","NGME-20-49","UMUCASS 49 (HOPE)","NR130124","High fresh root yield. Excellent gari and fufu quantity and quality. (40.1t/ha)","Rainforest and Southern Guinea Savannah","NRCRI, Umudike","NRCRI, Umudike/IITA, Ibadan","Chiedozie N. Egesi, Damian Njoku, L. Jiwuba, Peter Kulakow, Ismail Rabbi, Elizabeth Parkes, Joseph Onyeka, Tessy Madu, Ugo Chijioke and Bela Teeken.",40.1,2020,2020,NA
"https://www.seedportal.org.ng/variety.php?keyword=&category=&varid=632&cropid=1&task=view","Cassava","NGME-20-50","UMUCASS 50 (BABA-70)","IITA-TMS-IBA0007","High fresh root yield. Excellent gari and fufu quality. (37.5t/ha)","Rainforest and Southern Guinea Savannah","IITA, Ibadan","IITA, Ibadan/NRCRI, Umudike","Peter Kulakow, Alfred Dixon, Ismail Rabbi, Elizabeth Parkes, Njoku Damian, Chiedozie N. Egesi, Busie Maziya-Dixon, Bela Teekan, Tessy Madu and Ugo Chijioke.",35.5,2020,2020,NA
"https://www.seedportal.org.ng/variety.php?keyword=&category=&varid=633&cropid=1&task=view","Cassava","NGME-20-51","UMUCASS 51 (POUNDABLE)","TMEB693","Poundable, mealy, low cyanogenic potential and high dry matter. (26t/ha)","Rainforest and Southern Guinea Savannah","IITA, Ibadan","IITA, Ibadan/NRCRI, Umudike","Afred Dixon, Chiedozie N. Egesi, Peter Kulakow, Damian Njoku, Ismail Rabbi, Elizabeth Parkes, Charles Amadi, Mercy Diebiru-Ojo, Maria Okoro, Joseph Onyeka and Busie Maziya- Dixon",26,2020,2020,NA
"https://www.seedportal.org.ng/variety.php?keyword=&category=&varid=634&cropid=2&task=view","Cotton","NGGS 20-16","MAHYCO C 567","MRC 7377","High seed cotton yield and resistance to sucking insects. (3.7t/ha)","Northern Cotton Zone, North Eastern Cotton and the Rainforest of Nigeria","India","Mahyco Pvt Ltd, Jalna, Maharashtra, India","Mahyco Pvt Ltd, M.S. Mohammed, A.I. Yahaya, I. Onu, and D.I. Adekpe",3.7,2020,2020,NA
"https://www.seedportal.org.ng/variety.php?keyword=&category=&varid=635&cropid=2&task=view","Cotton","NGGS 20-17","MAHYCO C 571","MRC 7361","High seed cotton yield and resistance to sucking insects pests. (3.6t/ha)","Northern Cotton Zone, North Eastern Cotton and the Rainforest of Nigeria","India","Mahyco Pvt Ltd, Jalna, Maharashtra, India","Mahyco Pvt Ltd, M.S. Mohammed, A.I. Yahaya, I. Onu, and D.I. Adekpe",3.6,2020,2020,NA
"https://www.seedportal.org.ng/variety.php?keyword=&category=&varid=636&cropid=7&task=view","Maize","NGZM-20-152","SC667","11C4712","Vigorous, good standability, high yielding and excellent husk cover. (10t/ha)","Guinea Savannah","Seed Co Ltd., Zimbabwe","Seed Co. Nigeria Ltd.","Moses A. Adebayo, Gorden Mabuyaye, Elliot Tembo, Alex Chikoshana, Muhydeen Oyekunle, Abebe Menkir & Baffour Badu-Apraku",10,2020,2020,NA
"https://www.seedportal.org.ng/variety.php?keyword=&category=&varid=637&cropid=7&task=view","Maize","NGZM-20-153","SC419","SC419","Early-maturing, high yielding, tolerant to drought and low-N, resistant to Striga hermonthica , and good husk cover. (8t/ha)","Sudan and Guinea Savannah","Seed Co Ltd., Zimbabwe","Seed Co. Nigeria Ltd.","Moses A. Adebayo, Gorden Mabuyaye, Elliot Tembo, Alex Chikoshana, Muhydeen Oyekunle, Abebe Menkir & Baffour Badu-Apraku",8,2020,2020,NA
"https://www.seedportal.org.ng/variety.php?keyword=&category=&varid=638&cropid=7&task=view","Maize","NGZM-20-154","ILOMAZ 1","DTE STR-Y Syn Pop C4 F2","Tolerance to streak, rust, leaf blight, curvularia and Striga hermonthica. (6.6t/ha)","Southern Guinea Savannah and Rain Forest Ecologies","IITA, Ibadan","IITA, Ibadan/ University of Ilorin","B. Badu-Apraku, F. Bankole, G. Olaoye, M. Oyekunle, S. Olakojo, F. Takim, K. Omotesho & O. Ayinde.",6.6,2020,2020,6.6
"https://www.seedportal.org.ng/variety.php?keyword=&category=&varid=639&cropid=7&task=view","Maize","NGZM-20-155","SAMMAZ 59","F2SCA1413-36","High provitamin A content of 16.3µg/g. (5.0t/ha)","Guinea Savannah Ecologies","IITA, Ibadan","IITA, Ibadan/ IAR, Samaru, Zaria","A. Menkir, M. Oyekunle, S.G. Ado, I.S. Usman & H. Mani",5,2020,2020,5
"https://www.seedportal.org.ng/variety.php?keyword=&category=&varid=640&cropid=7&task=view","Maize","NGZM-20-156","SAMMAZ 60","F2SCA1413-12","High provitamin A content of 15.53µg/g. (5.0t/ha)","Guinea Savannah Ecologies","IITA, Ibadan","IITA, Ibadan/ IAR, Samaru, Zaria","A. Menkir, M. Oyekunle, S.G. Ado, I.S. Usman & H. Mani",5,2020,2020,8
"https://www.seedportal.org.ng/variety.php?keyword=&category=&varid=641&cropid=7&task=view","Maize","NGZM-20-157","SAMMAZ 61","M1526-1","High yielding. (8.0t/ha)","Guinea Savannah Ecologies","IITA, Ibadan","IITA, Ibadan/ IAR, Samaru, Zaria","A. Menkir, M. Oyekunle, S.G. Ado, I.S. Usman, H. Mani, U.S. Abdullahi, M.B. Hassan, R. Abdulmalik, L.B. Hassan, H.O. Ahmed & H. Abubakar",8,2020,2020,NA
"https://www.seedportal.org.ng/variety.php?keyword=&category=&varid=642&cropid=7&task=view","Maize","NGZM-20-158","SAMMAZ 62 (DroughtTEGO WE5229)","WE5229","High yield and Stay- green. (8.0t/ha)","Guinea Savannah Ecologies","AATF/TELA Maize Project, Nairobi, Kenya","Bayer Crop Science, Petit, South Africa/ IAR, Samaru, Zaria/ CIMMYT, Nairobi, Kenya/ AATF, Nairobi, Kenya","E. Ndou, M. Oyekunle, Y. Beyene, R.S. Adamu & S.O. Oikeh",8,2020,2020,43
"https://www.seedportal.org.ng/variety.php?keyword=&category=&varid=643&cropid=7&task=view","Maize","NGZM-20-159","SAMMAZ 63 (DroughtTEGO WE5202)","WE5202","High yield and Stay- green. (8.0t/ha)","Guinea Savannah and Forest Ecologies","AATF/TELA Maize Project, Nairobi, Kenya","Bayer Crop Science, Petit, South Africa/ IAR, Samaru, Zaria/ CIMMYT, Nairobi, Kenya/ AATF, Nairobi, Kenya","E. Ndou, M. Oyekunle, Y. Beyene, R.S. Adamu & S.O. Oikeh",8,2020,2020,24
"https://www.seedportal.org.ng/variety.php?keyword=&category=&varid=644&cropid=12&task=view","Sorghum","NGSB-20-55","SAMSORG 50SW","Dansadau","High Brix content (22%), Brix Extract (15,000 litres/ha). 800kg/ha (grain)","Sudan and Sahel Savannah","Dansadau LGA Zamfara State","IAR, Samaru, Zaria","Aba, D. A., Yeye, M., Angarawai, I., Abdulmalik, R.O., Jerome, J., Shuaibu, M., Shebayan, J.A.Y., Hinjari, A.D., Zafari, B., and Alabi, M.F.",0.8,2020,2020,1.9
"https://www.seedportal.org.ng/variety.php?keyword=&category=&varid=645&cropid=12&task=view","Sorghum","NGSB-20-56","SAMSORG 51SW","Yajin-69 (NRSSS005)","High Brix content (26%), Brix Extract (15,387 litres/ha). 1.5t/ha (grain)","Sudan and Sahel Savannah","Exotic lines from China","IAR, Samaru, Zaria","Aba, D. A., Yeye, M., Angarawai, I., Abdulmalik, R.O., Jerome, J., Shuaibu, M., Shebayan, J.A.Y., Hinjari, A.D., Zafari, B., and Alabi, M.F.",1.5,2020,2020,7.1
"https://www.seedportal.org.ng/variety.php?keyword=&category=&varid=646&cropid=16&task=view","Yam","NGDA-20-24","UMUDa-31 (Wonder)","TDa1100432","Slow rate of oxidization (browning) and high dry matter content, high yield, excellent boiling and pounding quality. (43t/ha)","Guinea Savannah","IITA, Ibadan","IITA, Ibadan & NRCRI, Umudike","Obidiegwu J.E., Oselebe H., Asfaw A., Asiedu R., Lopez- Montes A., De Koeyer D., Adebola P., Agre P., Nwadili C., Edemodu A., Okereke N.R., Ofeze M., Nnabue I. & Dixon M.",43,2020,2020,8.4
"https://www.seedportal.org.ng/variety.php?keyword=&category=&varid=647&cropid=16&task=view","Yam","NGDR-20-25","UMUDr-29 (Super)","TDr0900067","Slow rate of oxidization (browning) and high dry matter content. (22t/ha)","Rain Forest and Derived Savannah","IITA, Ibadan","IITA, Ibadan & NRCRI, Umudike","Obidiegwu J.E., Oselebe H., Asfaw A., Asiedu R., Lopez- Montes A., Adebola P., Nwadili C., Edemodu A., Okereke N.R., Ofeze M., Nnabue I. & Dixon M.",22,2020,2020,6.5
"https://www.seedportal.org.ng/variety.php?keyword=&category=&varid=648&cropid=16&task=view","Yam","NGDR-20-26","UMUDr-30 (Nagode)","TDr1000048","Slow rate of oxidization (browning) and high dry matter content. (24t/ha)","Guinea Savannah","IITA, Ibadan","IITA, Ibadan & NRCRI, Umudike","Obidiegwu J.E., Oselebe H., Asfaw A., Asiedu R., Lopez- Montes A., Adebola P., Agre P., Nwadili C., Edemodu A., Okereke N.R., Ofeze M., Nnabue I. & Dixon M.",24,2020,2020,NA
"https://www.seedportal.org.ng/variety.php?keyword=&category=&varid=649&cropid=40&task=view","Castor","NGRC 19-1","NCRICAS1","Acc001","High seed yield and large endosperm. (1.7t/ha)","Guinea savanna ecology","NCRI, Badeggi","NCRI, Badeggi","B.Z. Salihu, O.A. Falusi, A.S. Gana, I.A. Yusuf, A.K. Gana, D.J. Nwosu, B.O. Apuyor, M.A. Kabaraini, T. Gadeyan & I. Salihu",1.7,2019,2019,NA
"https://www.seedportal.org.ng/variety.php?keyword=&category=&varid=650&cropid=40&task=view","Castor","NGRC 19-2","NCRICAS2","Acc036M2","High yield, high oil content, early maturity and good oil physicochemical properties (oil content - 54.05%, specific gravity- 0.968, Refractive index - 1.479, Acid value - 1.423 (mgNaOH/g), Iodine value - 86.93 (mgNa2SO3/g), Sabonification value - 183.47 (mgKOH/g). (1.9t/ha)","Guinea savanna ecology","NCRI, Badeggi","NCRI, Badeggi","B.Z. Salihu, O.A. Falusi, A.S. Gana, I.A. Yusuf, A.K. Gana, D.J. Nwosu, B.O. Apuyor, M.A. Kabaraini, T. Gadeyan & I. Salihu",1.9,2019,2019,NA
"https://www.seedportal.org.ng/variety.php?keyword=&category=&varid=651&cropid=3&task=view","Cowpea","NGVU-19-37","SAMPEA 20-T","IT97KT-PBR (IAR- TC-11-07)","Resistance to the legume pod borer and early maturity. (2.9t/ha)","Guinea and Sudan Savanna","IAR, Samaru, Zaria","IAR, Samaru, Zaria, AATF & CSIRO, Canberra, Australia","M.F. Ishiyaku, M.L. Umar, S.B. Mohammed, P. Addae, R.S. Adamu, I.M. Utono, I.A. Kollo, T.J. Higgins, L. Murdock & F. Nang'ayo.",2.9,2019,2019,NA
"https://www.seedportal.org.ng/variety.php?keyword=&category=&varid=652&cropid=7&task=view","Maize","NGZM-19-146","SAMMAZ 55","2014 TZE-W DT STD","Tolerance to multiple stresses (Striga hermonthica, drought and low-N) and high grain yield. (7.1t/ha)","Northern Guinea and Sudan Savanna ecologies","IITA, Ibadan","IITA, Ibadan & IAR, Samaru, Zaria","B. Badu-Apraku, M. Oyekunle, S.G. Ado, G. Olaoye, I.S. Usman, H. Mani, U.S. Abdullahi & M.B. Hassan",7.1,2019,2019,NA
"https://www.seedportal.org.ng/variety.php?keyword=&category=&varid=653&cropid=7&task=view","Maize","NGZM-19-147","SAMMAZ 56","EYQH-35","High quality protein content (14.14%), high grain yield, and stress tolerant. (6.9t/ha)","Northern Guinea and Sudan Savanna ecologies","IITA, Ibadan","IITA, Ibadan & IAR, Samaru, Zaria","B. Badu-Apraku, M. Oyekunle, S.G. Ado, G. Olaoye, M.A.B. Fakorede, I.S. Usman, H. Mani, U.S. Abdullahi & M.B. Hassan",6.9,2019,2019,NA
"https://www.seedportal.org.ng/variety.php?keyword=&category=&varid=654&cropid=7&task=view","Maize","NGZM-19-148","SAMMAZ 57","LY1501-8","High provitamin A content (15.2µg/g). (8.4t/ha)","Northern and Southern Guinea Savanna ecologies","IITA, Ibadan","IITA, Ibadan & IAR, Samaru, Zaria","A. Menkir, M. Oyekunle, S.G. Ado, I.S. Usman and H. Mani",8.4,2019,2019,NA
"https://www.seedportal.org.ng/variety.php?keyword=&category=&varid=655&cropid=7&task=view","Maize","NGZM-19-149","SAMMAZ 58","M1628-3","High yield. (8.8t/ha)","Guinea Savanna ecology","IITA, Ibadan","IITA, Ibadan & IAR, Samaru, Zaria","A. Menkir, M. Oyekunle, S.G. Ado, I.S. Usman, H. Mani, U.S. Abdullahi, M.B. Hassan, R. Abdulmalik, L.B. Hassan, H.O. Ahmed & M. Usman",8.8,2019,2019,NA
"https://www.seedportal.org.ng/variety.php?keyword=&category=&varid=656&cropid=7&task=view","Maize","NGZM-19-150","ZUMA 450","GS450","Extra earliness and high grain yield. (6.5t/ha)","Sudan savanna agro-ecology","Agranol Invest Ltd., Hungary","Agranol Invest Ltd., Hungary, Agranol Invest Nigeria Ltd. & IAR, Samaru, Zaria","Hungaroseed Kft, M. Oyekunle, I. S. Usman & H. Mani",6.5,2019,2019,NA
"https://www.seedportal.org.ng/variety.php?keyword=&category=&varid=657&cropid=7&task=view","Maize","NGZM-19-151","ZUMA 500","GS500","Extra earliness and high grain yield. (7.4t/ha)","Sudan savanna agro-ecology","Agranol Invest Ltd., Hungary","Agranol Invest Ltd., Hungary, Agranol Invest Nigeria Ltd. & IAR, Samaru, Zaria","Hungaroseed Kft, M. Oyekunle, I. S. Usman & H. Mani",7.4,2019,2019,NA
"https://www.seedportal.org.ng/variety.php?keyword=&category=&varid=658&cropid=15&task=view","Wheat","NGTA-19-16","LACRI WHIT- 11","IMAM (ATTILA 7)","Heat tolerant, high yielding and good baking quality (3035cm3/g). (7.1t/ha)","Well adapted to irrigated conditions of the Sudano- sahelian zones","ICARDA","ICARDA and LCRI Maiduguri","W. Tadessa, S. Asefa, H. Ketata, Y. Yakubu, Z.G.S. Turaki, O.G. Olabanji, I.U. Abubakar, M. El- Mourid",7.1,2019,2019,7.1
"https://www.seedportal.org.ng/variety.php?keyword=&category=&varid=659&cropid=16&task=view","Yam","NGDR-19-22","UMUDa-27","TDa1100201","Slow rate of oxidization (browning) and high dry matter content. (35t/ha).","Guinea savanna, Derived savanna and Rain forest agro ecology","IITA, Ibadan","NRCRI, Umudike & IITA, Ibadan","Obidiegwu J.E., Nwachukwu E.C., Oselebe H., Asfaw A., Asiedu R., Lopez- Montes A., De Koeyer D., Adebola P., Nwadili C., Edemodu A., Nwaoha J., Ofeze M., Nwafor J. & Dixon M.",35,2019,2019,34
"https://www.seedportal.org.ng/variety.php?keyword=&category=&varid=660&cropid=16&task=view","Yam","NGDA-19-23","UMUDa-28","TDa1100316","Non-browning after processing, excellent boiling and pounding quality. (34t/ha)","Guinea savanna, Derived savanna and Rain forest agro ecology","IITA, Ibadan","NRCRI, Umudike & IITA, Ibadan","Obidiegwu J.E., Nwachukwu E.C., Oselebe H., Asfaw A., Asiedu R., Lopez- Montes A., De Koeyer D., Adebola P., Nwadili C., Edemodu A., Nwaoha J., Ofeze M., Nwafor J. & Dixon M.",34,2019,2019,4.1
"https://www.seedportal.org.ng/variety.php?keyword=&category=&varid=609&cropid=2&task=view","Cotton","NGGS 18-14","MAHYCO C567 BGII","MRC 7377 BGII","Resistance to Bollworm complex, tolerant to sucking insect pests and high seed cotton yield. (4.4t/ha)","All cotton-growing zones of Nigeria","India","Maharashtra Hybrid Seeds Co. Pvt Ltd","Maharashtra Hybrid Seeds Co. Pvt Ltd, M.S. Mohammed, A.I. Yahaya, I. Onu, and C.A. Echekwe",4.4,2018,2018,2.7
"https://www.seedportal.org.ng/variety.php?keyword=&category=&varid=610&cropid=2&task=view","Cotton","NGGS 18-15","MAHYCO C571 BGII","MRC 7361 BGII","Resistance to Bollworm complex, high seed cotton yield, early maturity, tolerant to sucking insect pests. (4.1t/ha)","All cotton-growing zones of Nigeria","India","Maharashtra Hybrid Seeds Co. Pvt Ltd","Maharashtra Hybrid Seeds Co. Pvt Ltd, M.S. Mohammed, A.I. Yahaya, I. Onu, and C.A. Echekwe",4.1,2018,2018,3.5
"https://www.seedportal.org.ng/variety.php?keyword=&category=&varid=611&cropid=3&task=view","Cowpea","NGVU-18-35","SAMPEA 18","IT07K-293-13","Early maturity, resistance to Alectra,and bacterial blight and tolerant to striga and drought. (2.5t/ha)","Sudan savanna and Sahelian","IITA, Ibadan","IITA, and IAR","O.Boukar,C. Fatoku, M.L. Umaru, M.F. Ishiyaku, B.S. Mohammed, O.O Olufajo, E. Makeri and D. Ishaya",2.5,2018,2018,3.3
"https://www.seedportal.org.ng/variety.php?keyword=&category=&varid=612&cropid=3&task=view","Cowpea","NGVU-18-36","SAMPEA 19","IT08K-150-12","Early maturity, tolerant to striga and drought, to Alectra. (2.7t/ha)","Sudan savanna and Sahelian","IITA, Ibadan","IITA, and IAR","O.Boukar,C. Fatoku, M.L. Umaru, M.F. Ishiyaku, B.S. Mohammed, O.O Olufajo, E. Makeri and D. Ishaya",2.7,2018,2018,8.1
"https://www.seedportal.org.ng/variety.php?keyword=&category=&varid=613&cropid=4&task=view","Soybean","NGGM-18-23","SC-SL01","S1079/6/7","Rust tolerance, earliness, large seed size, and high pod clearance. (3.1t/ha)","Guinea Savanna","Seed Co Ltd., Harare, Zimbabwe","Seed Co Ltd., Harare, Zimbabwe","H. Mushoriwa, M. A. Adebayo, E. Tembo, J. Derera, S. O. Bakare, A. B. Umaru, S. Aondover",3.1,2018,2018,7.9
"https://www.seedportal.org.ng/variety.php?keyword=&category=&varid=614&cropid=6&task=view","Groundnut","NGAH-18-27","SAMNUT 27","ICGV-IS 07999","Early maturing and high pod yield. (3.5t/ha)","Northern guinea and Sudano- sahelian savanna","ICRISAT, India","ICRISAT and IAR","C.A. Echekwu, B.N. Motagi, S.G. Mohammed, A.Usman, H. Ajeigbe, B. Kurya and Shiyanbola",3.5,2018,2018,9.1
"https://www.seedportal.org.ng/variety.php?keyword=&category=&varid=615&cropid=6&task=view","Groundnut","NGAH-18-28","SAMNUT 28","ICGV-IS 09926","High pod and haulm yield. (3.1t/h)","Northern guinea and Sudano- sahelian savanna","ICRISAT, India","ICRISAT and IAR","C.A. Echekwu, B.N. Motagi, S.G. Mohammed, A.Usman, H. Ajeigbe, B. Kurya and Shiyanbola",3.1,2018,2018,4.8
"https://www.seedportal.org.ng/variety.php?keyword=&category=&varid=616&cropid=6&task=view","Groundnut","NGAH-18-29","SAMNUT 29","ICGV01276","Early maturing and high pod yield. (3.3t/ha)","Northern guinea and Sudano- sahelian savanna","ICRISAT, India","ICRISAT and IAR","C.A. Echekwu, B.N. Motagi, S.G. Mohammed, A.Usman, H. Ajeigbe, B. Kurya and Shiyanbola",3.3,2018,2018,NA
"https://www.seedportal.org.ng/variety.php?keyword=&category=&varid=617&cropid=7&task=view","Maize","NGZM-18-139*","P3966W","P3966W","High grain yield, good standability. (8.9t/ha)","Forest, forest transition, southern and northern Guinea savannah","Pioneer Overseas Corporation, USA","Pioneer Overseas Corporation, USA","P. Freymark, O. Ibikunle, M. Oyekunle, S.G. Ado, S. Olakojo, S.O. Salami and A.O. Lawal",8.9,2018,2018,NA
"https://www.seedportal.org.ng/variety.php?keyword=&category=&varid=618&cropid=7&task=view","Maize","NGZM-18-140*","P4063W","P4063W","Resistant to lodging, high grain yield, big kernels and excellent husk cover. (8.1t/ha)","Forest, forest transition, southern and northern Guinea savannah","Pioneer Overseas Corporation, USA","Pioneer Overseas Corporation, USA","P. Freymark, O. Ibikunle, M. Oyekunle, S.G. Ado, S. Olakojo, S.O. Salami and A.O. Lawal",8.1,2018,2018,NA
"https://www.seedportal.org.ng/variety.php?keyword=&category=&varid=619&cropid=7&task=view","Maize","NGZM-18-141*","P4226","P4226","High grain yield, excellent stay-green characteristics, excellent husk cover and good standability. (8.0t/ha)","Forest, forest transition, southern and northern Guinea savannah","Pioneer Overseas Corporation, USA","Pioneer Overseas Corporation, USA","P. Freymark, O. Ibikunle, M. Oyekunle, S.G. Ado, S. Olakojo, S.O. Salami and A.O. Lawal",8,2018,2018,NA
"https://www.seedportal.org.ng/variety.php?keyword=&category=&varid=620&cropid=7&task=view","Maize","NGZM-18-142*","WE3205","WE3205","Tolerant to drought, early maturing and high grain yield. (7.9t/ha)","Southern, Northern and Sudan savannah","Monsanto International SARL","Monsanto International SARL","Isidro Alvarez, M. Oyekunle, I.S. Usman and H. Mani",7.9,2018,2018,NA
"https://www.seedportal.org.ng/variety.php?keyword=&category=&varid=621&cropid=7&task=view","Maize","NGZM-18-143*","DKB350","DKB350","Tolerant to drought and high grain yield. (9.4t/ha)","Southern and Northern Guinea savannah","Monsanto International SARL","Monsanto International SARL","Isidro Alvarez, M. Oyekunle, I.S. Usman and H. Mani",9.4,2018,2018,NA
"https://www.seedportal.org.ng/variety.php?keyword=&category=&varid=622&cropid=7&task=view","Maize","NGZM-18-144","AMANA-1","MASYN-VAR 5 F2","High grain yield. (9.1t/ha)","Mid-altitude","IITA, Ibadan","IITA, Ibadan","A. Menkir, M. Oyekunle, J.E. Onyibe, I.S. Usman, J.O. Onyibe and H. Mani",9.1,2018,2018,NA
"https://www.seedportal.org.ng/variety.php?keyword=&category=&varid=623&cropid=7&task=view","Maize","NGZM-18-145","AMANA-2","MASYN-VAR 3 F2","High grain yield and prolific. (7.7t/ha)","Mid-altitude","IITA, Ibadan","IITA, Ibadan","A. Menkir, M. Oyekunle, J.E. Onyibe, I.S. Usman, J.O. Onyibe and H. Mani",7.7,2018,2018,NA
"https://www.seedportal.org.ng/variety.php?keyword=&category=&varid=624&cropid=12&task=view","Sorghum","NGSB-18-52","SAMSORG 47","ZAUNA-INUWA","High grain yield. (4.8t/ha)","Sudan and Northern Guinea Savanna","Landrace","IAR, Samaru, Zaria","M.Y. Yeye, I.I. Angarawai, D.A. Aba, D.A. Halilu, P. Ogberhie and J. Jonah",4.8,2018,2018,NA
"https://www.seedportal.org.ng/variety.php?keyword=&category=&varid=625&cropid=12&task=view","Sorghum","NGSB-18-53","SAMSORG 48","KAURA BORNU","High grain yield. (4.7t/ha)","Sudan and Northern Guinea Savanna","Landrace","IAR, Samaru, Zaria","M.Y. Yeye, I.I. Angarawai, D.A. Aba, D.A. Halilu, H. Tapsoba and I. Tush",4.7,2018,2018,NA
"https://www.seedportal.org.ng/variety.php?keyword=&category=&varid=626&cropid=12&task=view","Sorghum","NGSB-18-54","SAMSORG 49","CF 35:5","Earliness. (2.8t/ha)","Sudan and Sahel savannah","ICRISAT Bamako- Regional germplasm","IAR, Samaru, Zaria","E. Weltizen, F. Ratunde, M.Y.Yeye, I.I. Angarawai, R.O. Abdulmalik, O. Alabi, J.A.Y. Shebayam, R.S. Adamu, H.A. Ajeigbe and H. Abdulhamid",2.8,2018,2018,2.8
"https://www.seedportal.org.ng/variety.php?keyword=&category=&varid=627&cropid=32&task=view","Sweet Potato","NGIB-18-9","UMUSPO/4 Solo-Gold","A027","High root carotenoid content, high root yield, resistant to sweetpotato virus disease and high dry matter content. (26.8t/ha)","Reinforest, southern and northern Guinea and Sudan savanna.","NRCRI, Umudike","NRCRI, Umudike","S.O. Afuape, G. Nwaigwe, I.I.M. Nwankwo, J. Njoku, T.E. Carey, M. Andrade and J. Low",26.8,2018,2018,6
"https://www.seedportal.org.ng/variety.php?keyword=&category=&varid=283&cropid=7&task=view","Maize","NGZM-17-133","SAMMAZ 52","PVA SYN 13","Intermediate levels of provitamin A content (9.8'g/g). (6.0t/ha)","Northern Guinea and Sudan Savanna Ecologies","IITA, Ibadan","IITA, Ibadan and IAR, Samaru","A. Menkir, M. Oyekunle, S.G. Ado, I.S. Usman, H. Mani, A.D. Halilu, H. Abubakar",6,2017,2017,7.2
"https://www.seedportal.org.ng/variety.php?keyword=&category=&varid=284&cropid=7&task=view","Maize","NGZM-17-134","SAMMAZ 53","TZEE-W STR 105BC2","Extra-early maturity, high grain yield, tolerance to drought and Striga hermonthica. (7.6t/ha)","Northern Guinea and Sudan Savanna Ecologies","IITA, Ibadan","IITA, Ibadan and IAR, Samaru","B. Badu-Apraku, M. Oyekunle, S. G. Ado, G. Olaoye, I. S. Usman, H. Mani, A. Talabi, M.A. Aderounmu, U. S. Abdullahi, R.O. Abdulmalik, H.O. Ahmed, L.B. Hassan, M.B. Hassan & M.A. Yahaya",7.6,2017,2017,8.1
"https://www.seedportal.org.ng/variety.php?keyword=&category=&varid=285&cropid=7&task=view","Maize","NGZM-17-135","SAMMAZ 54","TZEE-W Pop DT STR","Extra-early maturity, high grain yield, tolerance to drought and Striga hermonthica. (7.2t/ha)","Northern Guinea and Sudan Savanna Ecologies","IITA, Ibadan","IITA, Ibadan and IAR, Samaru","B. Badu-Apraku, M. Oyekunle, S. G. Ado, G. Olaoye, I. S. Usman, H. Mani, A. Talabi, M.A. Aderounmu, U. S. Abdullahi, R.O. Abdulmalik, H.O. Ahmed, L.B. Hassan, M.B. Hassan & M.A. Yahaya",7.2,2017,2017,9.8
"https://www.seedportal.org.ng/variety.php?keyword=&category=&varid=286&cropid=7&task=view","Maize","NGZM-17-136*","SC612","M1124-31","Tolerant to drought, high yield, and good husk cover. (9.0t/ha)","Guinea Savannah","IITA, Ibadan","IITA, Ibadan and Seed Co","Abebe Menkir, Elliot Tembo, M. Oyekunle, I.S. Usman, G. Olaoye, S. Olakojo and S. G. Ado.",9,2017,2017,6.7
"https://www.seedportal.org.ng/variety.php?keyword=&category=&varid=287&cropid=7&task=view","Maize","NGZM-17-137*","SC649","11C86","High yield, good husk cover, easy to produce. (8.1t/ha)","Guinea Savannah","Seed Co Ltd., Harare, Zimbabwe","Seed Co, Kaduna, Nigeria","Elliot Tembo, M. Oyekunle, A. Menkir,A. Tahirou, I.S. Usman, G. Olaoye, S. Olakojo, S.G. Ado and M. Adebayo",8.1,2017,2017,188.1
"https://www.seedportal.org.ng/variety.php?keyword=&category=&varid=288&cropid=7&task=view","Maize","NGZM-17-138*","DK390","DK390","High grain yield and good standability. (9.4t/ha)","Southern and Northern Guinea Savanna ecologies","Monsanto International SARL","Monsanto Int. and IAR, Samaru","Isidro Alvarez, M. Oyekunle, I.S. Usman and H. Mani",9.4,2017,2017,7.1
"https://www.seedportal.org.ng/variety.php?keyword=&category=&varid=289&cropid=7&task=view","Maize","NGZM-17-139*","DK7508","DK7508","High grain yield. (9.8t/ha)","Southern and Northern Guinea Savanna ecologies","Monsanto International SARL","Monsanto Int. and IAR, Samaru","Isidro Alvarez, M. Oyekunle, I.S. Usman and H. Mani",9.8,2017,2017,2
"https://www.seedportal.org.ng/variety.php?keyword=&category=&varid=372&cropid=9&task=view","Rice","NGOS-17-71","FARO 66","ART351:12-2-B-5- B","Submergence tolerant, high yielding, long and medium slender grains and moderately tolerant to iron toxicity. (6.7t/ha)","Lowland","Africa Rice","Africa Rice Centre and NCRI, Badeggi","Venuprasad R, Shittu A, Jolayemi L, Sow M, Maji A.T, Bashiru M, Nwilene F.E and Salami O.",6.7,2017,2017,10.9
"https://www.seedportal.org.ng/variety.php?keyword=&category=&varid=373&cropid=9&task=view","Rice","NGOS-17-72","FARO 67","ART350:10-2-1-B","Submergence tolerant, high yielding, long and slender grains and moderately tolerant to iron toxicity. (6.7t/ha)","Lowland","Africa Rice","Africa Rice Centre and NCRI, Badeggi","Venuprasad R, Shittu A, Jolayemi L, Sow M, Maji A.T, Bashiru M, Nwilene F.E and Salami O.",6.7,2017,2017,NA
"https://www.seedportal.org.ng/variety.php?keyword=&category=&varid=374&cropid=9&task=view","Rice","NGOS-17-73","GAWAL R1","CHAOTAN","High yielding, and tolerance to blast disease. (10.4t/ha)","Lowland rainfed and irrigated ecologies","Green Agriculture West Africa Limited","Green Agriculture West Africa Limited","Zeng Mengtian, Li Tailong, Xu Guoxin, Wang Xuemin, Xu Yuanfang, Zhao Dule, Maji A.T and Bashir M.",10.4,2017,2017,NA
"https://www.seedportal.org.ng/variety.php?keyword=&category=&varid=465&cropid=13&task=view","Sugarcane","NGSO - 17-21","NCS-009","DTS-51","High cane and sugar yield, tolerant to smut. (188.1t/ha)","Grows in well drained light and heavy of Sudan and Guinea Savanna","NCRI, Badeggi","NCRI, Badeggi and NSDC","M.N. Ishaq, G. Olaoye, A.C. Wada, M.Kawuyo, I.S. Usman, A. Ajayi, M. Hamza, M. Odaodu and J. Inuwa Shehu",188.1,2017,2017,NA
"https://www.seedportal.org.ng/variety.php?keyword=&category=&varid=496&cropid=15&task=view","Wheat","NGTA-17-14","LACRI WHIT-9","PASTOR","Heat tolerant, high yielding and good baking quality. (7.7t/ha)","Well adapted to irrigated conditions of the Sudano- sahelian zones","ICARDA, Sudan","ICARDA Sudan and LCRI Maiduguri","O. Abdalla, S. Asefa, H. Ketata, Y. Yakubu, Z.G.S. Turaki, O.G. Olabanji, I.U. Abubakar and M. El-Mourid",7.7,2017,2017,NA
"https://www.seedportal.org.ng/variety.php?keyword=&category=&varid=497&cropid=15&task=view","Wheat","NGTA-17-15","LACRI WHIT-10","KAUZ","Heat tolerant, high yielding and good baking quality. (7.1t/ha)","Well adapted to irrigated conditions of the Sudano- sahelian zones","ICARDA, Sudan","ICARDA Sudan and LCRI Maiduguri","O. Abdalla, S. Asefa, H. Ketata, Y. Yakubu, Z.G.S. Turaki, O.G. Olabanji, I.U. Abubakar and M. El-Mourid",7.1,2017,2017,NA
"https://www.seedportal.org.ng/variety.php?keyword=&category=&varid=92&cropid=3&task=view","Cowpea","NGVU-16-33","FUAMPEA 1","UAM09 1055-6","Resistance to Striga and Alectra (1.9t/ha)","Northern Guinea, Sudan and Sahelian Savanna","IAR-ABU, Zaria and IITA, Ibadan","FUAM and IAR- ABU, Zaria","L.O. Omoigui, L.L. Bello, M.F. Ishiyaku, A.Y. Kamara, O.O. Olufajo, H.A. Ajeigbe, B.A. Kalu, R. Adeleke, M.P. Timko, E.J. Ekekan, Nater Iyorkaa and Towolawi Oluwole",1.9,2016,2016,NA
"https://www.seedportal.org.ng/variety.php?keyword=&category=&varid=93&cropid=3&task=view","Cowpea","NGVU-16-34","FUAMPEA 2","UAM09 1051-1","Resistance to Striga and Alectra (2.0t/ha)","Northern Guinea and Sudan Savanna","IAR-ABU, Zaria and IITA, Ibadan","FUAM and IAR- ABU, Zaria","L.O. Omoigui, L.L. Bello, M.F. Ishiyaku, A.Y. Kamara, O.O. Olufajo, H.A. Ajeigbe, B.A. Kalu, R. Adeleke, M.P. Timko, E.J. Ekekan, Nater Iyorkaa and Towolawi Oluwole",2,2016,2016,NA
"https://www.seedportal.org.ng/variety.php?keyword=&category=&varid=271&cropid=7&task=view","Maize","NGZM-16-121","DK234","DK234","High grain yield, good stay-gree characteristic and standability, and tolerant to Striga hermonthica. (13.2t/ha)","Southern and Northern Guinea Savanna ecologies","Monsanto International SARL","Monsanto International SARL","Isidro Alvarez, M. Oyekunle, S.A. Olakojo, I.S. Usman and H. Mani",13.2,2016,2016,NA
"https://www.seedportal.org.ng/variety.php?keyword=&category=&varid=272&cropid=7&task=view","Maize","NGZM-16-122","DK777","DK777","Stable and high grain yield, good stay-green characteristic and tolerance to Striga hermonthica. (10.9t/ha)","Forest, Southern and Northern Guinea Savanna ecologies","Monsanto International SARL","Monsanto International SARL","Isidro Alvarez, M. Oyekunle, S.A. Olakojo, I.S. Usman and H. Mani",10.9,2016,2016,NA
"https://www.seedportal.org.ng/variety.php?keyword=&category=&varid=273&cropid=7&task=view","Maize","NGZM-16-123","DK818","BIG 717","Stable and high grain yield, and tolerance to Striga hermonthica. (10t/ha)","Southern and Northern Guinea Savanna ecologies","Monsanto International SARL","Monsanto International SARL","Padmakar Reddy, M. Oyekunle, S.A. Olakojo, I.S. Usman and H. Mani",10,2016,2016,NA
"https://www.seedportal.org.ng/variety.php?keyword=&category=&varid=274&cropid=7&task=view","Maize","NGZM-16-124","DK920","PRABAL","High grain yield, prolific, tolerance to Striga hermonthica. (10.7t/ha)","Southern and Northern Guinea Savanna ecologies","Monsanto International SARL","Monsanto International SARL","Padmakar Reddy, M. Oyekunle, S.A. Olakojo, I.S. Usman and H. Mani",10.7,2016,2016,10.7
"https://www.seedportal.org.ng/variety.php?keyword=&category=&varid=275&cropid=7&task=view","Maize","NGZM-16-125","Oba Super 11","M0926-7","Striga and drought tolerance and high yield. (9.6t/ha)","Southern and Northern Guinea Savanna ecologies","IITA, Ibadan","IITA, Ibadan and Premier Seed Nig. Ltd.","Abebe Menkir, Afolabi Samson, M. Oyekunle, A. O. Ogungbile, I.S. Usman and H. Mani",9.6,2016,2016,9.7
"https://www.seedportal.org.ng/variety.php?keyword=&category=&varid=276&cropid=7&task=view","Maize","NGZM-16-126","Oba Super 13","M0926-8","Striga and drought tolerance and high yield. (9.7t/ha)","Southern and Northern Guinea Savanna ecologies","IITA, Ibadan","IITA, Ibadan and Premier Seed Nig. Ltd.","Abebe Menkir, Afolabi Samson, M. Oyekunle, A. O. Ogungbile, I.S. Usman and H. Mani",9.7,2016,2016,10.3
"https://www.seedportal.org.ng/variety.php?keyword=&category=&varid=277&cropid=7&task=view","Maize","NGZM-16-127","SAMMAZ 46","EWH-29","Early maturity, high grain yield, tolerance to drought, Striga hermonthica and low soil nitrogen. (9.6t/ha)","Northern Guinea and Sudan Savanna ecologies","IITA, Ibadan","IITA, Ibadan and IAR, Samaru","B. Badu-Apraku, M.Oyekunle, S.G. Ado, G. Olaoye, M.A.B. Fakorede, I.S. Usman, A. Kamara, H. Mani, J.O. Owolabi, L.B. Hassan, H.O. Ahmed and J. O. Omeke",9.6,2016,2016,7.8
"https://www.seedportal.org.ng/variety.php?keyword=&category=&varid=278&cropid=7&task=view","Maize","NGZM-16-128","SAMMAZ 47","EWH-34","Early maturity, high grain yield, tolerance to drought, Striga hermonthica and low soil nitrogen. (10.3t/ha)","Northern Guinea and Sudan Savanna ecologies","IITA, Ibadan","IITA, Ibadan and IAR, Samaru","B. Badu-Apraku, M.Oyekunle, S.G. Ado, G. Olaoye, M.A.B. Fakorede, I.S. Usman, A. Kamara, H. Mani, J.O. Owolabi, L.B. Hassan, H.O. Ahmed and J. O. Omeke",10.3,2016,2016,8.5
"https://www.seedportal.org.ng/variety.php?keyword=&category=&varid=279&cropid=7&task=view","Maize","NGZM-16-129","SAMMAZ 48","2011 TZE-W DT STR Synthetic","Early maturity, stable and high grain yield, tolerance to drought and Striga hermonthica. (7.8t/ha)","Northern Guinea and Sudan Savanna ecologies","IITA, Ibadan","IITA, Ibadan and IAR, Samaru","B. Badu-Apraku, M.Oyekunle, S.G. Ado, G. Olaoye, M.A.B. Fakorede, I.S. Usman, A. Kamara, H. Mani, J.O. Owolabi, L.B. Hassan, H.O. Ahmed and J. O. Omeke",7.8,2016,2016,3
"https://www.seedportal.org.ng/variety.php?keyword=&category=&varid=280&cropid=7&task=view","Maize","NGZM-16-130","SAMMAZ 49","LY1001-10","Intermediate levels of pro- vitamin A content (11.3'g/g) (7.8t/ha)","Northern Guinea and Sudan Savanna ecologies","IITA, Ibadan","IITA, Ibadan and IAR, Samaru","A. Menkir, M. Oyekunle, S.G. Ado, I.S. Usman, H. Mani, A.D. Halilu, H. Abubakar, U.S. Abdullahi and M.B. Hassan",7.8,2016,2016,43.9
"https://www.seedportal.org.ng/variety.php?keyword=&category=&varid=281&cropid=7&task=view","Maize","NGZM-16-131","SAMMAZ 50","M1026-8","Tolerance to drought and Striga hermonthica (9.3t/ha)","Southern and Northern Guinea Savanna","IITA, Ibadan","IITA, Ibadan and IAR, Samaru","A. Menkir, M. Oyekunle, S.G. Ado, I.S. Usman, H. Mani, A.D. Halilu, H. Abubakar, U.S. Abdullahi and M.B. Hassan",9.3,2016,2016,23.96
"https://www.seedportal.org.ng/variety.php?keyword=&category=&varid=282&cropid=7&task=view","Maize","NGZM-16-132","SAMMAZ 51","IWD C3SYN/White DT STR Syn","High grain yield, tolerance to drought and Striga hermonthica (8.5t/ha)","Southern and Northern Guinea Savanna","IITA, Ibadan","IITA, Ibadan and IAR, Samaru","A. Menkir, M. Oyekunle, S.G. Ado, I.S. Usman, H. Mani, A.D. Halilu, H. Abubakar, U.S. Abdullahi and M.B. Hassan",8.5,2016,2016,32
"https://www.seedportal.org.ng/variety.php?keyword=&category=&varid=443&cropid=12&task=view","Sorghum","NGSB-16-50","SAMSORG 45","12KNICSV-188","Early maturity and high grain iron (Fe) (128.99ppm/1g) content. (4.2t/ha)","Sudan and Sahel Savanna ecologies","ICRISAT, Mali","ICRISAT, Kano","Angarawai I.I., Hakeem, A. Ajeigbe, Eva R. Weltzien, F. Rattunde, D. A. Aba and D. A. Halilu",4.2,2016,2016,18
"https://www.seedportal.org.ng/variety.php?keyword=&category=&varid=444&cropid=12&task=view","Sorghum","NGSB-16-51","SAMSORG 46","12KNICSV-22","Early maturity and moderate grain Iron (Fe) (53.92ppm/1g) content. (3.0t/ha)","Sudan and Sahel Savanna ecologies","ICRISAT, Mali","ICRISAT, Kano","Angarawai I.I., Hakeem, A. Ajeigbe, Eva R. Weltzien, F. Rattunde, D. A. Aba, M. Yeye, U.H. Gaya and D. A. Halilu",3,2016,2016,NA
"https://www.seedportal.org.ng/variety.php?keyword=&category=&varid=517&cropid=16&task=view","Yam","NGDR-16-20","UMUDr-20","TDr 98/00933","High yielding. (39.8t/ha)","Rainforest, Southern and Northern Guinea Savanna","IITA, Ibadan","IITA, Ibadan and NRCRI, Umudike","Lopaz, A., Maroya, N Asiedu, R., Nwankwo, I.I.M., Eke-Okoro,O.N., Ikeorgu, and J.G. Ikoro, A. I.",39.8,2016,2016,NA
"https://www.seedportal.org.ng/variety.php?keyword=&category=&varid=518&cropid=16&task=view","Yam","NGDR-16-21","UMUDr-21","99/Amo/064","High yielding. (43.9t/ha)","Rainforest and Guinea Savanna","IITA, Ibadan","NRCRI, Umudike","Nwachukwu, E.C., Nwankwo, I.I.M., Eke- Okoro, O.N., Ikeorgu, and J.G. Ikoro, A. I.",43.9,2016,2016,NA
"https://www.seedportal.org.ng/variety.php?keyword=&category=&varid=525&cropid=17&task=view","Amaranthus","NGAC-16-7","NHAMAR1","NHAMOLA5","Early maturity, good stay green, tolerance to Choanephora cucurbacterium and lodging (25t/ha)","Rainforest up to Sudan Savanna","NIHORT","NIHORT","Olagorite Adetula, Mary Adeyemi, Olatunbosun Bolaji, Olabode Isaac and Usman Nasiru",25,2016,2016,NA
"https://www.seedportal.org.ng/variety.php?keyword=&category=&varid=526&cropid=17&task=view","Amaranthus","NGAC-16-8","NH201","NHOLAK7","High yield, spoineless, early maturity (23.96t/ha)","Rainforest up to Sudan Savanna","NIHORT","NIHORT","Olagorite Adetula, Folashade Omotaajo, Usman Nasiru and Olatunbosun Bolaji",23.96,2016,2016,NA
"https://www.seedportal.org.ng/variety.php?keyword=&category=&varid=545&cropid=22&task=view","Pepper","NGCF-16-6","Lafayette","Lafayette","High yield; large, firm, blocky and smooth- skinned fruits. (26t/ha)","Derived, Southern Guinea, Northern Guinea and Sudan Savannah","Syngenta Holland","Syngenta Holland","Chikaleke, V.A., Tairu, F.M., Ajayi, E.O., Olufolaji, A.O., Akintoye, H.A., Afolayan, S.O., Usman, N., Adeleke, O., Babalola, O.S., Oyedeji, E. O., Arogundade, O., Adeoye, I.B., Orkpeh, U., Oduntan, A.O., Umeh, V.C. And Bala, I. A.",26,2016,2016,NA
"https://www.seedportal.org.ng/variety.php?keyword=&category=&varid=546&cropid=22&task=view","Pepper","NGCF-16-7","Jupiter","Jupiter","High yield; resistance to TMV, CMV and PVY. (32t/ha)","Derived, Southern Guinea, Northern Guinea and Sudan Savannah","Syngenta Holland","Syngenta Holland","Chikaleke, V.A., Tairu, F.M., Ajayi, E.O., Olufolaji, A.O., Akintoye, H.A., Afolayan, S.O., Usman, N., Adeleke, O., Babalola, O.S., Oyedeji, E. O., Arogundade, O., Adeoye, I.B., Orkpeh, U., Oduntan, A.O., Umeh, V.C. And Bala, I. A.",32,2016,2016,NA
"https://www.seedportal.org.ng/variety.php?keyword=&category=&varid=587&cropid=34&task=view","Potato","NGST-16-5","Rumba","Rumba","Large tuber size (>= 50mm), high tuber yield, and high dry matter content (20%). (20t/ha)","Mid-altitude","Europlant, Germany","Europlant, Germany","Bohn Nordkartoffel, Danbaba, A.K., Lenka, D.M., Lang, A. J.",20,2016,2016,NA
"https://www.seedportal.org.ng/variety.php?keyword=&category=&varid=588&cropid=34&task=view","Potato","NGST-16-6","Jelly","Jelly","High tuber yield, high dry matter content and early maturity. (18t/ha)","Mid-altitude","Europlant, Germany","Europlant, Germany","Kartoffelzucht Bohm, Danbaba, A.K., Lenka, D.M., Lang, A. J.",18,2016,2016,NA
"https://www.seedportal.org.ng/variety.php?keyword=&category=&varid=607&cropid=39&task=view","Cabbage","NGBO-16-01","Gloria","Gloria","High yield, tolerant to blight, rot and wilt. (45t/ha)","Humid Forest, Derived, Southern Guinea, Northern Guinea and Sudan Savannah agro-ecologies","Syngenta Holland","Syngenta Holland","Chikaleke, V.A., Tairu, F.M., Abdul-Rafiu, A.M., Olufolaji, A.O., Akintoye, H.A., Afolayan, S.O., Usman, N.,Adeoye, I.B., Ibekwe, H.N., Oduntan, A.O., Ajayi, E.O., Umeh, V.C. And Bala, I.A.",45,2016,2016,NA
"https://www.seedportal.org.ng/variety.php?keyword=&category=&varid=608&cropid=39&task=view","Cabbage","NGBO-16-02","Pruktor","Pruktor","High yield, tolerant to wilt, blight and rot. (39t/ha)","Humid Forest, Derived, Southern Guinea, Northern Guinea and Sudan Savannah agro-ecologies","Syngenta Holland","Syngenta Holland","Chikaleke, V.A., Tairu, F.M., Abdul-Rafiu, A.M., Olufolaji, A.O., Akintoye, H.A., Afolayan, S.O., Usman, N.,Adeoye, I.B., Ibekwe, H.N., Oduntan, A.O., Ajayi, E.O., Umeh, V.C. And Bala, I.A.",39,2016,2016,39
"https://www.seedportal.org.ng/variety.php?keyword=&category=&varid=90&cropid=3&task=view","Cowpea","NGVU-15-31","SAMPEA 16","IT07K-292-10","Early maturity, resistance to Alectra, tolerance to striga and drought. (2,595kg/ha)","Sudan Savannah and Sahelian agro-ecologies","IITA, Ibadan","IITA, Ibadan, IAR- Abu, Zaria","O. Boukar, C. Fatokun, M.F. Ishiyaku, M.Umar, E. Makeri, R. Adeleke and O.O. Olufajo.",2.595,2015,2015,NA
"https://www.seedportal.org.ng/variety.php?keyword=&category=&varid=91&cropid=3&task=view","Cowpea","NGVU-15-32","SAMPEA 17","IT07K-318-33","Early maturity, tolerant to striga and drought, resistant to Alectra. (2,557kg/ha)","Sudan Savannah and Sahelian agro-ecologies","IITA, Ibadan","IITA, Ibadan, IAR- Abu, Zaria","O. Boukar, C. Fatokun, M.F. Ishiyaku, M.Umar, E. Makeri, R. Adeleke and O.O. Olufajo.",2.557,2015,2015,9.7
"https://www.seedportal.org.ng/variety.php?keyword=&category=&varid=265&cropid=7&task=view","Maize","NGZM-15-115","SAMMAZ 43","LY1001-21","Intermediate levels of pro- vitamin A content (8.4'g/g) and high grain yield. (9.9t/ha)","Northern and Southern Guinea Savanna ecologies","IITA, Ibadan","IITA, Ibadan/IAR, Samaru, Zaria","A. Menkir, M. Oyekunle, S.G. Ado, I.S. Usman, H. Mani, A.D. Halilu, H. Abubakar and M.B. Hassan.",9.9,2015,2015,8.6
"https://www.seedportal.org.ng/variety.php?keyword=&category=&varid=266&cropid=7&task=view","Maize","NGZM-15-116","SAMMAZ 44","LY1001-14","Intermediate levels of pro- vitamin A content (8.8ug/g) and high grain yield. (9.7t/ha)","Northern and Southern Guinea Savanna ecologies","IITA, Ibadan","IITA, Ibadan/IAR, Samaru, Zaria","A. Menkir, M. Oyekunle, S.G. Ado, I.S. Usman, H. Mani, A.D. Halilu and H. Abubakar",9.7,2015,2015,9.7
"https://www.seedportal.org.ng/variety.php?keyword=&category=&varid=267&cropid=7&task=view","Maize","NGZM-15-117","SAMMAZ 45","AFLATOXIN R SYN-Y2","Resistant to aflatoxin and high grain yield. (6.2t/ha)","Northern and Southern Guinea Savanna ecologies","IITA, Ibadan","IITA, Ibadan/IAR, Samaru, Zaria","A. Menkir, M. Oyekunle, Ranajit Bandyopadhyay, Robert. L. Brown, S.G. Ado, I.S. Usman, H. Mani, A.D. Halilu, H. Abubakar and J. O. Owolabi.",6.2,2015,2015,6.4
"https://www.seedportal.org.ng/variety.php?keyword=&category=&varid=268&cropid=7&task=view","Maize","NGZM-15-118","Ife maize hyb-08","SW5-OB X IART- INBRED1","High yielding. (8.6t/ha)","Forest and Derived Savanna agro-ecologies","IAR&T Ibadan","IAR&T Ibadan","S.A. Olakojo, Kolawole Godonu, S.E. Aladele, F.A. Oluwasanmi, C.A. Awe, Bayo Agboola and U.S. Abdulahi.",8.6,2015,2015,56.7
"https://www.seedportal.org.ng/variety.php?keyword=&category=&varid=269&cropid=7&task=view","Maize","NGZM-15-119","Ife maize hyb-09","ILE 1-OB X IART- INBRED1","High grain yield, prolific maize cobs. (12.91t/ha)","Forest and Derived Savanna agro-ecologies","IAR&T Ibadan","IAR&T Ibadan","S.A. Olakojo, Kolawole Godonu, S.E. Aladele, F.A. Oluwasanmi, C.A. Awe, Bayo Agboola and U.S. Abdulahi.",12.91,2015,2015,5.17
"https://www.seedportal.org.ng/variety.php?keyword=&category=&varid=270&cropid=7&task=view","Maize","NGZM-15-120","SC651","M1026-10","Tolerant to drought and Striga hermonthica, high yield potential and good husk cover. (9.7t/ha)","Guinea Savannah","IITA, Ibadan","IITA, Ibadan","Abebe Menkir, Elliot Tembo, M. Oyekunle, I.S. Usman, G. Olaoye, S. Olakojo and S. G. Ado.",9.7,2015,2015,36
"https://www.seedportal.org.ng/variety.php?keyword=&category=&varid=370&cropid=9&task=view","Rice","NGOS-15-69","FARO 64","ART15-7-16-38-1- B-B-2","Early maturing, high yielding and drought tolerance. (5.2t/ha)","Rainfed upland","Africa Rice","Africa Rice Centre and NCRI","Semon M., Maji A. T., Popoola B. O., Orou K. K., Stanley A. E., Nwilene F.E., Togola A., Claudius - Cole A.O., Awe, C.A.,Salami O., Muhammad B., Oyetunji O.E., and Salam A.",5.2,2015,2015,32
"https://www.seedportal.org.ng/variety.php?keyword=&category=&varid=371&cropid=9&task=view","Rice","NGOS-15-70","FARO 65","ART16-5-9-22-3-B- B-2","Early maturing, high yielding and drought tolerance. (6.4t/ha)","Rainfed upland","Africa Rice","Africa Rice Centre and NCRI","Semon M., Maji A. T., Popoola B. O., Orou K. K., Stanley A. E., Nwilene F.E., Togola A., Claudius - Cole A.O., Awe, C.A.,Salami O., Muhammad B., Oyetunji O.E., and Salam A.",6.4,2015,2015,NA
"https://www.seedportal.org.ng/variety.php?keyword=&category=&varid=480&cropid=14&task=view","Tomato","NGLE -15 -15","Kilele","Kilele","High yielding, tolerance to fusarium wilt and late blight with firm fruits. (59.8t/ha)","Adapted to Derived, Southern guinea, Northern guinea and Sudan savannah.","Syngenta Nig. Ltd.","Syngenta Nig. Ltd.","Akhilesh Singh, Tairu, F.M., Chikaleke, V.A., Olufolaji, A.O., Akintoye, H.A., Ajayi, E.O., Afolayan, S.O., Usman, N., Oyedeji, E.O., Arogundade, O., Umeh, V.C., Babalola, S.O., Adeoye, I.B.,Egbekunle, K.O., Abdul- Rafiu, A.M., Orkeh, U., Aminu-Taiwo, R.B. and Bala, I.A.",59.8,2015,2015,NA
"https://www.seedportal.org.ng/variety.php?keyword=&category=&varid=481&cropid=14&task=view","Tomato","NGLE -15 -16","Chibli","Chibli","High yielding, tolerant to fusarium wilt, late blight, with firm fruits and high brix good for processing. (56.7t/ha)","Adapted to Derived, Southern guinea, Northern guinea and Sudan savannah.","Syngenta Nig. Ltd.","Syngenta Nig. Ltd.","Sylvain Bontems, Tairu, F.M., Chikaleke, V.A., Olufolaji, A.O., Akintoye, H.A., Ajayi, E.O., Afolayan, S.O., Usman, N., Oyedeji, E.O., Arogundade, O., Umeh, V.C., Babalola, S.O., Adeoye, I.B., Egbekunle, K.O., Abdul- Rafiu, A.M., Orkeh, U., Aminu-Taiwo, R.B. and Bala, I.A.",56.7,2015,2015,NA
"https://www.seedportal.org.ng/variety.php?keyword=&category=&varid=482&cropid=14&task=view","Tomato","NGLE -15 -17","Tylka","Tylka","High yielding, tolerant to Verticillium and fusarium wilt, Grey leaf spot, with firm fruits. (53.5t/ha)","Adapted to Derived, Southern guinea, Northern guinea and Sudan savannah.","Syngenta Nig. Ltd.","Syngenta Nig. Ltd.","Luis Ortega, Tairu, F.M., Chikaleke, V.A., Olufolaji, A.O., Akintoye, H.A., Ajayi, E.O., Afolayan, S.O., Usman, N., Oyedeji, E.O., Arogundade, O., Umeh, V.C., Babalola, S.O., Adeoye, I.B., Egbekunle, K.O., Abdul Rafiu, A.M., Orkeh, U., Aminu-Taiwo, R.B. and Bala, I.A.",53.5,2015,2015,NA
"https://www.seedportal.org.ng/variety.php?keyword=&category=&varid=494&cropid=15&task=view","Wheat","NGTA-15-12","LACRI WHIT-7","REYNA 15","High yield, tolerant to septoria leaf - and glume - blotch diseases, and good baking quality. (5.17t/ha)","Well adapted to the highlands","ICARDA, Sudan","ICARDA Tunisia and LCRI Maiduguri","O. Abdallah, Y. Yakubu, O.G. Olabanji, Z.G.S. Turaki, I.U. Abubakar, Solomon Assefa and H. Ketata",5.17,2015,2015,NA
"https://www.seedportal.org.ng/variety.php?keyword=&category=&varid=495&cropid=15&task=view","Wheat","NGTA-15-13","LACRI WHIT-8","CROW'S/BOW'S'-3-1994/95/TEVEE'S'/TADINIA","High yield, tolerant to septoria leaf - and glume - blotch diseases, and good baking quality. (4.5t/ha)","Well adapted to the highlands","ICARDA, Sudan","ICARDA Tunisia and LCRI Maiduguri","O. Abdallah, Y.Yakubu, O.G. Olabanji, Z.G.S. Turaki, I.U. Abubakar, Solomon Assefa and H. Ketata",4.5,2015,2015,NA
"https://www.seedportal.org.ng/variety.php?keyword=&category=&varid=44&cropid=1&task=view","Cassava","NGME-14-44","UMUCASS 44","NR 07/0220","High beta carotene content and high yielding. (36t/ha).","Rainforest and Southern Guinea Savanna","NRCRI, Umudike","NRCRI, Umudike/IITA, Ibadan","Chiedozie N. Egesi, Emmanuel Okogbenin, Bunmi Olasanmi, Peter Kulakow, Damian Njoku, Paul Ilona, Elizabeth Parkes, Okechukwu N. Eke- Okoro, Salome Njoku, Joseph Onyeka & Adeyemi Olojede",36,2014,2014,NA
"https://www.seedportal.org.ng/variety.php?keyword=&category=&varid=45&cropid=1&task=view","Cassava","NGME-14-45","UMUCASS 45","IITA TMS I 07/0593","High carotene content and high yielding. (34t/ha)","Rainforest and Southern Guinea Savanna","IITA, Ibadan","IITA, Ibadan/NRCRI, Umudike","Peter Kulakow, Alfred Dixon, Elizabeth Parkes, Chiedozie N. Egesi, Bunmi Olasanmi, Paul Ilona, Okechukwu N. Eke-Okoro, Salome Njoku & Joseph Onyeka",34,2014,2014,NA
"https://www.seedportal.org.ng/variety.php?keyword=&category=&varid=46&cropid=1&task=view","Cassava","NGME-14-46","UMUCASS 46","IITA TMS I 07/0539","High carotene content and high yielding. (32t/ha)","Rainforest and Southern Guinea Savanna","IITA, Ibadan","IITA, Ibadan/NRCRI, Umudike","Peter Kulakow, Alfred Dixon, Elizabeth Parkes, Chiedozie N. Egesi, Bunmi Olasanmi, Paul Ilona, Okechukwu N. Eke-Okoro, Salome Njoku & Joseph Onyeka",32,2014,2014,NA
"https://www.seedportal.org.ng/variety.php?keyword=&category=&varid=113&cropid=4&task=view","Soybean","NGGM-14-20","TGx 1951-3F","TGx 1951-3F","Low shattering, tolerant to rust, cercospora leaf spot and bacterial pustule and poor soils. (2.5t/ha)","Guinea and Sudan Savanna","IITA, Ibadan","IITA, Ibadan/NCRI, Badeggi","Tefera H., M. N. Ishaq, L. Omoigui, A. Shaahu & A. Kamara",2.5,2014,2014,NA
"https://www.seedportal.org.ng/variety.php?keyword=&category=&varid=114&cropid=4&task=view","Soybean","NGGM-14-21","NCRISOY 1","TGx 1988-5F","Extra early maturing, promiscuous nodulation, resistant to rust, cercospora leaf spot and bacterial pustule. (2.5t/ha)","Guinea and Sudan Savanna","IITA, Ibadan","IITA, Ibadan/NCRI, Badeggi","Agrama, H., Ishaq, M.N., Ousmane, B., Adeleke, R., Bandyopadhyay, R., Olufajo, O., Ariyo J. Ojo D., Akande, S., IAR&T Ibadan, FUNAAB, IAR Zaria.",2.5,2014,2014,2.5
"https://www.seedportal.org.ng/variety.php?keyword=&category=&varid=115&cropid=4&task=view","Soybean","NGGM-14-22","NCRISOY 2","TGx 1989-19F","High yield, promiscuous nodulation, resistant to rust, cercospora leaf spot. (3t/ha)","Guinea and Sudan Savanna","IITA, Ibadan","IITA, Ibadan/NCRI, Badeggi","Agrama, H., Ishaq, M.N., Ousmane, B., Adeleke, R., Bandyopadhyay, R., Olufajo, O., Ariyo J. Ojo D., Akande, S., IAR&T Ibadan, FUNAAB, IAR Zaria.",3,2014,2014,12
"https://www.seedportal.org.ng/variety.php?keyword=&category=&varid=258&cropid=7&task=view","Maize","NGZM-14-108","SC719","SC719","High yield, and large grain size. (12t/ha)","Nigeria Southern Guinea Savanna and Northern Guinea Savanna","Seed Co Ltd., Harare, Zimbabwe","Seed Co West Africa, Abuja, IAR, Samaru, IAR&T, Ibadan & IITA, Ibadan","Paul Rupende, Elliot Tembo, I. S. Usman, S. G. Ado, A. Menkir & S. Olakojo",12,2014,2014,NA
"https://www.seedportal.org.ng/variety.php?keyword=&category=&varid=259&cropid=7&task=view","Maize","NGZM-14-109","30Y87","30Y87","High yield, excellent stay-green characteristics, uniform ear placement, good standability. (12mt/ha)","Forest, Forest transition, Southern Guinea, and Northern Guinea Savanna","Pioneer Overseas Corporation, USA","Pioneer Overseas Corporation, USA","Pioneer Overseas Corporation, USA, IAR, Zaria; IAR&T, Ibadan; NAERLS, Zaria; NACGRAB, Ibadan; NRMC, Ibadan; ADP, Ogun State; ADP, Oyo State; ADP, Osun State; ADP, Ekiti State; ADP, FCT; ADP, Kaduna State; ADP, Zamfara; ADP,Katsina; ADP, Kano; ADP, Nasarawa; Novum Agro Industries, Panda, Nasarawa State.",12,2014,2014,NA
"https://www.seedportal.org.ng/variety.php?keyword=&category=&varid=260&cropid=7&task=view","Maize","NGZM-14-110","30F32","30F32","High yield, resistant to root and stalk lodging. (9mt/ha)","Southern and Northern Guinea Savanna","Pioneer Overseas Corporation, USA","Pioneer Overseas Corporation, USA","Pioneer Overseas Corporation, USA, IAR, Zaria; IAR&T, Ibadan; NAERLS, Zaria; NACGRAB, Ibadan; NRMC, Ibadan; ADP, Ogun State; ADP, Oyo State; ADP, Osun State; ADP, Ekiti State; ADP, FCT; ADP, Kaduna State; ADP, Zamfara; ADP,Katsina; ADP, Kano; ADP, Nasarawa; Novum Agro Industries, Panda, Nasarawa State.",9,2014,2014,7.8
"https://www.seedportal.org.ng/variety.php?keyword=&category=&varid=261&cropid=7&task=view","Maize","NGZM-14-111","P48W01","IR Maize Hybrid 2","Combined host plant resistance to Striga and tolerance to Metsulfuron methyl (MSM) for Striga control. (5t/ha)","Southern and Northern Guinea Savanna","IITA, Ibadan","IITA, Ibadan","A. Menkir, O. Ibikunle, I. Usman, P. Muchena, A. Kamara & M.Oluoch",5,2014,2014,1.3
"https://www.seedportal.org.ng/variety.php?keyword=&category=&varid=262&cropid=7&task=view","Maize","NGZM-14-112","P48W03","IR Maize Hybrid 4","Prolific, combines host plant resistance to striga and tolerance to Metsulfuron methyl (MSM) for striga control. (4.5mt/ha)","Northern Guinea Savanna and Sudan Savanna","IITA, Ibadan","IITA, Ibadan","A. Menkir, O. Ibikunle, I. Usman, P. Muchena, A. Kamara & M.Oluoch",4.5,2014,2014,4.2
"https://www.seedportal.org.ng/variety.php?keyword=&category=&varid=263&cropid=7&task=view","Maize","NGZM-14-113","SAMMAZ 41","EYH-29","Early maturing, high grain yield, highly stable and low soil nitrogen tolerant. (7.8t/ha)","Northern Guinea and Sudan Savanna","IITA, Ibadan","IITA, Ibadan/IAR, Samaru, Zaria","B. Badu-Apraku, M.Oyekunle, S.G. Ado, g. Olaoye, M.A.B. Fakorede, I.S. Usman, A. Kamara, H. Mani, R.A. Omolehin, J.E. Onyibe & J.O. Owolabi",7.8,2014,2014,5.4
"https://www.seedportal.org.ng/variety.php?keyword=&category=&varid=264&cropid=7&task=view","Maize","NGZM-14-114","SAMMAZ 42","EYH-27","Early maturing, high grain yield and low soil nitrogen tolerant. (7.8t/ha)","Northern Guinea and Sudan Savanna","IITA, Ibadan","IITA, Ibadan/IAR, Samaru, Zaria","B. Badu-Apraku, M.Oyekunle, S.G. Ado, g. Olaoye, M.A.B. Fakorede, I.S. Usman, A. Kamara, H. Mani, R.A. Omolehin, J.E. Onyibe & J.O. Owolabi",7.8,2014,2014,5.5
"https://www.seedportal.org.ng/variety.php?keyword=&category=&varid=369&cropid=9&task=view","Rice","NGOS-14-68","FARO 63","ART3-7L9P8-3-B- B-2-1","Early maturity and high yielding. (6.2t/ha)","Rainfed upland","Africa Rice","Africa Rice Centre and NCRI","M. Semon, A.T. Maji, B.O. Popoola, K.K. Orou, A.E. Stanley, C.A. Awe, O. Salami & Bashir Muhammad.",6.2,2014,2014,3.8
"https://www.seedportal.org.ng/variety.php?keyword=&category=&varid=392&cropid=11&task=view","Sesame","NGSI-14-4","NCRIBEN-04E","Ex-Sudan","High grain yield, high oil content and early maturity. (1.3t/ha)","Savanna Ecology","Not Known","NCRI, Badeggi","Ismaila Abubakar, Aliyu Usman, Shokalu Olumide & Mumeen A. Yusuf",1.3,2014,2014,NA
"https://www.seedportal.org.ng/variety.php?keyword=&category=&varid=393&cropid=11&task=view","Sesame","NGSI-14-5","NCRIBEN-05E","Kenena 4","High yield, high oil content and early maturity. (1.2t/ha)","Savanna Ecology","Not Known","NCRI, Badeggi","Ismaila Abubakar, Aliyu Usman, Shokalu Olumide & Mumeen A. Yusuf",1.2,2014,2014,NA
"https://www.seedportal.org.ng/variety.php?keyword=&category=&varid=440&cropid=12&task=view","Sorghum","NGSB-14-47","PRADHAN","PRADHAN","White and bold grains, high grain yields. (4.2t/ha)","Sudan and Northern Guinea Savanna","Syngenta India","Devgen Seeds and Crop Technology PVT Ltd India.","Gharde G.N., D.A. Aba, G. Ajeigbe, IAR Zaria & ICRISAT Kano",4.2,2014,2014,NA
"https://www.seedportal.org.ng/variety.php?keyword=&category=&varid=441&cropid=12&task=view","Sorghum","NGSB-14-48","MLSH 296 Gold","MLSH 296 Gold","High grain yield. (4.6t/ha)","Northern Guinea and Sudan Savanna","Syngenta India","Devgen Seeds and Crop Technology PVT Ltd India.","Gharde G.N., P.S. Vaidya, D.A. Aba, G. Ajeigbe, IAR Zaria & ICRISAT Kano",4.6,2014,2014,NA
"https://www.seedportal.org.ng/variety.php?keyword=&category=&varid=442&cropid=12&task=view","Sorghum","NGSB-14-49","MLSH 151","MLSH 151","Medium bold round grains with cream colour and high grain yield. (5.4t/ha)","Sudan Savannah","Syngenta India","Devgen Seeds and Crop Technology PVT Ltd India.","Gharde G.N., D.A. Aba, G. Ajeigbe, IAR Zaria & ICRISAT Kano",5.4,2014,2014,NA
"https://www.seedportal.org.ng/variety.php?keyword=&category=&varid=492&cropid=15&task=view","Wheat","NGTA-14-10","LACRI WHIT-5","NORMAN [RSM- NORMAN F2008]","High yielding and good baking quality. (6.0t/ha)","Sudano Sahelian","CIMMYT Mexico","CIMMYT Mexico, LCRI Maiduguri, IAR Zaria & S.G.2000","S. Rajaram, Y.Yakubu, O.G. Olabanji, Z.G.S. Turaki, I.U. Abubakar & S. Asefa",6,2014,2014,NA
"https://www.seedportal.org.ng/variety.php?keyword=&category=&varid=493&cropid=15&task=view","Wheat","NGTA-14-11","LACRI WHIT-6","REYNA 28 [CHAM-4/SHUHA'S'/6/2*SAKER/5/R BS/ANZA/3/KVZ/H YS/YMH/TOB]","Early maturity, high yielding and good baking quality. (5.5t/ha)","Sudano Sahelian","ICARDA, Sudan","ICARDA Tunisia, LCRI Maiduguri, IAR Zaria & S.G.2000","O. Abdallah, Y.Yakubu, O.G. Olabanji, Z.G.S. Turaki, I.U. Abubakar, M. El- Mourid & H. Ketata",5.5,2014,2014,NA
"https://www.seedportal.org.ng/variety.php?keyword=&category=&varid=586&cropid=34&task=view","Potato","NGST-14-4","Marabel","Marabel","Extra early maturity, high yield, high number of marketable tubers and high dry matter content. (23t/ha)","Rainfed and Northern Guinea Savanna","Europlant, Germany","Europlant, Germany","Benning, R., Danbaba, A.K., Lenka, D.M., Lang, A.J. & NRCRI Umudike",23,2014,2014,NA
"https://www.seedportal.org.ng/variety.php?keyword=&category=&varid=149&cropid=6&task=view","Groundnut","NGAH-13-25","SAMNUT 25","ICGX-SM-00020/P5/P10","High rosette resistance, high yield and early maturity. (3.8t/ha)","Sudan and Northern Guinea Savanna","ICRISAT Kano","ICRISAT Kano & I.A.R. Samaru Zaria","Echekwu, C.A., B. Ntare, U. Alhassan, O. Alabi, H. Ajeigbe, A.A. Yusuf, A. Jibunor & Ibrahim Mohammed",3.8,2013,2013,NA
"https://www.seedportal.org.ng/variety.php?keyword=&category=&varid=150&cropid=6&task=view","Groundnut","NGAH-13-26","SAMNUT 26","ICGX-SM-00018/P5/P15/P2","High rosette resistance, high yield and early maturity. (3.8t/ha)","Sudan and Northern Guinea Savanna","ICRISAT Kano","ICRISAT Kano & I.A.R. Samaru Zaria","Echekwu, C.A., B. Ntare, U. Alhassan, O. Alabi, H. Ajeigbe, A.A. Yusuf, A. Jibunor & Ibrahim Mohammed",3.8,2013,2013,NA
"https://www.seedportal.org.ng/variety.php?keyword=&category=&varid=253&cropid=7&task=view","Maize","NGZM-13-103","SAMMAZ 38","PVA SYN2","Intermediate level of pro- vitamin A content (5.7'g/g), high yield potential. (6.4t/ha)","Nigeria Savanna","IITA, Ibadan","IITA, Ibadan & IAR, Samaru, Zaria","Abebe Menkir, S.G. Ado, I.S. Usman, I.Y. Dugje, A.D. Halilu & H. Abubakar",6.4,2013,2013,6.4
"https://www.seedportal.org.ng/variety.php?keyword=&category=&varid=254&cropid=7&task=view","Maize","NGZM-13-104","SAMMAZ 39","PVA SYN8","Intermediate level of pro- vitamin A content (6.4'g/g), high yield potential. (6.8t/ha)","Nigeria Savanna","IITA, Ibadan","IITA, Ibadan & IAR, Samaru, Zaria","Abebe Menkir, S.G. Ado, I.S. Usman, A.D. Halilu, I.Y. Dugje & H. Abubakar",6.8,2013,2013,NA
"https://www.seedportal.org.ng/variety.php?keyword=&category=&varid=255&cropid=7&task=view","Maize","NGZM-13-105","Ife maizehyb-5","EEWH-21","Extra-early maturing, high grain yield, Striga resistant, drought and low soil nitrogen tolerant, high protein content. (5.6-6t/ha)","Forest and Savanna agro-ecologies","IITA, Ibadan","IITA, Ibadan, IAR&T, Ibadan & IAR, Samaru, Zaria","B. Badu-Apraku, S.A. Olakojo, G. Olaoye, M. Oyekunle, M.A.B. Fakorede, B.A. Ogunbodede, S.E. Aladele, F.A. Oluwasanmi, C.A. Awe, T.O. Sopitan & U.S. Abdullahi",6,2013,2013,7.1
"https://www.seedportal.org.ng/variety.php?keyword=&category=&varid=256&cropid=7&task=view","Maize","NGZM-13-106","Ife maizehyb-6","EEWH-26","Extra-early maturing, high grain yield, Striga resistant, tolerant to drought and low soil nitrogen. (5-6t/ha)","Forest and Savanna agro-ecologies","IITA, Ibadan","IITA, Ibadan, IAR&T, Ibadan & IAR, Samaru, Zaria","B. Badu-Apraku, S.A. Olakojo, G. Olaoye, M. Oyekunle, M.A.B. Fakorede, B.A. Ogunbodede, S.E. Aladele, F.A. Oluwasanmi, C.A. Awe, T.O. Sopitan & U.S. Abdullahi",6,2013,2013,6.6
"https://www.seedportal.org.ng/variety.php?keyword=&category=&varid=257&cropid=7&task=view","Maize","NGZM-13-107","SAMMAZ 40","DTSTR-Y SYN2","High yield potential; Tolerant to drought and Striga hermonthica. (7.1t/ha)","Nigeria Savanna","IITA, Ibadan","IITA, Ibadan & IAR, Samaru, Zaria","Abebe Menkir, S.G. Ado, G. Olaoye, I.S. Usman, J.E. Onyibe, I.Y. Dugie & R.A. Omolehin",7.1,2013,2013,7
"https://www.seedportal.org.ng/variety.php?keyword=&category=&varid=301&cropid=8&task=view","Pearl Millet","NGPG-13-12","LCICMV-4","PEO5984","Extra-early maturity; stay- green quality. (2.5-3t/ha)","Sahel and Sudan Savanna Zones","Introduction from Burkina Faso","LCRI, Maiduguri & ICRISAT-Niamey","Angarawai I.I., C.T. Hash, K.W. Gwadi, B.G. Haussmann, O.G. Olabanji, Fatima Abubakar & M.H. Badau",3,2013,2013,NA
"https://www.seedportal.org.ng/variety.php?keyword=&category=&varid=366&cropid=9&task=view","Rice","NGOS-13-65","UPIA 1","IWA 1","Early maturity, high yield, long slender grains, tolerant to iron toxicity and African rice gall midge. (6.6t/ha)","Forest Transition/Derived Savanna","International Rice Research Institute (IRRI)","University of Port Harcourt, IRRI, AGRA","Andrew A. Efisue, Glenn Gregorio, Olugbenga Akinwale, A.T. Maji, Francis Nwilene & C.A. Awe",6.6,2013,2013,42
"https://www.seedportal.org.ng/variety.php?keyword=&category=&varid=367&cropid=9&task=view","Rice","NGOS-13-66","UPIA 2","IWA 2","High yield, long slender grains, tolerant to iron toxicity and African rice gall midge. (8.0t/ha)","Forest Transition/Derived Savanna","International Rice Research Institute (IRRI)","University of Port Harcourt, IRRI, AGRA","Andrew A. Efisue, Glenn Gregorio, Olugbenga Akinwale, A.T. Maji, Francis Nwilene & C.A. Awe",8,2013,2013,53
"https://www.seedportal.org.ng/variety.php?keyword=&category=&varid=368&cropid=9&task=view","Rice","NGOS-13-67","UPIA 3","IWA 3","Early maturity, high yield, long slender grains and tolerant to iron toxicity. (7.0t/ha)","Forest Transition/Derived Savanna","International Rice Research Institute (IRRI)","University of Port Harcourt, IRRI, AGRA","Andrew A. Efisue, Glenn Gregorio, Olugbenga Akinwale, A.T. Maji, Francis Nwilene & C.A. Awe",7,2013,2013,6.65
"https://www.seedportal.org.ng/variety.php?keyword=&category=&varid=438&cropid=12&task=view","Sorghum","NGSB-13-45","PD86W15",NA,"Tolerant to metsulfuron methyl seed treatment; medium maturing; good stay-green characteristic; the height, earliness and uniformity allows for mechanization; good seed in the off-season of northern guinea savanna and derived savanna ecologies under irrigation. (3.5-4t/ha)","Northern Guinea Savanna","DuPont Crop Protection and Purdue University, USA","DuPont Pioneer, Nigeria","O.A. Ibikunle, D.A. Aba, M. Tuinstra, M.Y. Yeye, S.E. Aladele, S.M. Bugaje, J.A.Y. Shebayan, A.M. Oparaeke, L.J. Bamaiyi, A.O. Oyedokun, J. Onyibe, A.B. Zarafi, P.S. Chindo, O. Olabanji, L.J. Bamaiyi, O. Olufajo, I.A. Mudashir, F. Oboite & S. Olatokun",4,2013,2013,6.65
"https://www.seedportal.org.ng/variety.php?keyword=&category=&varid=439&cropid=12&task=view","Sorghum","NGSB-13-46","PD87W16",NA,"Tolerant to metsulfuron methyl seed treatment; good stay-green characteristic; the height, earliness and uniformity allows for mechanization; good seed in the off- season of northern guinea savanna and derived savanna ecologies under irrigation. Also photoperiod insensitive. (4-5t/ha)","Sudan, Guinea Savanna Zones","DuPont Crop Protection and Purdue University, USA","DuPont Pioneer, Nigeria","O.A. Ibikunle, D.A. Aba, M. Tuinstra, M.Y. Yeye, S.E. Aladele, S.M. Bugaje, J.A.Y. Shebayan, A.M. Oparaeke, L.J. Bamaiyi, A.O. Oyedokun, J. Onyibe, A.B. Zarafi, P.S. Chindo, O. Olabanji, L.J. Bamaiyi, O. Olufajo, I.A. Mudashir, F. Oboite & S. Olatokun",5,2013,2013,NA
"https://www.seedportal.org.ng/variety.php?keyword=&category=&varid=582&cropid=32&task=view","Sweet Potato","NGIB-13-8","UMUSP 3","CIP 440293","High carotene content and high yield. (56.4t/ha)","Southern Guinea and Northern Sudan Savanna","International Potato Center, SSA Office, Uganda.","NRCRI, Umudike","Solomon O. Afuape, Innocent I.M. Nwankwo, Jan Low, Njoku, J.C., Echendu, T.N.C. & Carey, T.E.",56.4,2013,2013,NA
"https://www.seedportal.org.ng/variety.php?keyword=&category=&varid=41&cropid=1&task=view","Cassava","NGME-12-41","UMUCASS 41","CR 36-5","High starch yield, high dry matter, erect plant type suitable for intercropping and dense population in plantations and suitable for gari and fufu. (42t/ha)","Southern and Northern Guinea Savanna","International Center for Tropical Agriculture (CIAT), Cali, Colombia.","NRCRI, Umudike","Martin Fregene, Emmanuel Okogbenin, Chiedozie N. Egesi, Bunmi Olasanmi, Olalekan Akinbo, Peter Kulakow, Okechukwu N. Eke-Okoro, Salome Njoku & Joseph Onyeka",42,2012,2012,NA
"https://www.seedportal.org.ng/variety.php?keyword=&category=&varid=42&cropid=1&task=view","Cassava","NGME-12-42","UMUCASS 42","IITA TMS I 982132","High root yield, high dry matter and moderate carotene content. (49.5t/ha)","Rainforest and Southern Guinea Savanna","IITA, Ibadan","IITA, Ibadan, NRCRI, Umudike","Peter Kulakow, Alfred Dixon, Chiedozie N. Egesi, Emmanuel Okogbenin, Bunmi Olasanmi, Paul Ilona, Elizabeth Parkes, Okechukwu N. Eke- Okoro, Salome Njoku and Joseph Onyeka",49.5,2012,2012,NA
"https://www.seedportal.org.ng/variety.php?keyword=&category=&varid=43&cropid=1&task=view","Cassava","NGME-12-43","UMUCASS 43","IITA TMS I011206","High root yield, high dry matter content, drought tolerance (leaf retention in dry season), and suitability for high quality cassava flour due to low fibre content and high starch of dry roots. (53t/ha)","Rainforest and Northern Guinea Savanna","IITA, Ibadan","IITA, Ibadan, NRCRI, Umudike","Peter Kulakow, Alfred Dixon, Chiedozie N. Egesi, Emmanuel Okogbenin, Bunmi Olasanmi, Paul Ilona, Elizabeth Parkes, Okechukwu N. Eke- Okoro, Salome Njoku and Joseph Onyeka",53,2012,2012,NA
"https://www.seedportal.org.ng/variety.php?keyword=&category=&varid=248&cropid=7&task=view","Maize","NGZM-12-98","Ife maizehyb-1","LW 0618-42","High protein content (9- 12%), high yield, good seed quality. (5.6-6t/ha)","Derived and Southern Guinea Savanna","IITA, Ibadan","IITA, Ibadan & IAR&T Ibadan","Dr. S.A. Olakojo, Dr. A. Menkir, Dr. S.O. Ajala, Prof. B.A. Ogunbodede, C.A. Awe & ADPs",6,2012,2012,NA
"https://www.seedportal.org.ng/variety.php?keyword=&category=&varid=249&cropid=7&task=view","Maize","NGZM-12-99","Ife maizehyb-2","LW 0904-13","High yield, good seed quality and tolerance to root and stem lodging. (6.65t/ha)","Forest and Southern Guinea Savanna","IITA, Ibadan","IITA, Ibadan & IAR&T Ibadan","Dr. A. Menkir, Prof. B.A. Ogunbodede, Dr. S.A. Olakojo, Dr. S. Mesaka, C.A. Awe & ADPs",6.65,2012,2012,NA
"https://www.seedportal.org.ng/variety.php?keyword=&category=&varid=250&cropid=7&task=view","Maize","NGZM-12-100","Ife maizehyb-3","A0905-28","High yield, good seed quality, high pro-vitamin A. (6.65t/ha)","Forest and Southern Guinea Savanna","IITA, Ibadan","IITA, Ibadan & IAR&T Ibadan","Prof. B.A. Ogunbodede, Dr. A. Menkir, Dr. S.A. Olakojo, Dr. S.O. Ajala, C.A. Awe & ADPs",6.65,2012,2012,NA
"https://www.seedportal.org.ng/variety.php?keyword=&category=&varid=251&cropid=7&task=view","Maize","NGZM-12-101","Ife maizehyb-4","A0905-32","High yield, good seed quality, high pro-vitamin A. and nitrogen use efficient. (6.65t/ha)","Forest and Southern Guinea Savanna","IITA, Ibadan","IITA, Ibadan & IAR&T Ibadan","Dr. S.A. Olakojo, Dr. A. Menkir, Prof. B.A. Ogunbodede, Dr. S. Mesaka, Dr. S.O. Ajala, C.A. Awe & ADPs",6.65,2012,2012,NA
"https://www.seedportal.org.ng/variety.php?keyword=&category=&varid=252&cropid=7&task=view","Maize","NGZM-12-102","SNK2778","SNK2778","High yield, large grain use, tolerant to lodging and stem breakage. (8.4t/ha)","Nigeria Savanna","Monsanto, South Africa","Monsanto, The Candel Company Limited, Nigeria","Monsanto, S.G. Ado, I.S. Usman, U.S. Abdullahi & H. Abubakar",8.4,2012,2012,NA
"https://www.seedportal.org.ng/variety.php?keyword=&category=&varid=436&cropid=12&task=view","Sorghum","NGSB-12-43","CSR-03 H",NA,"Extra early, high yielding, Good Malting Qualities, Stay Green Trait, Small plant Type (amenable for mechanization) and short internodes. (4-4.9t/ha)","Northern Guinea And Sudan Savanna","AMP/IAR","Aba Malting Plant (AMP) and IAR, ICRISAT","A B Obilana, D A Aba, Hakeem A and Aliyu S.",4.9,2012,2012,NA
"https://www.seedportal.org.ng/variety.php?keyword=&category=&varid=437&cropid=12&task=view","Sorghum","NGSB-12-44","CSR-04 H",NA,"Early, high yielding, good malting qualities, stay green trait, bulky plant type with long internodes. (4.5-5.0t/ha)","Northern Guinea and Sudan Savanna","AMP/IAR","Aba Malting Plant(AMP) and IAR, ICRISAT","A. B. Obilana, D. A. Aba, Hakeem A. and Aliyu S.",5,2012,2012,63.63
"https://www.seedportal.org.ng/variety.php?keyword=&category=&varid=580&cropid=32&task=view","Sweet Potato","NGIB-12-6","UMUSP 1","NRSP/05/022","High beta carotene, high dry matter, high root yield and resistant to SPVD. (63.63t/ha)","Rainforest and Northern Guinea Savanna","NRCRI, Umudike","NRCRI, Umudike","Solomon O. Afuape, Innocent I.M. Nwankwo, Ted Carey, Chiedozie N. Egesi, Jude Njoku, Thankgod N. C. Echendu and Jan Low",63.63,2012,2012,46.5
"https://www.seedportal.org.ng/variety.php?keyword=&category=&varid=581&cropid=32&task=view","Sweet Potato","NGIB-12-7","UMUSP 2","NRSP/05/10D","White-fleshed sweet potato with high dry matter, high yield and high resistance to sweet potato virus disease. (44t/ha)","Rainforest and Northern Guinea Savanna","NRCRI, Umudike","NRCRI, Umudike","Solomon O. Afuape, Innocent I.M. Nwankwo, Chiedozie N. Egesi, Jude Njoku and Thankgod N. C. Echendu",44,2012,2012,39.3
"https://www.seedportal.org.ng/variety.php?keyword=&category=&varid=36&cropid=1&task=view","Cassava","NGME-11-36","UMUCASS 36","IITA TMS 1011368","High beta carotene, high yield, suitable for gari and fufu, suitable for high quality cassava flour. (46.5t/ha)","Humid Forest/Savanna Ecological Zones","IITA, Ibadan","NRCRI, Umudike","Alfred G.O. Dixon, Chiedozie N. Egesi, Peter Kulakow, Norbert G. Maroya, Emmanuel Okogbenin, Bunmi Olasanmi, Paul Ilona, Okechukwu N. Eke- Okoro & Salome Njoku",46.5,2011,2011,53.7
"https://www.seedportal.org.ng/variety.php?keyword=&category=&varid=37&cropid=1&task=view","Cassava","NGME-11-37","UMUCASS 37","IITA TMS 1011412","High beta carotene, high yielding, suitable for gari and fufu, broad adaptation. (59.1t/ha)","Southern and Northern Guinea Savanna","IITA, Ibadan","NRCRI, Umudike","Alfred G.O. Dixon, Chiedozie N. Egesi, Peter Kulakow, Norbert G. Maroya, Emmanuel Okogbenin, Bunmi Olasanmi, Paul Ilona, Okechukwu N. Eke- Okoro & Salome Njoku",59.1,2011,2011,2.5
"https://www.seedportal.org.ng/variety.php?keyword=&category=&varid=38&cropid=1&task=view","Cassava","NGME-11-38","UMUCASS 38","IITA TMS 1011371","High beta carotene, suitable for gari and fufu, suitable for high quality cassava flour. (39.3t/ha)","Southern and Northern Guinea Savanna","IITA, Ibadan","NRCRI, Umudike","Alfred G.O. Dixon, Chiedozie N. Egesi, Peter Kulakow, Norbert G. Maroya, Emmanuel Okogbenin, Bunmi Olasanmi, Paul Ilona, Okechukwu N. Eke- Okoro & Salome Njoku",39.3,2011,2011,4.3
"https://www.seedportal.org.ng/variety.php?keyword=&category=&varid=39&cropid=1&task=view","Cassava","NGME-11-39","UMUCASS 39","NR 03/0211","Early maturing, high yielding, high starch yield, suitable for high quality cassava flour. (42.5t/ha)","Southern and Northern Guinea Savanna","NRCRI, Umudike","NRCRI, Umudike","Chiedozie N. Egesi, Emmanuel Okogbenin, Bunmi Olasanmi, Peter Kulakow, Okechukwu N. Eke-Okoro Salome Njoku & JosephOnyeka",42.5,2011,2011,4.7
"https://www.seedportal.org.ng/variety.php?keyword=&category=&varid=40&cropid=1&task=view","Cassava","NGME-11-40","UMUCASS 40","NR 03/0155","Early maturing, high yielding, suitable for gari and fufu, tolerance to drought. (53.7t/ha)","Southern and Northern Guinea Savanna","NRCRI, Umudike","NRCRI, Umudike","Chiedozie N. Egesi, Emmanuel Okogbenin, Bunmi Olasanmi, Peter Kulakow, Okechukwu N. Eke-Okoro Salome Njoku & Joseph Onyeka",53.7,2011,2011,5.3
"https://www.seedportal.org.ng/variety.php?keyword=&category=&varid=88&cropid=3&task=view","Cowpea","NGVU-11-29","SAMPEA 14","IT99K-573-1-1","Multiple disease resistance especially Fusarium wilt, drought tolerance, Striga and Alectra resistance. (2.6t/ha)","Northern Guinea Savanna","IITA, Ibadan","IITA, Ibadan, IAR- Abu, Zaria","Singh, B.B., Ishiyaku, M.F., Fatokun, C., Ousmane, B., Omoigui, L. O., Zaria, A. A., Ajeigbe, H.A., Olufajo, O.O., Kamara, A. Y. & Adeleke, R.",2.6,2011,2011,5
"https://www.seedportal.org.ng/variety.php?keyword=&category=&varid=89&cropid=3&task=view","Cowpea","NGVU-11-30","SAMPEA 15","IT99K-573-2-1","Multiple disease resistance, drought tolerant, Striga and Alectra resistance. (2.5t/ha)","Northern Guinea Savanna","IITA, Ibadan","IITA, Ibadan, IAR- Abu, Zaria","Singh, B.B., Ishiyaku, M.F., Fatokun, C., Ousmane, B., Omoigui, L. O., Zaria, A. A., Ajeigbe, H.A., Olufajo, O.O., Kamara, A. Y. & Adeleke, R.",2.5,2011,2011,NA
"https://www.seedportal.org.ng/variety.php?keyword=&category=&varid=148&cropid=6&task=view","Groundnut","NGAH-11-24","SAMNUT 24","ICIAR 19BT","Extra early maturing and rosette resistant, high oil content. (2t/ha)","Sudan and Northern Guinea Savanna","IAR, Samaru","IAR/ICRISAT","Echekwu C. A., B. Ntare, U. Alhassan, S. G. Mohammed & Y. D. Ndiripaya",2,2011,2011,NA
"https://www.seedportal.org.ng/variety.php?keyword=&category=&varid=242&cropid=7&task=view","Maize","NGZM-11-92","SAMMAZ 32","99 TZEE-Y popSTR QPM CO","Extra early maturing, quality protein maize, good cob and seed size, Striga resistant, drought escaping, and tolerant to maize streak virus disease. (4.3t/ha)","Sudan Savanna and transition zone between Sudan and Northern Guinea Savanna","IITA, Ibadan","IITA, Ibadan","B. Badu-Apraku, A. Menkir, S.G. Ado, I.S. Usman, U.S. Abdullahi & H. Abubakar",4.3,2011,2011,NA
"https://www.seedportal.org.ng/variety.php?keyword=&category=&varid=243&cropid=7&task=view","Maize","NGZM-11-93","SAMMAZ 33","2000 Syn EE-W STR QPM CO","Extra early maturing, quality protein maize, good cob and seed size, Striga resistant, drought tolerance, and tolerant to maize streak virus disease. (3.9t/ha)","Sudan Savanna and transition zone between Sudan and Northern Guinea Savanna","IITA, Ibadan","IITA, Ibadan","B. Badu-Apraku, A. Menkir, S.G. Ado, I.S. Usman, U.S. Abdullahi & H. Abubakar",3.9,2011,2011,NA
"https://www.seedportal.org.ng/variety.php?keyword=&category=&varid=244&cropid=7&task=view","Maize","NGZM-11-94","SAMMAZ 34","IAR Multi-cob Early DT, Multicob","Prolific cob bearing (1-2), good stay green, good quality fodder. (4.7t/ha)","Sudan Savanna and transition zone between Sudan and Northern Guinea Savanna","IAR Abu, Zaria","IAR, Samaru, IITA, Ibadan","S.G. Ado, A. Menkir, B. Badu-Apraku, I.S. Usman, U.S. Abdullahi & H. Abubakar",4.7,2011,2011,NA
"https://www.seedportal.org.ng/variety.php?keyword=&category=&varid=245&cropid=7&task=view","Maize","NGZM-11-95","SAMMAZ 35","2000 EV DT-Y STR C4","Good grain quality, Resistant to Striga hermonthica. (4.5t/ha)","Sudan Savanna and transition zone between Sudanand Guinea savanna","IAR Abu, Zaria","IAR, Samaru, IITA, Ibadan","S.G. Ado, A. Menkir, B. Badu-Apraku, I.S. Usman, U.S. Abdullahi & H. Abubakar",4.5,2011,2011,NA
"https://www.seedportal.org.ng/variety.php?keyword=&category=&varid=246&cropid=7&task=view","Maize","NGZM-11-96","SAMMAZ 36","IAR Pool QPM-Y, CM 2007 Pool QPM-Y","Good stay green, Excellent husk cover. (5.3t/ha)","Nigeria Savanna","IAR Abu, Zaria","IAR, Samaru","S.G. Ado, I.S. Usman, U.S. Abdullahi & H. Abubakar",5.3,2011,2011,NA
"https://www.seedportal.org.ng/variety.php?keyword=&category=&varid=247&cropid=7&task=view","Maize","NGZM-11-97","SAMMAZ 37","Pop66. SR/Acr 91SUWAN-1-SR","Good quality grains, Tolerance to maize streak virus disease, drought and striga infestation. (5.9t/ha)","Nigeria Savanna","IITA, Ibadan","IITA, Ibadan, IAR, Samaru","A. Menkir, B. Badu- Apraku, S.G. Ado, I.S. Usman, U.S. Abdullahi & H. Abubakar",5.9,2011,2011,NA
"https://www.seedportal.org.ng/variety.php?keyword=&category=&varid=300&cropid=8&task=view","Pearl Millet","NGPG-11-11","LCICMV-3 (Supersosat)","PEO5532","High yielding, resistant to downy mildew disease Stout stalk for fencing. (5.0t/ha)",NA,"MALI/ICRISAT- Niamey, Niger Rep.","ICRISAT-Niamey & LCRI, Maiduguri","Bettina Haussmann, Angarawai I.I. & Y. Yakubu",5,2011,2011,NA
"https://www.seedportal.org.ng/variety.php?keyword=&category=&varid=359&cropid=9&task=view","Rice","NGOS-11-58","FARO 58","NERICA 7WAB450-1-B-P-20- HB","Earliness, high grain yield, good cooking quality, tolerance to lodging. (5t/ha)","Northern and Southern Guinea Savanna, Sudan Savanna","Africa Rice","Africa Rice Centre and NCRI","Monty P. Jones, Mande Semon, Alhassan T. Maji, M.N. Ukwungwu, E.O.Bright, Ajayi O., F.E. Nwilene, R. Venuprasad, M.G. Akinwale, O. Oladimeji, O.E. Oyetunji, B.O. Popoola, C.A. Awe & S.A. Adedeji",5,2011,2011,NA
"https://www.seedportal.org.ng/variety.php?keyword=&category=&varid=360&cropid=9&task=view","Rice","NGOS-11-59","FARO 59","NERICA 8WAB450-1-BL1-136-HB","Earliness, golden grain colour, weed competitiveness and tolerance to lodging. (5t/ha)","Northern and Southern Guinea Savanna, Sudan Savanna","Africa Rice","Africa Rice Centre and NCRI","Monty P. Jones, Mande Semon, Alhassan T. Maji, M.N. Ukwungwu, E.O.Bright, Ajayi O., F.E. Nwilene, R. Venuprasad, M.G. Akinwale, O. Oladimeji, O.E. Oyetunji, B.O. Popoola, C.A. Awe & S.A. Adedeji",NA,2011,2011,5
"https://www.seedportal.org.ng/variety.php?keyword=&category=&varid=361&cropid=9&task=view","Rice","NGOS-11-60","FARO 60","NERICA L-19WAS 122-IDSA-1- WAS-6-1","High yielding, long and slender grains and tolerant to iron toxicity. (8t/ha)","Forest Transition/Derived Savanna","Africa Rice","Africa Rice Centre and NCRI","Moussa Sie, Alhassan T. Maji, M.N. Ukwungwu, M.E. Abo, Ajayi O., F.E. Nwilene, R. Venuprasad, M.G. Akinwale, O. Oladimeji, O.E. Oyetunji, B.O. Popoola, C.A. Awe & S.A. Adedeji",8,2011,2011,7
"https://www.seedportal.org.ng/variety.php?keyword=&category=&varid=362&cropid=9&task=view","Rice","NGOS-11-61","FARO 61","NERICA L-34WAS 161-B-6-3- FKR-1","Earliness, high yielding, tolerant to anaerobic germination (ability to germinate under water). (7t/ha)","Forest Transition/Derived Savanna","Africa Rice","Africa Rice Centre and NCRI","Moussa Sie, Alhassan T. Maji, M.N. Ukwungwu, M.E. Abo, Ajayi O., F.E. Nwilene, R. Venuprasad, M.G. Akinwale, O. Oladimeji, O.E. Oyetunji, B.O. Popoola, C.A. Awe & S.A. Adedeji",7,2011,2011,2.7
"https://www.seedportal.org.ng/variety.php?keyword=&category=&varid=363&cropid=9&task=view","Rice","NGOS-11-62","FARO 62","NCRO 49 FAROX501-B-10-2-1-2","High yielding and tolerant to drought. (4t/ha)","Forest Transition/Derived Savanna","NCRI, Badeggi","NCRI, Badeggi","Alhassan T. Maji, Andrew Gana, M.N. Ukwungwu, M.E. Abo, C.A. Awe & S.A. Adedeji",4,2011,2011,NA
"https://www.seedportal.org.ng/variety.php?keyword=&category=&varid=364&cropid=9&task=view","Rice","NGOS-11-63","FUNAABOR-1","UORG 311","Good yield, gold coloured grains with red strips, very high swelling capacity and good nutrient acceptable, excellent stay green attribute, high ratooning ability. (2.7t/ha)","Forest Transition/Derived Savanna","Selection from Farmer's field","FUNAAB (IFSERAR) & NCRI, Badeggi","Showemimo, F.A., Gregorio, G., Maji, A.T., Olowe, V.I.O., Ukwungwu, M.N., Adigbo, S.O., Olaoye, O.J., Akintokun, P.O., Bodunde, J.G., C.A. Awe & Idowu, O.T.H.",2.7,2011,2011,NA
"https://www.seedportal.org.ng/variety.php?keyword=&category=&varid=365&cropid=9&task=view","Rice","NGOS-11-64","FUNAABOR-2","UORW 111","Good nutrient, yield, pure white, smooth, long, sweet grains, acceptable. (2.5t/ha)","Forest Transition/Derived Savanna","Selection from Farmer's field","FUNAAB (IFSERAR) & NCRI, Badeggi","Showemimo, F.A., Gregorio, G., Maji, A.T., Olowe, V.I.O., Ukwungwu, M.N., Adigbo, S.O., Olaoye, O.J., Akintokun, P.O., Bodunde, J.G., C.A. Awe & Idowu, O.T.H.",2.5,2011,2011,48.4
"https://www.seedportal.org.ng/variety.php?keyword=&category=&varid=433&cropid=12&task=view","Sorghum","NGSB-11-40","SAMSORG 42","SSV98001","High yielding, large white seeded type. (2.5-3t/ha)","Southern Guinea Savanna","Selection from local germplasm","IAR, Zaria","D. A. Aba, M. A. Yeye, Alhassan U., Ibrahim I.& J. A. Y. Shebayan.",3,2011,2011,51.7
"https://www.seedportal.org.ng/variety.php?keyword=&category=&varid=434&cropid=12&task=view","Sorghum","NGSB-11-41","SAMSORG 43","SSV98002","High yielding, yellow seed (Pro Vit. A). (2.5-3t/ha)","Southern Guinea Savanna","Selection from local germplasm","IAR, Zaria","D. A. Aba, M. A. Yeye, Alhassan U., Ibrahim I.& J. A. Y. Shebayan.",3,2011,2011,NA
"https://www.seedportal.org.ng/variety.php?keyword=&category=&varid=435&cropid=12&task=view","Sorghum","NGSB-11-42","SAMSORG 44","SSV20043","High yielding, high CHO (flour). (2-2.5t/ha)","Northern Guinea/ Sudan Savanna","Selection from local germplasm","IAR, Zaria","D. A. Aba, M. A. Yeye, Alhassan U., Ibrahim I.& J. A. Y. Shebayan.",2.5,2011,2011,33.3
"https://www.seedportal.org.ng/variety.php?keyword=&category=&varid=602&cropid=37&task=view","Kenaf","NGHC-11-02","Ifeken DI 400","IFEHC VI 400","High fiber yield, high core yield, Stalk diameter relatively uniform this enhance mechanical processing, none branching of stalk, day light insensitive. (0.7t/ha)","Rainforest and Southern Guinea Savanna","IAR&T, Ibadan","IAR&T, Ibadan","B.A. Ogunbodede, M. O. Balogun, S.R. Akande & O. N. Adeniyan",0.7,2011,2011,31
"https://www.seedportal.org.ng/variety.php?keyword=&category=&varid=32&cropid=1&task=view","Cassava","NGME-10-32","UMUCASS 32","NR 01/0004","Early maturing, moderately suitable for intercropping, high yielding, suitable for food and industry and tolerance to drought. (48.4t/ha)","Southern and Northern Guinea Savanna","NRCRI, Umudike","NCRI, Umudike","Dr. Chiedozie N. Egesi, Dr. E. Okogbenin, Dr. F.O. Ogbe, Dr. O.N. Eke-Okoro & Mrs. Sally Njoku",48.4,2010,2010,NA
"https://www.seedportal.org.ng/variety.php?keyword=&category=&varid=33&cropid=1&task=view","Cassava","NGME-10-33","UMUCASS 33","CR 41-10","Very suitable for intercropping, early maturing, high yielding, suitable for food and industry and tolerance to acidic soils. (46.4t/ha)","Southern and Northern Guinea Savanna","CIAT, Colombia","NCRI, Umudike","Dr. Martin Fregene, Dr. Emmanuel Okogbenin, Dr. Chiedozie N. Egesi, Dr. F.O. Ogbe & Dr. O.N. Eke-Okoro",46.4,2010,2010,NA
"https://www.seedportal.org.ng/variety.php?keyword=&category=&varid=34&cropid=1&task=view","Cassava","NGME-10-34","UMUCASS 34","TMS 01/0040","Moderate branching that can smother weeds, early maturing, high yielding, suitable for food and industry. (51.7t/ha)","Southern and Northern Guinea Savanna","IITA, Ibadan","NRCRI, Umudike","Dr. A.G.O. Dixon, Dr. Chiedozie N. Egesi, Dr. Emmanuel Okogbenin, Mr. Paul Ilona, Dr. Peter, Kulakow, Dr.F.O. Ogbe & Dr. O. N. Eke-Okoro",51.7,2010,2010,NA
"https://www.seedportal.org.ng/variety.php?keyword=&category=&varid=35&cropid=1&task=view","Cassava","NGME-10-35","UMUCASS 35","TMS 00/0203","Suitable for smothering weeds in sole cropping, early maturing, high yielding, suitable for food and industry. (43.3t/ha)","Southern and Northern Guinea Savanna","IITA, Ibadan","NRCRI, Umudike","Dr. A.G.O. Dixon, Dr. Chiedozie N. Egesi, Dr. Emmanuel Okogbenin, Mr. Paul Ilona, Dr. Peter, Kulakow, Dr.F.O. Ogbe & Dr. O. N. Eke-Okoro",43.3,2010,2010,NA
"https://www.seedportal.org.ng/variety.php?keyword=&category=&varid=111&cropid=4&task=view","Soybean","NGGM-10-18","TGx 1987-10F",NA,"Early maturing, high promiscuous, highly resistant to rust, cercospora leaf spot and bacterial pustule. (1.5-2t/ha)","Forest Transition/Derived Savanna and Northern Guinea Savanna","IITA, Ibadan","IITA, Ibadan/NCRI, Badeggi","Dr. Hailu Tefera, Dr. Ranajit, Bandyopadhyay, M.N. Ishaq & Dr. O. Shokalu",2,2010,2010,NA
"https://www.seedportal.org.ng/variety.php?keyword=&category=&varid=112&cropid=4&task=view","Soybean","NGGM-10-19","TGx 1987-62F",NA,"Early maturing, high promiscuous nodulation, highly resistant to rust, cercospora leaf spot and bacterial pustule. (2.1t/ha)","Forest Transition/Derived Savanna and Northern Guinea Savanna","IITA, Ibadan","IITA, Ibadan/NCRI, Badeggi","Dr. Hailu Tefera, Dr. Ranajit, Bandyopadhyay, M.N. Ishaq & Dr. O. Shokalu",2.1,2010,2010,NA
"https://www.seedportal.org.ng/variety.php?keyword=&category=&varid=514&cropid=16&task=view","Yam","NGDA-10-17","UMUDa-4","TDa 00/00364","High yielding, good for Amala, pounded yam, frying and boiling. (33.3t/ha)","16 Zones of Nigeria","IITA, Ibadan","NCRI, Umudike","R. Asiedu, C.N. Egesi & J.G. Ikeorgu",33.3,2010,2010,NA
"https://www.seedportal.org.ng/variety.php?keyword=&category=&varid=515&cropid=16&task=view","Yam","NGDR-10-18","UMUDr-17","TDr 95/19177","High yielding under dry season yam cropping system. (30t/ha)","16 Zones of Nigeria","IITA, Ibadan","NCRI, Umudike","R. Asiedu, E.C. Nwachukwu & J.G. Ikeorgu",30,2010,2010,NA
"https://www.seedportal.org.ng/variety.php?keyword=&category=&varid=516&cropid=16&task=view","Yam","NGDR-10-19","UMUDr-18","TDr 89/02475","High yielding, pests and diseases tolerant, very good for yam, fufu, frying and boiling. (31t/ha)","16 Zones of Nigeria","NCRI, Umudike","NCRI, Umudike","R. Asiedu, E.C. Nwachukwu & J.G. Ikeorgu",31,2010,2010,NA
"https://www.seedportal.org.ng/variety.php?keyword=&category=&varid=555&cropid=24&task=view","Cocoa","NGTC-10-7","CRINTc-1",NA,"Early fruiting (one year earlier than the F3 Amazon variety) and high yielding with 'Acceptable Cocoa Base' quality. (1.9- 2.2t/ha)","Humid Forest, Forest Transition/Derived Savanna and Southern Guinea Savanna","CRIN, Ibadan","CRIN, Ibadan","Dr. P. O. Aikpokpodion, Mr. K. Badaru, Mr. B.D. Adewale Dr. A.B. Eskes Mr. L.O. Raji, Dr. J.C. Anikwe, Mr. A.H. Otunonye, Dr. S.O. Agbeniyi & Mr. Ed. Seguine",2.2,2010,2010,NA
"https://www.seedportal.org.ng/variety.php?keyword=&category=&varid=556&cropid=24&task=view","Cocoa","NGTC-10-8","CRINTc-2",NA,"Early fruiting (one year earlier than the F3 Amazon variety) and high yielding with 'Superior Cocoa Base' quality. (1.94-2.3t/ha)","Humid Forest, Forest Transition/Derived Savanna and Southern Guinea Savanna","CRIN, Ibadan","CRIN, Ibadan","Dr. P. O. Aikpokpodion, Mr. K. Badaru, Mr. B.D. Adewale Dr. A.B. Eskes Mr. L.O. Raji, Dr. J.C. Anikwe, Mr. A.H. Otunonye, Dr. S.O. Agbeniyi & Mr. Ed. Seguine",2.3,2010,2010,NA
"https://www.seedportal.org.ng/variety.php?keyword=&category=&varid=557&cropid=24&task=view","Cocoa","NGTC-10-9","CRINTc-3",NA,"Highly resistant to Phytophythora pod rot and mirid (Sahlbergella singularis ) Early fruiting (one year earlier than the F3 Amazon variety) and high yielding with 'Superior Cocoa Base' quality. Especially suited to high rainfall areas due to resistance to the black pod disease (Phytophythora pod rot). (1.7-2t/ha)","Humid Forest, Forest Transition/Derived Savanna and Southern Guinea Savanna","CRIN, Ibadan","CRIN, Ibadan","Dr. P. O. Aikpokpodion, Mr. K. Badaru, Mr. B.D. Adewale Dr. A.B. Eskes Mr. L.O. Raji, Dr. J.C. Anikwe, Mr. A.H. Otunonye, Dr. S.O. Agbeniyi & Mr. Ed. Seguine",2,2010,2010,NA
"https://www.seedportal.org.ng/variety.php?keyword=&category=&varid=558&cropid=24&task=view","Cocoa","NGTC-10-10","CRINTc-4",NA,"Especially suited to the Moist Savanna and drier areas. (1.5-1.8t/ha)","Humid Forest, Forest Transition/Derived Savanna and Southern Guinea Savanna","CRIN, Ibadan","CRIN, Ibadan","Dr. P. O. Aikpokpodion, Mr. K. Badaru, Mr. B.D. Adewale Dr. A.B. Eskes Mr. L.O. Raji, Dr. J.C. Anikwe, Mr. A.H. Otunonye, Dr. S.O. Agbeniyi & Mr. Ed. Seguine",1.8,2010,2010,NA
"https://www.seedportal.org.ng/variety.php?keyword=&category=&varid=559&cropid=24&task=view","Cocoa","NGTC-10-11","CRINTc-5",NA,"Resistance to mirid insect attack, source of resistance to the 'Witches Broom' disease and adaptation to drier area. (1.5-1.85t/ha)","Humid Forest, Forest Transition/Derived Savanna and Southern Guinea Savanna","CRIN, Ibadan","CRIN, Ibadan","Dr. P. O. Aikpokpodion, Mr. K. Badaru, Mr. B.D. Adewale Dr. A.B. Eskes Mr. L.O. Raji, Dr. J.C. Anikwe, Mr. A.H. Otunonye, Dr. S.O. Agbeniyi & Mr. Ed. Seguine",1.85,2010,2010,NA
"https://www.seedportal.org.ng/variety.php?keyword=&category=&varid=560&cropid=24&task=view","Cocoa","NGTC-10-12","CRINTc-6",NA,"High adaptation to high rainfall area due to resistance to the black pod disease (Phytophythora pod rot). (1.4-1.65t/ha)","Humid Forest, Forest Transition/Derived Savanna and Southern Guinea Savanna","CRIN, Ibadan","CRIN, Ibadan","Dr. P. O. Aikpokpodion, Mr. K. Badaru, Mr. B.D. Adewale Dr. A.B. Eskes Mr. L.O. Raji, Dr. J.C. Anikwe, Mr. A.H. Otunonye, Dr. S.O. Agbeniyi & Mr. Ed. Seguine",1.65,2010,2010,2.53
"https://www.seedportal.org.ng/variety.php?keyword=&category=&varid=561&cropid=24&task=view","Cocoa","NGTC-10-13","CRINTc-7",NA,"Highly resistant to mirid attack; suited to high rainfall and drier areas and excellent chocolate quality. (1.6-1.9t/ha)","Humid Forest, Forest Transition/Derived Savanna and Southern Guinea Savanna","CRIN, Ibadan","CRIN, Ibadan","Dr. P. O. Aikpokpodion, Mr. K. Badaru, Mr. B.D. Adewale Dr. A.B. Eskes Mr. L.O. Raji, Dr. J.C. Anikwe, Mr. A.H. Otunonye, Dr. S.O. Agbeniyi & Mr. Ed. Seguine",1.9,2010,2010,2.38
"https://www.seedportal.org.ng/variety.php?keyword=&category=&varid=562&cropid=24&task=view","Cocoa","NGTC-10-14","CRINTc-8",NA,"High adaptation to Moist Savanna and drier areas, Flavour Good for chocolate and resistance to the black pod disease. (1.2-1.5t/ha)","Humid Forest, Forest Transition/Derived Savanna and Southern Guinea Savanna","CRIN, Ibadan","CRIN, Ibadan","Dr. P. O. Aikpokpodion, Mr. K. Badaru, Mr. B.D. Adewale Dr. A.B. Eskes Mr. L.O. Raji, Dr. J.C. Anikwe, Mr. A.H. Otunonye, Dr. S.O. Agbeniyi & Mr. Ed. Seguine",1.5,2010,2010,2
"https://www.seedportal.org.ng/variety.php?keyword=&category=&varid=603&cropid=38&task=view","Sunflower","NGHA-10-01","SAMSUN-1","Vniimk 8883 (SSL 803)","Early maturing, drought tolerant, good seed quality and very antioxidants. (2.42mg of Vit. A, 0.26mg of Vit. C and 14.48% of Vit. E). (2.21t/ha)","Savanna Ecological Zones","Romania","IAR, Abu, Zaria","Prof. F. A. Showemimo, Mr. F.C. Orakwue, Prof. S.G. Ado, Dr. M.Y. Yeye, Prof. B. Tanimu, Dr. S. Misari, Dr. M. Mahmud, Prof. A.D. Akpa, Dr. E.A. Egwurube, Prof. J.J. Omage & Prof. V.I.O. Ndirika",2.21,2010,2010,NA
"https://www.seedportal.org.ng/variety.php?keyword=&category=&varid=604&cropid=38&task=view","Sunflower","NGHA-10-02","SAMSUN-2","Cherneanka 66 (SSL 806)","Medium maturing, good seed quality, yield, drought tolerant and good antioxidants especially Vitamin E. (2.53t/ha)","Savanna Ecological Zones","Canada","IAR, Abu, Zaria","Prof. F. A. Showemimo, Mr. F.C. Orakwue, Prof. S.G. Ado, Dr. M.Y. Yeye, Prof. B. Tanimu, Dr. S. Misari, Dr. M. Mahmud, Prof. A.D. Akpa, Dr. E.A. Egwurube, Prof. J.J. Omage & Prof. V.I.O. Ndirika",2.53,2010,2010,NA
"https://www.seedportal.org.ng/variety.php?keyword=&category=&varid=605&cropid=38&task=view","Sunflower","NGHA-10-03","SAMSUN-3","Record (SSL 807)","Late maturing, large seed with good seed quality, yield, and drought tolerant and very good antioxidants. (2.27t/ha)","Savanna Ecological Zones","Romania","IAR, Abu, Zaria","Prof. F. A. Showemimo, Mr. F.C. Orakwue, Prof. S.G. Ado, Dr. M.Y. Yeye, Prof. B. Tanimu, Dr. S. Misari, Dr. M. Mahmud, Prof. A.D. Akpa, Dr. E.A. Egwurube, Prof. J.J. Omage & Prof. V.I.O. Ndirika",2.27,2010,2010,NA
"https://www.seedportal.org.ng/variety.php?keyword=&category=&varid=606&cropid=38&task=view","Sunflower","NGHA-10-04","SAMSUN-4","Funtua (SSL 809)","Early maturing, good seed quality, yield, drought tolerant and excellent antioxidants especially Vitamin A, C and E good for intercropping. (2.38t/ha)","Savanna Ecological Zones","Nigeria","IAR, Abu, Zaria","Prof. F. A. Showemimo, Mr. F.C. Orakwue, Prof. S.G. Ado, Dr. M.Y. Yeye, Prof. B. Tanimu, Dr. S. Misari, Dr. M. Mahmud, Prof. A.D. Akpa, Dr. E.A. Egwurube, Prof. J.J. Omage & Prof. V.I.O. Ndirika",2.38,2010,2010,NA
"https://www.seedportal.org.ng/variety.php?keyword=&category=&varid=85&cropid=3&task=view","Cowpea","NGVU-09-26","SAMPEA 11","IT89KD-288","Nematode resistance, aphid resistance, good seed quality and field tolerance to major insect- pest. (2t/ha)","Guinea Savanna","IAR, Zaria & IITA, Kano Station","IAR, Zaria IITA, Ibadan","M. F. Ishiyaku, B.B. Singh, A.A. Zaria, O. O. Olufajo, R. A. Adeleke, H. Ajeigbe & Y. Kamara",2,2009,2009,NA
"https://www.seedportal.org.ng/variety.php?keyword=&category=&varid=86&cropid=3&task=view","Cowpea","NGVU-09-27","SAMPEA 12","IT89KD-391","Good seed quality, large brown and field tolerance to major insect-pest. (2t/ha)","All Agroecological Zones","IAR, Zaria & IITA, Kano Station","IAR, Zaria; IITA, Ibadan","M. F. Ishiyaku, B.B. Singh, A.A. Zaria, O. O. Olufajo, R. A. Adeleke, H. Ajeigbe & Y. Kamara",2,2009,2009,NA
"https://www.seedportal.org.ng/variety.php?keyword=&category=&varid=87&cropid=3&task=view","Cowpea","NGVU-09-28","SAMPEA 13","Ife-98-12","Appealing colour (Golden white), good quality seeds even when planted under heavy rainfall. (2t/ha)","Northern Guinea Savanna","IAR&T, Ibadan","IAR&T, Ibadan","Dr. (Mrs.) S.R. Akande, Prof. J. A. Morakinyo, Dr. (Mrs.) M.O. Balogun, & Prof. B.A. Ogunbodede.",2,2009,2009,NA
"https://www.seedportal.org.ng/variety.php?keyword=&category=&varid=215&cropid=7&task=view","Maize","NGZM-09-65","FARALOKUN","ART-98-SW6-OB","High level of lysine (3.67%) and Tryptophan (0.87%), earliness in maturity was admired by farmers. (4.0-4.6t/ha)","Forest, derived Savanna and Savanna zones","I.A.R&T, Ibadan","I.A.R&T, Ibadan","Dr. S. A. Olakojo, Prof. B. A. Ogunbodede and Dr. G. Olaoye",4.6,2009,2009,NA
"https://www.seedportal.org.ng/variety.php?keyword=&category=&varid=216&cropid=7&task=view","Maize","NGZM-09-66","MAYOWA","ILE1-OB","High level of lysine (3.67%) and Tryptophan (0.87%). Earliness in maturity placed it at advantage especially dryer environment. (4.0-4.96t/ha)","Forest, derived Savanna and Savanna zones","I.A.R&T, Ibadan","I.A.R&T, Ibadan","Dr. S. A. Olakojo, Prof. B. A. Ogunbodede and Dr. G. Olaoye",4.96,2009,2009,NA
"https://www.seedportal.org.ng/variety.php?keyword=&category=&varid=217&cropid=7&task=view","Maize","NGZM-09-67","BR9943DMRSR","BR 9943 DMRSR","Highly resistant to stem borers (both Sesamia calamistis and Eldana sacharina). (3-4t/ha)","Forest zone","IITA, Ibadan","IITA Ibadan","Dr. S. O. Ajala, Dr. J. Kling, Dr. A. Menkir, Dr. G. Olaoye and Dr. S. A. Olakojo",4,2009,2009,NA
"https://www.seedportal.org.ng/variety.php?keyword=&category=&varid=218&cropid=7&task=view","Maize","NGZM-09-68","BR9928DMRSR","BR9928 DMRSR","Highly resistant to stem borers (both Sesamia calamistis and Eldana sacharina). (3-4t/ha)","Forest transition / Derived Savanna","IITA, Ibadan","IITA Ibadan","Dr. S. O. Ajala, Dr. J. Kling, Dr. J. Kling, Dr. A. Menkir, Dr. G. Olaoye, Dr. S. A. Olakojo, Mr. S. A. Adedeji, Dr. S. A. Ajayi Dr. L. T. Ogunremi",4,2009,2009,NA
"https://www.seedportal.org.ng/variety.php?keyword=&category=&varid=219&cropid=7&task=view","Maize","NGZM-09-69","Ama TZBR-W","Amakama TZBR- W","Highly resistant to stem borers (both Sesamia calamistis and Eldana sacharina). (3-4t/ha)","Humid forest, Forest transition / Derived Savanna","IITA, Ibadan","IITA Ibadan","Dr. S.O. Ajala, Prof. B.A. Ogunbodede, Dr. J. Kling, Dr. A. Menkir,Dr. G. Olaoye, Dr. S. A. Olakojo, Mr. S. A. Adedeji and Dr. L. T. Ogunremi",4,2009,2009,NA
"https://www.seedportal.org.ng/variety.php?keyword=&category=&varid=220&cropid=7&task=view","Maize","NGZM-09-70","TZBR Eld 3-W","TZBR Eld 3C5","Highly resistant to stem borers (both Sesamia calamistis and Eldana sacharina). (3-4t/ha)","Humid forest, Forest transition / Derived Savanna","IITA, Ibadan","IITA Ibadan","Dr. S.O. Ajala, Dr. J. G. Kling, Dr. A. Menkir,Dr. G. Olaoye, Dr. S. A. Olakojo and Prof. B.A. Ogunbodede",4,2009,2009,NA
"https://www.seedportal.org.ng/variety.php?keyword=&category=&varid=221&cropid=7&task=view","Maize","NGZM-09-71","SAMMAZ 17","Acr Sakatifu C4","High yield, medium maturity and Striga tolerance. (5t/ha)","Low land Tropics","IAR, Samaru","IAR, Samaru","Prof. S.G. Ado, Dr. I.S. Usman, Dr. U.S. Abdullahi and Mr. M. Yusuf",5,2009,2009,5
"https://www.seedportal.org.ng/variety.php?keyword=&category=&varid=222&cropid=7&task=view","Maize","NGZM-09-72","SAMMAZ 18","Tillering maize","High yield, early maturity and Striga tolerance. (4.5t/ha)","Low land Tropics","IAR, Samaru","IAR, Samaru","Prof. S.G. Ado, Dr. I.S. Usman, Dr. U.S. Abdullahi and Mr. M. Yusuf",4.5,2009,2009,5
"https://www.seedportal.org.ng/variety.php?keyword=&category=&varid=223&cropid=7&task=view","Maize","NGZM-09-73","SAMMAZ 19","S.14 DKD DT","High yield, drought and Striga tolerance. (5t/ha)","Lowland Tropics","IAR, Samaru","IAR, Samaru","Prof. S.G. Ado, Dr. I.S. Usman, Dr. U.S. Abdullahi and Mr. M. Yusuf",5,2009,2009,NA
"https://www.seedportal.org.ng/variety.php?keyword=&category=&varid=224&cropid=7&task=view","Maize","NGZM-09-74","SAMMAZ 20","TZE Comp 3DT","Highly tolerant to drought with resistance to streak and tolerance to low soil nitrogen. (3-4t/ha)","Drought prone areas","IITA, Ibadan","IITA Ibadan","Dr. A. Menkir, Prof. S.G. Ado, Dr. S.O. Ajala, Dr. B. Badu- Apraku, Dr. I.S.Usman, Dr. A. Kamara, Prof. J. E. Onyibe, Dr. L. T. Ogunremi and Dr. J. Shebayan",4,2009,2009,5.5
"https://www.seedportal.org.ng/variety.php?keyword=&category=&varid=225&cropid=7&task=view","Maize","NGZM-09-75","SAMMAZ 21","TZE Comp 5-W","Highly tolerant to Striga hermonthica infestation. (1.5-2t/ha)","Striga prone areas","IITA, Ibadan","IITA Ibadan","Dr. A. Menkir, Prof. S.G. Ado, Dr. J.G. Kling, Dr. B. Badu- Apraku, Dr. S.O. Ajala, Dr. A. Kamara, Dr. I. Kureh, Dr. Dugje and Dr. Shuaib Adamu",2,2009,2009,4
"https://www.seedportal.org.ng/variety.php?keyword=&category=&varid=226&cropid=7&task=view","Maize","NGZM-09-76","SAMMAZ 26","DTSR-WC1","Highly tolerant to drought with resistance to streak and tolerance to low soil nitrogen. (3-4t/ha)","All agro-ecological zones","IITA, Ibadan","IITA Ibadan","Dr. A. Menkir, Prof. S.G. Ado, Dr. S.O. Ajala Dr. B. Badu- Apraku, Dr. I.S. Usman, Dr. U.S. Abdullahi, Dr. A. Kamara, Prof. J. E. Onyibe, Dr. L. T.Ogunremi and Dr. J. A. Y. Shebayan",4,2009,2009,NA
"https://www.seedportal.org.ng/variety.php?keyword=&category=&varid=227&cropid=7&task=view","Maize","NGZM-09-77","SAMMAZ 27","EV99DT-W-STR","Drought tolerant and Striga resistant. (5.5t/ha)","Lowland Tropics","IITA, Ibadan","IITA Ibadan","Dr. B. Badu-Apraku, Dr. A. Menkir, Prof. S.G. Ado, Dr. F.A. Showemimo, Dr. S.O. Ajala, Prof. M.A.B. Fakorede, Dr. U.S. Abdullahi, Prof. J. E. Onyibe, Dr. I. Dugje, Dr. I. Kureh, Dr. I. S. Usman, Dr. A. Kamara and Dr. J. A. Y. Shebayan",5.5,2009,2009,NA
"https://www.seedportal.org.ng/variety.php?keyword=&category=&varid=228&cropid=7&task=view","Maize","NGZM-09-78","SAMMAZ 28","99TZEE-Y-STR","Drought and Striga tolerant. (4.0t/ha)","Lowland Tropics","IITA, Ibadan","IITA Ibadan","Dr. B. Badu-Apraku, Dr. A. Menkir, Dr. F.A. Showemimo, Dr. S.O. Ajala, Prof. M.A.B. Fakorede, Prof. J. E. Onyibe, Dr. I. Dugje, Dr. I. Kureh, Dr. I. S. Usman, Dr. A. Kamara and Dr. J. A. Y. Shebayan",4,2009,2009,NA
"https://www.seedportal.org.ng/variety.php?keyword=&category=&varid=229&cropid=7&task=view","Maize","NGZM-09-79","SAMMAZ 29","2000SynEE-W- STR","Extra early maturing drought escaping and Striga tolerant. (4.0t/ha)","Lowland Tropics","IITA, Ibadan","IITA Ibadan","Dr. B. Badu-Apraku, Dr. A. Menkir, Dr. F.A. Showemimo, Dr. S.O. Ajala, Prof. M.A.B. Fakorede, Prof. J. E. Onyibe, Dr. I. Dugje, Dr. I. Kureh, Dr. I. S. Usman, Dr. A. Kamara and Dr. J. A. Y. Shebayan",4,2009,2009,NA
"https://www.seedportal.org.ng/variety.php?keyword=&category=&varid=230&cropid=7&task=view","Maize","NGZM-09-80","SAMMAZ 30","LNTPxLNP-W C3","Highly tolerant to low soil nitrogen with resistance to streak. (3.5-4t/ha)","Northern and Sudan Savanna","IITA, Ibadan","IITA Ibadan","Dr. S.O. Ajala, Dr. J. Kling, Dr. A. Menkir, Dr. S. O. Alabi, Prof. S.G. Ado, Dr. I. Kurehand, Dr. L. T. Ogunremi",4,2009,2009,NA
"https://www.seedportal.org.ng/variety.php?keyword=&category=&varid=231&cropid=7&task=view","Maize","NGZM-09-81","SAMMAZ 31","LNTP-Y-C5","Highly tolerant to low soil nitrogen with resistance to streak. (3.5-4t/ha)","All agro-ecological zones","IITA, Ibadan","IITA Ibadan","Dr. S.O. Ajala, Dr. J. Kling, Dr. A. Menkir, Dr. S. O. Alabi, Prof. S.G. Ado, Dr. I. Kurehand Dr. L. T. Ogunremi",4,2009,2009,NA
"https://www.seedportal.org.ng/variety.php?keyword=&category=&varid=232&cropid=7&task=view","Maize","NGZM-09-82","SAMMAZ 22","M0826-1","Highly tolerant to drought with resistance to streak and tolerance to low soil nitrogen. (2-4t/ha)","Northern Guinea Savanna","IITA, Ibadan","IITA Ibadan","Dr. A. Menkir, Prof. S.G. Ado, Dr. B. Badu- Apraku, Dr. S.O. Ajala, Dr. I.S. Usman, Dr.U.S. Abdullahi, Dr. J. A. Y. Shebayan and Prof. J. E. Onyibe",4,2009,2009,NA
"https://www.seedportal.org.ng/variety.php?keyword=&category=&varid=233&cropid=7&task=view","Maize","NGZM-09-83","SAMMAZ 23","M0826-3","Highly tolerant to drought with resistance to streak and tolerance to low soil nitrogen. (3-4t/ha)","Northern Guinea Savanna","IITA, Ibadan","IITA Ibadan","Dr. A. Menkir, Prof. S.G. Ado, Dr. B. Badu- Apraku, Dr. S.O. Ajala, Dr. I.S. Usman, Dr.U.S. Abdullahi, Dr. J. A. Y. Shebayan and Prof. J. E. Onyibe",4,2009,2009,NA
"https://www.seedportal.org.ng/variety.php?keyword=&category=&varid=234&cropid=7&task=view","Maize","NGZM-09-84","SAMMAZ 24","M0826-7","Highly tolerant to drought with resistance to streak and tolerance to low soil nitrogen. (3-4t/ha)","Northern Guinea Savanna","IITA, Ibadan","IITA Ibadan","Dr. A. Menkir, Prof. S.G. Ado, Dr. B. Badu- Apraku, Dr. S.O. Ajala, Dr. I.S. Usman, Dr.U.S. Abdullahi, Dr. J. A. Y. Shebayan and Prof. J. E. Onyibe",4,2009,2009,NA
"https://www.seedportal.org.ng/variety.php?keyword=&category=&varid=235&cropid=7&task=view","Maize","NGZM-09-85","SAMMAZ 25","M0826-11","Highly tolerant to drought with resistance to streak and tolerance to low soil nitrogen. (3-4t/ha)","Northern Guinea Savanna","IITA, Ibadan","IITA Ibadan","Dr. A. Menkir, Prof. S.G. Ado, Dr. B. Badu- Apraku, Dr. S.O. Ajala, Dr. I.S. Usman, Dr.U.S. Abdullahi, Dr. J. A. Y. Shebayan and Prof. J. E. Onyibe",4,2009,2009,NA
"https://www.seedportal.org.ng/variety.php?keyword=&category=&varid=236&cropid=7&task=view","Maize","NGZM-09-86","Oba Super 3","H16-8","High yield, more adapted to rain forest ecology, more amenable to manual harvesting and excellent husk cover which makes it less prone to ear rot. (7-8t/ha)","Rainforest and low land Savanna ecologies","IITA, Ibadan","IITA, Ibadan","A. Menkir, O. A. Ibikunle and M. O. Omidiji",8,2009,2009,NA
"https://www.seedportal.org.ng/variety.php?keyword=&category=&varid=237&cropid=7&task=view","Maize","NGZM-09-87","Oba Super 4","HY02-2","More adapted to the rain forest ecology and high yield. (6-7t/ha)","Rainforest and lowland Savanna ecologies","IITA, Ibadan","IITA, Ibadan","A. Menkir, O. A. Ibikunle and M. O. Omidiji",7,2009,2009,NA
"https://www.seedportal.org.ng/variety.php?keyword=&category=&varid=238&cropid=7&task=view","Maize","NGZM-09-88","Oba Super 5","H06-15","Highly prolific expressed in good yield, more tolerant to lodging, excellent plant and ear aspect, more suitably adapted to mechanized harvesting, shining, more attractive creamy-white seeds and drought tolerant. (8-9t/ha)","Rainforest and lowland Savanna ecologies","IITA, Ibadan","IITA, Ibadan","A. Menkir, O. A. Ibikunle and M. O. Omidiji",9,2009,2009,NA
"https://www.seedportal.org.ng/variety.php?keyword=&category=&varid=239&cropid=7&task=view","Maize","NGZM-09-89","Oba Super 6","HY02-5","More adapted to Southern Guinea Savanna, Northern Guinea Savanna and Sudan Savanna ecologies, high yield, drought tolerant, low soil nitrogen-efficient, excellent plant and ear aspect. (7-8t/ha)","Rainforest and lowland Savanna ecologies","IITA, Ibadan","IITA, Ibadan","A. Menkir, O. A. Ibikunle and M. O. Omidiji",8,2009,2009,NA
"https://www.seedportal.org.ng/variety.php?keyword=&category=&varid=240&cropid=7&task=view","Maize","NGZM-09-90","Oba Super 7","05-1STR","Highly Striga resistant, more adapted to NGS and Sudan Savanna ecologies, drought tolerant, low soil nitrogen- efficient, supports low striga emergence, high yield potential, good for sole cropping and rotation with legumes (integrated striga control) and high starch content. (4t/ha)","Rainforest and lowland Savanna ecologies","IITA, Ibadan","IITA, Ibadan","A. Menkir, O. A. Ibikunle and M. O. Omidiji",4,2009,2009,NA
"https://www.seedportal.org.ng/variety.php?keyword=&category=&varid=241&cropid=7&task=view","Maize","NGZM-09-91","Oba Super 9","05-02STR","Striga resistant, more adapted to the Derived Savanna and SGS, supports low striga emergence and good for sole cropping and rotation with legumes (integrated striga control). (3.5t/ha)","Rainforest and lowland Savanna ecologies","IITA, Ibadan","IITA, Ibadan","A. Menkir, O. A. Ibikunle and M. O. Omidiji",3.5,2009,2009,3.5
"https://www.seedportal.org.ng/variety.php?keyword=&category=&varid=509&cropid=16&task=view","Yam","NGDR-09-12","TDr 95/19158","TDr 95/19158","High yielding, pests and diseases tolerant, very good for yam, fufu, frying and boiling. (29.4t/ha)","16 Zones of Nigeria","IITA, Ibadan","NRCRI, Umudike","R. Asiedu",29.4,2009,2009,31.5
"https://www.seedportal.org.ng/variety.php?keyword=&category=&varid=510&cropid=16&task=view","Yam","NGDR-09-13","TDr 89/02602","TDr 89/02602","High yielding, pests and diseases tolerant, very good for yam, fufu, frying and boiling. (31.5t/ha)","16 Zones of Nigeria","IITA, Ibadan","NRCRI, Umudike","R. Asiedu, J.G. Ikeorgu and E.C. Nwachukwu",31.5,2009,2009,37.5
"https://www.seedportal.org.ng/variety.php?keyword=&category=&varid=511&cropid=16&task=view","Yam","NGDR-09-14","TDr 89/02660","TDr 89/02660","High yielding, pests and diseases tolerant, very good for yam, fufu, frying and boiling. (31t/ha)","16 Zones of Nigeria","IITA, Ibadan","NRCRI, Umudike","R. Asiedu, J.G. Ikeorgu and E.C. Nwachukwu",31,2009,2009,NA
"https://www.seedportal.org.ng/variety.php?keyword=&category=&varid=512&cropid=16&task=view","Yam","NGDA-09-15","TDa 00/00194","TDa 00/00194","High yielding, pests and diseases tolerant, good for pounded yam, frying and boiling. (37.5t/ha)","16 Zones of Nigeria","IITA, Ibadan","NRCRI, Umudike","R. Asiedu, C. N. Egesi and J. G. Ikeorgu",37.5,2009,2009,2
"https://www.seedportal.org.ng/variety.php?keyword=&category=&varid=513&cropid=16&task=view","Yam","NGDA-09-16","TDa 00/00104","TDa 00/00104","High yielding, pests and diseases tolerant, good for pounded yam, frying and boiling. (30t/ha)","16 Zones of Nigeria","IITA, Ibadan","NRCRI, Umudike","R. Asiedu, C. N. Egesi and J. G. Ikeorgu",30,2009,2009,NA
"https://www.seedportal.org.ng/variety.php?keyword=&category=&varid=30&cropid=1&task=view","Cassava","NGME 08-30","NICASS 30","NR 93/0199","Very suitable for food and industry",NA,"NRCRI, Umudike","NRCRI, Umudike","Dr. L.S.O. Ene",NA,2008,2008,6.4
"https://www.seedportal.org.ng/variety.php?keyword=&category=&varid=31&cropid=1&task=view","Cassava","NGME 08-31","NICASS 31","TMS 96/1089A","Contains moderate level of beta-carotene, high yielding, suitable for food and industry",NA,"IITA","IITA, NRCRI Umudike","Dr. A.G.O. Dixon",NA,2008,2008,35
"https://www.seedportal.org.ng/variety.php?keyword=&category=&varid=84&cropid=3&task=view","Cowpea","NGVU-08-25","SAMPEA-10","IT97K-499-35","Early maturing, white seeded striga resistant, white seeded alectra resistant, good seed quality, field tolerance to major insect-pests. (2t/ha)",NA,"IAR, IITA Kano Station","IITA Kano/IAR Zaria","B.B. Singh, M.F. Ishiyaku, O.O. Olufajo, H.A. Ajeigbe, R.A. Adeleke & Y. Kamara",2,2008,2008,NA
"https://www.seedportal.org.ng/variety.php?keyword=&category=&varid=109&cropid=4&task=view","Soybean","NGGM-08-16","TGx 1835-10E","TGx 1835-10E","Early maturing, high promiscuous nodulation, highly resistant to rust, cercospora leaf spot and bacterial pustule. (1.5- 2t/ha)",NA,"IITA, Ibadan","IITA, Ibadan/NCRI, Badeggi","Dr. Ken Dashiell, Baffour Asafo-Adjei, Frederick Hakazimana, Ranajit, Bandyopadhyay, Hailu Tefera & M.N. Ishaq.",2,2008,2008,34.6
"https://www.seedportal.org.ng/variety.php?keyword=&category=&varid=110&cropid=4&task=view","Soybean","NGGM-09-17","TGx 1904-6F",NA,"Medium maturing, high promi-scuous nodulation, high % nitrogen derived from atmosphere, high fodder yield and resistant to lodging, cercospora leaf spot and bacterial pustule. (1.5-2t/ha)","Forest Transition/Derived Savanna and Northern Guinea Savanna","IITA, Ibadan","IITA, Ibadan/NCRI, Badeggi","Dr. Ken Dashiell, Baffour Asafo-Adjei, Frederick Hakazimana, Alpha Kamara, Hailu Tefera & M. N. Ishaq.",2,2008,2009,NA
"https://www.seedportal.org.ng/variety.php?keyword=&category=&varid=213&cropid=7&task=view","Maize","NGZM-08-63","SAMMAZ 15","IWDC2SynF2","Medium maturing, good seed quality, high yield potential, tolerance to Striga hermonthica. (6.9t/ha)",NA,"IITA Ibadan","IITA Ibadan","A. Menkir, J.M. Fajemisin, B. Badu- Apraku, S.G. Ado & F.A. Showemimo",6.9,2008,2008,NA
"https://www.seedportal.org.ng/variety.php?keyword=&category=&varid=214&cropid=7&task=view","Maize","NGZM-08-64","SAMMAZ 16","TZLComp1SynW-1","Late maturing, good seed quality, high yield, resistance to Striga hermonthica. (6.4t/ha)",NA,"IITA Ibadan","IITA Ibadan","A. Menkir, B. Badu- Apraku, J.G. Kling, S.G. Ado & F.A. Showemimo",6.4,2008,2008,NA
"https://www.seedportal.org.ng/variety.php?keyword=&category=&varid=491&cropid=15&task=view","Wheat","NGTA-08-9","LACRI WHIT-4","Atilla Gan Atilla","Medium maturing, heat tolerant, high yielding and good baking quality",NA,"CIMMYT Mexico","LCRI","A. Mustapha & J.A. Valencia",NA,2008,2008,NA
"https://www.seedportal.org.ng/variety.php?keyword=&category=&varid=505&cropid=16&task=view","Yam","NGDR-08-8","DRN 200/4/2","DRN 200/4/2","High yielding, pests and diseases tolerant, very good for fufu, frying and boiling. (35t/ha)","16 Zones of Nigeria","NRCRI, Umudike","NRCRI, Umudike","E. C. Nwachukwu",35,2008,2008,NA
"https://www.seedportal.org.ng/variety.php?keyword=&category=&varid=506&cropid=16&task=view","Yam","NGDA-08-9","TDa98/01176","TDa98/01176","High yielding, pests and disesases tolerant, good for pounded yam, frying and boiling, suitable for both rainy and dry seasons yam production. (26-30t/ha)","16 Zones of Nigeria","IITA, Ibadan","NRCRI Umudike","R. Asiedu & C.N. Egesi",30,2008,2008,NA
"https://www.seedportal.org.ng/variety.php?keyword=&category=&varid=507&cropid=16&task=view","Yam","NGDA-08-10","TDa98/01168","TDa98/01168","High yielding, pests and disesases tolerant, good for pounded yam frying and boiling. (24-28t/ha)","16 Zones of Nigeria","IITA, Ibadan","NRCRI Umudike","R. Asiedu & C.N. Egesi",28,2008,2008,NA
"https://www.seedportal.org.ng/variety.php?keyword=&category=&varid=508&cropid=16&task=view","Yam","NGDA-08-11","TDa98/01166","TDa98/01166","High yielding, pests and disesases tolerant, good for pounded yam, frying and boiling, suitable for both rainy and dry seasons yam production. (26-30t/ha)","16 Zones of Nigeria","IITA, Ibadan","NRCRI Umudike","R. Asiedu & C.N. Egesi",30,2008,2008,NA
"https://www.seedportal.org.ng/variety.php?keyword=&category=&varid=25&cropid=1&task=view","Cassava","NGME 06-25","NICASS 25","NR 87184","Early maturing, high yielding, suitable for food and industry (34.6t/ha)",NA,"NRCRI, Umudike","NRCRI, Umudike/ RMRDC, Abuja","Dr. L.S.O. Ene, Dr. C. Egesi, Dr. F. O. Ogbe, Dr. T.N.C. Echendu, Dr. B. Maziya-Dixon, Dr. U.J. Ukpabi & Dr. E. Oti.",34.6,2006,2006,NA
"https://www.seedportal.org.ng/variety.php?keyword=&category=&varid=26&cropid=1&task=view","Cassava","NGME 06-26","NICASS 26","TMS 92/0057","Fairly suitable for mixed cropping, high yielding, suitable for food and industry (37.7t/ha)",NA,"IITA","IITA/NRCRI Umudike","Dr. A.G.O .Dixon, Dr. C. Egesi, Dr. F.O. Ogbe, Dr. T.N.C. Echendu, Dr. B. Maziya-Dixon, Dr. U.J. Ukpabi & Dr. E. Oti.",37.7,2006,2006,NA
"https://www.seedportal.org.ng/variety.php?keyword=&category=&varid=27&cropid=1&task=view","Cassava","NGME 06-27","NICASS 27","TMS 92/0326","Early maturing, suitable for mixed cropping, high yielding, suitable for food and industry (39.5t/ha)",NA,"IITA","IITA, NRCRI Umudike and RMRDC Abuja","Dr. A.G.O. Dixon, Dr. C. Egesi, Dr. F.O. Ogbe, Dr. T.N.C. Echendu, Dr. B. Maziya-Dixon, Dr. U.J. Ukpabi & Dr. E. Oti.",39.5,2006,2006,39.5
"https://www.seedportal.org.ng/variety.php?keyword=&category=&varid=28&cropid=1&task=view","Cassava","NGME 06-28","NICASS 28","TMS 96/1632","Fairly suitable for mixed cropping, high yielding, suitable for food and industry (43.2t/ha)",NA,"IITA","IITA, NRCRI Umudike","Dr. A.G.O. Dixon, Dr. C. Egesi, Dr. F.O. Ogbe, Prof. M.O. Akoroda & Dr. E. Okoro.",43.2,2006,2006,48.4
"https://www.seedportal.org.ng/variety.php?keyword=&category=&varid=29&cropid=1&task=view","Cassava","NGME 06-29","NICASS 29","TMS 98/0002","Early maturing, fairly suitable for mixed cropping, high yielding, suitable for food and industry (48.4t/ha)",NA,"IITA","IITA, NRCRI Umudike and RMRDC Abuja","Dr. A.G.O. Dixon, Dr. C. Egesi, Dr. F.O. Ogbe, Prof. M.O. Akoroda & Dr. E. Okoro.",48.4,2006,2006,NA
"https://www.seedportal.org.ng/variety.php?keyword=&category=&varid=464&cropid=13&task=view","Sugarcane","NGSO - 06-20","NCS -008","BD96-016","High yielding, high tillering, good ratoonability, early maturity and moderately resistant to smut. (90t/ha (plant crop) 86t/ha (ratoon crop))",NA,"NCRI, Badeggi","NCRI, Badeggi","Dr. M.N. Ishaq, Dr. S. Agboire",90,2006,2006,NA
"https://www.seedportal.org.ng/variety.php?keyword=&category=&varid=20&cropid=1&task=view","Cassava","NGME 05-20","NICASS 20","TME-419","High yield, resistant to Cassava Mosaic Disease (CMD).",NA,"IITA Ibadan","IITA Ibadan","Dr. A.G.O. Dixon, Dr. Egesi, Dr. F.O. Ogbe, Prof. Akoroda & Dr. E. Okoro.",NA,2005,2005,NA
"https://www.seedportal.org.ng/variety.php?keyword=&category=&varid=21&cropid=1&task=view","Cassava","NGME 05-21","NICASS 21","TMS 97/2205","High yield, resistant to Cassava Mosaic Disease (CMD).",NA,"IITA Ibadan","IITA Ibadan","Dr. A.G.O. Dixon, Dr. Egesi, Dr. F.O. Ogbe, Prof. Akoroda & Dr. E. Okoro.",NA,2005,2005,NA
"https://www.seedportal.org.ng/variety.php?keyword=&category=&varid=22&cropid=1&task=view","Cassava","NGME 05-22","NICASS 22","TMS 98/0505","High yield, resistant to Cassava Mosaic Disease (CMD).",NA,"IITA Ibadan","IITA Ibadan","Dr. A.G.O. Dixon, Dr. Egesi, Dr. F.O. Ogbe, Prof. Akoroda & Dr. E. Okoro.",NA,2005,2005,NA
"https://www.seedportal.org.ng/variety.php?keyword=&category=&varid=23&cropid=1&task=view","Cassava","NGME 05-23","NICASS 23","TMS 98/0510","High yield, resistant to Cassava Mosaic Disease (CMD)",NA,"IITA Ibadan","IITA Ibadan","Dr. A.G.O. Dixon, Dr. Egesi, Dr. F.O. Ogbe, Prof. Akoroda & Dr. E. Okoro.",NA,2005,2005,NA
"https://www.seedportal.org.ng/variety.php?keyword=&category=&varid=24&cropid=1&task=view","Cassava","NGME 05-24","NICASS 24","TMS 98/0581","High yield, resistant to Cassava Mosaic Disease (CMD)",NA,"IITA Ibadan","IITA Ibadan","Dr. A.G.O. Dixon, Dr. Egesi, Dr. F.O. Ogbe, Prof. Akoroda & Dr. E. Okoro.",NA,2005,2005,NA
"https://www.seedportal.org.ng/variety.php?keyword=&category=&varid=82&cropid=3&task=view","Cowpea","NGVU-05-23","SAMPEA-8","IT93K-452-1","Extra-early maturity, good seed quality, field tolerance to major insect- pest.",NA,"IITA, Kano Station","IITA Ibadan & IAR Zaria","B.B. Singh, M.F. Ishiyaku, O.O. Olufajo, A.A. Zaria, H.A. Ajeigbe & S.G. Mohammed",NA,2005,2005,NA
"https://www.seedportal.org.ng/variety.php?keyword=&category=&varid=83&cropid=3&task=view","Cowpea","NGVU-05-24","SAMPEA-9","IT90K-277-2","Dual purpose (good grain and folder yields), acceptable seed quality and good fodder quality",NA,"IITA, Kano Station","IITA Ibadan & IAR Zaria","B.B. Singh, M.F. Ishiyaku, O.O. Olufajo, A.A. Zaria, H.A. Ajeigbe & S.G. Mohammed",NA,2005,2005,NA
"https://www.seedportal.org.ng/variety.php?keyword=&category=&varid=212&cropid=7&task=view","Maize","NGZM-05-62","SAMMAZ 14","OBATANPA","High lysine and tryptophane contents, medium maturing, good seed quality, high yield, tolerance to Striga.",NA,"CRI, Kumasi, Ghana","IAR, Samaru","S.G. Ado, F.A. Showemimo, A.M. Falaki, S.O. Alabi & U.S. Abdullahi",NA,2005,2005,NA
"https://www.seedportal.org.ng/variety.php?keyword=&category=&varid=299&cropid=8&task=view","Pearl Millet","NGPG-05-10","LCICMH-1","LCICMH99-10","High yield, food quality preferred by 99% of users and medium maturing. (4.0-4.5t/ha)",NA,"LCRI-ICRISAT","LCRI, Maiduguri","I.I. Angarawai, S.C. Gupta & S.E. Aladele",4.5,2005,2005,NA
"https://www.seedportal.org.ng/variety.php?keyword=&category=&varid=357&cropid=9&task=view","Rice","NGOS-03-56","FARO-56","NERICA 2 WAB450-11-1-P31-HB","Early maturity, high yielding, tolerant to drought, weed competitiveness, more grain/panicles.",NA,"WARDA, Bouake","WARDA, NCRI, Badeggi","M.P. Jones/NCRI Rice Programme",NA,2005,2005,NA
"https://www.seedportal.org.ng/variety.php?keyword=&category=&varid=358&cropid=9&task=view","Rice","NGOS-05-57","FARO-57","TOX4004-43-1-2-1","High yielding, medium maturing long slender grains, resistant to blast, drought, iron toxicity and rice yellow mottle virus disease.",NA,"WARDA/IITA","NCRI, Badeggi, Ibadan","T.M. Masajo, B.N. Singh & O.A. Oladimeji",NA,2005,2005,NA
"https://www.seedportal.org.ng/variety.php?keyword=&category=&varid=489&cropid=15&task=view","Wheat","NGTA-05-7","LACRI WHIT-2","Cettia","Early maturing, heat tolerant, high yielding & excellent baking quality",NA,"CIMMYT Mexico","LCRI","A. Mustapha & J.A. Valencia",NA,2005,2005,NA
"https://www.seedportal.org.ng/variety.php?keyword=&category=&varid=490&cropid=15&task=view","Wheat","NGTA-05-8","LACRI WHIT-3","LINFEN","High yielding, golden yellow grain and excellent baking quality",NA,"CIMMYT Mexico","LCRI & IAR, Zaria","A. Mustapha & J.A. Valencia",NA,2005,2005,NA
"https://www.seedportal.org.ng/variety.php?keyword=&category=&varid=601&cropid=37&task=view","Kenaf","NGHC-05-1","Ifeken 400","IFEHC 400","Tolerant to root nematode disease. (1.1t/ha)","Rainforest and Southern Guinea Savanna","IAR, Samaru","IAR&T, Ibadan","Prof. B.A. Ogunbodede, Dr. S.A. Olakojo, Dr. J.A. Adediran & Dr. J.A. Raji.",1.1,2005,2005,NA
"https://www.seedportal.org.ng/variety.php?keyword=&category=&varid=386&cropid=10&task=view","Rubber","NGHB-08-12","NIG-803","RRINC-48","High late yield of 2300- 2800 kg/ha/year compared to yield of 300- 400kg/ha/ year obtainable in local cultivar and upper limit of 1600kg/ha/year in exotic clones.","Rainforest, Savanna","Nigeria","RRIN Benin City","Olapade, E.O., Alika, J.E., Mekako, H.U., Onokpise, O. and Tappan, W.G.",2.8,2004,2008,NA
"https://www.seedportal.org.ng/variety.php?keyword=&category=&varid=55&cropid=2&task=view","Cotton","NGGS 03-9","SAMCOT-11","BAR XL4 (79)36","Long Staple","Humid Forest","I.A.R. SAMARU","IAR/ABU Zaria",NA,NA,2003,2003,NA
"https://www.seedportal.org.ng/variety.php?keyword=&category=&varid=56&cropid=2&task=view","Cotton","NGGS 03-10","SAMCOT-12","PIMAS","Long Staple","Northern and Southern Guinea Savanna, Sudan Savanna, Sahel Savanna","I.A.R. SAMARU","IAR/ABU Zaria",NA,NA,2003,2003,NA
"https://www.seedportal.org.ng/variety.php?keyword=&category=&varid=57&cropid=2&task=view","Cotton","NGGS 03-11","SAMCOT-13","GIZA 45","Long Staple","Northern and Southern Guinea Savanna, Sudan Savanna, Sahel Savanna","I.A.R. SAMARU","IAR/ABU Zaria",NA,NA,2003,2003,NA
"https://www.seedportal.org.ng/variety.php?keyword=&category=&varid=298&cropid=8&task=view","Pearl Millet","NGPG-03-9","LCIC MV-2",NA,"Extra- early maturing preferred for food quality. (1.5-2t/ha)",NA,NA,"LCRI Maiduguri","I.I. Angarawai, Y. Yakubu",2,2003,2003,NA
"https://www.seedportal.org.ng/variety.php?keyword=&category=&varid=354&cropid=9&task=view","Rice","NGOS-03-53","FARO-53","ITA 321",NA,"Forest Transition/Derived Savanna","WARDA/IITA Ibadan","NCRI, Badeggi","T.M. Masajo, B.N. Singh & O.A. Oladimeji",NA,2003,2003,NA
"https://www.seedportal.org.ng/variety.php?keyword=&category=&varid=355&cropid=9&task=view","Rice","NGOS-03-54","FARO-54","WAB 189-B-B-B-8-HB","High yield, early maturing good weed competiveness and drought tolerant.","Northern and Southern Guinea Savanna, Sudan Savanna","WARDA, Bouake","NCRI, Baadeggi","M.P. Jones/NCRI Rice Programme",NA,2003,2003,NA
"https://www.seedportal.org.ng/variety.php?keyword=&category=&varid=356&cropid=9&task=view","Rice","NGOS-03-55","FARO-55","NERICA 1 WAB450-1-P38-HB","Early maturity, weed competitiveness, tolerance to disease, high grain yield and good cooking quality, resistance to lodging.","Northern and Southern Guinea Savanna, Sudan Savanna","WARDA, Bouake","NCRI, Badeggi","M.P. Jones/NCRI Rice Programme",NA,2003,2003,NA
"https://www.seedportal.org.ng/variety.php?keyword=&category=&varid=501&cropid=16&task=view","Yam","NGDR-03-4","TDR 89/02665","TDR 89/02665","Stable yield very good cooking and pounding qualities, cream non- oxidizing parenchyma, 35.3% tuber dry matter.","Forest and Southern Guinea Savanna","IITA, Ibadan/NRCRI, Umudike","IITA, Ibadan/NRCRI, Umudike","Dr. S.K. Hahn, Dr. R. Asiedu & Dr. G.C. Orkwor",NA,2003,2003,NA
"https://www.seedportal.org.ng/variety.php?keyword=&category=&varid=502&cropid=16&task=view","Yam","NGDR-03-5","TDR 89/01213","TDR 89/01213","Stable yield, very good cooking and pounding qualities, white non- oxidizing parenchyma, tuber dry matter = 29.8%","Forest and Southern Guinea Savanna","IITA, Ibadan/NRCRI, Umudike","IITA, Ibadan/NRCRI, Umudike","Dr. S.K. Hahn, Dr. R. Asiedu & Dr. G.C. Orkwor",NA,2003,2003,NA
"https://www.seedportal.org.ng/variety.php?keyword=&category=&varid=503&cropid=16&task=view","Yam","NGDR-03-6","TDR 89/01438","TDR 89/01438","Stable yield, very good cooking and pounding qualities, white non- oxidizing parenchyma, tuber dry matter = 29.3%","Forest and Southern Guinea Savanna","IITA, Ibadan/NRCRI, Umudike","IITA, Ibadan/NRCRI, Umudike","Dr. S.K. Hahn, Dr. R. Asiedu & Dr. G.C. Orkwor",NA,2003,2003,NA
"https://www.seedportal.org.ng/variety.php?keyword=&category=&varid=504&cropid=16&task=view","Yam","NGDR-03-7","TDR 95/01924","TDR 95/01924","Stable yield, very good cooking and pounding qualities, white non- oxidizing parenchyma, tuber dry matter = 32.8%","Forest and Southern Guinea Savanna","IITA, Ibadan/NRCRI, Umudike","IITA, Ibadan/NRCRI, Umudike","Dr. S.K. Hahn, Dr. R. Asiedu & Dr. G.C. Orkwor",NA,2003,2003,NA
"https://www.seedportal.org.ng/variety.php?keyword=&category=&varid=203&cropid=7&task=view","Maize","NGZM-01-53","Oloyin","ART- 98-SW-1","Sweet and high in protein 14.33%",NA,"Nigeria","I.A.R. & T. Ibadan","Dr. B.A. Ogunbodede",NA,2001,2001,NA
"https://www.seedportal.org.ng/variety.php?keyword=&category=&varid=204&cropid=7&task=view","Maize","NGZM-01-54","SAMMAZ-11","TZL COMP1-W","Striga resistant, high yield potential and suitable for intercropping.",NA,"IITA, Ibadan","IITA, Ibadan","J.G. Kling, Dr. S.G. Ado and S.T.O. Lagoke",NA,2001,2001,NA
"https://www.seedportal.org.ng/variety.php?keyword=&category=&varid=205&cropid=7&task=view","Maize","NGZM-01-55","SAMMAZ-12","95 TZEE-W1","Extra earliness, high yield potential and suitable in area with > 600mm rainfall distributed within 80days.",NA,"IITA, Ibadan WECAMAN","IITA, Ibadan","Dr. Badu-Apraku, J.G. Kling, A. Menkir and S.G. Ado",NA,2001,2001,NA
"https://www.seedportal.org.ng/variety.php?keyword=&category=&varid=206&cropid=7&task=view","Maize","NGZM-01-56","SAMMAZ 13","95 TZEE-Y1","Extra earliness, high yield potential and suitable in area with > 600mm rainfall distributed within 80days.",NA,"IITA, Ibadan WECAMAN","IITA, Ibadan","Dr. Badu-Apraku, J.G. Kling, A. Menkir and S.G. Ado",NA,2001,2001,NA
"https://www.seedportal.org.ng/variety.php?keyword=&category=&varid=207&cropid=7&task=view","Maize","NGZM-01-57","(OBA-FEMI)","PH-2","Short plant type, high yield potential, resistant to lodging, good for mechanized harvesting.",NA,"Premier Seed Nig. Ltd., Zaria","Premier Seed Nig. Ltd., Zaria","Dr. Joshua, Dr. M.O. Omidiji, Mr. L.A. Oke & R.I.O. Amusan",NA,2001,2001,NA
"https://www.seedportal.org.ng/variety.php?keyword=&category=&varid=208&cropid=7&task=view","Maize","NGZM-01-58","(OBA-99)","PH-5","High yielding potential, quality protein maize",NA,"Premier Seed Nig. Ltd., Zaria","Premier Seed Nig. Ltd., Zaria","Dr. Joshua, Dr. M.O. Omidiji, Mr. L.A. Oke & R.I.O. Amusan",NA,2001,2001,NA
"https://www.seedportal.org.ng/variety.php?keyword=&category=&varid=209&cropid=7&task=view","Maize","NGZM-01-59","(OBA-98)","PH-6","High yielding potential, quality protein maize",NA,"Premier Seed Nig. Ltd., Zaria","Premier Seed Nig. Ltd., Zaria","Dr. Joshua, Dr. M.O. Omidiji, Mr. L.A. Oke & R.I.O. Amusan",NA,2001,2001,NA
"https://www.seedportal.org.ng/variety.php?keyword=&category=&varid=353&cropid=9&task=view","Rice","NGOS-01-52","FARO-52","WITA 4","High yielding, tolerant to iron toxicity and drought.","Forest Transition/Derived Savanna","WARDA/IITA Ibadan","WARDA/ IITA Ibadan","T.M. Masajo, B.N. Singh & O.A. Oladimeji",NA,2001,2001,NA
"https://www.seedportal.org.ng/variety.php?keyword=&category=&varid=389&cropid=11&task=view","Sesame","NGSI-01-1","NCRIBEN-03L","GOZA-25","Drought tolerant, good seed quality. (500- 550kg/ha)","Savanna Ecology","SUDAN","NCRI, Badeggi","G.A. IWO",0.55,2001,2001,NA
"https://www.seedportal.org.ng/variety.php?keyword=&category=&varid=390&cropid=11&task=view","Sesame","NGSI-01-2","NCRIBEN-01M","530 - 6 -1","Attractive seed color and medium maturity. (600- 750kg/ha)","Savanna Ecology","INDIA","IAR, Samaru, Zaria, NCRI, Badeggi","I.O. Leleji, A.A. Zaria, D.K. Adedzwa, S.O. Olafare & G.A. Iwo",0.75,2001,2001,NA
"https://www.seedportal.org.ng/variety.php?keyword=&category=&varid=391&cropid=11&task=view","Sesame","NGSI-01-3","NCRIBEN-02M","TYPE-4 (NO.1)","Delay shattering and medium maturity. (550- 600kg/ha)","Savanna Ecology","INDIA","IAR, Samaru, Zaria, NCRI, Badeggi","I.O. Leleji, A.A. Zaria, D.K. Adedzwa, S.O. Olafare & G.A. Iwo",0.6,2001,2001,NA
"https://www.seedportal.org.ng/variety.php?keyword=&category=&varid=498&cropid=16&task=view","Yam","NGDR-01-1","TDR 89/02677","TDR 89/02677","Stable yield, very good cooking and pounding qualities, cream tuber parenchyma, 25% tuber dry matter content.","Forest and Southern Guinea Savanna","NRCRI Umudike, IITA, Ibadan","NRCRI Umudike, IITA, Ibadan","Dr. S.K. Hahn, Dr. R. Asiedu & Dr. G.C. Orkwor",NA,2001,2001,NA
"https://www.seedportal.org.ng/variety.php?keyword=&category=&varid=499&cropid=16&task=view","Yam","NGDR-01-2","TDR 89/02565","TDR 89/02565","Stable yield, very good cooking and pounding qualities, cream non oxidizing parenchyma, 35% tuber dry matter.","Forest and Southern Guinea Savanna","NRCRI Umudike, IITA, Ibadan","NRCRI Umudike, IITA, Ibadan","Dr. S.K. Hahn, Dr. R. Asiedu & Dr. G.C. Orkwor",NA,2001,2001,NA
"https://www.seedportal.org.ng/variety.php?keyword=&category=&varid=500&cropid=16&task=view","Yam","NGDR-01-3","TDR 89/02461","TDR 89/02461","Stable yield, very good as cooking and pounding qualities, cream parencyma, 26.7% tuber dry matter.","Forest and Southern Guinea Savanna","NRCRI Umudike, IITA, Ibadan","NRCRI Umudike, IITA, Ibadan","Dr. S.K. Hahn, Dr. R. Asiedu & Dr. G.C. Orkwor",NA,2001,2001,NA
"https://www.seedportal.org.ng/variety.php?keyword=&category=&varid=116&cropid=5&task=view","Forage Legume","NGCP/FL-00-1","ILRI-152","ILRI-152 Centrosema pubesans Benth","Slow to establish but subsequently persisted species. Outstanding ability to remain green in dry season and high nutritive value. Good soil improving properties. Can regenerate from roots after fire in dry season. Mediocre seed production. No anti-nutritional qualities.",NA,"ILRI, Genebank, Ethiopia","ILRI, Ibadan, Nigeria","S.A. Tarawali, M.A. Mohammed Saleem, M. Peter",NA,2000,2000,NA
"https://www.seedportal.org.ng/variety.php?keyword=&category=&varid=117&cropid=5&task=view","Forage Legume","NGAH/FL-00-2","ILRI-12463","ILRI-12463 Aeschynomeme histrix Poin","Excellent herbage production with high level of phosphous and persistence in pastures. Good nutritive value. Good soil improving properties; can induce suicidal germination of Striga-hermonthica. Good seed production. Good competitive ability. No anti-nutritional qualities reported.",NA,"ILRI, Genebank, Ethiopia","ILRI, Ibadan, and NAPRI Zaria","S.A. Tarawali, M. Peter, O.S. Onifade",NA,2000,2000,NA
"https://www.seedportal.org.ng/variety.php?keyword=&category=&varid=118&cropid=5&task=view","Forage Legume","NGCB/FL-00-3","ILRI-155","ILRI-155 Centrosema brasilianum (L.) Benth","Slow to establish but subsequently persisted in pastures species. Oustanding ability to remain green in dry season and high nutritive value. Poor seed production. No anti- nutritional qualities reported",NA,"ILRI, Genebank, Ethiopia","ILRI, Ibadan,and NAPRI, Zaria","S.A Tarawali, M.A. Mohammed Saleem, M. Peter, O.S. Onifade & E.C.Agishi",NA,2000,2000,NA
"https://www.seedportal.org.ng/variety.php?keyword=&category=&varid=119&cropid=5&task=view","Forage Legume","NGCP/FL-00-4","ILRI-9857","ILRI-9857 Centrosema pascuorum Benth Cv Cavalcade","Good pastures species even in low rainfall, produces good herbage in one wet season. High seed production to soil fertility. No anti- nutritional qualities reported.",NA,"ILRI, Genebank, Ethiopia","ILRI, Ibadan, and NAPRI Zaria","S.A Tarawali, M.A. Mohammed Saleem, M. Peter, G. Tarawali, O.S. Onifade & R.J. Tanko",NA,2000,2000,NA
"https://www.seedportal.org.ng/variety.php?keyword=&category=&varid=120&cropid=5&task=view","Forage Legume","NGCR/FL-00-5","Wynn Cassia","ILRI-10918 Chamaecrista rotundifolia Green Cv Wynn","Extremely persistent pasture specie, positive effect on ruminant performance and soil fertility for subsequent cereal crops. Ability to regenerate very fast at start of wet season. Good seed production; good competitive ability with weeds. Low palatibility restricted to light textured soil.",NA,"Australia","ILRI, Ibdan, and NAPRI, Zaria","S.A Tarawali, M.A. Mohammed Saleem, M.Peter, S.O. Onifade and A.M. Adamu",NA,2000,2000,NA
"https://www.seedportal.org.ng/variety.php?keyword=&category=&varid=121&cropid=5&task=view","Forage Legume","NGSG/FL-00-6","ILRI-164","C.I.A.T.-184 Stylosanthes gulanensis (Aubl.) SW","Persistence in pastures. Grows adequately on soil with low phosphate. Remains green for parts of dry season. Good soil improving properties; poor seed production, palatable forage of high nutritive value. No anti nutritional qualities reported.",NA,"C.I.A.T.-Cali, Colombia","ILRI, Ibadan and NAPRI, Zaria","J.A. Taraaali, M.A. Mohammed Saleem, M.Peter, S.O. Onifade and A.M. Adamu",NA,2000,2000,NA
"https://www.seedportal.org.ng/variety.php?keyword=&category=&varid=122&cropid=5&task=view","Forage Legume","NGSG/FL-00-7","ILRI-15557/ C.I.A.T.-11365","ILRI-15557/ C.I.A.T.-11365 Stylosanthes gulanensis (Aubl.) SW","Excellent herbage and persistent pasture. Remains green for part of dry season and of high nutritive value. Good soil improving properties. Poor seed production. Highly palatable. No anti-utritional qualities.",NA,"C.I.A.T.-Cali, Colombia","ILRI, Ibadan, Nigeria","S.A. Tarawali, M.Peter",NA,2000,2000,NA
"https://www.seedportal.org.ng/variety.php?keyword=&category=&varid=145&cropid=6&task=view","Groundnut","NGAH 01-21","SAMNUT-21","UGA-2","High seed and forage, yields and quality (dual purpose).",NA,"I.A.R. Samaru, Zaria","I.A.R. Samaru and ILRI-ICRISAT","P.E. Olorunju and A. Larbi",NA,2000,2001,NA
"https://www.seedportal.org.ng/variety.php?keyword=&category=&varid=146&cropid=6&task=view","Groundnut","NGAH 01-22","SAMNUT-22","M-572.801","High seed and forage, yields and quality (dual purpose).",NA,"I.A.R. Samaru, Zaria","I.A.R. Samaru Zaria and ILRI- ICRISAT","P.E. Olorunju and A. Larbi",NA,2000,2001,NA
"https://www.seedportal.org.ng/variety.php?keyword=&category=&varid=147&cropid=6&task=view","Groundnut","NGAH 01-23","SAMNUT-23","ICCGV-1596894","Extra early maturity and rosette resistant.",NA,"ICRISAT Kano","ICRISAT Kano & I.A.R. Samaru Zaria","P.E. Olorunju",NA,2000,2001,NA
"https://www.seedportal.org.ng/variety.php?keyword=&category=&varid=297&cropid=8&task=view","Pearl Millet","NGPG-00-8","LCIC-MV-1","SOSAT-C88","Food taste is preferred by 99% of users. Thick stem, high grian yield and earliness. (2.5-3t/ha)",NA,"IER MALI/ICRISAT- NIAMEY","LCRI Maiduguri and ICRISAT Kano","Y.Yakubu, I. Angarawai, S.C. Gupta & S.E. Aladele",3,2000,2000,NA
"https://www.seedportal.org.ng/variety.php?keyword=&category=&varid=462&cropid=13&task=view","Sugarcane","NGSO - 01-18","NCS -006","KRS-01","Good ratooning ability, medium to high tillering, good canopy formation, Smut resistance, good juice quality and high cane yield. (105t/ha - Plant crop; 93t/ha - Ratoon crop)","Well drained, light and heavy fertile soils","NCRI, Badeggi","NCRI, Badeggi","Dr. E.H. Kwonnduing",105,2000,2001,NA
"https://www.seedportal.org.ng/variety.php?keyword=&category=&varid=463&cropid=13&task=view","Sugarcane","NGSO - 01-19","NCS - 007","KRS-8","High resistant to smut, high tillering with good canopy, good juice quality, quality and high cane yield. (100t/ha - Plant crop; 90t/ha - Ratoon crop)","Well drained, light and heavy fertile soils","NCRI, Badeggi","NCRI, Badeggi","Dr. E.H. Kwonnduing",100,2000,2001,NA
"https://www.seedportal.org.ng/variety.php?keyword=&category=&varid=460&cropid=13&task=view","Sugarcane","NGSO - 01-16","NCS- 003","BD-93-030","High yielding, heavy tillering, vigorous growth at early stage, early maturity and high tolerant to drought. (90t/ha - Plant crop; 80t/ha - Ratoon crop)","Dry soils of drought prone areas","NCRI, Badeggi, Nigeria","NCRI, Badeggi, Nigeria","Dr. S. Abgoire, M.N. Ishaq, Dr. E.H. Kwonndong",90,1999,2001,NA
"https://www.seedportal.org.ng/variety.php?keyword=&category=&varid=461&cropid=13&task=view","Sugarcane","NGSO - 01-17","NCS - 005","BD.94-017","Medium yielder, heavy tillering, forms canopy early and early maturity. (109t/ha - Plant crop; 90t/ha - Ratoon crop)","Fertile heavy soils of Fadama","NCRI, Badeggi, Nigeria","NCRI, Badeggi, Nigeria","Dr.S. Agboire, M.N. Ishaq, Dr. L. Busari",109,1999,2001,NA
"https://www.seedportal.org.ng/variety.php?keyword=&category=&varid=352&cropid=9&task=view","Rice","NGOS-98-51","FARO-51","CISADANE","Moderately tolerant to African rice gall","Forest Transition/Derived Savanna","Indonesia","NCRI, Badeggi, IITA, Ibadan","M.N. Ukwungwu, A.T. Maji, R.C. Jushi, B.N. Singh & C. Williams",NA,1998,1991,NA
"https://www.seedportal.org.ng/variety.php?keyword=&category=&varid=488&cropid=15&task=view","Wheat","NGTA-98-6","LACRI WHIT-1","SER-M 82","High yielding and good baking quality",NA,"CIMMYT Mexico","LCRI, Maiduguri sasakawa Global,2000 and IAR., Samaru Zaria","A.Mustapha, Y.Yakubu & J.A. Valenica",NA,1998,1998,NA
"https://www.seedportal.org.ng/variety.php?keyword=&category=&varid=195&cropid=7&task=view","Maize","NGZM 96-45","NARZH-15","8644-27","High yield 6.0 ton/ha, resistant to streak and downy mildew, flint grain type.",NA,"Nigeria","IITA, Ibadan","S. K. Kim, Y. Efron, J. M. Fajemisin & Z. T. Dabrowski",6,1996,1996,NA
"https://www.seedportal.org.ng/variety.php?keyword=&category=&varid=196&cropid=7&task=view","Maize","NGZM 96-46","NARZH-16","8644-31","High yield 6.5 ton/ha, resistant to streak, downy mildew, and drought, dent grain type.",NA,"Nigeria","IITA, Ibadan","S. K. Kim, Y. Efron, J. M. Fajemisin & Z. T. Dabrowski",6.5,1996,1996,NA
"https://www.seedportal.org.ng/variety.php?keyword=&category=&varid=197&cropid=7&task=view","Maize","NGZM 96-47","NARZH-17","8644-32","High yielding 6.0t/ha resistant to streak, downy mildew, semident grain.",NA,"Nigeria","IITA, Ibadan","S. K. Kim, Y. Efron, J. M. Fajemisin & Z. T. Dabrowski",6,1996,1996,NA
"https://www.seedportal.org.ng/variety.php?keyword=&category=&varid=198&cropid=7&task=view","Maize","NGZM 96-48","NARZH-18","8505-6","High yielding, resistant to streak, blight and rust, late maturing, mid- altitude adapted.",NA,"Jos, Nigeria","IITA, Ibadan","S. K. Kim, Y. Efron, J. M. Fajemisin & Z. T. Dabrowski",NA,1996,1996,NA
"https://www.seedportal.org.ng/variety.php?keyword=&category=&varid=199&cropid=7&task=view","Maize","NGZM 96-49","NARZH-20","8516-12(SX)","High yielding 5t/ha, resistant to streak and eldama, dent grain type.",NA,"Nigeria","IITA, Ibadan","S. K. Kim, Y. Efron, J. M. Fajemisin & Z. T. Dabrowski",5,1996,1996,NA
"https://www.seedportal.org.ng/variety.php?keyword=&category=&varid=200&cropid=7&task=view","Maize","NGZM 96-50","SUWAN 1-SR","SUWAN 1-SR","Resistant to downy mildew and streak.",NA,"Nigeria","IITA, Ibadan","J. H. Mareck, J. Kling, N. Bosque-Perez & K. Cardwell",NA,1996,1996,NA
"https://www.seedportal.org.ng/variety.php?keyword=&category=&varid=201&cropid=7&task=view","Maize","NGZM 96-51","TZL Composite4-SR","TZL Composite 4- SR","High yielding, white seeded.",NA,"Nigeria","IITA, Ibadan","J. H. Mareck, J. Kling & N. Bosque-Perez",NA,1996,1996,NA
"https://www.seedportal.org.ng/variety.php?keyword=&category=&varid=202&cropid=7&task=view","Maize","NGZM 96-52","EV-9043 DMRR- SR","EV-9043 DMRR- SR","Resistant to downy mildew and streak, white grains",NA,"C.I.M.M.Y.T/MEXICO/IITA, Ibadan","MRP, IITA Ibadan","M. Bjarnasson, C. Y. Tang, J. H. Mareck, J. Kling & K. Cardwell",NA,1996,1996,NA
"https://www.seedportal.org.ng/variety.php?keyword=&category=&varid=579&cropid=32&task=view","Sweet Potato","NGIB-01-5","TIS-2532 OP.1.13","TIS 8164","Tuberous roots are very large with white flesh.",NA,"IITA, Ibadan","IITA, Ibadan","Dr. S.K. Hahn",NA,1993,2001,NA
"https://www.seedportal.org.ng/variety.php?keyword=&category=&varid=108&cropid=4&task=view","Soybean","NGGM-96-15","TGX-1448-2E","TGX-1448-2E","Shattering and frog eye leaf resistant",NA,"Nigeria","IITA, Ibadan/NCRI, Badeggi","K.E. Dashiell, Dr. C. Aken, D. K. Ojo, A.C Uwala",NA,1992,1996,NA
"https://www.seedportal.org.ng/variety.php?keyword=&category=&varid=143&cropid=6&task=view","Groundnut","NGAH 01-19","SAMNUT-19","K-270.78","High yielding and medium duration.",NA,"I.A.R. Samaru, Zaria","I.A.R. Samaru, Zaria","S.R. Boye Goni and P.E. Olorunju",NA,1992,2001,NA
"https://www.seedportal.org.ng/variety.php?keyword=&category=&varid=144&cropid=6&task=view","Groundnut","NGAH 01-20","SAMNUT-20","M412.801","High yielding and resistant to rosette",NA,"I.A.R. Samaru, Zaria","I.A.R. Samaru, Zaria","S.R. Boye Goni and P.E. Olorunju",NA,1992,2001,NA
"https://www.seedportal.org.ng/variety.php?keyword=&category=&varid=575&cropid=32&task=view","Sweet Potato","NGIB-01-1","TIS-87/0087","TIS-87/0087","Widely adapted, highly dependable as under any adverse condition produces economic yied. Good for fries and chips, high tolerance to sweet potato weevil.",NA,"IITA, Ibadan","IITA, Ibadan","Dr. S.K. Hahn",NA,1992,2001,NA
"https://www.seedportal.org.ng/variety.php?keyword=&category=&varid=576&cropid=32&task=view","Sweet Potato","NGIB-01-2","TIS-87/0087","TIS-8164","Very high root yields. The top is highly cherished by livestock and fishes.",NA,"IITA, Ibadan","IITA, Ibadan","Dr. S.K. Hahn",NA,1992,2001,NA
"https://www.seedportal.org.ng/variety.php?keyword=&category=&varid=577&cropid=32&task=view","Sweet Potato","NGIB-01-3","TIS2532.OP.1.13","TIS2532.OP.1.13","Tuberous roots are very large with white flesh.",NA,"IITA, Ibadan","IITA, Ibadan","Dr. S.K. Hahn",NA,1992,2001,NA
"https://www.seedportal.org.ng/variety.php?keyword=&category=&varid=578&cropid=32&task=view","Sweet Potato","NGIB-01-4","TIS-8164","TIS-8164","Very high root yields. The top is highly cherished by livestock and fishes. Good for starch production.",NA,"IITA, Ibadan","IITA, Ibadan","Dr. S.K. Hahn",NA,1992,2001,NA
"https://www.seedportal.org.ng/variety.php?keyword=&category=&varid=77&cropid=3&task=view","Cowpea","NGVU-96-18","IT84S-2246-4","IT84S-2246-4","Multiple disease and insect resistance, early maturity.",NA,"IITA Ibadan","IITA Ibadan","Dr. B. B. Singh",NA,1991,1996,NA
"https://www.seedportal.org.ng/variety.php?keyword=&category=&varid=78&cropid=3&task=view","Cowpea","NGVU-96-19","IT89KD-374","IT89KD-374",NA,NA,"I.A.R., Samaru, Zaria","IITA Ibadan","Dr. B. B. Singh",NA,1991,1996,NA
"https://www.seedportal.org.ng/variety.php?keyword=&category=&varid=79&cropid=3&task=view","Cowpea","NGVU-96-20","IT90K-76","IT90K-76","Early with multiple disease and pest resistance",NA,"I.A.R., Samaru, Zaria","IITA, Ibadan","Dr. B. B. Singh",NA,1991,1996,NA
"https://www.seedportal.org.ng/variety.php?keyword=&category=&varid=103&cropid=4&task=view","Soybean","NGGM-96-10","TGX-1019-2EB","TGX-1019-2EB","High yielding, early maturity, resistant to frog eye leaf spot.",NA,"Nigeria","IITA & I.A.R.&T, Ibadan","K.E. Dashiell, L. L. Bello & P. O. Oyekan.",NA,1990,1996,NA
"https://www.seedportal.org.ng/variety.php?keyword=&category=&varid=104&cropid=4&task=view","Soybean","NGGM-96-11","TGX-1019-2EN","TGX-1019-2EN","High yielding, early maturity, resistant to frog eye leaf spot.",NA,"Nigeria","IITA & I.A.R.&T, Ibadan","K.E. Dashiell, L. L. Bello & P. O. Oyekan.",NA,1990,1996,NA
"https://www.seedportal.org.ng/variety.php?keyword=&category=&varid=105&cropid=4&task=view","Soybean","NGGM-96-12","TGX-923-2E","TGX-923-2E","Good seed storability, resistant to frog eye leaf spot.",NA,"Nigeria","IITA, I.A.R&T and N.C.R.I.","K.E. Dashiell, L. L. Bello, A.C. Uwala & P. O. Oyekan.",NA,1990,1996,NA
"https://www.seedportal.org.ng/variety.php?keyword=&category=&varid=106&cropid=4&task=view","Soybean","NGGM-96-13","TGX-1485-1D","TGX-1485-1D","Extra early maturity",NA,"IITA, Ibadan","IITA, Ibadan","K.E. Dashiell, C. Aken & D. K. Ojo.",NA,1990,1996,NA
"https://www.seedportal.org.ng/variety.php?keyword=&category=&varid=107&cropid=4&task=view","Soybean","NGGM-96-14","TGX-1440-1E","TGX-1440-1E","Shattering and frog eye leaf spot resistant",NA,"IITA, Ibadan","IITA, Ibadan","K.E. Dashiell, C. Aken, D. K. Ojo",NA,1990,1996,NA
"https://www.seedportal.org.ng/variety.php?keyword=&category=&varid=345&cropid=9&task=view","Rice","NGOS-91-44","FARO-44","SIPI-692033","Long grain, optimum production under low management.","Forest Transition/Derived Savanna, Humid Forest","Taiwan","WARDA/ IITA/ NCRI","T.M. Masajo, B.N. Singh, O.A. Oladimeji",NA,1990,1991,NA
"https://www.seedportal.org.ng/variety.php?keyword=&category=&varid=346&cropid=9&task=view","Rice","NGOS-91-45","FARO-45","ITA-257","Difficult to thresh, does not lodge under optimum irrigation, very early maturing.","Northern and Southern Guinea Savanna, Sudan Savanna","IITA, Ibadan","IITA, Ibadan","S. Sarkarung, O. Oladimeji",NA,1990,1991,NA
"https://www.seedportal.org.ng/variety.php?keyword=&category=&varid=347&cropid=9&task=view","Rice","NGOS-91-46","FARO-46","ITA-150","High yielding, early maturing, blast resistant and drought tolerant.","Northern and Southern Guinea Savanna, Sudan Savanna","IITA, Ibadan","IITA, Ibadan","T.M. Masajo, A.O Abifarin, B.N. Singh & O.A. Oladimeji",NA,1990,1991,NA
"https://www.seedportal.org.ng/variety.php?keyword=&category=&varid=348&cropid=9&task=view","Rice","NGOS-91-47","FARO-47","ITA-117","Slender grain, high yielding and responsive to fertilizer","Northern and Southern Guinea Savanna, Sudan Savanna, Forest Transition/Derived Savanna","IITA, Ibadan","IITA, Ibadan","Dr. A.O. Abifarin & O.A. Oladimeji",NA,1990,1991,NA
"https://www.seedportal.org.ng/variety.php?keyword=&category=&varid=349&cropid=9&task=view","Rice","NGOS-9-48","FARO-48","ITA-301","Good grain type and high yield","Northern and Southern Guinea Savanna, Sudan Savanna, Forest Transition/Derived Savanna","IITA, Ibadan","IITA, Ibadan","Dr. K. Alluri & O.A. Oladimeji",NA,1990,1991,NA
"https://www.seedportal.org.ng/variety.php?keyword=&category=&varid=350&cropid=9&task=view","Rice","NGOS-91-49","FARO-49","ITA-315","High yielding","Northern and Southern Guinea Savanna, Sudan Savanna, Forest Transition/Derived Savanna","IITA, Ibadan","IITA, Ibadan","K. Alluri & O.A. Oladimeji",NA,1990,1991,NA
"https://www.seedportal.org.ng/variety.php?keyword=&category=&varid=351&cropid=9&task=view","Rice","NGOS-91-50","FARO-50","IITA-230","High yielding","Forest Transition/Derived Savanna","IITA, Ibadan","IITA, Ibadan","T.M. Masajo, B.N. Singh & O.A. Oladimeji",NA,1990,1991,NA
"https://www.seedportal.org.ng/variety.php?keyword=&category=&varid=13&cropid=1&task=view","Cassava","NGME 96-13","NICASS 13","NR-83107","High resistance to pests and diseases.",NA,"NRCRI, Umudike","NRCRI, Umudike","Dr. L. S. O. Ene",NA,1989,1996,NA
"https://www.seedportal.org.ng/variety.php?keyword=&category=&varid=58&cropid=2&task=view","Cotton","NGGS 06-12","SAMCOT-9","RASA (74) 67","Medium Staple (28-30mm), fine lint with good luster. (1.5-2t/ha)",NA,"I.A.R. SAMARU","IAR/ABU Zaria","C.A. Echekwu & S.O. Alabi",2,1989,2006,NA
"https://www.seedportal.org.ng/variety.php?keyword=&category=&varid=59&cropid=2&task=view","Cotton","NGGS 06-13","SAMCOT-10","RASA (74) 165","Medium Staple (28-30mm), fine lint with good luster. (1.5-2t/ha)",NA,"I.A.R. SAMARU","IAR/ABU Zaria","C.A. Echekwu & S.O. Alabi",2,1989,2006,NA
"https://www.seedportal.org.ng/variety.php?keyword=&category=&varid=102&cropid=4&task=view","Soybean","NGGM-96-9","TGX-849-313D","TGX-849-313D","High yielding, medium maturity and uniform seed color.",NA,"Nigeria","IITA & I.A.R.&T, Ibadan","K.E. Dashiell, L. L. Bello & P. O. Oyekan.",NA,1989,1996,NA
"https://www.seedportal.org.ng/variety.php?keyword=&category=&varid=11&cropid=1&task=view","Cassava","NGME 96-11","NICASS 11","NR-8208","High yielding",NA,"NRCRI, Umudike","NRCRI, Umudike","Dr. L. S. O. Ene",NA,1988,1996,NA
"https://www.seedportal.org.ng/variety.php?keyword=&category=&varid=137&cropid=6&task=view","Groundnut","NGAH91-13","SAMNUT-10","RMP-12","Large Seed size, very high oil content 55-60% (Dry matter basis), rosette resistant.","Northern and Southern Guinea Savanna","Introduction","I.A.R. Samaru, Zaria","C. Harkness",NA,1988,1991,NA
"https://www.seedportal.org.ng/variety.php?keyword=&category=&varid=138&cropid=6&task=view","Groundnut","NGAH 91-14","SAMNUT-11","RMP-91","Large Seed size, very high oil content 55-60% (Dry matter basis), rosette resistant. (2.5-3t/ha)","Northern and Southern Guinea Savanna","Introduction","I.A.R. Samaru, Zaria","C. Harkness",3,1988,1991,NA
"https://www.seedportal.org.ng/variety.php?keyword=&category=&varid=139&cropid=6&task=view","Groundnut","NGAH 91-15","SAMNUT-14","55-437 (Ex-Dakar)","Drought tolerant, oil content 50-52% (Dry matter basis), yield 2,000-2,800kg/ha. (2-2.8t/ha)","Sudan and Northern Guinea Savanna","Introduction from Senegal while original material came from Argentina via Hungary","I.A.R. Samaru, Zaria",NA,2.8,1988,1991,NA
"https://www.seedportal.org.ng/variety.php?keyword=&category=&varid=140&cropid=6&task=view","Groundnut","NGAH 91-16","SAMNUT-16","M554.76","Large high haul yield, high oil content 55-65% (Dry matter basis), rosette resistance, tolerant to early leaf spot, yield 2,800-3,000kg/ha. (2.8-3t/ha)","Northern and Southern Guinea Savanna","I.A.R. Samaru, Zaria","I.A.R. Samaru, Zaria",NA,3,1988,1991,NA
"https://www.seedportal.org.ng/variety.php?keyword=&category=&varid=141&cropid=6&task=view","Groundnut","NGAH 91-17","SAMNUT-17","48-115B","Drought tolerant, oil content 53-55%, yield 2,000-2,800kg/ha. (2-2.8t/ha)","Sudan and Northern Guinea Savanna","Introduction","I.A.R. Samaru, Zaria",NA,2.8,1988,1991,NA
"https://www.seedportal.org.ng/variety.php?keyword=&category=&varid=142&cropid=6&task=view","Groundnut","NGAH 91-18","SAMNUT-18","RRB (resistant Red-Bulk)","Drought tolerant, oil content 53-55%, yield 2,000-2,800kg/ha. (2-2.8t/ha)","Sudan and Northern Guinea Savanna","I.A.R. Samaru, Zaria","I.A.R. Samaru, Zaria",NA,2.8,1988,1991,NA
"https://www.seedportal.org.ng/variety.php?keyword=&category=&varid=63&cropid=3&task=view","Cowpea","NGVU 91-4","Nigerian Brown7 (NB7)","Nigerian Brown 7 (NB7)","Rough, large seeded and good swelling capacity","All ecological zones","Nigeria (Local selection)","F.D.A.R., Moor Plantation, Ibadan.","U.U. Ebong, S.O. Olafare & M.A. Adenihun",NA,1987,1991,NA
"https://www.seedportal.org.ng/variety.php?keyword=&category=&varid=194&cropid=7&task=view","Maize","NGZM-91-44","NARZO-30","TZPB-SR","High yield, 5.0 ton/ha resistant to streak, rust and blight","Forest ecologies","IITA, Ibadan","IITA, Ibadan","S. K. Kim, Y. Efron & J. M. Fajemisin",5,1987,1991,NA
"https://www.seedportal.org.ng/variety.php?keyword=&category=&varid=520&cropid=17&task=view","Amaranthus","NGAC-00-2",NA,"NHAC 84/445-2","Uniform green, vegetable colour with edible leaves and seeds.",NA,"IPGRI","NIHORT","Dr. Denton, Olufolaji and Badra",NA,1987,2000,NA
"https://www.seedportal.org.ng/variety.php?keyword=&category=&varid=521&cropid=17&task=view","Amaranthus","NGAC-00-3",NA,"ED82/1019B","Early flowering with broad green leaves.",NA,"Zaria","NIHORT","Dr. Denton, Mr. Edema and Miss Dinakin",NA,1987,2000,NA
"https://www.seedportal.org.ng/variety.php?keyword=&category=&varid=522&cropid=17&task=view","Amaranthus","NGAC-00-4",NA,"NHAC/84/452","Tall deep purple stem with edible leaves and seeds",NA,"IPGRI","NIHORT","Dr. O.A. Denton, Olufolaji and Badra",NA,1987,2000,NA
"https://www.seedportal.org.ng/variety.php?keyword=&category=&varid=524&cropid=17&task=view","Amaranthus","NGAC-00-6",NA,"NH84/457-E","Uniform green colour with edible leaves and seeds.",NA,"IPGRI","NIHORT","NIHORT",NA,1987,2000,NA
"https://www.seedportal.org.ng/variety.php?keyword=&category=&varid=2&cropid=1&task=view","Cassava","NGME 91-2","NICASS 2","TMS-4(2)-1425","High yielding, low cyanide",NA,"IITA Ibadan","IITA Ibadan","Dr. S. K. Hahn",NA,1986,1991,NA
"https://www.seedportal.org.ng/variety.php?keyword=&category=&varid=3&cropid=1&task=view","Cassava","NGME 96-3","NICASS 3","TMS-90257","Early bulking; high yielding",NA,"IITA Ibadan","IITA Ibadan","Dr. S. K. Hahn",NA,1986,1996,NA
"https://www.seedportal.org.ng/variety.php?keyword=&category=&varid=4&cropid=1&task=view","Cassava","NGME 96-4","NICASS 4","TMS-84537","High yielding.",NA,"IITA Ibadan","IITA Ibadan","Dr. S. K. Hahn",NA,1986,1996,NA
"https://www.seedportal.org.ng/variety.php?keyword=&category=&varid=5&cropid=1&task=view","Cassava","NGME 96-5","NICASS 5","TMS-82/00058","High yielding",NA,"IITA Ibadan","IITA Ibadan","Dr. S. K. Hahn",NA,1986,1996,NA
"https://www.seedportal.org.ng/variety.php?keyword=&category=&varid=6&cropid=1&task=view","Cassava","NGME 96-6","NICASS 6","TMS-82/00661","High yielding",NA,"IITA Ibadan","IITA Ibadan","Dr. S. K. Hahn",NA,1986,1996,NA
"https://www.seedportal.org.ng/variety.php?keyword=&category=&varid=7&cropid=1&task=view","Cassava","NGME 96-7","NICASS 7","TMS-81/00110","High yielding",NA,"IITA Ibadan","IITA Ibadan","Dr. S. K. Hahn",NA,1986,1996,NA
"https://www.seedportal.org.ng/variety.php?keyword=&category=&varid=8&cropid=1&task=view","Cassava","NGME 96-8","NICASS 8","MS-6 (Antiota)","Non-branching, high yielding, resistant to pest and diseases, low cyanide, good gari and lafun.",NA,"IAR&T, Ibadan","IAR&T, Ibadan","Dr. T. A. Akinlosotun, Dr. J.O.S. Kogbe & Dr. M.O. Omidiji",NA,1986,1996,NA
"https://www.seedportal.org.ng/variety.php?keyword=&category=&varid=9&cropid=1&task=view","Cassava","NGME 96-9","NICASS 9","MS-3 (Odongbo)","Non-branching, high dry matter, good gari qualities, keeps well in the soil. Good for mixed cropping.",NA,"IAR&T, Ibadan","IAR&T, Ibadan","Dr. T. A. Akinlosotun, Dr. J.O.S. Kogbe & Dr. M.O. Omidiji",NA,1986,1996,NA
"https://www.seedportal.org.ng/variety.php?keyword=&category=&varid=12&cropid=1&task=view","Cassava","NGME 96-12","NICASS 12","NR-8083","High yielding",NA,"NRCRI, Umudike","NRCRI, Umudike","Dr. L. S. O. Ene",NA,1986,1996,NA
"https://www.seedportal.org.ng/variety.php?keyword=&category=&varid=14&cropid=1&task=view","Cassava","NGME 96-14","NICASS 14","NR-8082","Very high yielding and resistant to pests and diseases.",NA,"NRCRI, Umudike","NRCRI, Umudike","Dr. L. S. O. Ene",NA,1986,1996,NA
"https://www.seedportal.org.ng/variety.php?keyword=&category=&varid=15&cropid=1&task=view","Cassava","NGME 96-15","NICASS 15","TMS-50395","High biomass",NA,"IITA Ibadan","IITA Ibadan","Dr. S. K. Hahn",NA,1986,1996,NA
"https://www.seedportal.org.ng/variety.php?keyword=&category=&varid=16&cropid=1&task=view","Cassava","NGME 96-16","NICASS 16","NR-8212","High yielding",NA,"NRCRI, Umudike","NRCRI, Umudike","Dr. L. S. O. Ene",NA,1986,1996,NA
"https://www.seedportal.org.ng/variety.php?keyword=&category=&varid=17&cropid=1&task=view","Cassava","NGME 96-17","NICASS 17","NR-41044","High yielding",NA,"NRCRI, Umudike","NRCRI, Umudike","Dr. L. S. O. Ene",NA,1986,1996,NA
"https://www.seedportal.org.ng/variety.php?keyword=&category=&varid=18&cropid=1&task=view","Cassava","NGME 96-18","NICASS 18","TMS-30001","Moderate yielding",NA,"IITA Ibadan","IITA Ibadan","Dr. S. K. Hahn",NA,1986,1996,NA
"https://www.seedportal.org.ng/variety.php?keyword=&category=&varid=19&cropid=1&task=view","Cassava","NGME 96-19","NICASS 19","TMS-91934","High yielding",NA,"IITA, Ibadan","IITA, Ibadan","Dr. S.K. Hahn",NA,1986,1996,NA
"https://www.seedportal.org.ng/variety.php?keyword=&category=&varid=60&cropid=3&task=view","Cowpea","NGVU 91-1","West Bred","C6956-2a","Determinate, early and uniform maturity. Day length neutral, white seeded.","Rainforest Ecological Zones","Florida, U. S. A.","IAR&T, Ibadan","Ojomo O. A. & Fennel M.",NA,1986,1991,NA
"https://www.seedportal.org.ng/variety.php?keyword=&category=&varid=76&cropid=3&task=view","Cowpea","NGVU-96-17","SAMPEA-7","I.A.R.-48","Consistent and stable, high yielding potential and good palatability.",NA,"Nigeria","I.A.R., Samaru, Zaria","Prof. O.I. Leleji",NA,1986,1996,NA
"https://www.seedportal.org.ng/variety.php?keyword=&category=&varid=167&cropid=7&task=view","Maize","NGZM91-17","NARZH-10","8505-2","High yielding 6t/ha, resistant to streak and striga, semi-dent grain.","Savanna ecologies","IITA, Ibadan","IITA, Ibadan","S. K. Kim, Y. Efron, J. M. Fajemisin & Z. T. Dabrowski",6,1986,1991,NA
"https://www.seedportal.org.ng/variety.php?keyword=&category=&varid=168&cropid=7&task=view","Maize","NGZM-91-18","NARZH-11","8505-3","High yielding 6t/ha, resistant to streak and striga, semi- flint grain","Savanna ecologies","IITA, Ibadan","IITA, Ibadan","S. K. Kim, Y. Efron, J. M. Fajemisin & Z. T. Dabrowski",6,1986,1991,NA
"https://www.seedportal.org.ng/variety.php?keyword=&category=&varid=169&cropid=7&task=view","Maize","NGZM-91-19","NARZH-12","8505-4","High yielding 6t/ha, tolerant to streak and striga, semi-flint grain texture.","Forest ecologies","IITA, Ibadan","IITA, Ibadan","S. K. Kim, Y. Efron, J. M. Fajemisin & Z. T. Dabrowski",6,1986,1991,NA
"https://www.seedportal.org.ng/variety.php?keyword=&category=&varid=170&cropid=7&task=view","Maize","NGZM-91-20","NARZH-13","8505-5","High yielding 6t/ha, tolerant to streak and striga, semi-flint grain texture.","Savanna ecologies","IITA, Ibadan","IITA, Ibadan","S. K. Kim, Y. Efron, J. M. Fajemisin & Z. T. Dabrowski",6,1986,1991,NA
"https://www.seedportal.org.ng/variety.php?keyword=&category=&varid=171&cropid=7&task=view","Maize","NGZM-91-21","NARZH-14","8505-13","High yielding 6t/ha, tolerant to streak and striga, semi-flint grain texture.",NA,"IITA, Ibadan","IITA, Ibadan","S. K. Kim, Y. Efron, J. M. Fajemisin & Z. T. Dabrowski",6,1986,1991,NA
"https://www.seedportal.org.ng/variety.php?keyword=&category=&varid=193&cropid=7&task=view","Maize","NGZM-91-43","NARZO-29","TZBSR","Resistance to downy mildew streak, rust and blight.","Savanna ecologies","IITA, Ibadan","IITA, Ibadan","S. K. Kim, Y. Efron & J. H. Mareck",NA,1986,1991,NA
"https://www.seedportal.org.ng/variety.php?keyword=&category=&varid=331&cropid=9&task=view","Rice","NGOS-91-30","FARO-30","FAROX-228-2-1-1","Medium grain type. (5-8t/ha)","Forest Transition/Derived Savanna, Humid Forest","Nigeria (NCRI)","FDAR (NCRI)",NA,8,1986,1991,NA
"https://www.seedportal.org.ng/variety.php?keyword=&category=&varid=332&cropid=9&task=view","Rice","NGOS-91-31","FARO-31","FAROX-228-3-1-1","Medium grain type. (5-8t/ha)","Forest Transition/Derived Savanna, Humid Forest","Nigeria (NCRI)","NCRI, Bida",NA,8,1986,1991,NA
"https://www.seedportal.org.ng/variety.php?keyword=&category=&varid=333&cropid=9&task=view","Rice","NGOS-91-32","FARO-32","FAROX 228-4-1-1","Medium grain type. (4-7t/ha)","Forest Transition/Derived Savanna, Humid Forest","Nigeria (NCRI)","NCRI, Bida",NA,7,1986,1991,NA
"https://www.seedportal.org.ng/variety.php?keyword=&category=&varid=334&cropid=9&task=view","Rice","NGOS-91-33","FARO-33","FAROX-233-1-1-1-","Long grain type. (4-7t/ha)","Forest Transition/Derived Savanna, Humid Forest","Nigeria (NCRI)","NCRI, Bida",NA,7,1986,1991,NA
"https://www.seedportal.org.ng/variety.php?keyword=&category=&varid=335&cropid=9&task=view","Rice","NGOS-91-34","FARO-34","FAROX-239-2-1-1","Long grain type. (4-7.5t/ha)","Forest Transition/Derived Savanna, Humid Forest","Nigeria (NCRI)","NCRI, Bida",NA,7.5,1986,1991,NA
"https://www.seedportal.org.ng/variety.php?keyword=&category=&varid=336&cropid=9&task=view","Rice","NGOS-91-35","FARO-35","ITA 212","Medium grain type. (5-8t/ha)","Forest Transition/Derived Savanna, Humid Forest","Nigeria (IITA)","NCRI, Bida","T.M. Masajo and O.A. Oladimeji",8,1986,1991,NA
"https://www.seedportal.org.ng/variety.php?keyword=&category=&varid=337&cropid=9&task=view","Rice","NGOS-91-36","FARO-36","ITA 222","Medium grain type. (5-8t/ha)","Forest Transition/Derived Savanna, Humid Forest","Nigeria (IITA)","NCRI, Bida","T.M. Masajo and O.A. Oladimeji",8,1986,1991,NA
"https://www.seedportal.org.ng/variety.php?keyword=&category=&varid=338&cropid=9&task=view","Rice","NGOS-91-37","FARO-37","ITA 306","Long grain type. (5-8t/ha)","Forest Transition/Derived Savanna, Humid Forest","Nigeria (IITA)","NCRI, Bida","T.M. Masajo and O.A. Oladimeji",8,1986,1991,NA
"https://www.seedportal.org.ng/variety.php?keyword=&category=&varid=339&cropid=9&task=view","Rice","NGOS-91-38","FARO-38","IRAT-133","Short grain type. (1-4t/ha)","Northern and Southern Guinea Savanna, Sudan Savanna, Forest Transition/Derived Savanna","IAR&T Ibadan","IAR&T Ibadan","J.B. Oyedokun",4,1986,1991,NA
"https://www.seedportal.org.ng/variety.php?keyword=&category=&varid=340&cropid=9&task=view","Rice","NGOS-91-39","FARO-39","IRAT 144","Short grain type. (1-4t/ha)","Northern and Southern Guinea Savanna, Sudan Savanna, Forest Transition/Derived Savanna","IAR&T Ibadan","IAR&T Ibadan","J.B. Oyedokun",4,1986,1991,NA
"https://www.seedportal.org.ng/variety.php?keyword=&category=&varid=341&cropid=9&task=view","Rice","NGOS-91-40","FARO-40","FARCO-299","Medium grain type. (1-4t/ha)","Northern and Southern Guinea Savanna, Sudan Savanna, Forest Transition/Derived Savanna","Nigeria (NCRI)","NCRI, Bida",NA,4,1986,1991,NA
"https://www.seedportal.org.ng/variety.php?keyword=&category=&varid=342&cropid=9&task=view","Rice","NGOS-91-41","FARO-41","IRAT-170","Medium grain type. (1-4t/ha)","Northern and Southern Guinea Savanna, Sudan Savanna, Forest Transition/Derived Savanna","Nigeria (NCRI)","NCRI, Bida",NA,4,1986,1991,NA
"https://www.seedportal.org.ng/variety.php?keyword=&category=&varid=343&cropid=9&task=view","Rice","NGOS-91-42","FARO-42","ART 12","Medium grain type. (1-4t/ha)","Northern and Southern Guinea Savanna, Sudan Savanna, Forest Transition/Derived Savanna","Nigerian (IAR&T)","Nigeria (IAR&T)","J.B. Oyedokun",4,1986,1991,NA
"https://www.seedportal.org.ng/variety.php?keyword=&category=&varid=344&cropid=9&task=view","Rice","NGOS-91-43","FARO-43","ITA-128","Medium grain type. (1-4t/ha)","Northern and Southern Guinea Savanna, Sudan Savanna, Forest Transition/Derived Savanna","IITA","WARDA & IITA","T.M. Masajo & O.A. Oladimeji",4,1986,1991,NA
"https://www.seedportal.org.ng/variety.php?keyword=&category=&varid=528&cropid=18&task=view","Sokoyokoto","NGCA-00-2","TLV 8","NHCA 2","Broad leaves with succulent stems adaptable to cutting. Late flowering",NA,"IITA","NIHORT","Dr. Wilson and Dr. O.A. Denton",NA,1986,2000,NA
"https://www.seedportal.org.ng/variety.php?keyword=&category=&varid=529&cropid=18&task=view","Sokoyokoto","NGCA-00-3","TLV 9","NHCA 3","Leaf with purple pigmentation, suitable for cutting",NA,"IITA","NIHORT","Dr. Wilson and Dr. O.A. Denton",NA,1986,2000,NA
"https://www.seedportal.org.ng/variety.php?keyword=&category=&varid=589&cropid=35&task=view","Sweet Orange","NGCS-00-1","Etinan","CIT/NH 1","High yielding, top fruit quality.","Forest Transition/Derived Savanna, Southern and Guinea Savanna","South-east, Nigeria","NIHORT","NIHORT",NA,1986,2000,NA
"https://www.seedportal.org.ng/variety.php?keyword=&category=&varid=590&cropid=35&task=view","Sweet Orange","NGCS-00-2","Agege1","CIT/NH 2","High yielding, top fruit quality.","Forest Transition/Derived Savanna, Southern and Guinea Savanna","Agege, South- west, Nigeria","NIHORT","NIHORT",NA,1986,2000,NA
"https://www.seedportal.org.ng/variety.php?keyword=&category=&varid=591&cropid=35&task=view","Sweet Orange","NGCS-00-3","Umudike","CIT/NH 3","High yielding.","Forest Transition/Derived Savanna, Southern and Guinea Savanna","South-east, Nigeria","NIHORT","NIHORT",NA,1986,2000,NA
"https://www.seedportal.org.ng/variety.php?keyword=&category=&varid=592&cropid=35&task=view","Sweet Orange","NGCS-00-4","Parson Brown","CIT/NH 4","High yielding, top fruit quality.","Forest Transition/Derived Savanna, Southern and Guinea Savanna","Florida, U.S.A","Florida Experimental station","NIHORT",NA,1986,2000,NA
"https://www.seedportal.org.ng/variety.php?keyword=&category=&varid=593&cropid=35&task=view","Sweet Orange","NGCS-00-5","Washington Navel","CIT/NH 5","High yielding, top fruit quality.","Forest Transition/Derived Savanna, Southern and Guinea Savanna","Florida, U.S.A","Florida Experimental station","NIHORT",NA,1986,2000,NA
"https://www.seedportal.org.ng/variety.php?keyword=&category=&varid=594&cropid=35&task=view","Sweet Orange","NGCS-00-6","Hamlin","CIT/NH 6","High yielding, top fruit quality and early fruiting.","Forest Transition/Derived Savanna, Southern and Guinea Savanna","Florida, U.S.A","Florida Experimental station","NIHORT",NA,1986,2000,NA
"https://www.seedportal.org.ng/variety.php?keyword=&category=&varid=595&cropid=35&task=view","Sweet Orange","NGCS-00-7","Pine apple","CIT/NH 7","High yielding, top fruit quality.","Forest Transition/Derived Savanna, Southern and Guinea Savanna","Florida, U.S.A","Florida Experimental station","NIHORT",NA,1986,2000,NA
"https://www.seedportal.org.ng/variety.php?keyword=&category=&varid=596&cropid=35&task=view","Sweet Orange","NGCS-00-8","Lue-gim-gong","CIT/NH 8","High yielding, top fruit quality, late maturity.","Forest Transition/Derived Savanna, Southern and Guinea Savanna","Florida, U.S.A","Florida Experimental station","NIHORT",NA,1986,2000,NA
"https://www.seedportal.org.ng/variety.php?keyword=&category=&varid=597&cropid=35&task=view","Sweet Orange","NGCS-00-9","Meran","CIT/NH 9","High yielding, top fruit quality with mid season fruiting.","Forest Transition/Derived Savanna, Southern and Guinea Savanna","South-east, Nigeria","NIHORT","NIHORT",NA,1986,2000,NA
"https://www.seedportal.org.ng/variety.php?keyword=&category=&varid=598&cropid=35&task=view","Sweet Orange","NGCS-00-10","Bende","CIT/NH 10","High yielding, top fruit quality.","Forest Transition/Derived Savanna, Southern and Guinea Savanna","South-east, Nigeria","NIHORT","NIHORT",NA,1986,2000,NA
"https://www.seedportal.org.ng/variety.php?keyword=&category=&varid=599&cropid=35&task=view","Sweet Orange","NGCS-00-11","Valencia","CIT/NH 11","High yielding, top fruit quality, late maturity.","Forest Transition/Derived Savanna, Southern and Guinea Savanna","Florida, U.S.A","Florida Experimental station","NIHORT",NA,1986,2000,NA
"https://www.seedportal.org.ng/variety.php?keyword=&category=&varid=600&cropid=36&task=view","Tangelo","NGCS-00-12","Lake Tangelo","CIT/NH 12","High yielding, top quality.","Forest Transition/Derived Savanna, Southern and Guinea Savanna","Florida U.S.A","Florida Experimental station","NIHORT",NA,1986,2000,NA
"https://www.seedportal.org.ng/variety.php?keyword=&category=&varid=65&cropid=3&task=view","Cowpea","NGVU 91-6","K-28","K-28","Very high swelling capacity of seed when cooked","All ecological zones","Nigeria (Local selection)","NCRI, Badeggi","O.A. Ojomo, S.O. Olafare, M.A. Adenihun & J.A. Raji",NA,1985,1991,NA
"https://www.seedportal.org.ng/variety.php?keyword=&category=&varid=66&cropid=3&task=view","Cowpea","NGVU 91-7","L25","L-25","Dry grains can be processed into canned beans.","All ecological zones","Nigeria (Local selection)","NCRI, Badeggi","S.O. Olafare, M.A. Adenihun & O.A. Ojomo",NA,1985,1991,NA
"https://www.seedportal.org.ng/variety.php?keyword=&category=&varid=67&cropid=3&task=view","Cowpea","NGVU 91-8","Ife Bimpe","Branching Peduncle 3 (BPC)","Semi Erect and uniform maturity, pods held above the canopy.","Derived Savanna and Forest Zones","Nigeria (Mutant ofIfe Brown)","IAR&T, Ibadan","Iyiola Fawole, N.O. Afolabi and J. A. Raji",NA,1985,1991,NA
"https://www.seedportal.org.ng/variety.php?keyword=&category=&varid=75&cropid=3&task=view","Cowpea","NGVU-96-16","IT81D-994","IT81D-994","Large seeds like local varieties with Bruchid resistance.",NA,"IITA Ibadan","IITA Ibadan","Dr. B.B. Sigh & Dr. K.J. Rodden.",NA,1985,1996,NA
"https://www.seedportal.org.ng/variety.php?keyword=&category=&varid=80&cropid=3&task=view","Cowpea","NGVU-96-21","IFH-101","IFH-101","High yielding, insensitive to photoperiod. Resistant to important cowpea diseases and tolerant to common pests.",NA,"I.A.R&T, Moor Plantation, Ibadan","I.A.R&T, Moor Plantation, Ibadan","Dr. I. Fawole, Mr. N.O. Afolabi & Dr. B. A. Ogunbodede",NA,1985,1996,NA
"https://www.seedportal.org.ng/variety.php?keyword=&category=&varid=81&cropid=3&task=view","Cowpea","NGVU-96-22","Popse-1","Popse-1","High yielding, resistant to anthracnose and tolerant to other common cowpea diseases and pests.",NA,"I.A.R&T Moor Plantation, Ibadan","I.A.R&T Moor Plantation, Ibadan","Iyiola Fawole, N. O. Afolabi & Dr. B. A. Ogunbodede",NA,1985,1996,NA
"https://www.seedportal.org.ng/variety.php?keyword=&category=&varid=100&cropid=4&task=view","Soybean","NGGM-96-7","TGX-536-02D","TGX-536-02D","Medium size seeds, moderately resistant to Cercospora leaf spot.",NA,"Nigeria","IITA & I.A.R.&T, Ibadan","E. A. Keuneman, W. R. Root, P.O. Oyekan & K.E. Dashiell.",NA,1985,1996,NA
"https://www.seedportal.org.ng/variety.php?keyword=&category=&varid=101&cropid=4&task=view","Soybean","NGGM-96-8","TGX-713-09D","TGX-713-09D","Medium size seeds, moderately resistant to Cercospora leaf spot.",NA,"Nigeria","IITA & I.A.R.&T, Ibadan","E.A. Keuneman, P.O. Oyekan & N.O. Afolabi.",NA,1985,1996,NA
"https://www.seedportal.org.ng/variety.php?keyword=&category=&varid=164&cropid=7&task=view","Maize","NGZM-91-14","NARZH-7","8425-8","High yielding 6t/ha, resistant to streak and striga, semi-dent grain texture.",NA,"IITA, Ibadan","IITA, Ibadan","S. K. Kim, Y. Efron, J. M. Fajemisin & Z. T. Dabrowski",6,1985,1991,NA
"https://www.seedportal.org.ng/variety.php?keyword=&category=&varid=165&cropid=7&task=view","Maize","NGZM91-15","NARZH-8","8425-19","High yielding 6t/ha, resistant to streak, striga, semi-dent.","Savanna Ecological Zones","IITA, Ibadan","IITA, Ibadan","S. K. Kim, Y. Efron, J. M. Fajemisin & Z. T. Dabrowski",6,1985,1991,NA
"https://www.seedportal.org.ng/variety.php?keyword=&category=&varid=166&cropid=7&task=view","Maize","NGZM-91-16","NARZH-9","8434-11","High yielding, resistant to streak and storage weevil, semi flint grain. High yielding- 5t/ha.","Forest / Savanna ecologies","IITA, Ibadan","IITA, Ibadan","S. K. Kim, Y. Efron, J. M. Fajemisin & Z. T. Dabrowski",5,1985,1991,NA
"https://www.seedportal.org.ng/variety.php?keyword=&category=&varid=192&cropid=7&task=view","Maize","NGZM-91-42","NARZO-28","TZMSR-W","Resistance to downy mildew streak, rust and blight.",NA,"IITA, Ibadan","IITA, Ibadan","S. K. Kim, Y. Efron, D. Makonnen, L. Everett, Z. T. Dabrowski & J. M. Fajemisin",NA,1985,1991,NA
"https://www.seedportal.org.ng/variety.php?keyword=&category=&varid=295&cropid=8&task=view","Pearl Millet","NGPG-91-6","SAMIL-6","S.E.13","Early maturing adapted to all savanna zones, good yield potential. (2.5-3t/ha)","All Savanna Zones","I.A.R. Samaru Zaria","I.A.R-Samaru Zaria","C.C.Nwasike, R.B. Thakare and S.O. Okiro",3,1985,1991,NA
"https://www.seedportal.org.ng/variety.php?keyword=&category=&varid=296&cropid=8&task=view","Pearl Millet","NGPG-91-7","SAMIL-7","S.E.2124","Early maturing, good seed quality, high yield. (2.5-3t/ha)","All Savanna Zones","I.A.R. Samaru Zaria","I.A.R-Samaru Zaria","C.C.Nwasike, R.B. Thakare and S.O. Okiro",3,1985,1991,NA
"https://www.seedportal.org.ng/variety.php?keyword=&category=&varid=478&cropid=14&task=view","Tomato","NGLE -00-13","Tomato","NHLE 30","Big pink fruits when ripe, high fruit setting under wet humid condition. Tolerant to rootknot nematode",NA,"Ibadan","NIHORT","Dr. Lanre Denton, Dr. Prem Nath",NA,1985,2000,NA
"https://www.seedportal.org.ng/variety.php?keyword=&category=&varid=479&cropid=14&task=view","Tomato","NGLE -00 -14","Onityre","NGLE -158-3","Pinkish red puffy (ridged) fruits high fruit setting under wet humid condition. Tolerant to foliage diseases and rootknot nematode.",NA,"Ogbomosho","NIHORT","Dr. Lanre Denton, Dr. Prem Nath",NA,1985,2000,NA
"https://www.seedportal.org.ng/variety.php?keyword=&category=&varid=519&cropid=17&task=view","Amaranthus","NGAC-00-1","Tete (Green)","NHAC 49","Late maturing, adaptable to several cuttings, high yielding and nematode resistant.",NA,"Ote (Kwara State)","NIHORT","Dr.Denton, Olufolaji and Badra",NA,1985,2000,NA
"https://www.seedportal.org.ng/variety.php?keyword=&category=&varid=535&cropid=20&task=view","Okra","NGAE-00-3","NHAR 47-4","NHAR 47-4","Early maturing, good draw property.",NA,"Ilorin","NIHORT","Dr. O.A. Denton and Prem Nath",NA,1985,2000,NA
"https://www.seedportal.org.ng/variety.php?keyword=&category=&varid=1&cropid=1&task=view","Cassava","NGME 91-1","NICASS 1","TMS-30572 (Idi- Oshe)","High yielding",NA,"IITA Ibadan","IITA Ibadan","Dr. S. K. Hahn",NA,1984,1991,NA
"https://www.seedportal.org.ng/variety.php?keyword=&category=&varid=64&cropid=3&task=view","Cowpea","NGVU 91-5","Kudi","K-59","Uniformity in flowering and maturity, pest and disease resistance","All ecological zones","Nigeria (Local selection)","NCRI, Badeggi","O.A. Ojomo, S.O. Olafare, M.A. Adenihun & J.A. Raji",NA,1984,1991,NA
"https://www.seedportal.org.ng/variety.php?keyword=&category=&varid=98&cropid=4&task=view","Soybean","NGGM-96-5","TGM-344 Hemon","TGM-344 Hemon","Good nodulation",NA,"Uganda","IITA & I.A.R.&T, Ibadan","E. A. Keuneman, P.O. Oyekan & N.O. Afolabi.",NA,1984,1996,NA
"https://www.seedportal.org.ng/variety.php?keyword=&category=&varid=99&cropid=4&task=view","Soybean","NGGM-96-6","TGX-306-036C","TGX-306-036C","High protein content",NA,"Nigeria","IITA & I.A.R.&T, Ibadan","E.A. Keuneman, W. R. Root, P.O. Oyekan & N.O. Afolabi.",NA,1984,1996,NA
"https://www.seedportal.org.ng/variety.php?keyword=&category=&varid=157&cropid=7&task=view","Maize","NGZM-91-7","NARZO-24","DMR-LSRW","Resistant to downy mildew, sturdy and vigorous plants","Forest and savanna ecological zones","IITA, Ibadan","IITA, Ibadan","J.M. Fajemisin",NA,1984,1991,NA
"https://www.seedportal.org.ng/variety.php?keyword=&category=&varid=158&cropid=7&task=view","Maize","NGZM-91-8","NARZO-25","DMR-LSRY","Resistant to downy mildew, sturdy and vigorous plants","Forest and savanna ecological zones","IITA, Ibadan","IITA, Ibadan","J.M. Fajemisin",NA,1984,1991,NA
"https://www.seedportal.org.ng/variety.php?keyword=&category=&varid=159&cropid=7&task=view","Maize","NGZM-91-9","NARZH-1","8321-18","Resistant to streak, striga/ weevil; semi-flint garin. High yielding- 6.5t/ha.","Forest and savanna ecological zones","IITA, Ibadan","IITA, Ibadan","S. K. Kim, Y. Efron, J. M. Fajemisin & Z. T. Dabrowski",6.5,1984,1991,NA
"https://www.seedportal.org.ng/variety.php?keyword=&category=&varid=160&cropid=7&task=view","Maize","NGZM-91-10","NARZH-2","8321-21","High yielding, 6t/ha Resistant to streak, rust blight, dent grain texture.","Forest and savanna ecological zones","IITA, Ibadan","IITA, Ibadan","S. K. Kim, Y. Efron, J. M. Fajemisin & Z. T. Dabrowski",6,1984,1991,NA
"https://www.seedportal.org.ng/variety.php?keyword=&category=&varid=161&cropid=7&task=view","Maize","NGZM-91-11","NARZH-3","8522-3","High yielding, 6t/ha Resistant to streak, rust blight, dent grain texture.",NA,"IITA, Ibadan","IITA, Ibadan","S. K. Kim, Y. Efron, J. M. Fajemisin & Z. T. Dabrowski",6,1984,1991,NA
"https://www.seedportal.org.ng/variety.php?keyword=&category=&varid=162&cropid=7&task=view","Maize","NGZM-91-12","NARZH-4","8522-13","High yielding 6t/ha,resistant to streak and striga, semi-dent graint texture.","Forest and savanna ecological zones","IITA, Ibadan","IITA, Ibadan","S. K. Kim, Y. Efron, J. M. Fajemisin & Z. T. Dabrowski",6,1984,1991,NA
"https://www.seedportal.org.ng/variety.php?keyword=&category=&varid=163&cropid=7&task=view","Maize","NGZM-91-13","NARZH-6","8341-5","High yielding 6t/ha,resistant to streak and striga, semi-dent graint texture.",NA,"IITA, Ibadan","IITA, Ibadan","S. K. Kim, Y. Efron, J. M. Fajemisin & Z. T. Dabrowski",6,1984,1991,NA
"https://www.seedportal.org.ng/variety.php?keyword=&category=&varid=172&cropid=7&task=view","Maize","NGZM-91-22","NARZH-5","8341-5","High yielding, resistant to streak and weevil, flint grain texture.",NA,"IITA, Ibadan","IITA, Ibadan","S. K. Kim, Y. Efron, J. M. Fajemisin & Z. T. Dabrowski",NA,1984,1991,NA
"https://www.seedportal.org.ng/variety.php?keyword=&category=&varid=190&cropid=7&task=view","Maize","NGZM-91-40","NARZO-26","DMR-ESRW","Resistance to downy mildew streak, rust and blight.","Forest / Savanna ecologies","NCRI/IITA, Ibadan","NCRI/IITA, Ibadan","Dr. Fajemisin",NA,1984,1991,NA
"https://www.seedportal.org.ng/variety.php?keyword=&category=&varid=191&cropid=7&task=view","Maize","NGZM-91-41","NARZO-27","DMR-ESRY","Resistance to downy mildew streak, rust and blight.","Forest / Savanna ecologies","NCRI/IITA, Ibadan","NCRI/IITA, Ibadan","Maize team",NA,1984,1991,NA
"https://www.seedportal.org.ng/variety.php?keyword=&category=&varid=330&cropid=9&task=view","Rice","NGOS-91-29","FARO-29","BG90/2","Medium grain type. (3-4t/ha)","Forest Transition/Derived Savanna, Humid Forest","Nigeria (NCRI)","FDAR (NCRI)",NA,4,1984,1991,NA
"https://www.seedportal.org.ng/variety.php?keyword=&category=&varid=420&cropid=12&task=view","Sorghum","NGSB-91-27","SAMSORG-7","KSV -13 (L.2007/79)","Early maturity (90-110 days). (1.8-3t/ha)","Sudan and Sahel Savanna Zones","I.A.R, Samaru, Zaria","I.A.R. Samaru, Zaria","T. Obilana, El Rouby",3,1984,1991,NA
"https://www.seedportal.org.ng/variety.php?keyword=&category=&varid=421&cropid=12&task=view","Sorghum","NGSB-91-28","SAMSORG-8","KSV -14 (L.2024/79)","Early maturity (90-110 days). (1.8-3t/ha)","Sudan and Sahel Savanna Zones","I.A.R, Samaru, Zaria","I.A.R. Samaru, Zaria","T. Obilana, El Rouby",3,1984,1991,NA
"https://www.seedportal.org.ng/variety.php?keyword=&category=&varid=422&cropid=12&task=view","Sorghum","NGSB-91-29","SAMSORG-9","KSV -15 (L.2281/79)","Early maturity (90-110 days). (1.8-3.5t/ha)","Sudan and Sahel Savanna Zones","I.A.R, Samaru, Zaria","I.A.R. Samaru, Zaria","T. Obilana, El Rouby",3.5,1984,1991,NA
"https://www.seedportal.org.ng/variety.php?keyword=&category=&varid=448&cropid=13&task=view","Sugarcane","NGSO - 96-4","CO - 62175","CO - 62175","Good Juice quality",NA,"Coinbato India","13 Breeding Institute Coinbatore, India",NA,NA,1984,1996,NA
"https://www.seedportal.org.ng/variety.php?keyword=&category=&varid=449&cropid=13&task=view","Sugarcane","NGSO - 96-5","CO - 997","CO - 997","Early maturing and tillering",NA,"Coinbato India","13 Breeding Institute Coinbatore, India",NA,NA,1984,1996,NA
"https://www.seedportal.org.ng/variety.php?keyword=&category=&varid=450&cropid=13&task=view","Sugarcane","NGSO - 96-6","B-61208","B-61208","Good ratooner and tillering habits, resistant to major pests/diseases",NA,"Barbados","West India, Central 13 Breeding Station Barbados",NA,NA,1984,1996,NA
"https://www.seedportal.org.ng/variety.php?keyword=&category=&varid=452&cropid=13&task=view","Sugarcane","NGSO - 96-8","B 51129","B 51129","Good tillering habit",NA,"Barbados","WICSBS, Barbados Intro to Nigeria by SSCL",NA,NA,1984,1996,NA
"https://www.seedportal.org.ng/variety.php?keyword=&category=&varid=453&cropid=13&task=view","Sugarcane","NGSO - 96-9","B 63349","B 63349","Broad, spreading, non hairy leaves. Good juice quality.",NA,"Barbados","WICSBS, Barbados Intro to Nigeria by SSCL",NA,NA,1984,1996,NA
"https://www.seedportal.org.ng/variety.php?keyword=&category=&varid=454&cropid=13&task=view","Sugarcane","NGSO - 97-10","ILS-001","USRI 85/46","Vigorous tillering habit, fairly good ratooner.",NA,"Ilorin Nigeria","USRI, Ilorin, Nigeria","M.A. Manhalay, G. Olaoye & S.B. Agbana",NA,1984,1997,NA
"https://www.seedportal.org.ng/variety.php?keyword=&category=&varid=455&cropid=13&task=view","Sugarcane","NGSO - 97-11","ILS-002","USRI 86/04","Vigorous ratooning ability, tolerant to moisture stress.",NA,"Ilorin Nigeria","USRI, Ilorin, Nigeria","M.A. Manhalay, G. Olaoye & S.B. Agbana",NA,1984,1997,NA
"https://www.seedportal.org.ng/variety.php?keyword=&category=&varid=456&cropid=13&task=view","Sugarcane","NGSO - 97-12","NCS 001","BD83-019","Non flowering, good ratooning habit",NA,"Badeggi Nigeria","NCRI, Badeggi, Nigeria","A.O. Obajimi, S. Agboire & S.B. Agbana",NA,1984,1997,NA
"https://www.seedportal.org.ng/variety.php?keyword=&category=&varid=457&cropid=13&task=view","Sugarcane","NGSO - 97-13","NCS 002","BD83-025","Good ratooning habit. Good juice quality",NA,"Badeggi Nigeria","NCRI, Badeggi, Nigeria","A.O. Obajimi, S.Agboire & S.B. Agbana",NA,1984,1997,NA
"https://www.seedportal.org.ng/variety.php?keyword=&category=&varid=523&cropid=17&task=view","Amaranthus","NGAC-00-5","Tete (Opopo)","NHAD 35","Tall soft green leaves with profuse branching habit, suitable for repeated cuttings.",NA,"Ibadan","NIHORT","Dr.O.A. Denton & Dr. Prem Nath",NA,1984,2000,NA
"https://www.seedportal.org.ng/variety.php?keyword=&category=&varid=527&cropid=18&task=view","Sokoyokoto","NGCA-00-1","Sokoyokoto (soko-funfun)","NHCA 1","Narrow lancolate leaves with good cooking qualities and woody stem with white colour",NA,"Abeokuta","NIHORT","NIHORT",NA,1984,2000,NA
"https://www.seedportal.org.ng/variety.php?keyword=&category=&varid=543&cropid=22&task=view","Pepper","NGCF-00-4","Ata Rodo","NACa(R) 142B","Erect, green stem colour, fruit declining, low pungency.",NA,"Oyo","NIHORT","Dr. Denton, Dr. Badra, Miss Dinakin",NA,1984,2000,NA
"https://www.seedportal.org.ng/variety.php?keyword=&category=&varid=569&cropid=28&task=view","Oil Palm","NGEG-00-1","EWS-NIFOR4","Tenera","Slow stem increament and early maturing.","Humid Forest, Forest Transition/Derived Savanna","NIFOR Benin City","NIFOR Benin City","Spamaaij, L.D., Menendez, T.G. Blaak, Obasola, C.O., Mekako, H.U., Otedoh, M.O., Akpan, E.E.J., Obisesan, I., Okwuagwu, C.O., Okolo, E.C., Oboh, B.C.D. Ataga",NA,1984,2000,NA
"https://www.seedportal.org.ng/variety.php?keyword=&category=&varid=95&cropid=4&task=view","Soybean","NGGM-91-2","M-351","M-351","Good nodulation, productive on low fertility soil",NA,"Nigeria","I.A.R Samaru, Zaria","Van Reehen, O. Leleji & D.K. Adedzwa",NA,1983,1991,NA
"https://www.seedportal.org.ng/variety.php?keyword=&category=&varid=96&cropid=4&task=view","Soybean","NGGM-91-3","SAMSOY-1","M-79","High yielding, good nodulation, wider adaptability than existing variety",NA,"Nigeria","I.A.R. Samaru, Zaria","Van Reehen, O. Leleji & D.K. Adedzwa.",NA,1983,1991,NA
"https://www.seedportal.org.ng/variety.php?keyword=&category=&varid=97&cropid=4&task=view","Soybean","NGGM-91-4","SAMSOY-2","M-216","Fairly resistant to pod shattering, big seeds",NA,"Nigeria","I.A.R. Samaru, Zaria","Van Reehen, O. Leleji & D.K. Adedzwa.",NA,1983,1991,NA
"https://www.seedportal.org.ng/variety.php?keyword=&category=&varid=292&cropid=8&task=view","Pearl Millet","NGPG-91-3","SAMIL-3","Dwarf Composite","Consideration suitable for mechanization because of short stature and early maturity","Sudan and Sahel Savanna Zones","I.A.R. Samaru Kano station","I.A.R-Samaru Zaria","C.C.Nwasike, R.B. Thakare and S.O. Okiro",NA,1983,1991,NA
"https://www.seedportal.org.ng/variety.php?keyword=&category=&varid=293&cropid=8&task=view","Pearl Millet","NGP-91-4","SAMIL-4","Maiwa Composite","Strong stem used for fencing where it is grown. (1-2t/ha)","Southern Guinea Savanna, Northern Guinea Savanna and Sudan Savanna Zones","I.A.R. Samaru Kano station","I.A.R-Samaru Zaria","C.C.Nwasike, R.B. Thakare and S.O. Okiro",2,1983,1991,NA
"https://www.seedportal.org.ng/variety.php?keyword=&category=&varid=294&cropid=8&task=view","Pearl Millet","NGP-91-5","SAMIL-5","Bristle Composte","Advantage over non- bristled type in reducing bird demage. (2.5-3t/ha)","All Savanna Zones","I.A.R. Samaru Kano station","I.A.R-Samaru Zaria","C.C.Nwasike, R.B. Thakare and S.O. Okiro",3,1983,1991,NA
"https://www.seedportal.org.ng/variety.php?keyword=&category=&varid=542&cropid=22&task=view","Pepper","NGCF-00-3","Ata Wewe","NHCf 378","Erect with profuse fruiting and an upright fruit carriage.",NA,"Zaria","NIHORT","Dr. Denton and Miss Dinakin",NA,1983,2000,NA
"https://www.seedportal.org.ng/variety.php?keyword=&category=&varid=74&cropid=3&task=view","Cowpea","NGVU-96-15","TVX-3236","TVX-3236","Over the canopy pods, thrips resistance, good palatability, short cooking time",NA,"IITA Ibadan","IITA Ibadan","Dr. K. O. Rachie & Dr. S.R. Singh",NA,1982,1996,NA
"https://www.seedportal.org.ng/variety.php?keyword=&category=&varid=188&cropid=7&task=view","Maize","NGZM-91-38","NARZO-22","TZESR-W","Resistant to downy mildew, rust and blight.","Forest / Savanna ecologies","I.A.R. & T./IITA Ibadan","IITA Ibadan","S. K. Kim, Y. Efron, J. M. Fajemisin & Z. T. Dabrowski",NA,1982,1991,NA
"https://www.seedportal.org.ng/variety.php?keyword=&category=&varid=189&cropid=7&task=view","Maize","NGZM-91-39","NARZO-23","TZESR-Y","Resistant to streak, rust and blight.","Forest / Savanna ecologies","I.A.R. & T./IITA Ibadan","IITA Ibadan","S. K. Kim, Y. Efron, J. M. Fajemisin & Z. T. Dabrowski",NA,1982,1991,NA
"https://www.seedportal.org.ng/variety.php?keyword=&category=&varid=327&cropid=9&task=view","Rice","NGOS-91-26","FARO-26","TOS-78","Medium grain type. (2-3t/ha)","Forest Transition/Derived Savanna, Humid Forest","Nigeria (NCRI)","FDAR (NCRI)",NA,3,1982,1991,NA
"https://www.seedportal.org.ng/variety.php?keyword=&category=&varid=328&cropid=9&task=view","Rice","NGOS-91-27","FARO-27","TOS-103","Medium grain type. (2.5-3.5t/ha)","Forest Transition/Derived Savanna, Humid Forest","Nigeria (NCRI)","FDAR (NCRI)",NA,3.5,1982,1991,NA
"https://www.seedportal.org.ng/variety.php?keyword=&category=&varid=329&cropid=9&task=view","Rice","NGOS-91-28","FARO-28","FAROX-188A","Medium grain type. (2.5-3.5t/ha)","Forest Transition/Derived Savanna, Humid Forest","Nigeria (NCRI)","FDAR (NCRI)",NA,3.5,1982,1991,NA
"https://www.seedportal.org.ng/variety.php?keyword=&category=&varid=412&cropid=12&task=view","Sorghum","NGSB-91-19","SAMSORG-5","KVS - 11 (E7A3143)","Very early maturity; dwarf sorghum variety.","Sudan and Sahel Savanna Zones","I.A.R, Samaru, Zaria","I.A.R. Samaru, Zaria","T. Obilana, El Rouby",NA,1982,1991,NA
"https://www.seedportal.org.ng/variety.php?keyword=&category=&varid=413&cropid=12&task=view","Sorghum","NGSB-91-20","SAMSORG-6","KSV -12 (137/63)","Early maturity (90 -110 days). (1.8-3t/ha)","Sudan and Sahel Savanna Zones","I.A.R, Samaru, Zaria","I.A.R. Samaru, Zaria","T. Obilana, El Rouby",3,1982,1991,NA
"https://www.seedportal.org.ng/variety.php?keyword=&category=&varid=414&cropid=12&task=view","Sorghum","NGSB-91-21","SAMSORG-13","KVS -7 (KL.538)","Short, semi-dwarf medium season variety.","Northern Guinea Savanna and Southern Sudan Savanna","I.A.R, Samaru, Zaria","I.A.R. Samaru, Zaria","T. Obilana, El Rouby",NA,1982,1991,NA
"https://www.seedportal.org.ng/variety.php?keyword=&category=&varid=415&cropid=12&task=view","Sorghum","NGSB-91-22","SAMSORG-14","KSV -8 (A.9025)","Tolerant to striga. (1.5-3t/ha)","Northern Guinea Savanna and Southern Sudan Savanna","I.A.R, Samaru, Zaria","I.A.R. Samaru, Zaria","T. Obilana, El Rouby",3,1982,1991,NA
"https://www.seedportal.org.ng/variety.php?keyword=&category=&varid=416&cropid=12&task=view","Sorghum","NGSB-91-23","SAMSORG-23","SSV-9 (L.243)","High yielding, tolerant to striga. (1.8-3t/ha)","Northern Guinea Savanna","I.A.R, Samaru, Zaria","I.A.R. Samaru, Zaria","T. Obilana, El Rouby",3,1982,1991,NA
"https://www.seedportal.org.ng/variety.php?keyword=&category=&varid=417&cropid=12&task=view","Sorghum","NGSB-91-24","SAMSORG-24","SSV -10 (L.533)","Good for brewing, striga tolerant, high yielding. (1.8-3t/ha)","Northern Guinea Savanna and Southern Sudan Savanna","I.A.R, Samaru, Zaria","I.A.R. Samaru, Zaria","T. Obilana, El Rouby",3,1982,1991,NA
"https://www.seedportal.org.ng/variety.php?keyword=&category=&varid=418&cropid=12&task=view","Sorghum","NGSB-91-25","SAMSORG-25","SSV-11 (L.3800)","High yielding, tolerant to striga. (1.8-3.5t/ha)","Southern Guinea Savanna","I.A.R, Samaru, Zaria","I.A.R. Samaru, Zaria","T. Obilana, El Rouby",3.5,1982,1991,NA
"https://www.seedportal.org.ng/variety.php?keyword=&category=&varid=419&cropid=12&task=view","Sorghum","NGSB-91-26","SAMSORG-26","SSV -12 (L.3804)","High yielding 1,800-3, 500kg/ha. (1.8-3.5t/ha)","Southern Guinea Savanna","I.A.R, Samaru, Zaria","I.A.R. Samaru, Zaria","T. Obilana, El Rouby",3.5,1982,1991,NA
"https://www.seedportal.org.ng/variety.php?keyword=&category=&varid=423&cropid=12&task=view","Sorghum","NGSB-96-30","SAMSORG-41","ICSV - 111","Hard grains with good local food quality, high yield and drought tolerant",NA,"ICRISAT, Kano","ICRISAT, Kano & IAR, Samaru","D.S.Murty, S.C. Gupta, C.C. Nwasike, D.A.Aba & F.A. Showemimo",NA,1982,1996,NA
"https://www.seedportal.org.ng/variety.php?keyword=&category=&varid=424&cropid=12&task=view","Sorghum","NGSB-96-31","SAMSORG-40","ICSV - 400","Non lodging, drought tolerant, and non scent variety with good response to fertilizers, grains have good food and malting quality.",NA,"ICRISAT, Kano","ICRISAT, Kano & IAR, Samaru","D.S.Murty, S.C. Gupta, C.C. Nwasike, D.A. Aba & F.A. Showemimo",NA,1982,1996,NA
"https://www.seedportal.org.ng/variety.php?keyword=&category=&varid=425&cropid=12&task=view","Sorghum","NGSB-96-32","SAMSORG-38","NR-71176nr-71176","High yielding, early maturing",NA,"SUDAN ZONE ICRISAT-LINE","IAR, Samaru, Zaria","C.C. Nwasike, D.A. Aba, D.S. Murty, S.C. Gupta & F.A. Showemimo",NA,1982,1996,NA
"https://www.seedportal.org.ng/variety.php?keyword=&category=&varid=426&cropid=12&task=view","Sorghum","NGSB-96-33","SAMSORG-39","NR-71182","High yielding, early maturing",NA,"SUDAN ZONE ICRISAT-LINE","IAR, Samaru, Zaria","C.C. Nwasike, D.A. Aba, D.S. Murty & F.A. Showemimo",NA,1982,1996,NA
"https://www.seedportal.org.ng/variety.php?keyword=&category=&varid=427&cropid=12&task=view","Sorghum","NGSB-96-34","SAMSORG-H1","NSSH-91001","High yielding, early maturity",NA,"IAR, Samaru Zaria","IAR, Samaru, Zaria","C.C. Nwasike, D.A. Aba, D.S. Murty, S.C. Gupta & F.A. Showemimo",NA,1982,1996,NA
"https://www.seedportal.org.ng/variety.php?keyword=&category=&varid=428&cropid=12&task=view","Sorghum","NGSB-96-35","SAMSORG-H2","NSSH-91002","High yielding, early maturing",NA,"IAR, Samaru Zaria","IAR, Samaru, Zaria","C.C. Nwasike, D.A. Aba, D.S. Murty, S.C. Gupta & F.A. Showemimo",NA,1982,1996,NA
"https://www.seedportal.org.ng/variety.php?keyword=&category=&varid=429&cropid=12&task=view","Sorghum","NGSB-96-36","SAMSORG-H3","ICSV-89002-NG","Stable, high yielding, drought tolerant and good grains hybrid with good malting property.",NA,"ICRISA, Kano","ICRISAT, Kano & IAR, Samaru","C.C. Nwasike, D.A. Aba, D.S. Murty, S.C. Gupta & F.A. Showemimo",NA,1982,1996,NA
"https://www.seedportal.org.ng/variety.php?keyword=&category=&varid=430&cropid=12&task=view","Sorghum","NGSB-96-37","SAMSORG-H4","ICSV-89009-NG","Stable, high yielding, drought tolerant and good grains hybrid",NA,"ICRISA, Kano","ICRISAT, Kano & IAR, Samaru","C.C. Nwasike, D.A. Aba, D.S. Murty, S.C. Gupta & F.A. Showemimo",NA,1982,1996,NA
"https://www.seedportal.org.ng/variety.php?keyword=&category=&varid=531&cropid=19&task=view","Corchorus","NGCO-00-2","NHC 06","Amungbadu","Good draw property, deep green and shining leaves. Tolerant to rootknot nematode.",NA,"Abeokuta","NIHORT","Dr. O.A. Denton and Miss Dinakin",NA,1982,2000,NA
"https://www.seedportal.org.ng/variety.php?keyword=&category=&varid=532&cropid=19&task=view","Corchorus","NGCO-00-3","NHC 09","Oniyaya","Shining deeply serrated leaves. Suitable for uprooting and cutting.",NA,"Abeokuta","NIHORT","Dr. O.A. Denton and Miss Dinakin",NA,1982,2000,NA
"https://www.seedportal.org.ng/variety.php?keyword=&category=&varid=540&cropid=22&task=view","Pepper","NGCF-00-1","Ata Sombo","NHCf 371","Upright fruit bearing profile.",NA,"Ogbomoso","NIHORT","Dr. Denton, Dr. Nath, Miss Dinakin",NA,1982,2000,NA
"https://www.seedportal.org.ng/variety.php?keyword=&category=&varid=544&cropid=22&task=view","Pepper","NGCF-00-5","Ata Rodo","NACa(R) 429","Prolific flowering and fruiting, disease tolerant.",NA,"Ibadan","NIHORT","Dr. Denton, Dr. Nath, Miss Dinakin",NA,1982,2000,NA
"https://www.seedportal.org.ng/variety.php?keyword=&category=&varid=563&cropid=25&task=view","Cashew","NGAO-99-1","G Series","G. Series","High yielding with intensive and extensive branching habit.","Forest Transition/Derived Savanna","Eruwa and Iwo","CRIN","J.M. Sanwo, M. Faluyi and Badaru.K",NA,1982,1999,NA
"https://www.seedportal.org.ng/variety.php?keyword=&category=&varid=564&cropid=26&task=view","Kola","NGCN-99-1","AC58",NA,"Self compatibility with red bean / nut colour and two cotyledons.","Forest Transition/Derived Savanna","Agege Ibadan","CRIN Ibadan","Russel T. and Van Eijnatten",NA,1982,1999,NA
"https://www.seedportal.org.ng/variety.php?keyword=&category=&varid=565&cropid=26&task=view","Kola","NGCN-99-2","AA231",NA,"General combining ability and homozygous for red nuts.","Forest Transition/Derived Savanna","Agege Ibadan","CRIN Ibadan","T.A Russel and Van Eijnatten",NA,1982,1999,NA
"https://www.seedportal.org.ng/variety.php?keyword=&category=&varid=566&cropid=26&task=view","Kola","NGCN-99-3","AD44",NA,"Self compatible, high yielding. High general combining ability, red and white nut.","Forest Transition/Derived Savanna","Agege Ibadan","CRIN Ibadan","Van Eijnatten",NA,1982,1999,NA
"https://www.seedportal.org.ng/variety.php?keyword=&category=&varid=155&cropid=7&task=view","Maize","NGZM-91-5","NARZO-20","TZSR-W","High yielding, and widely adapted, streak resistant","Forest and savanna ecological zones","NCRI/IITA, Ibadan","NCRI/IITA, Ibadan","S. K. Kim, Y. Efron, J. M. Fajemisin, Z. T. Dabrowski & I. Buddenhagen",NA,1981,1991,NA
"https://www.seedportal.org.ng/variety.php?keyword=&category=&varid=156&cropid=7&task=view","Maize","NGZM-91-6","NARZO-21","TZSR-Y","High yielding, and widely adapted, streak resistant","Forest and savanna ecological zones","NCRI/IITA, Ibadan","NCRI/IITA, Ibadan","S. K. Kim, Y. Efron, J. M. Fajemisin, Z. T. Dabrowski & I. Buddenhagen",NA,1981,1991,NA
"https://www.seedportal.org.ng/variety.php?keyword=&category=&varid=530&cropid=19&task=view","Corchorus","NGCO-00-1","NHC 03","Ewedu Eti Ehoro","Good draw property, deep green and shining leaves. Tolerant to rootknot nematode.",NA,"Ilorin","NIHORT","Dr. O.A. Denton and Miss Dinakin",NA,1981,2000,NA
"https://www.seedportal.org.ng/variety.php?keyword=&category=&varid=541&cropid=22&task=view","Pepper","NGCF-00-2","Ata Sombo","NHCf 387","Profuse fruit setting with an upright plants shape.",NA,"Kano","NIHORT","Dr. Denton, Dr.Badra, Miss Dinakin",NA,1981,2000,NA
"https://www.seedportal.org.ng/variety.php?keyword=&category=&varid=132&cropid=6&task=view","Groundnut","NGAH 91-8","SAMNUT-7","M.104.74","Moderately drought tolerant, oil content 51-52%, yield 2,000-2,800kg/ha, medium maturity (110-120 days). (2-2.8t/ha)","Sudan and Northern Guinea Savanna","IAR Samaru Zaria","IAR Samaru","C. Harkness",2.8,1980,1991,NA
"https://www.seedportal.org.ng/variety.php?keyword=&category=&varid=133&cropid=6&task=view","Groundnut","NGAH 91-9","SAMNUT-8","M.103.74","Moderately drought tolerant, oil content 55-60%, yield 2,000-2,800kg/ha, medium maturity (110-120 days). (2-2.8t/ha)","Sudan and Northern Guinea Savanna","IAR Samaru Zaria","IAR Samaru","C. Harkness",2.8,1980,1991,NA
"https://www.seedportal.org.ng/variety.php?keyword=&category=&varid=134&cropid=6&task=view","Groundnut","NGAH 91-10","SAMNUT-9","M-59.127","Drought tolerant, oil content and yielding moderate. (2.5-3t/ha)","Northern and Southern Guinea Savanna","Introduction","IAR Samaru","C. Harkness",3,1980,1991,NA
"https://www.seedportal.org.ng/variety.php?keyword=&category=&varid=135&cropid=6&task=view","Groundnut","NGAH 91-11","SAMNUT-12","M-318.74","Very high oil-content 51-63% (Dry matter basis), yield 2,500-3,000kg/ha. (2.5-3t/ha)","Southern Guinea Savanna","I.A.R. Samaru, Zaria","I.A.R. Samaru, Zaria","C. Harkness",3,1980,1991,NA
"https://www.seedportal.org.ng/variety.php?keyword=&category=&varid=136&cropid=6&task=view","Groundnut","NGAH 91-12","SAMNUT-13","Spanish-205","Drought tolerant, oil content 50-53%, yield 2,000-2,800kg/ha. (2-2.8t/ha)","Sudan and Northern Guinea Savanna","Introduction","IAR Samaru","C. Harkness",2.8,1980,1991,NA
"https://www.seedportal.org.ng/variety.php?keyword=&category=&varid=187&cropid=7&task=view","Maize","NGZM-91-37","NARZO-19","KEWESOKE","Good for mixed cropping","Forest","I.A.R. & T. Ibadan","I.A.R. & T. Ibadan","Dr. Obajimi",NA,1980,1991,NA
"https://www.seedportal.org.ng/variety.php?keyword=&category=&varid=375&cropid=10&task=view","Rubber","NGHB-00-1","NIG-800","RRIN-C76","High late yield of 2300-2800 kg/ha/year compared to yield of 300-400kg/ha/ year obtainable in local cultivar and upper limit of 1600kg/ha/year in exotic clones.","Rainforest, Savanna","Nigeria","RRIN Benin City","Omokhafe, K, Aghughu, O., Olapade, E.O., Alika, J.E., Mekako, H.U., Onokpise, O. and Tappan, W.G.",2.8,1980,2000,NA
"https://www.seedportal.org.ng/variety.php?keyword=&category=&varid=376&cropid=10&task=view","Rubber","NGHB-00-2","NIG-801","RRIN-C.83","High late yield of 2300-2800 kg/ha/year compared to yield of 300-400kg/ha/year obtainable in local cultivar and upper limit of 1600kg/ha/year in exotic clones.","Rainforest, Savanna","Nigeria","RRIN Benin City","Omokhafe, K, Aghughu, O., Olapade, E.O., Alika, J.E., Mekako, H.U., Onokpise, O. and Tappan, W.G.",2.8,1980,2000,NA
"https://www.seedportal.org.ng/variety.php?keyword=&category=&varid=377&cropid=10&task=view","Rubber","NGHB-00-3","NIG-806","RRIN-C-163","High late yield of 2300-2800 kg/ha/year compared to yield of 300-400kg/ha/year obtainable in local cultivar and upper limit of 1600kg/ha/year in exotic clones.","Rainforest, Savanna","Nigeria","RRIN Benin City","Omokhafe, K, Aghughu, O., Olapade, E.O., Alika, J.E., Mekako, H.U., Onokpise, O. and Tappan, W.G.",2.8,1980,2000,NA
"https://www.seedportal.org.ng/variety.php?keyword=&category=&varid=378&cropid=10&task=view","Rubber","NGHB-00-4","NIG-807","RRINC-145","High late yield of 2300-2800 kg/ha/year compared to yield of 300-400kg/ha/year obtainable in local cultivar and upper limit of 1600kg/ha/year in exotic clones.","Rainforest, Savanna","Nigeria","RRIN Benin City","Omokhafe, K, Aghughu, O., Olapade, E.O., Alika, J.E., Mekako, H.U., Onokpise, O. and Tappan, W.G.",2.8,1980,2000,NA
"https://www.seedportal.org.ng/variety.php?keyword=&category=&varid=379&cropid=10&task=view","Rubber","NGHB-00-5","NIG-808","RRINC-143","High late yield of 2300- 2800 kg/ha/year compared to yield of 300- 400kg/ha/year obtainable in local cultivar and upper limit of 1600kg/ha/year in exotic clones.","Rainforest, Savanna","Nigeria","RRIN Benin City","Omokhafe, K, Aghughu, O., Olapade, E.O., Alika, J.E., Mekako, H.U., Onokpise, O. and Tappan, W.G.",2.8,1980,2000,NA
"https://www.seedportal.org.ng/variety.php?keyword=&category=&varid=380&cropid=10&task=view","Rubber","NGHB-00-6","NIG-809","RRINC-150","High late yield of 2300- 2800 kg/ha/year compared to yield of 300- 400kg/ha/year obtainable in local cultivar and upper limit of 1600kg/ha/year in exotic clones.","Rainforest, Savanna","Nigeria","RRIN Benin City","Omokhafe, K, Aghughu, O., Olapade, E.O., Alika, J.E., Mekako, H.U., Onokpise, O. and Tappan, W.G.",2.8,1980,2000,NA
"https://www.seedportal.org.ng/variety.php?keyword=&category=&varid=381&cropid=10&task=view","Rubber","NGHB-00-7","NIG-810","RRINC-159","High late yield of 2300- 2800 kg/ha/year compared to yield of 300- 400kg/ha/year obtainable in local cultivar and upper limit of 1600kg/ha/year in exotic clones.","Rainforest, Savanna","Nigeria","RRIN Benin City","Omokhafe, K, Aghughu, O., Olapade, E.O., Alika, J.E., Mekako, H.U., Onokpise, O. and Tappan, W.G.",2.8,1980,2000,NA
"https://www.seedportal.org.ng/variety.php?keyword=&category=&varid=382&cropid=10&task=view","Rubber","NGHB-00-8","NIG-811","RRINC-154","High late yield of 2300- 2800 kg/ha/year compared to yield of 300- 400kg/ha/year obtainable in local cultivar and upper limit of 1600kg/ha/year in exotic clones.","Rainforest, Savanna","Nigeria","RRIN Benin City","Omokhafe, K, Aghughu, O., Olapade, E.O., Alika, J.E., Mekako, H.U., Onokpise, O. and Tappan, W.G.",2.8,1980,2000,NA
"https://www.seedportal.org.ng/variety.php?keyword=&category=&varid=383&cropid=10&task=view","Rubber","NGHB-00-9","NIG-812","RRINC-162","High late yield of 2300- 2800 kg/ha/year compared to yield of 300 - 400kg/ha/year obtainable in local cultivar and upper limit of 1600kg/ha/year in exotic clones.","Rainforest, Savanna","Nigeria","RRIN Benin City","Omokhafe, K, Aghughu, O., Olapade, E.O., Alika, J.E., Mekako, H.U., Onokpise, O. and Tappan, W.G.",2.8,1980,2000,NA
"https://www.seedportal.org.ng/variety.php?keyword=&category=&varid=384&cropid=10&task=view","Rubber","NGHB-00-10","NIG-813","RRINC-202","High late yield of 2300- 2800 kg/ha/year compared to yield of 300- 400kg/ha/year obtainable in local cultivar and upper limit of 1600kg/ha/year in exotic clones.","Rainforest, Savanna","Nigeria","RRIN Benin City","Omokhafe, K, Aghughu, O., Olapade, E.O., Alika, J.E., Mekako, H.U., Onokpise, O. and Tappan, W.G.",2.8,1980,2000,NA
"https://www.seedportal.org.ng/variety.php?keyword=&category=&varid=385&cropid=10&task=view","Rubber","NGHB-08-11","NIG-802","RRINC-114","High late yield of 2300- 2800 kg/ha/year compared to yield of 300- 400kg/ha/ year obtainable in local cultivar and upper limit of 1600kg/ha/year in exotic clones. (1.7-2t/ha)","Rainforest, Savanna","Nigeria","RRIN Benin City","Olapade, E.O., Alika, J.E., Mekako, H.U., Onokpise, O. and Tappan, W.G.",2,1980,2008,NA
"https://www.seedportal.org.ng/variety.php?keyword=&category=&varid=387&cropid=10&task=view","Rubber","NGHB-08-13","NIG-804","RRINC-1","High late yield of 2300- 2800 kg/ha/year compared to yield of 300- 400kg/ha/ year obtainable in local cultivar and upper limit of 1600kg/ha/year in exotic clones. (2.2-3.2t/ha)","Rainforest, Savanna","Nigeria","RRIN Benin City","Olapade, E.O., Alika, J.E., Mekako, H.U., Onokpise, O. and Tappan, W.G.",3.2,1980,2008,NA
"https://www.seedportal.org.ng/variety.php?keyword=&category=&varid=388&cropid=10&task=view","Rubber","NGHB-08-14","NIG-805","RRINC-15","High late yield of 2300- 2800 kg/ha/year compared to yield of 300- 400kg/ha/ year obtainable in local cultivar and upper limit of 1600kg/ha/year in exotic clones. (1.4-1.9t/ha)","Rainforest Savanna","Nigeria","RRIN Benin City","Olapade, E.O., Alika, J.E., Mekako, H.U., Onokpise, O. and Tappan, W.G.",1.9,1980,2008,NA
"https://www.seedportal.org.ng/variety.php?keyword=&category=&varid=447&cropid=13&task=view","Sugarcane","NGSO - 96-3","CB - 53/98","CB - 53/98","Good juice quality and early tillering",NA,"Compos, Brazil","13 Breeding Institute Compos, Brazil.",NA,NA,1980,1996,NA
"https://www.seedportal.org.ng/variety.php?keyword=&category=&varid=466&cropid=14&task=view","Tomato","NGLE -91-1","SAMTOM -1","CIRIO -56","High yielding, good paste qualities, field tolerance to leaf diseases and moderately resistant to Fusarium race 1. (47.5-<br>55.3t/ha)",NA,"Introduction from stezione Agraria Sperimentale, Bari, Italy","IAR, Samaru Zaria","J.G. Quinn",55.3,1980,1991,NA
"https://www.seedportal.org.ng/variety.php?keyword=&category=&varid=467&cropid=14&task=view","Tomato","NGLE -91-2","SAMTOM - 2","MARZANINO","High yielding, good paste qualties, field tolerance to leaf diseases and moderately resistant to Fusarium race 1. (51.7-<br>64.1t/ha)",NA,"Stazoine Sperimantele Parma, Italy","IAR, Samaru Zaria","J.G. Quinn",64.1,1980,1991,NA
"https://www.seedportal.org.ng/variety.php?keyword=&category=&varid=468&cropid=14&task=view","Tomato","NGLE -91-3","SAMTOM -3","Piacenza 0164","High yield under heavy leaf spot disease pressure, good paste qualities",NA,"Institute Nazionale Gertica Rome, Italy","IAR, Samaru Zaria","J.G. Quinn",NA,1980,1991,NA
"https://www.seedportal.org.ng/variety.php?keyword=&category=&varid=469&cropid=14&task=view","Tomato","NGLE -91-4","SAMTOM -4","Harvester","High yield and good paste qualities. (49.5-59.1t/ha)",NA,"FMG Corp, California U.S.A. Peto, Italian, parwa, Italy USDA, Beltsville, Maryland, U.S.A.","IAR, Samaru Zaria","J.G. Quinn",59.1,1980,1991,NA
"https://www.seedportal.org.ng/variety.php?keyword=&category=&varid=470&cropid=14&task=view","Tomato","NGLE -91-5","SAMTOM -5","Chico","High yield and some heat tolerance. Good paste qualities.",NA,"Texas-A&M Weslaco, U.S.A","IAR, Samaru Zaria","J.G. Quinn",NA,1980,1991,NA
"https://www.seedportal.org.ng/variety.php?keyword=&category=&varid=471&cropid=14&task=view","Tomato","NGLE -91-6","SAMTOM -6","La Bonita","Uniform size, round and attractive fruit with skin suitable for salad",NA,"Texas-A&M Weslaco, U.S.A","IAR, Samaru Zaria","J.G. Quinn",NA,1980,1991,NA
"https://www.seedportal.org.ng/variety.php?keyword=&category=&varid=472&cropid=14&task=view","Tomato","NGLE -91-7","SAMTOM -7","Roma -VF","Combines high yield with good paste qualities, good processing tomato",NA,"Royal Sluis, Enkhuizen, Holland","IAR, Samaru Zaria","J.G. Quinn",NA,1980,1991,NA
"https://www.seedportal.org.ng/variety.php?keyword=&category=&varid=473&cropid=14&task=view","Tomato","NGLE -91-8","SAMTOM -8","Gamad","High yield and good paste color, reported to have some drought tolerance. (48.3-62.4t/ha)",NA,"Hazer seed Ltd, Italfa, Isreal","IAR, Samaru Zaria","J.G. Quinn",62.4,1980,1991,NA
"https://www.seedportal.org.ng/variety.php?keyword=&category=&varid=474&cropid=14&task=view","Tomato","NGLE -91-9","SAMTOM -9","Gemed - F","Similar to SAMTOM -8, but also resistant to Fusarium, yield 42, 100- 45, 600kg/ha. (42.1- 45.6t/ha)",NA,"Hazara Seeds Ltd., Halta Isreal, Dizing of W.A. (Nig) Ltd., Apapa Lagos","IAR, Samaru Zaria","J.G. Quinn",45.6,1980,1991,NA
"https://www.seedportal.org.ng/variety.php?keyword=&category=&varid=475&cropid=14&task=view","Tomato","NGLE -91-10","SAMTOM -10","Ife -1","Medium size, round and attractive fruit with their skin, good for salad. (49- 53.9t/ha)",NA,"Faculty of Agriculture, O.A.U. Ile Ife.","Faculty of Agriculture, O.A.U. Ile Ife.","Dr. T. Fatunla",53.9,1980,1991,NA
"https://www.seedportal.org.ng/variety.php?keyword=&category=&varid=476&cropid=14&task=view","Tomato","NGLE -91-11","SAMTOM -11","Enterpriser","Produces very large and attractive skin for salad. (46-53.7t/ha)",NA,"USDA, Beltsville, Maryland U.S.A.","IAR, Samaru Zaria","J.G. Quinn",53.7,1980,1991,NA
"https://www.seedportal.org.ng/variety.php?keyword=&category=&varid=477&cropid=14&task=view","Tomato","NGLE -91-12","SAMTOM -12","Ronita","High yielding and good paste qualities",NA,"Station and Arnwlioration des plates maraicheris, Monfavent France","IAR, Samaru Zaria","J.G. Quinn",NA,1980,1991,NA
"https://www.seedportal.org.ng/variety.php?keyword=&category=&varid=572&cropid=29&task=view","Coconut","NGCN-00-3","NIFOR Hybrid",NA,"Early flowering and good fruit composition.","Humid Forest, Forest Transition/Derived Savanna","NIFOR Benin City","NIFOR Benin City","Mr. C.O. Obasola, Dr. K.U.K. Nampthiri, Dr.M.O. Otedoh, Dr. (Mrs) C.O. Okwuagwu, Dr.E.E.J. Akpan, Dr. J.O. Odewale, Dr. E.C.Okolo, & Dr. C. Ataga.",NA,1980,2000,NA
"https://www.seedportal.org.ng/variety.php?keyword=&category=&varid=583&cropid=33&task=view","Irish Potato","NGST-03-1","VC 801-4","VC 801-4","High and stable yield, Large tubers with few branches.",NA,"Nigeria","NCRI Umudike, Abia State","Mr. Suchone Del.R",NA,1980,2003,NA
"https://www.seedportal.org.ng/variety.php?keyword=&category=&varid=210&cropid=7&task=view","Maize","NGZM-01-60","YELLOW (POPCORN) COMPOSITE","I.A.R. & T. YELLOW POP","Resistant to Blight and Rust, yield 2kg/ha.","All ecological zones","I.A.R. & T.","I.A.R. & T.","Dr. A.O. obajimi",NA,1979,2001,NA
"https://www.seedportal.org.ng/variety.php?keyword=&category=&varid=211&cropid=7&task=view","Maize","NGZM-01-61","WHITE (POPCORN)","I.A.R. & T. WHITE POP","Moderately resistant to blight and Rust.","All ecological zones","I.A.R. &.T","I.A.R. & T.","Dr. A.O. obajimi",NA,1979,2001,NA
"https://www.seedportal.org.ng/variety.php?keyword=&category=&varid=451&cropid=13&task=view","Sugarcane","NGSO - 96-7","B 47419","B 47419","Resistant to smut and other diseases.Vigorous tillering and ratooing habit. Non hairy leaves",NA,"Barbados","WICSBS, Barbados Intro to Nigeria by SSCL",NA,NA,1979,1996,NA
"https://www.seedportal.org.ng/variety.php?keyword=&category=&varid=547&cropid=23&task=view","Melon","NGCL-00-1","Egusi Bara","NHCL 1","Prolific fruit setting and high seed yield. Seeds are easy to shell.",NA,"I.I.T.A.","I.I.T.A.","Dr. Wilson, Mr. Adeniran and Dr. Denton",NA,1979,2000,NA
"https://www.seedportal.org.ng/variety.php?keyword=&category=&varid=548&cropid=23&task=view","Melon","NGCL-00-2","Egusi Serewe","NHC 2","High number of seeds per fruit with profuse branching habit and medium fruit size.",NA,"I.I.T.A.","I.I.T.A.","Dr. Wilson, Mr. Adeniran and Dr. Denton",NA,1979,2000,NA
"https://www.seedportal.org.ng/variety.php?keyword=&category=&varid=68&cropid=3&task=view","Cowpea","NGVU-96-9","SAMPEA-1","I.A.R.-339","Consistent and stable in yield, good palatability, grains cook in 40-45 minutes",NA,"Nigeria","I.A.R., Samaru, Zaria","Prof. O. I. Leleji",NA,1978,1996,NA
"https://www.seedportal.org.ng/variety.php?keyword=&category=&varid=69&cropid=3&task=view","Cowpea","NGVU-96-10","SAMPEA-2","I.A.R.-353","Good palatability, grain cook in 30 - 45 minutes.",NA,"Nigeria","I.A.R., Samaru, Zaria","Prof. O. I. Leleji",NA,1978,1996,NA
"https://www.seedportal.org.ng/variety.php?keyword=&category=&varid=70&cropid=3&task=view","Cowpea","NGVU-96-11","SAMPEA-3","I.A.R.-341","Consistent and stable in yield, good palatability.",NA,"Nigeria","I.A.R., Samaru, Zaria","Prof. O. I. Leleji",NA,1978,1996,NA
"https://www.seedportal.org.ng/variety.php?keyword=&category=&varid=71&cropid=3&task=view","Cowpea","NGVU-96-12","SAMPEA-4","I.A.R.-176 B","Good palatability",NA,"Nigeria","I.A.R., Samaru, Zaria","Prof. O. I. Leleji",NA,1978,1996,NA
"https://www.seedportal.org.ng/variety.php?keyword=&category=&varid=72&cropid=3&task=view","Cowpea","NGVU-96-13","SAMPEA-5","I.A.R.-355","Early maturity and good palatability",NA,"Nigeria","I.A.R., Samaru, Zaria","Prof. O. I. Leleji",NA,1978,1996,NA
"https://www.seedportal.org.ng/variety.php?keyword=&category=&varid=73&cropid=3&task=view","Cowpea","NGVU-96-14","SAMPEA-6","Kano 16960","Long pods, extra long seed, high yielding and good palatability.",NA,"Nigeria","I.A.R., Samaru, Zaria","Prof. O. I. Leleji",NA,1978,1996,NA
"https://www.seedportal.org.ng/variety.php?keyword=&category=&varid=54&cropid=2&task=view","Cotton","NGGS 91-8","SAMCOT-8","SAMMARU-77","Improved yield, classified medium staple (1.3cm -3cm). (1.5-2t/ha)","Forest Transition and Derived Savanna","I.A.R. SAMARU","I.A.R. SAMARU",NA,2,1977,1991,NA
"https://www.seedportal.org.ng/variety.php?keyword=&category=&varid=291&cropid=8&task=view","Pearl Millet","NGPG-91-2","SAMIL-2","Nigerian Composite","Tolerates high degree of moisture stress, wide adaptability. (2-2.5t/ha)","All Savanna Zones","I.A.R. Samaru Zaria","I.A.R-Samaru Zaria",NA,2.5,1977,1991,NA
"https://www.seedportal.org.ng/variety.php?keyword=&category=&varid=401&cropid=12&task=view","Sorghum","NGSB-91-8","SAMSORG-2","KSV-3(HP-3)","Early maturing. (1.5-3t/ha)","Sudan and Sahel Savanna Zones","I.A.R, Samaru, Zaria","I.A.R. Samaru, Zaria","El Rouby",3,1977,1991,NA
"https://www.seedportal.org.ng/variety.php?keyword=&category=&varid=402&cropid=12&task=view","Sorghum","NGSB-91-9","SAMSORG-3","KSV-4(B-ES)","Early maturing, tolerant to striga and good palability. (1.8-2t/ha)","Sudan and Sahel Savanna Zones","I.A.R, Samaru, Zaria","I.A.R. Samaru, Zaria","El Rouby",2,1977,1991,NA
"https://www.seedportal.org.ng/variety.php?keyword=&category=&varid=403&cropid=12&task=view","Sorghum","NGSB-91-10","SAMSORG-4","KSV-9(HP-8)","Early maturing, resistant to major diseases. (1.5-2t/ha","Sudan and Sahel Savanna Zones","I.A.R, Samaru, Zaria","I.A.R. Samaru, Zaria","El Rouby",2,1977,1991,NA
"https://www.seedportal.org.ng/variety.php?keyword=&category=&varid=404&cropid=12&task=view","Sorghum","NGSB-91-11","SAMSORG-11","KSV-5(KBL)","Early maturing","Northern Guinea Savanna","I.A.R, Samaru, Zaria","I.A.R. Samaru, Zaria","El Rouby",NA,1977,1991,NA
"https://www.seedportal.org.ng/variety.php?keyword=&category=&varid=405&cropid=12&task=view","Sorghum","NGSB-91-12","SAMSORG-12","KSV-6(RZI)","Tolerant to striga. (1.8-3t/ha)","Northern Guinea Savanna and Southern Sudan Savanna","I.A.R, Samaru, Zaria","I.A.R. Samaru, Zaria","El Rouby",3,1977,1991,NA
"https://www.seedportal.org.ng/variety.php?keyword=&category=&varid=406&cropid=12&task=view","Sorghum","NGSB-91-13","SAMSORG-20","SSV-6(L.187)","High yielding, tolerant to striga. (1.8-3t/ha)","Northern Guinea Savanna","I.A.R, Samaru, Zaria","I.A.R. Samaru, Zaria","El Rouby",3,1977,1991,NA
"https://www.seedportal.org.ng/variety.php?keyword=&category=&varid=407&cropid=12&task=view","Sorghum","NGSB-91-14","SAMSORG-21","SS-7(L.1499)","Tolerant to striga. (1.8-3t/ha)","Northern Guinea Savanna","I.A.R, Samaru, Zaria","I.A.R. Samaru, Zaria","El Rouby",3,1977,1991,NA
"https://www.seedportal.org.ng/variety.php?keyword=&category=&varid=408&cropid=12&task=view","Sorghum","NGSB-91-15","SAMSORG-22","SSV-8(L.181)","High yielding, tolerant to striga. (1.8-3t/ha)","Northern Guinea Savanna","I.A.R, Samaru, Zaria","I.A.R. Samaru, Zaria","El Rouby",3,1977,1991,NA
"https://www.seedportal.org.ng/variety.php?keyword=&category=&varid=409&cropid=12&task=view","Sorghum","NGSB-91-16","SAMSORG-35","MSV-1 (C-7-4)","High yielding. (1.5-3t/ha)","Southern Guinea Savanna","I.A.R, Samaru, Zaria","I.A.R. Samaru, Zaria","El Rouby",3,1977,1991,NA
"https://www.seedportal.org.ng/variety.php?keyword=&category=&varid=410&cropid=12&task=view","Sorghum","NGSB-91-17","SAMSORG-36","MSV-2(M.L.V.)","High yielding. (1.5-3t/ha)","Southern Guinea Savanna","I.A.R, Samaru, Zaria","I.A.R. Samaru, Zaria","El Rouby",3,1977,1991,NA
"https://www.seedportal.org.ng/variety.php?keyword=&category=&varid=411&cropid=12&task=view","Sorghum","NGSB-91-18","SAMSORG-37","MSV-3(FDI)","High yielding. (1.5-3t/ha)","Southern Guinea Savanna","I.A.R, Samaru, Zaria","I.A.R. Samaru, Zaria","El Rouby",3,1977,1991,NA
"https://www.seedportal.org.ng/variety.php?keyword=&category=&varid=536&cropid=21&task=view","Solanum","NGSM-96-1","Osungba 1","Osungba 1","Both leaves and fruits edible",NA,"IAR&T Ibadan","IAR&T Ibadan","Dr. M.O. Omidiji",NA,1977,1996,NA
"https://www.seedportal.org.ng/variety.php?keyword=&category=&varid=537&cropid=21&task=view","Solanum","NGSM-96-2","Osungba 2","Osungba 2","Both leaves and fruits edible",NA,"IAR&T Ibadan","IAR&T Ibadan","Dr. M.O. Omidiji",NA,1977,1996,NA
"https://www.seedportal.org.ng/variety.php?keyword=&category=&varid=538&cropid=21&task=view","Solanum","NGSM-96-3","Osungba 3","Osungba 3","Both leaves and fruits edible",NA,"IAR&T Ibadan","IAR&T Ibadan","Dr. M.O. Omidiji",NA,1977,1996,NA
"https://www.seedportal.org.ng/variety.php?keyword=&category=&varid=539&cropid=21&task=view","Solanum","NGSM-96-4","Ogudu","Ogudu","High yielding leaf vegetable with acceptable non-bitter taste",NA,"IAR&T Ibadan","IAR&T Ibadan","Dr. M.O. Omidiji",NA,1977,1996,NA
"https://www.seedportal.org.ng/variety.php?keyword=&category=&varid=10&cropid=1&task=view","Cassava","NGME 96-10","NICASS 10","TMS-30555","Moderate yielding",NA,"IAR&T, Ibadan","IAR&T, Ibadan","Dr. S. K. Hahn",NA,1976,1996,NA
"https://www.seedportal.org.ng/variety.php?keyword=&category=&varid=326&cropid=9&task=view","Rice","NGOS-91-25","FARO-25","FAROX-55/30","Medium grain type. (2-3t/ha)","Northern and Southern Guinea Savanna, Sudan Savanna, Sahel Savanna","Nigeria (NCRI)","FDAR (NCRI)",NA,3,1976,1991,NA
"https://www.seedportal.org.ng/variety.php?keyword=&category=&varid=446&cropid=13&task=view","Sugarcane","NGSO - 96-2","C - 957","C - 957","Suitable to various types of soils",NA,"Coinbatore, India","13 Breeding Institute Couinbatora, India",NA,NA,1976,1996,NA
"https://www.seedportal.org.ng/variety.php?keyword=&category=&varid=584&cropid=33&task=view","Irish Potato","NGST-03-2","VC 785-2","VC 785-2","High and stable yield with moderate branching habit.",NA,"Nigeria","NCRI Umudike, Abia State","Mr. Suchone D.R",NA,1976,2003,NA
"https://www.seedportal.org.ng/variety.php?keyword=&category=&varid=152&cropid=7&task=view","Maize","NGZM-91-2","NARZO-18","096-EP6","High carotene content, good for pap. Also good for poultry feeds.","Forest ecological zones","Nigeria","FDAR Ibadan","K. Raghnathan and J. E. Iken",NA,1975,1991,NA
"https://www.seedportal.org.ng/variety.php?keyword=&category=&varid=153&cropid=7&task=view","Maize","NGZM-91-3","NARZO-15","TZPB","Big cobs, high yielding , rust blight resistant","Humid Forest","IITA, Ibadan","IITA, Ibadan","M. Harrison",NA,1975,1991,NA
"https://www.seedportal.org.ng/variety.php?keyword=&category=&varid=154&cropid=7&task=view","Maize","NGZM-91-4","NARZO-16","TZB","High yielding, good for pap.","Forest and savanna ecological zones","IITA, CIMMYT/NCRI (Nig. Composite A and B)","IITA, Ibadan","M. Harrison",NA,1975,1991,NA
"https://www.seedportal.org.ng/variety.php?keyword=&category=&varid=487&cropid=15&task=view","Wheat","NGTA-91-5","SAM-WHIT-5","Siette-Cerros","High yielding, general adaptability. (4.5-5t/ha)",NA,"Introduction from Mexico","I.A.R, Samaru Zaria",NA,5,1975,1991,NA
"https://www.seedportal.org.ng/variety.php?keyword=&category=&varid=567&cropid=27&task=view","Coffee","NGCA-99-1","S.L. series","S.L. series","High yielding in a habitat of cold high altitude region with 2 beans per pod and a grey colour and also has irregular branching habit.",NA,"Kenya","CRIN Ibadan","Dr. J.A. Williams",NA,1975,1999,NA
"https://www.seedportal.org.ng/variety.php?keyword=&category=&varid=570&cropid=29&task=view","Coconut","NGCN-00-1","NIFOR-WAT1",NA,"Early flowering and good fruit composition.","Humid Forest, Forest Transition/Derived Savanna","NIFOR Benin City","NIFOR Benin City","Mr. C.O. Obasola, Dr. K.U.K. Nampthiri, Dr.M.O. Otedoh, Dr. (Mrs) C.O. Okwuagwu, Dr.E.E.J. Akpan, Dr. J.O. Odewale, Dr. E.C.Okolo, Dr. C. Ataga",NA,1975,2000,NA
"https://www.seedportal.org.ng/variety.php?keyword=&category=&varid=571&cropid=29&task=view","Coconut","NGCN-00-2","NIFOR Dwarf",NA,"Available in yellow, green and orange fruit colours and early flowering","Humid Forest, Forest Transition/Derived Savanna","NIFOR Benin City","NIFOR Benin City","Mr. C.O. Obasola, Dr. K.U.K. Nampthiri, Dr.M.O. Otedoh, Dr. (Mrs) C.O. Okwuagwu, Dr.E.E.J. Akpan, Dr. J.O. Odewale, Dr. E.C.Okolo, & Dr. C. Ataga.",NA,1975,2000,NA
"https://www.seedportal.org.ng/variety.php?keyword=&category=&varid=316&cropid=9&task=view","Rice","NGOS-91-15","FARO-15","FRRS-162-B- 111-1","Medium grain type. (3-4t/ha)","Forest Transition/Derived Savanna","Nigeria (NCRI)","FDAR (NCRI), Ibadan",NA,4,1974,1991,NA
"https://www.seedportal.org.ng/variety.php?keyword=&category=&varid=317&cropid=9&task=view","Rice","NGOS-91-16","FARO-16","FRRS-168B-111-3","Medium grain type. (2-4t/ha)","Forest Transition/Derived Savanna","Nigeria (NCRI)","FDAR (NCRI), Ibadan",NA,4,1974,1991,NA
"https://www.seedportal.org.ng/variety.php?keyword=&category=&varid=318&cropid=9&task=view","Rice","NGOS-91-17","FARO-17","FRRS-148B-11-3","Medium grain type. (2.5-4t/ha)","Forest Transition/Derived Savanna","Nigeria (NCRI)","FDAR (NCRI), Ibadan",NA,4,1974,1991,NA
"https://www.seedportal.org.ng/variety.php?keyword=&category=&varid=319&cropid=9&task=view","Rice","NGOS-91-18","FARO-18","TJINA","Medium grain type. (3.5-4.5t/ha)","Forest Transition/Derived Savanna","Indonesia","FDAR (NCRI), Ibadan",NA,4.5,1974,1991,NA
"https://www.seedportal.org.ng/variety.php?keyword=&category=&varid=320&cropid=9&task=view","Rice","NGOS-91-19","FARO-19","IR 20","Medium grain type. (2.5-3.5t/ha)","Forest Transition/Derived Savanna","Phillippines","FDAR (NCRI), Ibadan",NA,3.5,1974,1991,NA
"https://www.seedportal.org.ng/variety.php?keyword=&category=&varid=321&cropid=9&task=view","Rice","NGOS-91-20","FARO-20","BP176 (BICOL)","Medium grain type. (2.5-3.5t/ha)","Forest Transition/Derived Savanna","Phillippines","FDAR (NCRI), Ibadan",NA,3.5,1974,1991,NA
"https://www.seedportal.org.ng/variety.php?keyword=&category=&varid=322&cropid=9&task=view","Rice","NGOS-91-21","FARO-21","TAICHUNG NATIVE 1","Short grain type. (2-3t/ha)","Forest Transition/Derived Savanna","Phillippines","FDAR (NCRI), Ibadan",NA,3,1974,1991,NA
"https://www.seedportal.org.ng/variety.php?keyword=&category=&varid=323&cropid=9&task=view","Rice","NGOS-91-22","FARO-22","IR-627-1-3-1-4-3-7","Medium grain type. (2.5-4t/ha)","Forest Transition/Derived Savanna","Phillippines","FDAR (NCRI), Ibadan",NA,4,1974,1991,NA
"https://www.seedportal.org.ng/variety.php?keyword=&category=&varid=324&cropid=9&task=view","Rice","NGOS-91-23","FARO-23","IR-5-47-2","Medium grain type. (2.5-4t/ha)","Forest Transition/Derived Savanna","Phillippines","FDAR (NCRI), Ibadan",NA,4,1974,1991,NA
"https://www.seedportal.org.ng/variety.php?keyword=&category=&varid=325&cropid=9&task=view","Rice","NGOS-91-24","FARO-24","DEGAULL","Long grain type. (3-4t/ha)","Forest Transition/Derived Savanna","Vietnam","FDAR (NCRI), Ibadan",NA,4,1974,1991,NA
"https://www.seedportal.org.ng/variety.php?keyword=&category=&varid=533&cropid=20&task=view","Okra","NGAE-96-1","V2","V2","Fruit slender, smooth, bell-shaped, high yielding.",NA,"IAR&T Ibadan","IAR&T Ibadan","Dr. A.O. Ojomo",NA,1973,1996,NA
"https://www.seedportal.org.ng/variety.php?keyword=&category=&varid=534&cropid=20&task=view","Okra","NGAE-96-2","V35","V35","High yielding, bigger fruits.",NA,"IAR&T Ibadan","IAR&T Ibadan","Dr. A.O. Ojomo",NA,1973,1996,NA
"https://www.seedportal.org.ng/variety.php?keyword=&category=&varid=53&cropid=2&task=view","Cotton","NGGS 91-7","SAMCOT-7","SAMMARU-72","High yielding, earlier than SAMCOT-5, classified as medium staple cotton (1.3cm -3.3cm). (1.5-2t/ha)","Forest Transition and Derived Savanna","IAR, Samaru","IAR, Samaru",NA,2,1972,1991,NA
"https://www.seedportal.org.ng/variety.php?keyword=&category=&varid=181&cropid=7&task=view","Maize","NGZM-91-31","NARZO-9","NCA","High yielding, yellow composite","All agro-ecologies","Composite from Mexican Varieties","FDAR, Ibadan","J. Craig, H. Wiggins & F. deWolf",NA,1972,1991,NA
"https://www.seedportal.org.ng/variety.php?keyword=&category=&varid=182&cropid=7&task=view","Maize","NGZM-91-32","NARZO-10","NCB","Short, sturdy plants","Forest ecologies","Composite from Mexican Varieties","FDAR, Ibadan","J. Craig & F. deWolf",NA,1972,1991,NA
"https://www.seedportal.org.ng/variety.php?keyword=&category=&varid=183&cropid=7&task=view","Maize","NGZM-91-33","NARZO-11","NCC","High content of carbonhydrates and floury","Forest ecologies","FDAR, (NCRI) Ibadan","FDAR, (NCRI) Ibadan","Dr. Obilana",NA,1972,1991,NA
"https://www.seedportal.org.ng/variety.php?keyword=&category=&varid=184&cropid=7&task=view","Maize","NGZM-91-34","NARZO-12","BIU-XYC-10","High flinty maize","Savanna ecologies","IAR, Samaru","IAR, Samaru",NA,NA,1972,1991,NA
"https://www.seedportal.org.ng/variety.php?keyword=&category=&varid=185&cropid=7&task=view","Maize","NGZM-91-35","SAMMAZ-8","S.1.2.3. composite","Predominantly white seeded with some yellow, tolerant to rust & streak virus and stem borer.","Northern Guinea Savanna","IAR, Samaru","IAR, Samaru",NA,NA,1972,1991,NA
"https://www.seedportal.org.ng/variety.php?keyword=&category=&varid=186&cropid=7&task=view","Maize","NGZM-91-36","SAMMAZ-9","NCA","Early maturity","Savanna ecologies","IAR, Samaru","IAR, Samaru",NA,NA,1972,1991,NA
"https://www.seedportal.org.ng/variety.php?keyword=&category=&varid=445&cropid=13&task=view","Sugarcane","NGSO - 96-1","C - 1001","C - 1001","Good ratooner and tillering habits, resistant to major pests/diseases",NA,"Coinbatore, India","13 Breeding Institute Couinbatora India",NA,NA,1972,1996,NA
"https://www.seedportal.org.ng/variety.php?keyword=&category=&varid=552&cropid=24&task=view","Cocoa","NGTC-99-4","Synthetic Series IV","TC-4","Good establishment ability, tolerance CSSV and pod rot with a habitat of low land humid rain forest.","Humid Forest, Forest Transition/Derived Savanna and Southern Guinea Savanna","F2 Open pollinated","CRIN Ibadan.","L.Opeke and H.Toxopeus",NA,1972,1999,NA
"https://www.seedportal.org.ng/variety.php?keyword=&category=&varid=568&cropid=27&task=view","Coffee","NGCA-99-2","Quillou","Quillou","High yielding and uniform bearing habits. It has an erect and intensive branching habit.",NA,"Zaire","CRIN Ibadan","Dr. J.A. Williams",NA,1972,1999,NA
"https://www.seedportal.org.ng/variety.php?keyword=&category=&varid=52&cropid=2&task=view","Cotton","NGGS 91-6","SAMCOT-6","SAMMARU-71","High yielding, good grinning percentage, classified as short staple cotton. (2-2.5t/ha)","Northern and Southern Guinea Savanna, Sudan Savanna, Sahel Savanna","I.A.R. SAMARU","I.A.R. SAMARU",NA,2.5,1971,1991,NA
"https://www.seedportal.org.ng/variety.php?keyword=&category=&varid=62&cropid=3&task=view","Cowpea","NGVU 91-3","Dinner","FARV-13","Resistant to Septoria leaf spot","All ecological zones","Nigeria (Local selection)","F.D.A.R., Moor Plantation, Ibadan.","U.U. Ebong & S.O. Olafare",NA,1971,1991,NA
"https://www.seedportal.org.ng/variety.php?keyword=&category=&varid=151&cropid=7&task=view","Maize","NGZM-91-1","NARZO-17","Western yellow","High carotene content, good for pap. Also good for poultry feeds.","Forest ecological zones","Mixed germplasm from Carribean and Mexico","I.A.R.& T. Ibadan","Dr. Wiggin, Dr. A.O. Obajimi",NA,1971,1991,NA
"https://www.seedportal.org.ng/variety.php?keyword=&category=&varid=315&cropid=9&task=view","Rice","NGOS-9114","FARO-14","FRRS-43/3","Medium grain type","Forest Transition/Derived Savanna","Nigeria (NCRI)","FDAR (NCRI), Ibadan",NA,NA,1971,1991,NA
"https://www.seedportal.org.ng/variety.php?keyword=&category=&varid=485&cropid=15&task=view","Wheat","NGTA-91-3","SAM-WHIT-3","Sonora 63","Good grain qualities, good bread making qualities. (4.5-5t/ha)",NA,"Introduction from Mexico","I.A.R, Samaru Zaria",NA,5,1971,1991,NA
"https://www.seedportal.org.ng/variety.php?keyword=&category=&varid=486&cropid=15&task=view","Wheat","NGTA-91-4","SAM-WHIT-4","LEEX (N 10B) (GB-55)","High yielding, good bread making qualities. (4.5-5t/ha)",NA,"Introduction from Mexico","I.A.R, Samaru Zaria",NA,5,1971,1991,NA
"https://www.seedportal.org.ng/variety.php?keyword=&category=&varid=51&cropid=2&task=view","Cotton","NGGS 91-5","SAMCOT-5","SAMMARU-70","Improved yield and better quality characteristic. (1.5-2t/ha)","Forest Transition and Derived Savanna","I.A.R. SAMARU","I.A.R. SAMARU",NA,2,1970,1991,NA
"https://www.seedportal.org.ng/variety.php?keyword=&category=&varid=61&cropid=3&task=view","Cowpea","NGVU 91-2","Ife Brown(Irawo)","Ife Brown (Irawo)","Semi erect, medium maturity. Day length neutral, brown seeded and fast cooking.","Derived Savanna and Forest Zones","O.A.U., Ife","IAR&T and Faculty of Agric OAU, Ile Ife","J. D. Frankowlak, O. A. Ojomo & L. N. Barker.",NA,1970,1991,NA
"https://www.seedportal.org.ng/variety.php?keyword=&category=&varid=127&cropid=6&task=view","Groundnut","NGAH 91-3","SAMNUT-3","M-25.68","High oil content 53-55%(dry matter basis), large seed weighing 52-55g (100 Seeds) Weight. (2.5-3t/ha)","Southern Guinea Savanna","I.A.R. Samaru, Zaria","I.A.R. Samaru, Zaria","C.Harkness, W.C. Stonebridge",3,1970,1991,NA
"https://www.seedportal.org.ng/variety.php?keyword=&category=&varid=128&cropid=6&task=view","Groundnut","NGAH 91-4","SAMNUT-4","M-69.101","Very high oil-content 55-65% (Dry matter basis) rosette res. Tolerant to leaf spot. (2.5-3t/ha)","Northern and Southern Guinea Savanna","Bombey Senegal","I.A.R. Samaru, Zaria","C.Harkness, W.C. Stonebridge",3,1970,1991,NA
"https://www.seedportal.org.ng/variety.php?keyword=&category=&varid=129&cropid=6&task=view","Groundnut","NGAH 91-5","SAMNUT-5","M-599.74","High haul yield, oil content 51.5%, yield 2,500-3,000kg/ha. (2.5-3t/ha)","Southern Guinea Savanna","I.A.R. Samaru, Zaria","I.A.R. Samaru, Zaria","C.Harkness, W.C. Stonebridge",3,1970,1991,NA
"https://www.seedportal.org.ng/variety.php?keyword=&category=&varid=130&cropid=6&task=view","Groundnut","NGAH 91-6","SAMNUT-6","M-95.71","Oil content 52.5%, yield, 2,000-2,800kg/ha. (2-2.8t/ha)","Southern Guinea Savanna","I.A.R. Samaru, Zaria","I.A.R. Samaru, Zaria","C.Harkness, W.C. Stonebridge",2.8,1970,1991,NA
"https://www.seedportal.org.ng/variety.php?keyword=&category=&varid=131&cropid=6&task=view","Groundnut","NGAH 91-7","SAMNUT-15","F.452.4","Large Seed size. (2.5-3t/ha)","Northern and Southern Guinea Savanna","Florida U.S.A.","I.A.R. Samaru",NA,3,1970,1991,NA
"https://www.seedportal.org.ng/variety.php?keyword=&category=&varid=314&cropid=9&task=view","Rice","NGOS-91-13","FARO-13","IR 8","Medium grain type. (2.4-4.5t/ha)","Forest Transition/Derived Savanna","Phillippines","FDAR (NCRI), Ibadan",NA,4.5,1970,1991,NA
"https://www.seedportal.org.ng/variety.php?keyword=&category=&varid=394&cropid=12&task=view","Sorghum","NGSB-91-1","SAMSORG-1","KSV-1 (G-52)","Resistant to major leaf disease e.g. leaf blight, sooty stripe, zonate leaf etc. (1.5-2.5t/ha)","Sudan and Sahel Savanna Zones","I.A.R, Samaru, Zaria","I.A.R. Samaru, Zaria","J. Webstar, S.B. King & G.T. York",2.5,1970,1991,NA
"https://www.seedportal.org.ng/variety.php?keyword=&category=&varid=395&cropid=12&task=view","Sorghum","NGSB-91-2","SAMSORG-10","KSV-2 (YG5760)","Early maturing. (1.8- 3t/ha)","Southern and Sudan Savanna Zones","I.A.R, Samaru, Zaria","I.A.R. Samaru, Zaria","J. Webstar, S.B. King & G.T. York",3,1970,1991,NA
"https://www.seedportal.org.ng/variety.php?keyword=&category=&varid=396&cropid=12&task=view","Sorghum","NGSB-91-3","SAMSORG-15","SSV-1(SSF 60)","High yielding. (1.8-3t/ha)","Southern Guinea Savanna","I.A.R, Samaru, Zaria","I.A.R. Samaru, Zaria","J. Webstar, S.B. King & G.T. York",3,1970,1991,NA
"https://www.seedportal.org.ng/variety.php?keyword=&category=&varid=397&cropid=12&task=view","Sorghum","NGSB-91-4","SAMSORG-16","SSV-2(FFBL)","High yielding. (1.8-3t/ha)","Northern Guinea Savanna","I.A.R, Samaru, Zaria","I.A.R. Samaru, Zaria","J. Webstar, S.B. King & G.T. York",3,1970,1991,NA
"https://www.seedportal.org.ng/variety.php?keyword=&category=&varid=398&cropid=12&task=view","Sorghum","NGSB-91-5","SAMSORG-17","SSV-3(SK-5912)","Good for brewing; high yielding. (1.8-3t/ha)","Northern and Southern Guinea Savanna","I.A.R, Samaru, Zaria","I.A.R. Samaru, Zaria","J. Webstar, S.B. King & G.T. York",3,1970,1991,NA
"https://www.seedportal.org.ng/variety.php?keyword=&category=&varid=399&cropid=12&task=view","Sorghum","NGSB-91-6","SAMSORG-18","SSV-4(L-2123)","High yielding. (1.8-3t/ha)","Northern Guinea Savanna","I.A.R, Samaru, Zaria","I.A.R. Samaru, Zaria","J. Webstar, S.B. King & G.T. York",3,1970,1991,NA
"https://www.seedportal.org.ng/variety.php?keyword=&category=&varid=400&cropid=12&task=view","Sorghum","NGSB-91-7","SAMSORG-19","SSV-5(L-2141)","High yielding, high quality pearly grain. (1.8-3t/ha)","Northern Guinea Sudan","I.A.R, Samaru, Zaria","I.A.R. Samaru, Zaria","J. Webstar, S.B. King & G.T. York",3,1970,1991,NA
"https://www.seedportal.org.ng/variety.php?keyword=&category=&varid=50&cropid=2&task=view","Cotton","NGGS 91-4","SAMCOT-4","SAMMARU-69","Improved yield. (1-1.5t/ha)","Southern and Northern Guinea Savanna","I.A.R. SAMARU","I.A.R. SAMARU",NA,1.5,1969,1991,NA
"https://www.seedportal.org.ng/variety.php?keyword=&category=&varid=180&cropid=7&task=view","Maize","NGZM-91-30","SAMMAZ-7","Biu yellow","Bright yellow seed, tolerant to maize rust & virus streak, tolerant to stem borer.","Northern Guinea Savanna","U.S.A.","I.A.R, Samaru, Zaria",NA,NA,1969,1991,NA
"https://www.seedportal.org.ng/variety.php?keyword=&category=&varid=313&cropid=9&task=view","Rice","NGOS-91-12","FARO-12","SML-140/10","Long grain type. (2-3.5t/ha)","Forest Transition/Derived Savanna","Surimame","FDAR (NCRI), Ibadan",NA,3.5,1969,1991,NA
"https://www.seedportal.org.ng/variety.php?keyword=&category=&varid=49&cropid=2&task=view","Cotton","NGGS 91-3","SAMCOT-3","SAMMARU-68","Improved yield and lint, has longer staple than SAMCOT-2, slightly above 2.54cm. (2-2.5t/ha)","Derived Savanna, Northern and Southern Guinea Savanna","I.A.R. SAMARU","I.A.R. SAMARU",NA,2.5,1968,1991,NA
"https://www.seedportal.org.ng/variety.php?keyword=&category=&varid=549&cropid=24&task=view","Cocoa","NGTC-99-1","Hybrid Series","TC-1","Best adapted to dry conditions. And it has pale to dark purple beans.","Humid Forest, Forest Transition/Derived Savanna and Southern Guinea Savanna","Local X Amazon Single Cross","CRIN Ibadan.","Opeke L. and H. Toxopeus",NA,1967,1999,NA
"https://www.seedportal.org.ng/variety.php?keyword=&category=&varid=551&cropid=24&task=view","Cocoa","NGTC-99-3","Synthetic Series III","CRIN synthetic series I and F3 Amazon","Best for rehabilitation in area of swollenshoot mass infection","Humid Forest, Forest Transition/Derived Savanna and Southern Guinea Savanna","F2 Open pollinated Local X Amazon","CRIN Ibadan.","L.Opeke and H.Toxopeus",NA,1967,1999,NA
"https://www.seedportal.org.ng/variety.php?keyword=&category=&varid=554&cropid=24&task=view","Cocoa","NGTC-99-6","Synthetic Series II","Hybrid 24 CSS II","Good establishment ability, more precocious and high yielding than F3 Amazon, high pod value, exhibition of high degree of heterosis. Has a low land humid main forest habitat.","Humid Forest, Forest Transition/Derived Savanna and Southern Guinea Savanna","Local X Amazon Single Cross","CRIN Ibadan.","H.Toxopeus",NA,1967,1999,NA
"https://www.seedportal.org.ng/variety.php?keyword=&category=&varid=290&cropid=8&task=view","Pearl Millet","NGPG-91-1","SAMIL-1","EX-Borno","Highly yielding. (2-3t/ha)","All Savanna Zones","Gashua Borno- State","I.A.R-Samaru Zaria","R.W.Gibbons, D.A. Guymer",3,1966,1991,NA
"https://www.seedportal.org.ng/variety.php?keyword=&category=&varid=312&cropid=9&task=view","Rice","NGOS-91-11","FARO-11","OS-6","Medium grain type. (1.5-2.5t/ha)","Forest Transition/Derived Savanna","Belgian Congo","FDAR (NCRI), Ibadan",NA,2.5,1966,1991,NA
"https://www.seedportal.org.ng/variety.php?keyword=&category=&varid=483&cropid=15&task=view","Wheat","NGTA-91-1","SAM-WHIT-1","Tousson","Wide adaptability, high yielding. (4.5-5t/ha)",NA,"Introduction from F.A.O.","I.A.R, Samaru Zaria",NA,5,1965,1991,NA
"https://www.seedportal.org.ng/variety.php?keyword=&category=&varid=484&cropid=15&task=view","Wheat","NGTA-91-2","SAM-WHIT-2","Florance Amore 8193","Very good bread making qualities. (4.5-5t/ha)",NA,"Introduction from F.A.O.","I.A.R, Samaru Zaria",NA,5,1965,1991,NA
"https://www.seedportal.org.ng/variety.php?keyword=&category=&varid=179&cropid=7&task=view","Maize","NGZM-91-29","NARZO-7","NS-D","Very good for pap, high in carotene and protein content",NA,"FDAR, Ibadan","FDAR, Ibadan","Dr. Van Eijnattern",NA,1963,1991,NA
"https://www.seedportal.org.ng/variety.php?keyword=&category=&varid=309&cropid=9&task=view","Rice","NGOS-91-8","FARO-8","MAS-2401","Long grain type. (3.5-4.5t/ha)","Forest Transition/Derived Savanna","Indonesia","FDAR (NCRI), Ibadan",NA,4.5,1963,1991,NA
"https://www.seedportal.org.ng/variety.php?keyword=&category=&varid=310&cropid=9&task=view","Rice","NGOS-91-9","FARO-9","SIAM-29","Long grain type. (2.5-3t/ha)","Forest Transition/Derived Savanna","Malaya","FDAR (NCRI), Ibadan",NA,3,1963,1991,NA
"https://www.seedportal.org.ng/variety.php?keyword=&category=&varid=311&cropid=9&task=view","Rice","NGOS-91-10","FARO-10","SINDANO","Long grain type. (2.5-3.5t/ha)","Forest Transition/Derived Savanna","Kenya","FDAR (NCRI), Ibadan",NA,3.5,1963,1991,NA
"https://www.seedportal.org.ng/variety.php?keyword=&category=&varid=550&cropid=24&task=view","Cocoa","NGTC-99-2","Synthetic Series I","CSS1","Better than N38 in precosity establishment and pod production. Genetically broad based, produced bean of qualities acceptable to chocolate manufacturers.","Humid Forest, Forest Transition/Derived Savanna and Southern Guinea Savanna","F3 Amazon","CRIN Ibadan.","L.Opeke and H.Toxopeus",NA,1963,1999,NA
"https://www.seedportal.org.ng/variety.php?keyword=&category=&varid=553&cropid=24&task=view","Cocoa","NGTC-99-5","Hybrid Series II",NA,"Better than N38 in precosity, establishment and pod production. Genetically broad based, produces beans of qualities acceptable to chocolate manufacturers.","Humid Forest, Forest Transition/Derived Savanna and Southern Guinea Savanna","Progeny Selection","CRIN Ibadan.","L.Opeke and H.Toxopeus",NA,1963,1999,NA
"https://www.seedportal.org.ng/variety.php?keyword=&category=&varid=308&cropid=9&task=view","Rice","NGOS-91-7","FARO-7","Malling","Medium grain type. (2.5-3.5t/ha)","Humid Forest","Thailand","FDAR (NCRI), Ibadan",NA,3.5,1962,1991,NA
"https://www.seedportal.org.ng/variety.php?keyword=&category=&varid=307&cropid=9&task=view","Rice","NGOS-91-6","FARO-6","I.C.B.","Medium grain type. (2-3t/ha)","Humid Forest","Thailand Via Bamako","FDAR (NCRI), Ibadan",NA,3,1961,1991,NA
"https://www.seedportal.org.ng/variety.php?keyword=&category=&varid=125&cropid=6&task=view","Groundnut","NGAH 91-1","SAMNUT-1","M.K 374","High oil content 53-55%(dry matter basis) yield: 2,500-3,000 kg/ha. (2.5-3t/ha)","Northern and Southern Guinea Savanna","I.A.R. Samaru, Zaria","I.A.R. Samaru, Zaria","C.Harkness, W.C. Stonebridge",3,1960,1991,NA
"https://www.seedportal.org.ng/variety.php?keyword=&category=&varid=126&cropid=6&task=view","Groundnut","NGAH 91-2","SAMNUT-2","Samaru-38","High oil content 53-55%(dry matter basis) yield: 2,500-3,000 kg/ha. (2.5-3t/ha)","Northern and Southern Guinea Savanna","I.A.R. Samaru, Zaria","I.A.R. Samaru, Zaria","C.Harkness, W.C. Stonebridge",3,1960,1991,NA
"https://www.seedportal.org.ng/variety.php?keyword=&category=&varid=306&cropid=9&task=view","Rice","NGOS-91-5","FARO-5","Makalioka 823","Medium grain type. (2-4.5t/ha)","Forest Transition/Derived Savanna, Northern Guinea Savanna","Madagascar","FDAR (NCRI), Ibadan",NA,4.5,1960,1991,NA
"https://www.seedportal.org.ng/variety.php?keyword=&category=&varid=48&cropid=2&task=view","Cotton","NGGS 91-2","SAMCOT-2","SAMMARU-261","General adaptation, better yield than SAMCOT-1, higher grinning percentage. (1-1.5t/ha)","Guinea and Savanna Zones","I.A.R. SAMARU","I.A.R. SAMARU",NA,1.5,1959,1991,NA
"https://www.seedportal.org.ng/variety.php?keyword=&category=&varid=305&cropid=9&task=view","Rice","NGOS-91-4","FARO-4","KAV-12","Medium grain type. (2-4t/ha)","Humid Forest","Madras, India","FDAR (NCRI), Ibadan",NA,4,1959,1991,NA
"https://www.seedportal.org.ng/variety.php?keyword=&category=&varid=304&cropid=9&task=view","Rice","NGOS-91-3","FARO-3","Agbede 16/56","Medium grain type. (1.5-2.5t/ha)","Forest Transition/Derived Savanna, Southern and Northern Guinea Savanna","Nigeria","FDAR (NCRI), Ibadan",NA,2.5,1958,1991,NA
"https://www.seedportal.org.ng/variety.php?keyword=&category=&varid=303&cropid=9&task=view","Rice","NGOS-91-2","FARO-2","D-114","Medium grain type. (3-4.5t/ha)","Northern Guinea Savanna","British Guiana","FDAR (NCRI), Ibadan",NA,4.5,1955,1991,NA
"https://www.seedportal.org.ng/variety.php?keyword=&category=&varid=178&cropid=7&task=view","Maize","NGZM-91-28","NARZO-6","NS-1","Very good for pap, high in carotene and protein content","Diverse Ecologies","FDAR, Ibadan","FDAR, Ibadan","Dr. Van Eijnattern",NA,1954,1991,NA
"https://www.seedportal.org.ng/variety.php?keyword=&category=&varid=302&cropid=9&task=view","Rice","NGOS-91-1","FARO-1","BG-79","Medium grain type. (3.0-5.0t/ha)","Southern and Northern Guinea Savanna","British Guiana","FDAR (NCRI), Ibadan",NA,5,1954,1991,NA
"https://www.seedportal.org.ng/variety.php?keyword=&category=&varid=177&cropid=7&task=view","Maize","NGZM-91-27","NARZO-5","SICARAGUA","Big grain type, flowry kernels, good for pap",NA,"Latin America (Mexico)","FDAR, Ibadan",NA,NA,1952,1991,NA
"https://www.seedportal.org.ng/variety.php?keyword=&category=&varid=173&cropid=7&task=view","Maize","NGZM-91-23","NARZO-1","DIACOL-153","Big cobs","Forest ecologies","Latin America (Mexico)","FDAR, Ibadan","Dr. Van Eijnattern",NA,1950,1991,NA
"https://www.seedportal.org.ng/variety.php?keyword=&category=&varid=174&cropid=7&task=view","Maize","NGZM-91-24","NARZO-2","H 503","Big grain type, flowry kernels, good for pap","Forest ecologies","Latin America (Mexico)","FDAR, Ibadan",NA,NA,1950,1991,NA
"https://www.seedportal.org.ng/variety.php?keyword=&category=&varid=175&cropid=7&task=view","Maize","NGZM-91-25","NARZO-3","H 507","Big grain type, flowry kernels, good for pap",NA,"Latin America (Mexico)","FDAR, Ibadan",NA,NA,1950,1991,NA
"https://www.seedportal.org.ng/variety.php?keyword=&category=&varid=176&cropid=7&task=view","Maize","NGZM-91-26","NARZO-4","EAFRO-231","Big grain type, flowry kernels, good for pap",NA,"Latin America (Mexico)","FDAR, Ibadan",NA,NA,1950,1991,NA
"https://www.seedportal.org.ng/variety.php?keyword=&category=&varid=47&cropid=2&task=view","Cotton","NGGS 91-1","SAMCOT-1","SAMMARU-260","General adaptation, good yield. (1-1.12t/ha)","Guinea and Savanna Zones","I.A.R. SAMARU","I.A.R. SAMARU",NA,1.12,1937,1991,NA
"https://www.seedportal.org.ng/variety.php?keyword=&category=&varid=94&cropid=4&task=view","Soybean","NGGM-91-1","Malayan","Malayan","Fantastic nodulation without inoculation",NA,"Nigeria","Northern Region Ministry of Agric & Natural Resources",NA,NA,1937,1991,NA
"https://www.seedportal.org.ng/variety.php?keyword=&category=&varid=123&cropid=5&task=view","Forage Legume","NGSH/FL-00-8","ILRI-15876","ILRI-15876 Stylosanthes hamata (L.) Tanb.","Persistent pasture species, highly palatable, good soil improving properties; good seed production.",NA,"Australia","ILRI, Ibadan, Nigeria","S.A. Tarawali, M. Peter",NA,NA,2000,NA
"https://www.seedportal.org.ng/variety.php?keyword=&category=&varid=124&cropid=5&task=view","Forage Legume","NGSH/FL-00-9","ILRI-75","ILRI-75 Stylosanthes hamata (L.) Tanb.","Persistent pasture species give good ruminant performances when used as a supplement; good soil improving properties, good seed production. Fallen leaves palatable in the dry season. No anti- nutritional qualities reported.",NA,"Australia","ILRI, Ibadan, Nigeria","E.C. Agishin, S.A. Tarawali, M.A. Mohammed Saleem, A.M. Adam, Y. Shehu, P.N. Deleaus, O.S Onifade, R.M. Otshina and G.Tarawali",NA,NA,2000,NA
"https://www.seedportal.org.ng/variety.php?keyword=&category=&varid=431&cropid=12&task=view","Sorghum","NGSB-96-38","CSR 01*","Farafara Ex Kano","Excellent grains qualities for indistrial use in- malting and brewing",NA,"Farmers' fields Garum Baba village near Kano","NBPLC","Prof. A.B. Obilana",NA,NA,2006,NA
"https://www.seedportal.org.ng/variety.php?keyword=&category=&varid=432&cropid=12&task=view","Sorghum","NGSB-96-39","CSR 02*","Farafara ExKatsina","Excellent grains qualities for indistrial use in- malting and brewing",NA,"Farmers' fields","NBPLC","Prof. A.B. Obilana",NA,NA,2006,NA
"https://www.seedportal.org.ng/variety.php?keyword=&category=&varid=458&cropid=13&task=view","Sugarcane","NGSO - 00-14","NCS 001","BD83-019","Ratoons well and has excellent canopy for weed control",NA,NA,"NCRI, Badeggi",NA,NA,NA,2000,NA
"https://www.seedportal.org.ng/variety.php?keyword=&category=&varid=459&cropid=13&task=view","Sugarcane","NGSO - 00-15","NCS 001","BD83-025","Ratoons well, controls weeds, has good yield and juice quality",NA,NA,"NCRI, Badeggi",NA,NA,NA,2000,NA
"https://www.seedportal.org.ng/variety.php?keyword=&category=&varid=573&cropid=30&task=view","Date Palm","NGPD-00-1","NIFOR-301",NA,"Early flowering and early fruit ripening.","Humid Forest, Forest Transition/Derived Savanna","Dutse Nigeria","NIFOR","M.O. Otedoh, C.O. Okwuagwu, E.E.J. Akpan, E.C. Okolo, J.O. Odewale & Ataga C.D.",NA,NA,2000,NA
"https://www.seedportal.org.ng/variety.php?keyword=&category=&varid=574&cropid=31&task=view","Raphia Palm","NGRH-00-1","NIFOR-311",NA,"Early maturing","Humid Forest, Forest Transition/Deriv ed Savanna","Benin City Nigeria","NIFOR","M.O Otedoh, C.O. Okwuagwu, E.E.J. Akpan, E.C.Okolo, J.O. Odewale & Ataga C.D.",NA,NA,2000,NA
"https://www.seedportal.org.ng/variety.php?keyword=&category=&varid=585&cropid=33&task=view","Irish Potato","NGST-03-3","BR63-18","BR63-18","Early maturing, short dormancy, excellent culinary qualities. High dry matter.",NA,"USDA University of Wisconsin",NA,NA,NA,NA,2003,NA
