variety,parent_variety,variety_type,countries_origin,variety_description,variety_img_src,ms_shortname,ms_longname,ms_othername,ptr,dsr,il,rl,upland,ril,rrl,rup,cil,crl,cup,key_strengths,considerations,gyat_head,gyat,bas_head,bas,variety_kg,variety_nick,variety_fm,recommendation,remarks,pm_image,pm_btn,eco_image,eco_btn,pos_image,pos_btn,ks_image,ks_btn,c_image,c_btn,rvp_image,rvp_btn,pro_image,pro_btn,catalog_id
DRR dhan 45,IR 73707-45- 3-2-3/ IR 77080-B- 34- 3,Inbred,India,"DRR dhan45 is the first of its kind variety developed by IIRR, Hyderabad that is rich in zinc content. This biofortified medium duration, medium tall variety with long slender grain was released in 2019 for irrigated environment. Based on high zinc content and yield performance it is recommended for cultivation in Tamil Nadu, Andhra Pradesh, and Karnataka. Excellent cooking quality with desirable amylose content. Tolerant to major diseases and insect pests.",https://glomip.cgiar.org/uploads/product_catalog/drr_451.PNG,Rice Indica SA MS00299,Rice - Indica | Non-Hybrid | SA | Food; Long Soft | White | Lowlands; Drought Prone | Transplanted; Rainfed | Mid,TMeL-I,Recommended,Not Recommended,Recommended,Not Recommended,Not Recommended,DRR dhan 40,None,None,"DRR dhan 42, DRR dhan 44",None,None,"<tr><td>Maturity</td><td>Maturity duration</td><td>Medium maturity</td></tr><tr><td>Grain Quality traits</td><td>High nutritive value (Fe, Zn, Protein)</td><td>High zinc content (27.4%)</td></tr><tr><td>Other key traits</td><td>Other</td><td>non-shattering</td></tr><tr><td>Agronomic traits</td><td>Lodging</td><td>Non-lodging</td></tr><tr><td>Biotic stress</td><td>Other</td><td>Tolerant to major diseases and insect pests</td></tr><tr><td>Grain shape</td><td>Other</td><td>Long slender</td></tr>","<tr><td colspan=""3"">No Considerations data.</td></tr>","<tr><th rowspan=""2"">Variety</th>
                    <th colspan=""2"">Grain Yield</th>
                    <th rowspan=""2"">Maturity (days)</th>
                    <th rowspan=""2"">Plant height (cm)</th>
                    <th rowspan=""2"">Lodging</th>
                    <th rowspan=""2"">Shattering</th>
                    <th rowspan=""2"">1000 grain weight (g)</th>
                    <th rowspan=""2"">Panicle Threshability</th>
                    <th rowspan=""2"">HRR (%)</th>
                    <th rowspan=""2"">Amylose content (%)</th>
                    <th rowspan=""2"">Special Trait</th>
                    <th rowspan=""2"">Tillering</th></tr><tr><th>(kg/ha)</th><th>(% Adv)</th></tr>","<tr><td class=""must-variety-value"">DRR dhan 45</td><td>5000</td><td>16</td><td>125</td><td>110</td><td>Tolerant</td><td>Tolerant</td><td>24.0</td><td>-</td><td>60.0</td><td>20.7</td><td>-</td><td></td></tr><tr><td class=""must-benchmark1-value"">DRR dhan 40</td><td>4300</td><td>-</td><td>135</td><td>105</td><td>Susceptible</td><td>Tolerant</td><td>-</td><td>-</td><td>59.0</td><td>25.0</td><td>-</td><td></td></tr>",<th>Variety</th><th>Leaf blast</th><th>Bacterial leaf blight</th><th>Brown plant hopper</th><td>Salinity</td><td>Submergence</td><td>Drought</td>,"<tr><td class=""must-variety-value"">DRR dhan 45</td><td>Tolerant</td><td>Tolerant</td><td>Tolerant</td><td>-</td><td>Tolerant</td><td>-</td></tr><tr><td class=""must-benchmark1-value"">DRR dhan 40</td><td>Susceptible</td><td>Tolerant</td><td>Susceptible</td><td>-</td><td>Susceptible</td><td>-</td></tr>",2000,-,-,Not Data,"Suitable for early sowing under irrigated conditions.
Recommended as a bio fortified rice for high malnutrition areas of Tamil Nadu, Andhra Pradesh, Karnataka",assets/img/pc-evidence/planting-method_alt.png,"{""data-disabled"":""true"",""data-show"":""false"",""data-pc_id"":10}",assets/img/pc-evidence/ecosystem_alt.png,"{""data-disabled"":""true"",""data-show"":""false"",""data-pc_id"":10}",assets/img/pc-evidence/positioning_alt.png,"{""data-disabled"":""true"",""data-show"":""false"",""data-pc_id"":10}",assets/img/pc-evidence/key-strengths_alt.png,"{""data-disabled"":""true"",""data-show"":""false"",""data-pc_id"":10}",assets/img/pc-evidence/considerations_alt.png,"{""data-disabled"":""true"",""data-show"":""false"",""data-pc_id"":10}",assets/img/pc-evidence/relative-variety-perf_alt.png,"{""data-disabled"":""true"",""data-show"":""false"",""data-pc_id"":10}",assets/img/pc-evidence/producibility_alt.png,"{""data-disabled"":""true"",""data-show"":""false"",""data-pc_id"":10}",10
Ranjit Sub-1,Ranjit/Swarna Sub-1,Inbred,India,"A late maturity, medium slender, tall variety suitable for submergence prone rice ecology. Developed by RARS, Jorhat in 2018 by introgression of sub-1 gene in high yielding variety Ranjit. Ensures good grain yield even when submerged up-to two weeks. This variety can regenerate. Because of its high productivity under submerged conditions, it is getting popular among farmers from low lying areas. Tolerant to leaf blast and susceptible to leaf blight.",https://glomip.cgiar.org/uploads/product_catalog/ranjit_sub1.PNG,Rice Indica SA MS00594,Rice - Indica | Non-Hybrid | SA | Food; Medium Soft | White | Lowlands | Transplanted; Rainfed | Late,TLaM-R,Recommended,Not Recommended,Not Recommended,Recommended,Not Recommended,None,Ranjit,None,None,Bahadur sub-1,None,<tr><td>Biotic stress</td><td>Sheath Rot</td><td>Tolerant</td></tr><tr><td>Biotic stress</td><td>Leaf blast</td><td>Tolerant to Leaf blast</td></tr><tr><td>Agronomic traits</td><td>Yield Potential</td><td>Good yield under submergence</td></tr><tr><td>Agronomic traits</td><td>Other</td><td>non-shattering</td></tr><tr><td>Abiotic stress</td><td>Submergence</td><td>Tolerant</td></tr><tr><td>Agronomic traits</td><td>Lodging</td><td>Non lodging</td></tr><tr><td>Biotic stress</td><td>Brown spot</td><td>Tolerant</td></tr>,<tr><td>Biotic stress</td><td>Bacterial blight</td><td>Suceptible</td></tr><tr><td>Biotic stress</td><td>Brown Plant Hopper  (vegetative to maturity stage)</td><td>Susceptible</td></tr><tr><td>Agronomic traits</td><td>Other</td><td>Low yield in marginal condition</td></tr><tr><td>Maturity</td><td>Maturity duration</td><td>Long Duration</td></tr><tr><td>Agronomic traits</td><td>Plant height</td><td>Tall</td></tr>,"<tr><th rowspan=""2"">Variety</th>
                    <th colspan=""2"">Grain Yield</th>
                    <th rowspan=""2"">Maturity (days)</th>
                    <th rowspan=""2"">Plant height (cm)</th>
                    <th rowspan=""2"">Lodging</th>
                    <th rowspan=""2"">Shattering</th>
                    <th rowspan=""2"">1000 grain weight (g)</th>
                    <th rowspan=""2"">Panicle Threshability</th>
                    <th rowspan=""2"">HRR (%)</th>
                    <th rowspan=""2"">Amylose content (%)</th>
                    <th rowspan=""2"">Special Trait</th>
                    <th rowspan=""2"">Tillering</th></tr><tr><th>(kg/ha)</th><th>(% Adv)</th></tr>","<tr><td class=""must-variety-value"">Ranjit Sub-1</td><td>5000</td><td>11</td><td>145</td><td>140-150</td><td>Tolerant</td><td>Tolerant</td><td>20</td><td>-</td><td>53.5</td><td>20.7</td><td>-</td><td></td></tr><tr><td class=""must-benchmark1-value"">Ranjit</td><td>4500</td><td>-</td><td>145</td><td>150</td><td>Susceptible</td><td>Tolerant</td><td>20</td><td>-</td><td>50.0</td><td>21.3</td><td>-</td><td></td></tr>",<th>Variety</th><th>Leaf blast</th><th>Bacterial leaf blight</th><th>Brown plant hopper</th><th>Sheath Rot</th><td>Salinity</td><td>Submergence</td><td>Drought</td>,"<tr><td class=""must-variety-value"">Ranjit Sub-1</td><td>Tolerant</td><td>Susceptible</td><td>Susceptible</td><td>Tolerant</td><td>-</td><td>Tolerant</td><td>-</td></tr><tr><td class=""must-benchmark1-value"">Ranjit</td><td>Susceptible</td><td>Tolerant</td><td>Susceptible</td><td>-</td><td>-</td><td>Tolerant</td><td>-</td></tr>",1800,-,-,Not Data,"Suitable for low land ecology of Assam, Odisha, Uttar Pradesh.
Zonal check in north eastern late maturity yield trials conducted by IIRR, India.",assets/img/pc-evidence/planting-method_alt.png,"{""data-disabled"":""true"",""data-show"":""false"",""data-pc_id"":11}",assets/img/pc-evidence/ecosystem_alt.png,"{""data-disabled"":""true"",""data-show"":""false"",""data-pc_id"":11}",assets/img/pc-evidence/positioning_alt.png,"{""data-disabled"":""true"",""data-show"":""false"",""data-pc_id"":11}",assets/img/pc-evidence/key-strengths_alt.png,"{""data-disabled"":""true"",""data-show"":""false"",""data-pc_id"":11}",assets/img/pc-evidence/considerations_alt.png,"{""data-disabled"":""true"",""data-show"":""false"",""data-pc_id"":11}",assets/img/pc-evidence/relative-variety-perf_alt.png,"{""data-disabled"":""true"",""data-show"":""false"",""data-pc_id"":11}",assets/img/pc-evidence/producibility_alt.png,"{""data-disabled"":""true"",""data-show"":""false"",""data-pc_id"":11}",11
BRRI dhan92,Rice/wheat(R1)/ BR319-1-HR2// DH(Mingolo/Suweon290) Panbira,Inbred,Bangladesh,"Extremely high yielding, late maturity, medium tall, long slender grain variety suitable for cultivation across country under irrigated lowland growing conditions. Released in 2019 and recommended for planting in Boro season due to low water requirement and higher yield than commonly grown variety BRRI dhan29. Good plant type with sturdy stem and straight flag leaf. Tolerant to lodging and shattering. ",https://glomip.cgiar.org/uploads/product_catalog/92.jpg,,,-,Recommended,Not Recommended,Recommended,Not Recommended,Not Recommended,BRRI Dhan29,None,None,BRRI dhan89,None,None,<tr><td>Agronomic traits</td><td>Plant height</td><td>Medium tall</td></tr><tr><td>Other key traits</td><td>Other</td><td>Low water requirement </td></tr><tr><td>Agronomic traits</td><td>Yield Potential</td><td>Exceedingly high yield potential</td></tr><tr><td>Grain shape</td><td>Grain shape (L:B)</td><td>Long slender</td></tr><tr><td>Agronomic traits</td><td>Lodging</td><td>Lodging tolerant</td></tr><tr><td>Grain Quality traits</td><td>Head Rice Recovery</td><td> High HRR</td></tr>,<tr><td>Abiotic stress</td><td>Salinity (Reproductive)</td><td>Sensitive to saline prone area</td></tr>,"<tr><th rowspan=""2"">Variety</th>
                    <th colspan=""2"">Grain Yield</th>
                    <th rowspan=""2"">Maturity (days)</th>
                    <th rowspan=""2"">Plant height (cm)</th>
                    <th rowspan=""2"">Lodging</th>
                    <th rowspan=""2"">Shattering</th>
                    <th rowspan=""2"">1000 grain weight (g)</th>
                    <th rowspan=""2"">Panicle Threshability</th>
                    <th rowspan=""2"">HRR (%)</th>
                    <th rowspan=""2"">Amylose content (%)</th>
                    <th rowspan=""2"">Special Trait</th>
                    <th rowspan=""2"">Tillering</th></tr><tr><th>(kg/ha)</th><th>(% Adv)</th></tr>","<tr><td class=""must-variety-value"">BRRI dhan92</td><td>8400</td><td>12</td><td>155-160</td><td>105-110</td><td>Tolerant</td><td>Tolerant</td><td>23.4 </td><td></td><td>64.0</td><td>26.0</td><td></td><td></td></tr><tr><td class=""must-benchmark1-value"">BRRI dhan29</td><td>7500</td><td></td><td>155-165</td><td>90-95</td><td>Tolerant</td><td>Tolerant</td><td>21.5</td><td></td><td>58.0</td><td>29.4</td><td></td><td></td></tr>",<th>Variety</th><th>Leaf blast</th><th>Bacterial leaf blight</th><th>Brown plant hopper</th><td>Salinity</td><td>Submergence</td><td>Drought</td>,"<tr><td class=""must-variety-value"">BRRI dhan92</td><td>Tolerant</td><td>Susceptible</td><td>Susceptible</td><td> Susceptible</td><td> Susceptible</td><td> Tolerant</td></tr><tr><td class=""must-benchmark1-value"">BRRI dhan29</td><td>Susceptible</td><td>Tolerant</td><td>Susceptible</td><td> Susceptible</td><td> Susceptible</td><td> Susceptible</td></tr>", 3400 ,,,Advance,"Released for cultivation in Boro season in all over Bangladesh                                                     Zonal check in BRRI yield trials
",assets/img/pc-evidence/planting-method_alt.png,"{""data-disabled"":""true"",""data-show"":""false"",""data-pc_id"":12}",assets/img/pc-evidence/ecosystem_alt.png,"{""data-disabled"":""true"",""data-show"":""false"",""data-pc_id"":12}",assets/img/pc-evidence/positioning_alt.png,"{""data-disabled"":""true"",""data-show"":""false"",""data-pc_id"":12}",assets/img/pc-evidence/key-strengths_alt.png,"{""data-disabled"":""true"",""data-show"":""false"",""data-pc_id"":12}",assets/img/pc-evidence/considerations_alt.png,"{""data-disabled"":""true"",""data-show"":""false"",""data-pc_id"":12}",assets/img/pc-evidence/relative-variety-perf_alt.png,"{""data-disabled"":""true"",""data-show"":""false"",""data-pc_id"":12}",assets/img/pc-evidence/producibility_alt.png,"{""data-disabled"":""true"",""data-show"":""false"",""data-pc_id"":12}",12
BRRI dhan47,IR515111-B-B-34-B*/TCCP266-2-49-B-B-3*,Inbred,Bangladesh,"High yielding, late maturity, medium tall, medium bold, variety suitable for cultivation under irrigated lowland conditions. Developed by BRRI and released in 2008 for cultivation in saline prone areas of Bangladesh in Boro season. Tolerate salinity up to 12-14 dS/m during seedling stage and 6 dS/m during other growth stages.  Susceptible to shattering. Low protein content.  ",https://glomip.cgiar.org/uploads/product_catalog/BRRI_dhan47.jpg,,,-,Not Recommended,Not Recommended,Recommended,Not Recommended,Not Recommended,BRRI dhan28,,, Binadhan-8,,,<tr><td>Grain Quality traits</td><td>Other</td><td>High grain weight</td></tr><tr><td>Agronomic traits</td><td>Yield Potential</td><td>High yield potential </td></tr><tr><td>Agronomic traits</td><td>Plant height</td><td>Medium tall   </td></tr><tr><td>Grain shape</td><td>Grain shape (L:B)</td><td>Medium bold  </td></tr><tr><td>Maturity</td><td>Maturity duration</td><td>Late maturity     </td></tr><tr><td>Abiotic stress</td><td>Salinity (Reproductive)</td><td>Good tolerance to salinity</td></tr>,"<tr><td>Agronomic traits</td><td>Other</td><td>Susceptible to shattering</td></tr><tr><td>Grain Quality traits</td><td>High nutritive value (Fe, Zn, Protein)</td><td>Low protein</td></tr><tr><td>Cooking quality</td><td>Other</td><td>More cooking time</td></tr>","<tr><th rowspan=""2"">Variety</th>
                    <th colspan=""2"">Grain Yield</th>
                    <th rowspan=""2"">Maturity (days)</th>
                    <th rowspan=""2"">Plant height (cm)</th>
                    <th rowspan=""2"">Lodging</th>
                    <th rowspan=""2"">Shattering</th>
                    <th rowspan=""2"">1000 grain weight (g)</th>
                    <th rowspan=""2"">Panicle Threshability</th>
                    <th rowspan=""2"">HRR (%)</th>
                    <th rowspan=""2"">Amylose content (%)</th>
                    <th rowspan=""2"">Special Trait</th>
                    <th rowspan=""2"">Tillering</th></tr><tr><th>(kg/ha)</th><th>(% Adv)</th></tr>","<tr><td class=""must-variety-value"">BRRI dhan47</td><td>6000</td><td>-</td><td>152</td><td>140-145</td><td></td><td>Susceptible</td><td>27.1</td><td></td><td></td><td>26.1</td><td></td><td></td></tr><tr><td class=""must-benchmark1-value"">BRRI dhan28</td><td>6000</td><td></td><td>140-145</td><td>90-95</td><td></td><td>Tolerant</td><td>21.1</td><td></td><td></td><td>27.0</td><td></td><td></td></tr>",<th>Variety</th><th>Leaf blast</th><th>Bacterial leaf blight</th><th>Brown plant hopper</th><td>Salinity</td><td>Submergence</td><td>Drought</td>,"<tr><td class=""must-variety-value"">BRRI dhan47</td><td>Tolerant</td><td>Susceptible</td><td>Susceptible</td><td>Tolerant</td><td>Susceptible </td><td>Susceptible</td></tr><tr><td class=""must-benchmark1-value"">BRRI dhan28</td><td>Tolerant</td><td>Tolerant</td><td>Susceptible</td><td>Susceptible</td><td>Susceptible </td><td>Tolerant</td></tr>",2400,,,Advance,"Released for cultivation in Boro season in Saline prone areas of Bangladesh                                                    Zonal check in BRRI yield trials
",assets/img/pc-evidence/planting-method_alt.png,"{""data-disabled"":""true"",""data-show"":""false"",""data-pc_id"":13}",assets/img/pc-evidence/ecosystem_alt.png,"{""data-disabled"":""true"",""data-show"":""false"",""data-pc_id"":13}",assets/img/pc-evidence/positioning_alt.png,"{""data-disabled"":""true"",""data-show"":""false"",""data-pc_id"":13}",assets/img/pc-evidence/key-strengths_alt.png,"{""data-disabled"":""true"",""data-show"":""false"",""data-pc_id"":13}",assets/img/pc-evidence/considerations_alt.png,"{""data-disabled"":""true"",""data-show"":""false"",""data-pc_id"":13}",assets/img/pc-evidence/relative-variety-perf_alt.png,"{""data-disabled"":""true"",""data-show"":""false"",""data-pc_id"":13}",assets/img/pc-evidence/producibility_alt.png,"{""data-disabled"":""true"",""data-show"":""false"",""data-pc_id"":13}",13
BRRI dhan46,BR 11/ARC 14766,Inbred,Bangladesh,"Good yield, medium maturity, medium tall, medium bold variety suitable for cultivation under rainfed lowland conditions. Developed by BRRI and released in 2007 for planting in Bangladesh in Aman season. Low GI. Photo sensitive, shattering susceptible. Grain spots",https://glomip.cgiar.org/uploads/product_catalog/BRRI_dhan46.jpg,,,-,Recommended,Not Recommended,Not Recommended,Recommended,Not Recommended,,BRRI dhan32,,,BRRI dhan75,,<tr><td>Grain Quality traits</td><td>Other</td><td>Low GI (<55)      </td></tr><tr><td>Agronomic traits</td><td>Plant height</td><td>Medium tall  </td></tr><tr><td>Grain shape</td><td>Grain shape (L:B)</td><td>Medium bold </td></tr><tr><td>Maturity</td><td>Maturity duration</td><td>Medium maturity  </td></tr><tr><td>Agronomic traits</td><td>Other</td><td>Good grain weight</td></tr>,<tr><td>Agronomic traits</td><td>Other</td><td>Shattering susceptible</td></tr><tr><td>Abiotic stress</td><td>Cold (reproductive)</td><td>Cold susceptible</td></tr><tr><td>Agronomic traits</td><td>Other</td><td>Photo sensitive  </td></tr>,"<tr><th rowspan=""2"">Variety</th>
                    <th colspan=""2"">Grain Yield</th>
                    <th rowspan=""2"">Maturity (days)</th>
                    <th rowspan=""2"">Plant height (cm)</th>
                    <th rowspan=""2"">Lodging</th>
                    <th rowspan=""2"">Shattering</th>
                    <th rowspan=""2"">1000 grain weight (g)</th>
                    <th rowspan=""2"">Panicle Threshability</th>
                    <th rowspan=""2"">HRR (%)</th>
                    <th rowspan=""2"">Amylose content (%)</th>
                    <th rowspan=""2"">Special Trait</th>
                    <th rowspan=""2"">Tillering</th></tr><tr><th>(kg/ha)</th><th>(% Adv)</th></tr>","<tr><td class=""must-variety-value"">BRRI dhan46</td><td>5200</td><td>4</td><td>125-130</td><td>105</td><td></td><td>Susceptible</td><td>24.2</td><td></td><td></td><td>24.7</td><td></td><td></td></tr><tr><td class=""must-benchmark1-value"">BRRI dhan32</td><td>5000</td><td></td><td>145</td><td>120</td><td></td><td>Susceptible</td><td>20.0</td><td></td><td></td><td>26.3</td><td></td><td></td></tr>",<th>Variety</th><th>Leaf blast</th><th>Bacterial leaf blight</th><th>Brown plant hopper</th><th>False smut</th><th>Sheath blight</th><th>Cold</th><td>Salinity</td><td>Submergence</td><td>Drought</td>,"<tr><td class=""must-variety-value"">BRRI dhan46</td><td>Susceptible</td><td>Tolerant</td><td> Tolerant</td><td>Susceptible</td><td>Susceptible</td><td>Susceptible</td><td></td><td></td><td></td></tr><tr><td class=""must-benchmark1-value"">BRRI dhan32</td><td>Tolerant</td><td>Tolerant</td><td> Susceptible</td><td>Tolerant</td><td>Tolerant</td><td>Susceptible</td><td></td><td></td><td></td></tr>",2100,,,Advance,Released for cultivation in Aman season in all over Bangladesh                                                           Zonal check in BRRI yield trials,assets/img/pc-evidence/planting-method_alt.png,"{""data-disabled"":""true"",""data-show"":""false"",""data-pc_id"":14}",assets/img/pc-evidence/ecosystem_alt.png,"{""data-disabled"":""true"",""data-show"":""false"",""data-pc_id"":14}",assets/img/pc-evidence/positioning_alt.png,"{""data-disabled"":""true"",""data-show"":""false"",""data-pc_id"":14}",assets/img/pc-evidence/key-strengths_alt.png,"{""data-disabled"":""true"",""data-show"":""false"",""data-pc_id"":14}",assets/img/pc-evidence/considerations_alt.png,"{""data-disabled"":""true"",""data-show"":""false"",""data-pc_id"":14}",assets/img/pc-evidence/relative-variety-perf_alt.png,"{""data-disabled"":""true"",""data-show"":""false"",""data-pc_id"":14}",assets/img/pc-evidence/producibility_alt.png,"{""data-disabled"":""true"",""data-show"":""false"",""data-pc_id"":14}",14
Pusa Basmati-1718,MAS (Xa13 and XA21) of Pusa 1121,Inbred,India,"Pusa Basmati 1718—a MAS derived and improved version of iconic Pusa 1121. Developed by IARI, Delhi and released in 2017 for the states of Punjab, UP, Haryana and Uttarakhand (Basmati growing regions). Medium maturity, relatively tall variety with good yield potential. Exhibits resistance to major pests and diseases. It has extra-long slender grains (8.1 mm), high kernel length after cooking (17mm) and strong aroma which are desirable traits for export of Basmati rice.",https://glomip.cgiar.org/uploads/product_catalog/pusa_basmati_1708.PNG,Rice Indica SA MS00299,Rice - Indica | Non-Hybrid | SA | Food; Long Soft | White | Lowlands; Drought Prone | Transplanted; Rainfed | Mid,TMeL-I,Recommended,Not Recommended,Recommended,Not Recommended,Not Recommended,Pusa Basmati-1121,None,None,Pusa Basmati-1728,None,None,<tr><td>Other key traits</td><td>Panicle Threshability</td><td>High export quality </td></tr><tr><td>Other key traits</td><td>Other</td><td>High KLAC</td></tr><tr><td>Agronomic traits</td><td>Yield Potential</td><td>High yield</td></tr><tr><td>Agronomic traits</td><td>Lodging</td><td>Lodging Tolerant</td></tr><tr><td>Other key traits</td><td>Other</td><td>Shattering Tolerant</td></tr><tr><td>Grain shape</td><td>Other</td><td>Extra-long grain</td></tr><tr><td>Grain Quality traits</td><td>Aroma</td><td>Strong aroma</td></tr><tr><td>Biotic stress</td><td>Bacterial blight</td><td>Resistant</td></tr><tr><td>Biotic stress</td><td>Leaf blast</td><td>Resistant</td></tr>,<tr><td>Agronomic traits</td><td>Plant height</td><td>Relatively tall</td></tr><tr><td>Grain Quality traits</td><td>Chalkiness</td><td>Occasional grain chalkiness</td></tr>,"<tr><th rowspan=""2"">Variety</th>
                    <th colspan=""2"">Grain Yield</th>
                    <th rowspan=""2"">Maturity (days)</th>
                    <th rowspan=""2"">Plant height (cm)</th>
                    <th rowspan=""2"">Lodging</th>
                    <th rowspan=""2"">Shattering</th>
                    <th rowspan=""2"">1000 grain weight (g)</th>
                    <th rowspan=""2"">Panicle Threshability</th>
                    <th rowspan=""2"">HRR (%)</th>
                    <th rowspan=""2"">Amylose content (%)</th>
                    <th rowspan=""2"">Special Trait</th>
                    <th rowspan=""2"">Tillering</th></tr><tr><th>(kg/ha)</th><th>(% Adv)</th></tr>","<tr><td class=""must-variety-value"">Pusa Basmati-1718</td><td>5000-5500</td><td>10</td><td>136-138</td><td>115-120</td><td>Tolerant</td><td>Tolerant</td><td>28.0</td><td>-</td><td>55.0</td><td>22.2</td><td>-</td><td></td></tr><tr><td class=""must-benchmark1-value"">Pusa Basmati-1121</td><td>4500-5000</td><td></td><td>140-145</td><td>110-120</td><td>Tolerant</td><td>Tolerant</td><td>27.0</td><td>-</td><td>54.5</td><td>21.5</td><td>-</td><td></td></tr>",<th>Variety</th><th>Leaf blast</th><th>Bacterial leaf blight</th><th>Brown plant hopper</th><th>Sheath Rot</th><td>Salinity</td><td>Submergence</td><td>Drought</td>,"<tr><td class=""must-variety-value"">Pusa Basmati-1718</td><td>Resistant</td><td>Resistant</td><td>Tolerant</td><td>Tolerant</td><td></td><td></td><td></td></tr><tr><td class=""must-benchmark1-value"">Pusa Basmati-1121</td><td>Susceptible</td><td>Susceptible</td><td>Susceptible</td><td>Tolerant</td><td></td><td></td><td></td></tr>",1718 - 2000,,,Not Data,"For GI demarcated basmati regions of Delhi, Punjab, Haryana, UP &amp;amp; Uttarakhand",assets/img/pc-evidence/planting-method_alt.png,"{""data-disabled"":""true"",""data-show"":""false"",""data-pc_id"":15}",assets/img/pc-evidence/ecosystem_alt.png,"{""data-disabled"":""true"",""data-show"":""false"",""data-pc_id"":15}",assets/img/pc-evidence/positioning_alt.png,"{""data-disabled"":""true"",""data-show"":""false"",""data-pc_id"":15}",assets/img/pc-evidence/key-strengths_alt.png,"{""data-disabled"":""true"",""data-show"":""false"",""data-pc_id"":15}",assets/img/pc-evidence/considerations_alt.png,"{""data-disabled"":""true"",""data-show"":""false"",""data-pc_id"":15}",assets/img/pc-evidence/relative-variety-perf_alt.png,"{""data-disabled"":""true"",""data-show"":""false"",""data-pc_id"":15}",assets/img/pc-evidence/producibility_alt.png,"{""data-disabled"":""true"",""data-show"":""false"",""data-pc_id"":15}",15
DRR Dhan 42 (IR-64 DRT-1),IR 77298-14-1-2-10 x IR 77298-5-6-11,Inbred,India,"Early maturity, medium height, long slender, high yielding and widely adaptable variety grown in India under irrigated lowland and upland conditions. Drought tolerant variety with good adaptability in water scarce conditions. Yield advantage of around 1.0 mt/ha over other varieties of similar maturity under drought stress conditions. Developed by IIRR &amp; IRRI and released in 2016 for cultivation in the Southern and Central India. Tolerant to lodging and grain shattering. Excellent grain and eating quality.",https://glomip.cgiar.org/uploads/product_catalog/DRR_shan_42.PNG,Rice Indica SA MS00301,Rice - Indica | Non-Hybrid | SA | Food; Long Soft | White | Lowlands | Direct Seeded; Irrigated | Early,"DEL-I, DEL-U, TEL-I",Recommended,Recommended,Recommended,Not Recommended,Recommended,Sahbhagi Dhan,None,IR64,CR Dhan 500,None,DRR dhan 44,<tr><td>Agronomic traits</td><td>Lodging</td><td>Non-lodging</td></tr><tr><td>Agronomic traits</td><td>Yield Potential</td><td>High yield</td></tr><tr><td>Grain shape</td><td>Other</td><td>Long slender grain </td></tr><tr><td>Abiotic stress</td><td>Drought (reproductive)</td><td>Drought tolerant</td></tr><tr><td>Maturity</td><td>Maturity duration</td><td>Early maturity</td></tr><tr><td>Agronomic traits</td><td>Other</td><td>non-shattering</td></tr>,<tr><td>Other key traits</td><td>Other</td><td>Sensitive to low temperature</td></tr><tr><td>Biotic stress</td><td>Sheath blight</td><td>Susceptible</td></tr><tr><td>Grain Quality traits</td><td>Head Rice Recovery</td><td>Moderate HRR%</td></tr>,"<tr><th rowspan=""2"">Variety</th>
                    <th colspan=""2"">Grain Yield</th>
                    <th rowspan=""2"">Maturity (days)</th>
                    <th rowspan=""2"">Plant height (cm)</th>
                    <th rowspan=""2"">Lodging</th>
                    <th rowspan=""2"">Shattering</th>
                    <th rowspan=""2"">1000 grain weight (g)</th>
                    <th rowspan=""2"">Panicle Threshability</th>
                    <th rowspan=""2"">HRR (%)</th>
                    <th rowspan=""2"">Amylose content (%)</th>
                    <th rowspan=""2"">Special Trait</th>
                    <th rowspan=""2"">Tillering</th></tr><tr><th>(kg/ha)</th><th>(% Adv)</th></tr>","<tr><td class=""must-variety-value"">DRR Dhan 42 (IR-64 DRT-1)</td><td>5500-6000</td><td>33</td><td>115-120</td><td>100-105</td><td>Tolerant</td><td>-</td><td>26.4</td><td>-</td><td>56.4</td><td>24.1</td><td></td><td></td></tr><tr><td class=""must-benchmark1-value"">Sahbhagi Dhan</td><td>3800-4500</td><td>-</td><td>100</td><td>85-90</td><td>Tolerant</td><td>-</td><td>22.3</td><td>-</td><td>64.7</td><td>24.7</td><td></td><td></td></tr>",<th>Variety</th><th>Leaf blast</th><th>Bacterial leaf blight</th><th>Brown plant hopper</th><th>Sheath Blight</th><th>Brown Spot</th><td>Salinity</td><td>Submergence</td><td>Drought</td>,"<tr><td class=""must-variety-value"">DRR Dhan 42 (IR-64 DRT-1)</td><td>Resistant</td><td>Tolerant</td><td></td><td>Susceptible</td><td>Tolerant</td><td></td><td></td><td>Tolerant</td></tr><tr><td class=""must-benchmark1-value"">Sahbhagi Dhan</td><td>Tolerant</td><td>Susceptible</td><td></td><td>Tolerant</td><td>Susceptible</td><td></td><td></td><td>Tolerant</td></tr>",2200-2400,-,-,Not Data,"Released for cultivation in Telangana, Tamilnadu, Andhra Pradesh, Madhya Pradesh, Chhattisgarh, Jharkhand",assets/img/pc-evidence/planting-method_alt.png,"{""data-disabled"":""true"",""data-show"":""false"",""data-pc_id"":16}",assets/img/pc-evidence/ecosystem_alt.png,"{""data-disabled"":""true"",""data-show"":""false"",""data-pc_id"":16}",assets/img/pc-evidence/positioning_alt.png,"{""data-disabled"":""true"",""data-show"":""false"",""data-pc_id"":16}",assets/img/pc-evidence/key-strengths_alt.png,"{""data-disabled"":""true"",""data-show"":""false"",""data-pc_id"":16}",assets/img/pc-evidence/considerations_alt.png,"{""data-disabled"":""true"",""data-show"":""false"",""data-pc_id"":16}",assets/img/pc-evidence/relative-variety-perf_alt.png,"{""data-disabled"":""true"",""data-show"":""false"",""data-pc_id"":16}",assets/img/pc-evidence/producibility_alt.png,"{""data-disabled"":""true"",""data-show"":""false"",""data-pc_id"":16}",16
DRR Dhan 42 (IR-64 DRT-1),IR 77298-14-1-2-10 x IR 77298-5-6-11,Inbred,India,"Early maturity, medium height, long slender, high yielding and widely adaptable variety grown in India under irrigated lowland and upland conditions. Drought tolerant variety with good adaptability in water scarce conditions. Yield advantage of around 1.0 mt/ha over other varieties of similar maturity under drought stress conditions. Developed by IIRR & IRRI and released in 2016 for cultivation in the Southern and Central India. Tolerant to lodging and grain shattering. Excellent grain and eating quality.",https://glomip.cgiar.org/uploads/product_catalog/DRR_shan_421.PNG,Rice Indica SA MS00301,Rice - Indica | Non-Hybrid | SA | Food; Long Soft | White | Lowlands | Direct Seeded; Irrigated | Early,"DEL-I, DEL-U, TEL-I",Recommended,Recommended,Recommended,Not Recommended,Recommended,Sahbhagi Dhan,None,IR64,CR Dhan 500,None,DRR dhan 44,<tr><td>Agronomic traits</td><td>Other</td><td>Non-shattering</td></tr><tr><td>Agronomic traits</td><td>Yield Potential</td><td>High yield</td></tr><tr><td>Grain shape</td><td>Other</td><td>Long slender grain </td></tr><tr><td>Abiotic stress</td><td>Drought (reproductive)</td><td>Drought tolerant</td></tr><tr><td>Maturity</td><td>Maturity duration</td><td>Early maturity</td></tr><tr><td>Agronomic traits</td><td>Lodging</td><td>Non-lodging</td></tr><tr><td>Biotic stress</td><td>Leaf blast</td><td>Resistant</td></tr><tr><td>Grain Quality traits</td><td>Other</td><td>Excellent eating quality</td></tr>,<tr><td>Other key traits</td><td>Other</td><td>Sensitive to low temperature</td></tr><tr><td>Biotic stress</td><td>Sheath blight</td><td>Susceptible to Sheath blight</td></tr><tr><td>Grain Quality traits</td><td>Head Rice Recovery</td><td>Moderate HRR</td></tr>,"<tr><th rowspan=""2"">Variety</th>
                    <th colspan=""2"">Grain Yield</th>
                    <th rowspan=""2"">Maturity (days)</th>
                    <th rowspan=""2"">Plant height (cm)</th>
                    <th rowspan=""2"">Lodging</th>
                    <th rowspan=""2"">Shattering</th>
                    <th rowspan=""2"">1000 grain weight (g)</th>
                    <th rowspan=""2"">Panicle Threshability</th>
                    <th rowspan=""2"">HRR (%)</th>
                    <th rowspan=""2"">Amylose content (%)</th>
                    <th rowspan=""2"">Special Trait</th>
                    <th rowspan=""2"">Tillering</th></tr><tr><th>(kg/ha)</th><th>(% Adv)</th></tr>","<tr><td class=""must-variety-value"">DRR Dhan 42 (IR-64 DRT-1)</td><td>5500-6000</td><td>33</td><td>115-120</td><td>100-105</td><td>Tolerant</td><td>Tolerant</td><td>26.4</td><td>-</td><td>56.4</td><td>24.1</td><td>-</td><td></td></tr><tr><td class=""must-benchmark1-value"">Sahbhagi Dhan</td><td>3800-4500</td><td></td><td>100</td><td>85-90</td><td>Tolerant</td><td>Tolerant</td><td>22.3</td><td>-</td><td>56.4</td><td>24.7</td><td>-</td><td></td></tr>",<th>Variety</th><th>Leaf blast</th><th>Bacterial leaf blight</th><th>Brown plant hopper</th><th>Sheath Blight</th><th>Brown Spot</th><td>Salinity</td><td>Submergence</td><td>Drought</td>,"<tr><td class=""must-variety-value"">DRR Dhan 42 (IR-64 DRT-1)</td><td>Resistant</td><td>Tolerant</td><td></td><td>Susceptible</td><td>Tolerant</td><td></td><td></td><td>Tolerant</td></tr><tr><td class=""must-benchmark1-value"">Sahbhagi Dhan</td><td>Tolerant</td><td>Susceptible</td><td></td><td>Tolerant</td><td>Susceptible</td><td></td><td></td><td>Tolerant</td></tr>",2200-2400,-,-,Not Data,"Released for cultivation in Telangana, Tamilnadu, Andhra Pradesh, Madhya Pradesh, Chhattisgarh, Jharkhand",assets/img/pc-evidence/planting-method_alt.png,"{""data-disabled"":""true"",""data-show"":""false"",""data-pc_id"":17}",assets/img/pc-evidence/ecosystem_alt.png,"{""data-disabled"":""true"",""data-show"":""false"",""data-pc_id"":17}",assets/img/pc-evidence/positioning_alt.png,"{""data-disabled"":""true"",""data-show"":""false"",""data-pc_id"":17}",assets/img/pc-evidence/key-strengths_alt.png,"{""data-disabled"":""true"",""data-show"":""false"",""data-pc_id"":17}",assets/img/pc-evidence/considerations_alt.png,"{""data-disabled"":""true"",""data-show"":""false"",""data-pc_id"":17}",assets/img/pc-evidence/relative-variety-perf_alt.png,"{""data-disabled"":""true"",""data-show"":""false"",""data-pc_id"":17}",assets/img/pc-evidence/producibility_alt.png,"{""data-disabled"":""true"",""data-show"":""false"",""data-pc_id"":17}",17
BRRI dhan87,(BR(Bio) 9786-BC2-132-1-3),Inbred,Bangladesh,"A high yielding, medium maturity, tall, long slender variety suitable for cultivation across country under rainfed lowland growing conditions. Developed by BRRI and released in 2018 for planting in Aman season having higher yield than commonly grown variety BRRI dhan49 and Swarna. 

",https://glomip.cgiar.org/uploads/product_catalog/87.jpg,,,-,Recommended,Not Recommended,Not Recommended,Recommended,Not Recommended,None, Swarna,None,None,BRRI dhan49,None,<tr><td>Agronomic traits</td><td>Yield Potential</td><td> High yield potential</td></tr><tr><td>Maturity</td><td>Maturity duration</td><td>Medium maturity</td></tr><tr><td>Grain shape</td><td>Grain shape (L:B)</td><td>Long slender</td></tr><tr><td>Grain Quality traits</td><td>Other</td><td>Premium quality rice </td></tr><tr><td>Maturity</td><td>Other</td><td>Early than BRRI dhan49 (7 days) & Swarna (20 days)</td></tr><tr><td>Grain Quality traits</td><td>Amylose content</td><td>Acceptable Amylose content </td></tr>,<tr><td>Agronomic traits</td><td>Lodging</td><td>Tendency to lodge</td></tr><tr><td>Biotic stress</td><td>Other</td><td>Susceptible to major diseases and insect pests</td></tr><tr><td>Agronomic traits</td><td>Plant height</td><td>Tall</td></tr>,"<tr><th rowspan=""2"">Variety</th>
                    <th colspan=""2"">Grain Yield</th>
                    <th rowspan=""2"">Maturity (days)</th>
                    <th rowspan=""2"">Plant height (cm)</th>
                    <th rowspan=""2"">Lodging</th>
                    <th rowspan=""2"">Shattering</th>
                    <th rowspan=""2"">1000 grain weight (g)</th>
                    <th rowspan=""2"">Panicle Threshability</th>
                    <th rowspan=""2"">HRR (%)</th>
                    <th rowspan=""2"">Amylose content (%)</th>
                    <th rowspan=""2"">Special Trait</th>
                    <th rowspan=""2"">Tillering</th></tr><tr><th>(kg/ha)</th><th>(% Adv)</th></tr>","<tr><td class=""must-variety-value"">BRRI dhan87</td><td>6000</td><td>9</td><td>125-127</td><td>120-125</td><td>Susceptible</td><td>Tolerant</td><td>24.1</td><td></td><td></td><td>27.0</td><td></td><td></td></tr><tr><td class=""must-benchmark1-value""> Swarna (local)</td><td>5500</td><td></td><td>145-155</td><td>100-105</td><td>Tolerant</td><td>Tolerant</td><td>15.9</td><td></td><td>69.0</td><td>26.1</td><td></td><td></td></tr>",<th>Variety</th><th>Leaf blast</th><th>Bacterial leaf blight</th><th>Brown plant hopper</th><td>Salinity</td><td>Submergence</td><td>Drought</td>,"<tr><td class=""must-variety-value"">BRRI dhan87</td><td>Susceptible</td><td>Susceptible</td><td>Susceptible</td><td>Susceptible</td><td>Susceptible</td><td>Susceptible</td></tr><tr><td class=""must-benchmark1-value""> Swarna (local)</td><td>Susceptible</td><td>Tolerant</td><td>Susceptible</td><td>Susceptible</td><td>Susceptible</td><td>Susceptible</td></tr>",2400,,,Advance,"Released for cultivation in Aman season all over Bangladesh                                                     National check in BRRI yield trials
",assets/img/pc-evidence/planting-method_alt.png,"{""data-disabled"":""true"",""data-show"":""false"",""data-pc_id"":18}",assets/img/pc-evidence/ecosystem_alt.png,"{""data-disabled"":""true"",""data-show"":""false"",""data-pc_id"":18}",assets/img/pc-evidence/positioning_alt.png,"{""data-disabled"":""true"",""data-show"":""false"",""data-pc_id"":18}",assets/img/pc-evidence/key-strengths_alt.png,"{""data-disabled"":""true"",""data-show"":""false"",""data-pc_id"":18}",assets/img/pc-evidence/considerations_alt.png,"{""data-disabled"":""true"",""data-show"":""false"",""data-pc_id"":18}",assets/img/pc-evidence/relative-variety-perf_alt.png,"{""data-disabled"":""true"",""data-show"":""false"",""data-pc_id"":18}",assets/img/pc-evidence/producibility_alt.png,"{""data-disabled"":""true"",""data-show"":""false"",""data-pc_id"":18}",18
BRRI dhan51,Swarna/IR 49830-7-1-2-3,Inbred,Bangladesh,"Submergence tolerant variety also known as improved Swarna (Swarna–Sub1). High yielding with tolerance up-to 15 days of submergence. Late maturity, short height, medium bold variety suitable for cultivation under rainfed lowland conditions. Developed by BRRI and released in 2010 for planting in north Bangladesh in Aman season. Distributed by the project STRASA. Susceptible to major diseases.    ",https://glomip.cgiar.org/uploads/product_catalog/BRRI_dhan51.jpg,,,-,Recommended,Not Recommended,Not Recommended,Recommended,Not Recommended,,BR11,,,BRRI dhan52,,<tr><td>Abiotic stress</td><td>Submergence</td><td>Submergence tolerance up to 15 days</td></tr><tr><td>Maturity</td><td>Other</td><td>Late maturity     </td></tr><tr><td>Agronomic traits</td><td>Yield Potential</td><td>Good yield potential after submergence </td></tr><tr><td>Agronomic traits</td><td>Plant height</td><td>Short height  </td></tr><tr><td>Grain shape</td><td>Grain shape (L:B)</td><td>Medium bold </td></tr>,<tr><td>Agronomic traits</td><td>Other</td><td>Average yield under normal growing conditions</td></tr><tr><td>Grain Quality traits</td><td>Parboiling aptitude</td><td>Low volume elongation ratio </td></tr><tr><td>Biotic stress</td><td>Other</td><td>Susceptible to major diseases</td></tr><tr><td>Grain Quality traits</td><td>Grain protein content (unpolished rice)</td><td>Low protein content</td></tr>,"<tr><th rowspan=""2"">Variety</th>
                    <th colspan=""2"">Grain Yield</th>
                    <th rowspan=""2"">Maturity (days)</th>
                    <th rowspan=""2"">Plant height (cm)</th>
                    <th rowspan=""2"">Lodging</th>
                    <th rowspan=""2"">Shattering</th>
                    <th rowspan=""2"">1000 grain weight (g)</th>
                    <th rowspan=""2"">Panicle Threshability</th>
                    <th rowspan=""2"">HRR (%)</th>
                    <th rowspan=""2"">Amylose content (%)</th>
                    <th rowspan=""2"">Special Trait</th>
                    <th rowspan=""2"">Tillering</th></tr><tr><th>(kg/ha)</th><th>(% Adv)</th></tr>","<tr><td class=""must-variety-value"">BRRI dhan51</td><td>4500</td><td>22</td><td>140-145</td><td>90-95</td><td>Tolerant</td><td>-</td><td>20.4</td><td>-</td><td>-</td><td>25.0</td><td>-</td><td></td></tr><tr><td class=""must-benchmark1-value"">BR11</td><td>3700</td><td></td><td>140-145</td><td>115</td><td>Tolerant</td><td>-</td><td>25.7</td><td>-</td><td>-</td><td>26.0</td><td>-</td><td></td></tr>",<th>Variety</th><th>Leaf blast</th><th>Bacterial leaf blight</th><th>Brown plant hopper</th><td>Salinity</td><td>Submergence</td><td>Drought</td>,"<tr><td class=""must-variety-value"">BRRI dhan51</td><td>Susceptible</td><td>Susceptible</td><td>Susceptible</td><td>Susceptible</td><td>Tolerant</td><td>Susceptible</td></tr><tr><td class=""must-benchmark1-value"">BR11</td><td>Susceptible</td><td>Susceptible</td><td>Susceptible</td><td>Susceptible</td><td>Susceptible</td><td>Susceptible</td></tr>",1800,,,Advance,Released for cultivation in Aman season in North Bangladesh                                                       Zonal check in BRRI yield trials,assets/img/pc-evidence/planting-method_alt.png,"{""data-disabled"":""true"",""data-show"":""false"",""data-pc_id"":19}",assets/img/pc-evidence/ecosystem_alt.png,"{""data-disabled"":""true"",""data-show"":""false"",""data-pc_id"":19}",assets/img/pc-evidence/positioning_alt.png,"{""data-disabled"":""true"",""data-show"":""false"",""data-pc_id"":19}",assets/img/pc-evidence/key-strengths_alt.png,"{""data-disabled"":""true"",""data-show"":""false"",""data-pc_id"":19}",assets/img/pc-evidence/considerations_alt.png,"{""data-disabled"":""true"",""data-show"":""false"",""data-pc_id"":19}",assets/img/pc-evidence/relative-variety-perf_alt.png,"{""data-disabled"":""true"",""data-show"":""false"",""data-pc_id"":19}",assets/img/pc-evidence/producibility_alt.png,"{""data-disabled"":""true"",""data-show"":""false"",""data-pc_id"":19}",19
BRRI dhan84,(BR 29/IR68144*/BRRI dhan28///BR11),Inbred,Bangladesh,"A high yielding, medium maturity, medium height, long slender variety suitable for cultivation across country under irrigated lowland growing conditions. Developed by BRRI and released in 2017 for planting in Boro season having higher yield and zinc content than commonly grown variety BRRI dhan28. Moderately tolerant to leaf blight. Cold sensitive. Derived from a breeding cross involving IRRI line IR68144.",https://glomip.cgiar.org/uploads/product_catalog/84.jpg,Rice Indica SA MS00299,Rice - Indica | Non-Hybrid | SA | Food; Long Soft | White | Lowlands; Drought Prone | Transplanted; Rainfed | Mid,TMeL-I,Recommended,Not Recommended,Recommended,Not Recommended,Not Recommended,BRRI dhan28,None,None,BRRI dhan74,None,None,"<tr><td>Agronomic traits</td><td>Yield Potential</td><td>High yield potential</td></tr><tr><td>Grain Quality traits</td><td>Amylose content</td><td>Acceptable Amylose content </td></tr><tr><td>Grain shape</td><td>Grain shape (L:B)</td><td>Long sender</td></tr><tr><td>Cooking quality</td><td>Other</td><td>Good taste   </td></tr><tr><td>Agronomic traits</td><td>Plant height</td><td>Medium height</td></tr><tr><td>Grain Quality traits</td><td>High nutritive value (Fe, Zn, Protein)</td><td>High Protein and Zinc content</td></tr>",<tr><td>Grain Quality traits</td><td>Head Rice Recovery</td><td>Low HRR %</td></tr><tr><td>Abiotic stress</td><td>Cold (reproductive)</td><td>Cold sensitive at reproductive stage</td></tr><tr><td>Biotic stress</td><td>Leaf blast</td><td>Susceptible to leaf blast </td></tr>,"<tr><th rowspan=""2"">Variety</th>
                    <th colspan=""2"">Grain Yield</th>
                    <th rowspan=""2"">Maturity (days)</th>
                    <th rowspan=""2"">Plant height (cm)</th>
                    <th rowspan=""2"">Lodging</th>
                    <th rowspan=""2"">Shattering</th>
                    <th rowspan=""2"">1000 grain weight (g)</th>
                    <th rowspan=""2"">Panicle Threshability</th>
                    <th rowspan=""2"">HRR (%)</th>
                    <th rowspan=""2"">Amylose content (%)</th>
                    <th rowspan=""2"">Special Trait</th>
                    <th rowspan=""2"">Tillering</th></tr><tr><th>(kg/ha)</th><th>(% Adv)</th></tr>","<tr><td class=""must-variety-value"">BRRI dhan84</td><td>6500</td><td>8</td><td>140-145</td><td>96</td><td>Susceptible</td><td></td><td>22.8</td><td></td><td>53.0</td><td>25.9</td><td></td><td></td></tr><tr><td class=""must-benchmark1-value"">BRRI dhan28</td><td>6000</td><td></td><td>140-145</td><td>90-95</td><td>Tolerant</td><td></td><td>21.1</td><td></td><td>62.1</td><td>28.0</td><td></td><td></td></tr>",<th>Variety</th><th>Leaf blast</th><th>Bacterial leaf blight</th><th>Brown plant hopper</th><th>Protein %</th><th>Cold</th><td>Salinity</td><td>Submergence</td><td>Drought</td>,"<tr><td class=""must-variety-value"">BRRI dhan84</td><td>Susceptible</td><td>Tolerant</td><td>Susceptible</td><td>9.7</td><td>Susceptible</td><td>Susceptible</td><td>Susceptible</td><td>Susceptible</td></tr><tr><td class=""must-benchmark1-value"">BRRI dhan28</td><td>Tolerant</td><td>Tolerant</td><td>Susceptible</td><td>8.6</td><td>Tolerant</td><td>Susceptible</td><td>Susceptible</td><td>Susceptible</td></tr>",2600,,,Advance,Released for cultivation in Boro season in all over Bangladesh                                                       National check in BRRI yield trials,assets/img/pc-evidence/planting-method_alt.png,"{""data-disabled"":""true"",""data-show"":""false"",""data-pc_id"":20}",assets/img/pc-evidence/ecosystem_alt.png,"{""data-disabled"":""true"",""data-show"":""false"",""data-pc_id"":20}",assets/img/pc-evidence/positioning_alt.png,"{""data-disabled"":""true"",""data-show"":""false"",""data-pc_id"":20}",assets/img/pc-evidence/key-strengths_alt.png,"{""data-disabled"":""true"",""data-show"":""false"",""data-pc_id"":20}",assets/img/pc-evidence/considerations_alt.png,"{""data-disabled"":""true"",""data-show"":""false"",""data-pc_id"":20}",assets/img/pc-evidence/relative-variety-perf_alt.png,"{""data-disabled"":""true"",""data-show"":""false"",""data-pc_id"":20}",assets/img/pc-evidence/producibility_alt.png,"{""data-disabled"":""true"",""data-show"":""false"",""data-pc_id"":20}",20
BRRI dhan50,BR 30/IR 67684B*,Inbred,Bangladesh,"High yielding, late maturity, short height, long slender variety suitable for cultivation under irrigated lowland conditions. Developed by BRRI and released in 2010 as ‘Banglamoti’ for planting in all over Bangladesh in Boro season. Premium quality slightly aromatic rice with good taste. Tolerant to water logging. Susceptible to leaf blight and leaf blast.  ",https://glomip.cgiar.org/uploads/product_catalog/BRRI_dhan50.jpg,,,-,Recommended,Not Recommended,Recommended,Not Recommended,Not Recommended,BRRI dhan28,,,BRRI dhan63,,,<tr><td>Agronomic traits</td><td>Plant height</td><td>Short height  </td></tr><tr><td>Agronomic traits</td><td>Yield Potential</td><td>High yield potential </td></tr><tr><td>Grain shape</td><td>Grain shape (L:B)</td><td>Long slender </td></tr><tr><td>Maturity</td><td>Maturity duration</td><td>Late maturity     </td></tr><tr><td>Grain Quality traits</td><td>Other</td><td>Premium quality rice </td></tr><tr><td>Grain Quality traits</td><td>Aroma</td><td>Slightly aromatic with good taste</td></tr>,<tr><td>Biotic stress</td><td>Leaf blast</td><td>Susceptible to Leaf blight and Leaf blast</td></tr><tr><td>Grain Quality traits</td><td>Parboiling aptitude</td><td>Less elongation ratio of cooked rice</td></tr><tr><td>Biotic stress</td><td>Bacterial blight</td><td>Susceptible to Leaf blight and Leaf blast</td></tr>,"<tr><th rowspan=""2"">Variety</th>
                    <th colspan=""2"">Grain Yield</th>
                    <th rowspan=""2"">Maturity (days)</th>
                    <th rowspan=""2"">Plant height (cm)</th>
                    <th rowspan=""2"">Lodging</th>
                    <th rowspan=""2"">Shattering</th>
                    <th rowspan=""2"">1000 grain weight (g)</th>
                    <th rowspan=""2"">Panicle Threshability</th>
                    <th rowspan=""2"">HRR (%)</th>
                    <th rowspan=""2"">Amylose content (%)</th>
                    <th rowspan=""2"">Special Trait</th>
                    <th rowspan=""2"">Tillering</th></tr><tr><th>(kg/ha)</th><th>(% Adv)</th></tr>","<tr><td class=""must-variety-value"">BRRI dhan50</td><td>6000</td><td></td><td>150-155</td><td>90</td><td>Tolerant</td><td></td><td>23.5</td><td></td><td></td><td>26.8</td><td></td><td></td></tr><tr><td class=""must-benchmark1-value"">BRRI dhan28</td><td>6000</td><td></td><td>140-145</td><td>90-95</td><td>Tolerant</td><td></td><td>21.1</td><td></td><td></td><td>27.0</td><td></td><td></td></tr>",<th>Variety</th><th>Leaf blast</th><th>Bacterial leaf blight</th><th>Brown plant hopper</th><td>Salinity</td><td>Submergence</td><td>Drought</td>,"<tr><td class=""must-variety-value"">BRRI dhan50</td><td>Susceptible</td><td> Susceptible</td><td> Susceptible</td><td>Susceptible</td><td></td><td></td></tr><tr><td class=""must-benchmark1-value"">BRRI dhan28</td><td>Susceptible</td><td> Susceptible</td><td> Susceptible</td><td>Susceptible</td><td></td><td></td></tr>",2400,,,Advance,Released for cultivation in Boro season in all over Bangladesh                                                                       National check in BRRI yield trials,assets/img/pc-evidence/planting-method_alt.png,"{""data-disabled"":""true"",""data-show"":""false"",""data-pc_id"":21}",assets/img/pc-evidence/ecosystem_alt.png,"{""data-disabled"":""true"",""data-show"":""false"",""data-pc_id"":21}",assets/img/pc-evidence/positioning_alt.png,"{""data-disabled"":""true"",""data-show"":""false"",""data-pc_id"":21}",assets/img/pc-evidence/key-strengths_alt.png,"{""data-disabled"":""true"",""data-show"":""false"",""data-pc_id"":21}",assets/img/pc-evidence/considerations_alt.png,"{""data-disabled"":""true"",""data-show"":""false"",""data-pc_id"":21}",assets/img/pc-evidence/relative-variety-perf_alt.png,"{""data-disabled"":""true"",""data-show"":""false"",""data-pc_id"":21}",assets/img/pc-evidence/producibility_alt.png,"{""data-disabled"":""true"",""data-show"":""false"",""data-pc_id"":21}",21
BRRI dhan81,(Amol-3 (Iranian rice variety)/BRRI dhan28,Inbred,Bangladesh,"A high yielding, medium maturity, medium height, long slender variety suitable for cultivation across country under irrigated lowland growing conditions. Developed by BRRI and released in 2017 for planting in Boro season having higher yield than commonly grown variety BRRI dhan28. Susceptible to leaf blast. Cold sensitive.  Premium export quality rice. Excellent taste.",https://glomip.cgiar.org/uploads/product_catalog/81.png,Rice Indica SA MS00299,Rice - Indica | Non-Hybrid | SA | Food; Long Soft | White | Lowlands; Drought Prone | Transplanted; Rainfed | Mid,TMeL-I,Recommended,Not Recommended,Recommended,Not Recommended,Not Recommended,BRRI dhan28,None,None,BRRI dhan63,None,None,"<tr><td>Grain Quality traits</td><td>High nutritive value (Fe, Zn, Protein)</td><td>High protein </td></tr><tr><td>Agronomic traits</td><td>Yield Potential</td><td>High yield potential</td></tr><tr><td>Agronomic traits</td><td>Plant height</td><td>Medium height </td></tr><tr><td>Grain shape</td><td>Grain shape (L:B)</td><td>Long slender</td></tr><tr><td>Agronomic traits</td><td>Lodging</td><td>Non lodging  </td></tr><tr><td>Agronomic traits</td><td>Other</td><td>Dense tillering at the base </td></tr><tr><td>Grain Quality traits</td><td>Other</td><td>Premium export quality rice</td></tr>",<tr><td>Abiotic stress</td><td>Cold (vegetative)</td><td>Cold sensitive at vegetative stage </td></tr><tr><td>Biotic stress</td><td>Leaf blast</td><td>Susceptible to leaf blast </td></tr>,"<tr><th rowspan=""2"">Variety</th>
                    <th colspan=""2"">Grain Yield</th>
                    <th rowspan=""2"">Maturity (days)</th>
                    <th rowspan=""2"">Plant height (cm)</th>
                    <th rowspan=""2"">Lodging</th>
                    <th rowspan=""2"">Shattering</th>
                    <th rowspan=""2"">1000 grain weight (g)</th>
                    <th rowspan=""2"">Panicle Threshability</th>
                    <th rowspan=""2"">HRR (%)</th>
                    <th rowspan=""2"">Amylose content (%)</th>
                    <th rowspan=""2"">Special Trait</th>
                    <th rowspan=""2"">Tillering</th></tr><tr><th>(kg/ha)</th><th>(% Adv)</th></tr>","<tr><td class=""must-variety-value"">BRRI dhan81</td><td>6500</td><td>8</td><td>140-145</td><td>100</td><td>Tolerant</td><td></td><td>20.3</td><td></td><td></td><td>26.5</td><td></td><td></td></tr><tr><td class=""must-benchmark1-value"">BRRI dhan28</td><td>6000</td><td></td><td>140-145</td><td>90-95</td><td>Tolerant</td><td></td><td>21.1</td><td></td><td>62.1</td><td>28.0</td><td></td><td></td></tr>",<th>Variety</th><th>Leaf blast</th><th>Bacterial leaf blight</th><th>Brown plant hopper</th><th>Cold</th><td>Salinity</td><td>Submergence</td><td>Drought</td>,"<tr><td class=""must-variety-value"">BRRI dhan81</td><td>Susceptible</td><td>Tolerant</td><td>Susceptible</td><td>Susceptible</td><td>Susceptible</td><td>Susceptible</td><td>Susceptible</td></tr><tr><td class=""must-benchmark1-value"">BRRI dhan28</td><td>Tolerant</td><td>Tolerant</td><td>Susceptible</td><td>Tolerant</td><td>Susceptible</td><td>Susceptible</td><td>Tolerant</td></tr>",2600,,,Advance,Released for cultivation in Boro season in all over Bangladesh                                                     National check in BRRI yield trials,assets/img/pc-evidence/planting-method_alt.png,"{""data-disabled"":""true"",""data-show"":""false"",""data-pc_id"":22}",assets/img/pc-evidence/ecosystem_alt.png,"{""data-disabled"":""true"",""data-show"":""false"",""data-pc_id"":22}",assets/img/pc-evidence/positioning_alt.png,"{""data-disabled"":""true"",""data-show"":""false"",""data-pc_id"":22}",assets/img/pc-evidence/key-strengths_alt.png,"{""data-disabled"":""true"",""data-show"":""false"",""data-pc_id"":22}",assets/img/pc-evidence/considerations_alt.png,"{""data-disabled"":""true"",""data-show"":""false"",""data-pc_id"":22}",assets/img/pc-evidence/relative-variety-perf_alt.png,"{""data-disabled"":""true"",""data-show"":""false"",""data-pc_id"":22}",assets/img/pc-evidence/producibility_alt.png,"{""data-disabled"":""true"",""data-show"":""false"",""data-pc_id"":22}",22
BRRI dhan80,(IR 65610-105-2-5-2-2*/ IR 67423-208-6-2-3-3*),Inbred,Bangladesh,"An average yielding, medium maturity, medium tall, long slender variety suitable for cultivation across country under rainfed lowland growing conditions. Developed by BRRI and released in 2017 for planting in Aman season. Aromatic premium quality rice for export with high grain weight.  Susceptible to major diseases and insect pests.",https://glomip.cgiar.org/uploads/product_catalog/80.jpg,,,-,Recommended,Not Recommended,Not Recommended,Recommended,Not Recommended,None,BRRI dhan37,None,None,BRRI dhan87,None,<tr><td>Cooking quality</td><td>Other</td><td>Premium quality rice  </td></tr><tr><td>Agronomic traits</td><td>Other</td><td>Dense tillering at the base </td></tr><tr><td>Agronomic traits</td><td>Plant height</td><td>Medium tall </td></tr><tr><td>Grain shape</td><td>Grain shape (L:B)</td><td>Long slender </td></tr><tr><td>Agronomic traits</td><td>Lodging</td><td>Non-lodging  </td></tr><tr><td>Agronomic traits</td><td>Yield Potential</td><td> Average yield potential </td></tr><tr><td>Grain Quality traits</td><td>Aroma</td><td>Aromatic</td></tr>,<tr><td>Cooking quality</td><td>Cooked quality (grain texture)</td><td>Low elongation ratio</td></tr><tr><td>Grain shape</td><td>Other</td><td>Comparatively broader grain </td></tr>,"<tr><th rowspan=""2"">Variety</th>
                    <th colspan=""2"">Grain Yield</th>
                    <th rowspan=""2"">Maturity (days)</th>
                    <th rowspan=""2"">Plant height (cm)</th>
                    <th rowspan=""2"">Lodging</th>
                    <th rowspan=""2"">Shattering</th>
                    <th rowspan=""2"">1000 grain weight (g)</th>
                    <th rowspan=""2"">Panicle Threshability</th>
                    <th rowspan=""2"">HRR (%)</th>
                    <th rowspan=""2"">Amylose content (%)</th>
                    <th rowspan=""2"">Special Trait</th>
                    <th rowspan=""2"">Tillering</th></tr><tr><th>(kg/ha)</th><th>(% Adv)</th></tr>","<tr><td class=""must-variety-value"">BRRI dhan80</td><td>4500</td><td>28</td><td>130-135</td><td>120</td><td>Tolerant</td><td></td><td>26.2</td><td></td><td></td><td>23.6</td><td></td><td></td></tr><tr><td class=""must-benchmark1-value"">BRRI dhan37</td><td>3500</td><td></td><td>145-150</td><td>128</td><td>Susceptible </td><td></td><td></td><td></td><td></td><td>23.8</td><td></td><td></td></tr>",<th>Variety</th><th>Leaf blast</th><th>Bacterial leaf blight</th><th>Brown plant hopper</th><th>Protein %</th><td>Salinity</td><td>Submergence</td><td>Drought</td>,"<tr><td class=""must-variety-value"">BRRI dhan80</td><td>Susceptible</td><td>Susceptible</td><td>Susceptible</td><td></td><td> Susceptible</td><td> Susceptible</td><td>Susceptible</td></tr><tr><td class=""must-benchmark1-value"">BRRI dhan37</td><td>Susceptible</td><td>Susceptible</td><td>Susceptible</td><td>10.8</td><td> Susceptible</td><td> Susceptible</td><td> Susceptible</td></tr>", 1800,,,Advance,"Released for cultivation in Aman season in all over Bangladesh                                                      National check in BRRI yield trials
",assets/img/pc-evidence/planting-method_alt.png,"{""data-disabled"":""true"",""data-show"":""false"",""data-pc_id"":23}",assets/img/pc-evidence/ecosystem_alt.png,"{""data-disabled"":""true"",""data-show"":""false"",""data-pc_id"":23}",assets/img/pc-evidence/positioning_alt.png,"{""data-disabled"":""true"",""data-show"":""false"",""data-pc_id"":23}",assets/img/pc-evidence/key-strengths_alt.png,"{""data-disabled"":""true"",""data-show"":""false"",""data-pc_id"":23}",assets/img/pc-evidence/considerations_alt.png,"{""data-disabled"":""true"",""data-show"":""false"",""data-pc_id"":23}",assets/img/pc-evidence/relative-variety-perf_alt.png,"{""data-disabled"":""true"",""data-show"":""false"",""data-pc_id"":23}",assets/img/pc-evidence/producibility_alt.png,"{""data-disabled"":""true"",""data-show"":""false"",""data-pc_id"":23}",23
BRRI dhan88,(BRRI dhan29-SC3-28-16-10-8-HR1(Com,Inbred,Bangladesh,"A high yielding, medium maturity, semi-dwarf, medium slender variety suitable for cultivation across country under irrigated lowland growing conditions. Developed by BRRI and released in 2018 for planting in Boro season having higher yield than commonly grown variety BRRI dhan28. Good tolerance to leaf blast and leaf blight. Non-shattering and non-lodging variety.",https://glomip.cgiar.org/uploads/product_catalog/88.jpg,Rice Indica SA MS00587,Rice - Indica | Non-Hybrid | SA | Food; Medium Soft | White | Lowlands | Transplanted; Irrigated | Mid,TMeM-I,Recommended,Not Recommended,Recommended,Not Recommended,Not Recommended,BRRI Dhan28,None,None,BRRI dhan81,None,None,<tr><td>Grain Quality traits</td><td>Head Rice Recovery</td><td>High HRR</td></tr><tr><td>Grain Quality traits</td><td>Amylose content</td><td>Acceptable Amylose content </td></tr><tr><td>Agronomic traits</td><td>Yield Potential</td><td>High yield potential</td></tr><tr><td>Grain shape</td><td>Grain shape (L:B)</td><td>Medium slender</td></tr><tr><td>Agronomic traits</td><td>Plant height</td><td>Semi-dwarf</td></tr><tr><td>Agronomic traits</td><td>Lodging</td><td>non-lodging </td></tr><tr><td>Agronomic traits</td><td>Other</td><td>Non-shattering</td></tr>,<tr><td>Abiotic stress</td><td>Cold (reproductive)</td><td>Cold susceptible at reproductive stage </td></tr>,"<tr><th rowspan=""2"">Variety</th>
                    <th colspan=""2"">Grain Yield</th>
                    <th rowspan=""2"">Maturity (days)</th>
                    <th rowspan=""2"">Plant height (cm)</th>
                    <th rowspan=""2"">Lodging</th>
                    <th rowspan=""2"">Shattering</th>
                    <th rowspan=""2"">1000 grain weight (g)</th>
                    <th rowspan=""2"">Panicle Threshability</th>
                    <th rowspan=""2"">HRR (%)</th>
                    <th rowspan=""2"">Amylose content (%)</th>
                    <th rowspan=""2"">Special Trait</th>
                    <th rowspan=""2"">Tillering</th></tr><tr><th>(kg/ha)</th><th>(% Adv)</th></tr>","<tr><td class=""must-variety-value"">BRRI dhan88</td><td>7000</td><td>17</td><td>140-145</td><td>90-95</td><td>Tolerant</td><td>Tolerant</td><td>22.1</td><td></td><td>66.4</td><td>26.3</td><td></td><td></td></tr><tr><td class=""must-benchmark1-value"">BRRI dhan28</td><td>6000</td><td></td><td>140-145</td><td>90-95</td><td>Tolerant</td><td>Tolerant</td><td>21.1</td><td></td><td>62.1</td><td>28.0</td><td></td><td></td></tr>",<th>Variety</th><th>Leaf blast</th><th>Bacterial leaf blight</th><th>Brown plant hopper</th><th>Protein %</th><td>Salinity</td><td>Submergence</td><td>Drought</td>,"<tr><td class=""must-variety-value"">BRRI dhan88</td><td>Tolerant</td><td>Tolerant</td><td>Susceptible</td><td>9.8</td><td>Susceptible</td><td>Susceptible</td><td>Tolerant</td></tr><tr><td class=""must-benchmark1-value"">BRRI dhan28</td><td>Tolerant</td><td>Tolerant</td><td>Susceptible</td><td>8.6</td><td>Susceptible</td><td>Susceptible</td><td>Tolerant</td></tr>",2800,,,Advance,Released for cultivation in Boro season in all over Bangladesh                                                       National check in BRRI yield trials,assets/img/pc-evidence/planting-method_alt.png,"{""data-disabled"":""true"",""data-show"":""false"",""data-pc_id"":24}",assets/img/pc-evidence/ecosystem_alt.png,"{""data-disabled"":""true"",""data-show"":""false"",""data-pc_id"":24}",assets/img/pc-evidence/positioning_alt.png,"{""data-disabled"":""true"",""data-show"":""false"",""data-pc_id"":24}",assets/img/pc-evidence/key-strengths_alt.png,"{""data-disabled"":""true"",""data-show"":""false"",""data-pc_id"":24}",assets/img/pc-evidence/considerations_alt.png,"{""data-disabled"":""true"",""data-show"":""false"",""data-pc_id"":24}",assets/img/pc-evidence/relative-variety-perf_alt.png,"{""data-disabled"":""true"",""data-show"":""false"",""data-pc_id"":24}",assets/img/pc-evidence/producibility_alt.png,"{""data-disabled"":""true"",""data-show"":""false"",""data-pc_id"":24}",24
BRRI dhan49,BR 4962-12-4-1/IR 33380-7-2-1-3*,Inbred,Bangladesh,"High yielding, medium maturity, medium tall, medium slender variety suitable for cultivation under rainfed lowland conditions. Developed by BRRI and released in 2008 for planting in Bangladesh in Aman season. Photo insensitive, Lodging tolerant. Susceptible to false smut.   ",https://glomip.cgiar.org/uploads/product_catalog/BRRI_dhan49.jpg,,,-,Recommended,Not Recommended,Not Recommended,Recommended,Not Recommended,,BRRI dhan32,,,BRRI dhan75,,<tr><td>Agronomic traits</td><td>Lodging</td><td>Lodging tolerant      </td></tr><tr><td>Agronomic traits</td><td>Other</td><td>Photo insensitive</td></tr><tr><td>Agronomic traits</td><td>Plant height</td><td>Medium tall  </td></tr><tr><td>Grain shape</td><td>Grain shape (L:B)</td><td>Medium slender </td></tr><tr><td>Agronomic traits</td><td>Yield Potential</td><td>High yield potential </td></tr>,<tr><td>Abiotic stress</td><td>Stagnant flooding</td><td>Stagnant water</td></tr><tr><td>Biotic stress</td><td>False Smut</td><td>Susceptible to False smut</td></tr>,"<tr><th rowspan=""2"">Variety</th>
                    <th colspan=""2"">Grain Yield</th>
                    <th rowspan=""2"">Maturity (days)</th>
                    <th rowspan=""2"">Plant height (cm)</th>
                    <th rowspan=""2"">Lodging</th>
                    <th rowspan=""2"">Shattering</th>
                    <th rowspan=""2"">1000 grain weight (g)</th>
                    <th rowspan=""2"">Panicle Threshability</th>
                    <th rowspan=""2"">HRR (%)</th>
                    <th rowspan=""2"">Amylose content (%)</th>
                    <th rowspan=""2"">Special Trait</th>
                    <th rowspan=""2"">Tillering</th></tr><tr><th>(kg/ha)</th><th>(% Adv)</th></tr>","<tr><td class=""must-variety-value"">BRRI dhan49</td><td>5500</td><td>10</td><td>135</td><td>100-110</td><td>Tolerant</td><td>-</td><td>19.7</td><td>-</td><td>-</td><td>24.7</td><td>-</td><td></td></tr><tr><td class=""must-benchmark1-value"">BRRI dhan32</td><td>5000</td><td>-</td><td>145</td><td>120</td><td>Susceptible</td><td>-</td><td>20.0</td><td>-</td><td>-</td><td>26.3</td><td>-</td><td></td></tr>",<th>Variety</th><th>Leaf blast</th><th>Bacterial leaf blight</th><th>Brown plant hopper</th><td>Salinity</td><td>Submergence</td><td>Drought</td>,"<tr><td class=""must-variety-value"">BRRI dhan49</td><td>Susceptible</td><td>Tolerant</td><td> Tolerant</td><td></td><td>Susceptible </td><td></td></tr><tr><td class=""must-benchmark1-value"">BRRI dhan32</td><td>Tolerant</td><td>Tolerant</td><td>Susceptible</td><td></td><td>Susceptible </td><td></td></tr>",2200,,,Retest,"Released for cultivation in Aman season in all over Bangladesh                                                    National check in BRRI yield trials
",assets/img/pc-evidence/planting-method_alt.png,"{""data-disabled"":""true"",""data-show"":""false"",""data-pc_id"":25}",assets/img/pc-evidence/ecosystem_alt.png,"{""data-disabled"":""true"",""data-show"":""false"",""data-pc_id"":25}",assets/img/pc-evidence/positioning_alt.png,"{""data-disabled"":""true"",""data-show"":""false"",""data-pc_id"":25}",assets/img/pc-evidence/key-strengths_alt.png,"{""data-disabled"":""true"",""data-show"":""false"",""data-pc_id"":25}",assets/img/pc-evidence/considerations_alt.png,"{""data-disabled"":""true"",""data-show"":""false"",""data-pc_id"":25}",assets/img/pc-evidence/relative-variety-perf_alt.png,"{""data-disabled"":""true"",""data-show"":""false"",""data-pc_id"":25}",assets/img/pc-evidence/producibility_alt.png,"{""data-disabled"":""true"",""data-show"":""false"",""data-pc_id"":25}",25
BRRI dhan77 ,(IR 75862-208-8-B-B-HR1*/BR 6110-10-1-2),Inbred,Bangladesh,"Average yielding, late maturity, tall, medium bold variety suitable for cultivation in tidal non-saline wetland under rainfed lowland growing conditions in southern Bangladesh. Developed by BRRI and released in 2015 for planting in Aman season. High grain weight. Strong culm. Slightly aromatic.
",https://glomip.cgiar.org/uploads/product_catalog/77.jpg,,,-,Recommended,Not Recommended,Not Recommended,Recommended,Not Recommended,None,"Sadamota, Dudhkolom ",None,None,BRRI dhan44,None,<tr><td>Abiotic stress</td><td>Submergence</td><td> Tidal submergence tolerance </td></tr><tr><td>Agronomic traits</td><td>Yield Potential</td><td>Average yield </td></tr><tr><td>Maturity</td><td>Maturity duration</td><td>Late maturity </td></tr><tr><td>Grain shape</td><td>Grain shape (L:B)</td><td>Medium bold</td></tr><tr><td>Agronomic traits</td><td>Plant height</td><td>non-lodging </td></tr><tr><td>Grain Quality traits</td><td>Aroma</td><td>Slightly aromatic  </td></tr>,<tr><td>Other key traits</td><td>Other</td><td>Not widely adaptable </td></tr><tr><td>Agronomic traits</td><td>Other</td><td>Average seedling height</td></tr><tr><td>Agronomic traits</td><td>Other</td><td>Tall</td></tr>,"<tr><th rowspan=""2"">Variety</th>
                    <th colspan=""2"">Grain Yield</th>
                    <th rowspan=""2"">Maturity (days)</th>
                    <th rowspan=""2"">Plant height (cm)</th>
                    <th rowspan=""2"">Lodging</th>
                    <th rowspan=""2"">Shattering</th>
                    <th rowspan=""2"">1000 grain weight (g)</th>
                    <th rowspan=""2"">Panicle Threshability</th>
                    <th rowspan=""2"">HRR (%)</th>
                    <th rowspan=""2"">Amylose content (%)</th>
                    <th rowspan=""2"">Special Trait</th>
                    <th rowspan=""2"">Tillering</th></tr><tr><th>(kg/ha)</th><th>(% Adv)</th></tr>","<tr><td class=""must-variety-value"">BRRI dhan77 </td><td>5000</td><td>16</td><td>150-155</td><td>130-135</td><td>Tolerant</td><td></td><td>29.3</td><td></td><td>61.4</td><td>26.3</td><td></td><td></td></tr><tr><td class=""must-benchmark1-value"">Sadamota/ Dudhkolom</td><td>4300</td><td></td><td>155-160</td><td>125-130</td><td>Susceptible </td><td></td><td></td><td></td><td></td><td></td><td></td><td></td></tr>",<th>Variety</th><th>Leaf blast</th><th>Bacterial leaf blight</th><th>Brown plant hopper</th><th>Protein %</th><td>Salinity</td><td>Submergence</td><td>Drought</td>,"<tr><td class=""must-variety-value"">BRRI dhan77 </td><td>Tolerant</td><td>Susceptible</td><td>Susceptible</td><td>8.5</td><td> Susceptible</td><td>Tolerant</td><td>Susceptible</td></tr><tr><td class=""must-benchmark1-value"">Sadamota/ Dudhkolom</td><td>Susceptible</td><td>Susceptible</td><td>Susceptible</td><td></td><td> Susceptible</td><td> Susceptible</td><td> Susceptible</td></tr>",2000,,,Advance,"Released for cultivation in Aman season in southern region of Bangladesh                                                      Zonal check in BRRI yield trials
",assets/img/pc-evidence/planting-method_alt.png,"{""data-disabled"":""true"",""data-show"":""false"",""data-pc_id"":26}",assets/img/pc-evidence/ecosystem_alt.png,"{""data-disabled"":""true"",""data-show"":""false"",""data-pc_id"":26}",assets/img/pc-evidence/positioning_alt.png,"{""data-disabled"":""true"",""data-show"":""false"",""data-pc_id"":26}",assets/img/pc-evidence/key-strengths_alt.png,"{""data-disabled"":""true"",""data-show"":""false"",""data-pc_id"":26}",assets/img/pc-evidence/considerations_alt.png,"{""data-disabled"":""true"",""data-show"":""false"",""data-pc_id"":26}",assets/img/pc-evidence/relative-variety-perf_alt.png,"{""data-disabled"":""true"",""data-show"":""false"",""data-pc_id"":26}",assets/img/pc-evidence/producibility_alt.png,"{""data-disabled"":""true"",""data-show"":""false"",""data-pc_id"":26}",26
BRRI dhan48,BR 1543-9-2-1/IR 13249-49-3-2-2*,Inbred,Bangladesh,"High yielding, early maturity, medium tall, long slender variety suitable for transplanted and dry seeded cultivation under upland conditions. A short duration and drought tolerant variety developed by BRRI and released in 2008 for planting in Aus season. Popular among farmers in the Barind tract of Bangladesh. Non-sticky cooked rice. Tolerant to BLB.    ",https://glomip.cgiar.org/uploads/product_catalog/BRRI_dhan48.jpg,,,-,Recommended,Recommended,Not Recommended,Not Recommended,Recommended,,,BR26,,,BRRI dhan98,<tr><td>Biotic stress</td><td>False Smut</td><td>Smut tolerant</td></tr><tr><td>Agronomic traits</td><td>Yield Potential</td><td>Good yield potential </td></tr><tr><td>Biotic stress</td><td>Bacterial blight</td><td>Leaf blight </td></tr><tr><td>Agronomic traits</td><td>Plant height</td><td>Medium tall  </td></tr><tr><td>Maturity</td><td>Maturity duration</td><td>Early maturity      </td></tr><tr><td>Grain shape</td><td>Grain shape (L:B)</td><td>Long slender </td></tr><tr><td>Cooking quality</td><td>Cooked quality (grain texture)</td><td>Non-sticky cooked rice</td></tr>,<tr><td>Agronomic traits</td><td>Other</td><td>Require good crop management</td></tr>,"<tr><th rowspan=""2"">Variety</th>
                    <th colspan=""2"">Grain Yield</th>
                    <th rowspan=""2"">Maturity (days)</th>
                    <th rowspan=""2"">Plant height (cm)</th>
                    <th rowspan=""2"">Lodging</th>
                    <th rowspan=""2"">Shattering</th>
                    <th rowspan=""2"">1000 grain weight (g)</th>
                    <th rowspan=""2"">Panicle Threshability</th>
                    <th rowspan=""2"">HRR (%)</th>
                    <th rowspan=""2"">Amylose content (%)</th>
                    <th rowspan=""2"">Special Trait</th>
                    <th rowspan=""2"">Tillering</th></tr><tr><th>(kg/ha)</th><th>(% Adv)</th></tr>","<tr><td class=""must-variety-value"">BRRI dhan48</td><td>5500</td><td>27</td><td>115</td><td>105</td><td>Tolerant</td><td></td><td>19.6</td><td></td><td></td><td>26.8</td><td></td><td></td></tr><tr><td class=""must-benchmark1-value"">BR26</td><td>4000</td><td></td><td>110-120</td><td>115</td><td>Tolerant</td><td></td><td>21.1</td><td></td><td></td><td>22.7</td><td></td><td></td></tr>",<th>Variety</th><th>Leaf blast</th><th>Bacterial leaf blight</th><th>Brown plant hopper</th><th>False smut</th><td>Salinity</td><td>Submergence</td><td>Drought</td>,"<tr><td class=""must-variety-value"">BRRI dhan48</td><td>Susceptible</td><td>Tolerant</td><td>Susceptible</td><td>Tolerant</td><td>Susceptible</td><td>Susceptible </td><td>Tolerant</td></tr><tr><td class=""must-benchmark1-value"">BR26</td><td>Tolerant</td><td> Susceptible</td><td>Tolerant</td><td>Susceptible</td><td>Susceptible</td><td>Susceptible </td><td>Tolerant</td></tr>",2200,,,Advance,"Released for cultivation in Aus season in the Barind tract of Bangladesh. 
 National check in BRRI yield trials.
",assets/img/pc-evidence/planting-method_alt.png,"{""data-disabled"":""true"",""data-show"":""false"",""data-pc_id"":27}",assets/img/pc-evidence/ecosystem_alt.png,"{""data-disabled"":""true"",""data-show"":""false"",""data-pc_id"":27}",assets/img/pc-evidence/positioning_alt.png,"{""data-disabled"":""true"",""data-show"":""false"",""data-pc_id"":27}",assets/img/pc-evidence/key-strengths_alt.png,"{""data-disabled"":""true"",""data-show"":""false"",""data-pc_id"":27}",assets/img/pc-evidence/considerations_alt.png,"{""data-disabled"":""true"",""data-show"":""false"",""data-pc_id"":27}",assets/img/pc-evidence/relative-variety-perf_alt.png,"{""data-disabled"":""true"",""data-show"":""false"",""data-pc_id"":27}",assets/img/pc-evidence/producibility_alt.png,"{""data-disabled"":""true"",""data-show"":""false"",""data-pc_id"":27}",27
DRR Dhan 42 (IR-64 DRT-1),IR 77298-14-1-2-10 x IR 77298-5-6-11,Inbred,India,"Early maturity, medium height, long slender, high yielding and widely adaptable variety grown in India under irrigated lowland and upland conditions. Drought tolerant variety with good adaptability in water scarce conditions. Yield advantage of around 1.0 mt/ha over other varieties of similar maturity under drought stress conditions. Developed by IIRR &amp;amp; IRRI and released in 2016 for cultivation in the Southern and Central India. Tolerant to lodging and grain shattering. Excellent grain and eating quality.",https://glomip.cgiar.org/uploads/product_catalog/DRR_shan_422.PNG,Rice Indica SA MS00301,Rice - Indica | Non-Hybrid | SA | Food; Long Soft | White | Lowlands | Direct Seeded; Irrigated | Early,"DEL-I, DEL-U, TEL-I",Recommended,Recommended,Recommended,Not Recommended,Recommended,Sahbhagi Dhan,None,IR64,CR Dhan 500,None,DRR dhan 44,<tr><td>Agronomic traits</td><td>Lodging</td><td>Non-lodging</td></tr><tr><td>Agronomic traits</td><td>Yield Potential</td><td>High yield</td></tr><tr><td>Grain shape</td><td>Other</td><td>Long slender grain </td></tr><tr><td>Abiotic stress</td><td>Drought (reproductive)</td><td>Drought tolerant</td></tr><tr><td>Maturity</td><td>Maturity duration</td><td>Early maturity</td></tr><tr><td>Agronomic traits</td><td>Other</td><td>non-shattering</td></tr>,<tr><td>Other key traits</td><td>Other</td><td>Sensitive to low temperature</td></tr><tr><td>Biotic stress</td><td>Leaf blast</td><td>Susceptible</td></tr><tr><td>Grain Quality traits</td><td>Head Rice Recovery</td><td>Moderate HRR</td></tr>,"<tr><th rowspan=""2"">Variety</th>
                    <th colspan=""2"">Grain Yield</th>
                    <th rowspan=""2"">Maturity (days)</th>
                    <th rowspan=""2"">Plant height (cm)</th>
                    <th rowspan=""2"">Lodging</th>
                    <th rowspan=""2"">Shattering</th>
                    <th rowspan=""2"">1000 grain weight (g)</th>
                    <th rowspan=""2"">Panicle Threshability</th>
                    <th rowspan=""2"">HRR (%)</th>
                    <th rowspan=""2"">Amylose content (%)</th>
                    <th rowspan=""2"">Special Trait</th>
                    <th rowspan=""2"">Tillering</th></tr><tr><th>(kg/ha)</th><th>(% Adv)</th></tr>","<tr><td class=""must-variety-value"">DRR Dhan 42 (IR-64 DRT-1)</td><td>5500-6000</td><td>33</td><td>115-120</td><td>100-105</td><td>Tolerant</td><td>Tolerant</td><td>26.4</td><td>-</td><td>56.4</td><td>24.1</td><td></td><td></td></tr><tr><td class=""must-benchmark1-value"">Sahbhagi Dhan</td><td>3800-4500</td><td>-</td><td>100</td><td>85-90</td><td>Tolerant</td><td>Tolerant</td><td>22.3</td><td>-</td><td>64.7</td><td>24.7</td><td></td><td></td></tr>",<th>Variety</th><th>Leaf blast</th><th>Bacterial leaf blight</th><th>Brown plant hopper</th><th>Sheath Blight</th><th>Brown Spot</th><td>Salinity</td><td>Submergence</td><td>Drought</td>,"<tr><td class=""must-variety-value"">DRR Dhan 42 (IR-64 DRT-1)</td><td>Resistant</td><td>Tolerant</td><td></td><td>Susceptible</td><td>Tolerant</td><td></td><td></td><td>Tolerant</td></tr><tr><td class=""must-benchmark1-value"">Sahbhagi Dhan</td><td>Tolerant</td><td>Susceptible</td><td></td><td>Tolerant</td><td>Susceptible</td><td></td><td></td><td>Tolerant</td></tr>",2200-2400,-,-,Not Data,"Released for cultivation in Telangana, Tamilnadu, Andhra Pradesh, Madhya Pradesh, Chhattisgarh, Jharkhand",assets/img/pc-evidence/planting-method_alt.png,"{""data-disabled"":""true"",""data-show"":""false"",""data-pc_id"":29}",assets/img/pc-evidence/ecosystem_alt.png,"{""data-disabled"":""true"",""data-show"":""false"",""data-pc_id"":29}",assets/img/pc-evidence/positioning_alt.png,"{""data-disabled"":""true"",""data-show"":""false"",""data-pc_id"":29}",assets/img/pc-evidence/key-strengths_alt.png,"{""data-disabled"":""true"",""data-show"":""false"",""data-pc_id"":29}",assets/img/pc-evidence/considerations_alt.png,"{""data-disabled"":""true"",""data-show"":""false"",""data-pc_id"":29}",assets/img/pc-evidence/relative-variety-perf_alt.png,"{""data-disabled"":""true"",""data-show"":""false"",""data-pc_id"":29}",assets/img/pc-evidence/producibility_alt.png,"{""data-disabled"":""true"",""data-show"":""false"",""data-pc_id"":29}",29
BRRI dhan75,(HUA565 (GSR)  (Yuefengzhan*/E-Zhong 5*),Inbred,Bangladesh,"An average yielding, early maturing, medium tall, medium slender variety suitable for cultivation under rainfed lowland growing conditions. Developed by BRRI thru GSR project in collaboration with CAAS. Released in 2016 for planting in Aman season. Strong culm. Tolerant to lodging and grain shattering. Slightly aromatic premium quality rice with good taste. Tolerant to major diseases and insect pests.
",https://glomip.cgiar.org/uploads/product_catalog/75.jpg,,,-,Recommended,Not Recommended,Not Recommended,Recommended,Not Recommended,None,BRRI dhan33,None,None,Bina dhan17,None,<tr><td>Grain Quality traits</td><td>Aroma</td><td>Slightly aromatic with good taste  </td></tr><tr><td>Agronomic traits</td><td>Lodging</td><td>non-lodging    </td></tr><tr><td>Agronomic traits</td><td>Plant height</td><td>Medium tall </td></tr><tr><td>Grain shape</td><td>Grain shape (L:B)</td><td>Medium slender </td></tr><tr><td>Agronomic traits</td><td>Yield Potential</td><td>Average yield  </td></tr><tr><td>Agronomic traits</td><td>Other</td><td>Shattering tolerant </td></tr>,<tr><td>Agronomic traits</td><td>Other</td><td>Pre-harvest sprouting </td></tr>,"<tr><th rowspan=""2"">Variety</th>
                    <th colspan=""2"">Grain Yield</th>
                    <th rowspan=""2"">Maturity (days)</th>
                    <th rowspan=""2"">Plant height (cm)</th>
                    <th rowspan=""2"">Lodging</th>
                    <th rowspan=""2"">Shattering</th>
                    <th rowspan=""2"">1000 grain weight (g)</th>
                    <th rowspan=""2"">Panicle Threshability</th>
                    <th rowspan=""2"">HRR (%)</th>
                    <th rowspan=""2"">Amylose content (%)</th>
                    <th rowspan=""2"">Special Trait</th>
                    <th rowspan=""2"">Tillering</th></tr><tr><th>(kg/ha)</th><th>(% Adv)</th></tr>","<tr><td class=""must-variety-value"">BRRI dhan75</td><td>4500</td><td>12</td><td>115-120</td><td>100-110</td><td>Tolerant</td><td>Tolerant</td><td> 21.0</td><td></td><td>62.4</td><td>20.4</td><td></td><td></td></tr><tr><td class=""must-benchmark1-value"">BRRI dhan33</td><td>4000</td><td></td><td>115-118</td><td>100-105</td><td>Susceptible </td><td>Tolerant</td><td></td><td></td><td>60.8</td><td>25.0</td><td></td><td></td></tr>",<th>Variety</th><th>Leaf blast</th><th>Bacterial leaf blight</th><th>Brown plant hopper</th><th>Protein %</th><td>Salinity</td><td>Submergence</td><td>Drought</td>,"<tr><td class=""must-variety-value"">BRRI dhan75</td><td>Tolerant</td><td>Tolerant </td><td>Tolerant </td><td>9.2</td><td> Susceptible</td><td> Susceptible</td><td> Tolerant</td></tr><tr><td class=""must-benchmark1-value"">BRRI dhan33</td><td>Susceptible</td><td>Susceptible</td><td>Susceptible</td><td>8.5</td><td> Susceptible</td><td> Susceptible</td><td> Susceptible</td></tr>",1800,,,Advance,"Released for cultivation in Aman season in Bangladesh                                                       Zonal check in BRRI yield trials
",assets/img/pc-evidence/planting-method_alt.png,"{""data-disabled"":""true"",""data-show"":""false"",""data-pc_id"":30}",assets/img/pc-evidence/ecosystem_alt.png,"{""data-disabled"":""true"",""data-show"":""false"",""data-pc_id"":30}",assets/img/pc-evidence/positioning_alt.png,"{""data-disabled"":""true"",""data-show"":""false"",""data-pc_id"":30}",assets/img/pc-evidence/key-strengths_alt.png,"{""data-disabled"":""true"",""data-show"":""false"",""data-pc_id"":30}",assets/img/pc-evidence/considerations_alt.png,"{""data-disabled"":""true"",""data-show"":""false"",""data-pc_id"":30}",assets/img/pc-evidence/relative-variety-perf_alt.png,"{""data-disabled"":""true"",""data-show"":""false"",""data-pc_id"":30}",assets/img/pc-evidence/producibility_alt.png,"{""data-disabled"":""true"",""data-show"":""false"",""data-pc_id"":30}",30
Pusa Basmati 1637,Pusa Basmati 1/ IRBL 9-W //Pusa Basmati 1*3,Inbred,India,"A high yielding, medium maturity, semi-dwarf, extra long slender grain variety grown extensively in northern India. Developed by IARI, New Delhi and released in 2016. Near isogenic line of Pusa Basmati 1 derived by marker assisted breeding. Resistant to leaf blast. Erect plant type, sturdy stem. Aromatic (Basmati) variety with superior grain quality.",https://glomip.cgiar.org/uploads/product_catalog/Pusa_basmati_1637.PNG,Rice Indica SA MS00299,Rice - Indica | Non-Hybrid | SA | Food; Long Soft | White | Lowlands; Drought Prone | Transplanted; Rainfed | Mid,TMeL-I,Recommended,Not Recommended,Recommended,Not Recommended,Not Recommended,Pusa Basmati 1,None,None,Pusa Basmati 1509,None,None,<tr><td>Other key traits</td><td>Other</td><td>Semi-dwarf</td></tr><tr><td>Maturity</td><td>Maturity duration</td><td>Medium maturity</td></tr><tr><td>Grain shape</td><td>Other</td><td>Extra long slender grain </td></tr><tr><td>Grain Quality traits</td><td>Chalkiness</td><td>less chalkiness</td></tr><tr><td>Cooking quality</td><td>Cooked quality (grain texture)</td><td>Good cooking quality</td></tr><tr><td>Grain Quality traits</td><td>Aroma</td><td>Strong aroma</td></tr><tr><td>Agronomic traits</td><td>Yield Potential</td><td>Good yield</td></tr><tr><td>Biotic stress</td><td>Gall Midge (% infected tillers)</td><td>Tolerant</td></tr><tr><td>Biotic stress</td><td>Stem borer (Dead heart % 10 days after flowering)</td><td>Tolerant</td></tr>,<tr><td>Other key traits</td><td>Other</td><td>Sensitive to high temperature</td></tr><tr><td>Grain Quality traits</td><td>Head Rice Recovery</td><td>Moderate HRR</td></tr>,"<tr><th rowspan=""2"">Variety</th>
                    <th colspan=""2"">Grain Yield</th>
                    <th rowspan=""2"">Maturity (days)</th>
                    <th rowspan=""2"">Plant height (cm)</th>
                    <th rowspan=""2"">Lodging</th>
                    <th rowspan=""2"">Shattering</th>
                    <th rowspan=""2"">1000 grain weight (g)</th>
                    <th rowspan=""2"">Panicle Threshability</th>
                    <th rowspan=""2"">HRR (%)</th>
                    <th rowspan=""2"">Amylose content (%)</th>
                    <th rowspan=""2"">Special Trait</th>
                    <th rowspan=""2"">Tillering</th></tr><tr><th>(kg/ha)</th><th>(% Adv)</th></tr>","<tr><td class=""must-variety-value"">Pusa Basmati 1637</td><td>4500-5000</td><td>-</td><td>120-135</td><td>90-100</td><td>Tolerant</td><td>Tolerant</td><td>23.2</td><td>-</td><td>54.5</td><td>22.8</td><td>-</td><td></td></tr><tr><td class=""must-benchmark1-value"">Pusa Basmati-1</td><td>4500-5000</td><td>-</td><td>125-135</td><td>85-95</td><td>Tolerant</td><td>Tolerant</td><td>25.6</td><td>-</td><td>49.1</td><td>22.0</td><td>-</td><td></td></tr>",<th>Variety</th><th>Leaf blast</th><th>Bacterial leaf blight</th><th>Brown plant hopper</th><th>Sheath Blight</th><th>Galll Midge</th><th>Stem Borer</th><td>Salinity</td><td>Submergence</td><td>Drought</td>,"<tr><td class=""must-variety-value"">Pusa Basmati 1637</td><td>Resistant</td><td>Tolerant</td><td></td><td>Tolerant</td><td>Tolerant</td><td>Tolerant</td><td></td><td></td><td>Susceptible</td></tr><tr><td class=""must-benchmark1-value"">Pusa Basmati-1</td><td>Tolerant</td><td>Tolerant</td><td></td><td>Susceptible</td><td>Tolerant</td><td>Tolerant</td><td></td><td></td><td>Susceptible</td></tr>",1800-2000,-,-,Not Data,"Released for cultivation in Delhi, Punjab, Haryana, Uttar Pradesh, Uttarakhand.                                                                                                                                     National check for Basmati varietal trials conducted by IIRR, India",assets/img/pc-evidence/planting-method_alt.png,"{""data-disabled"":""true"",""data-show"":""false"",""data-pc_id"":31}",assets/img/pc-evidence/ecosystem_alt.png,"{""data-disabled"":""true"",""data-show"":""false"",""data-pc_id"":31}",assets/img/pc-evidence/positioning_alt.png,"{""data-disabled"":""true"",""data-show"":""false"",""data-pc_id"":31}",assets/img/pc-evidence/key-strengths_alt.png,"{""data-disabled"":""true"",""data-show"":""false"",""data-pc_id"":31}",assets/img/pc-evidence/considerations_alt.png,"{""data-disabled"":""true"",""data-show"":""false"",""data-pc_id"":31}",assets/img/pc-evidence/relative-variety-perf_alt.png,"{""data-disabled"":""true"",""data-show"":""false"",""data-pc_id"":31}",assets/img/pc-evidence/producibility_alt.png,"{""data-disabled"":""true"",""data-show"":""false"",""data-pc_id"":31}",31
BRRI dhan74,(IR 68144*/BRRI dhan29),Inbred,Bangladesh,"A high yielding, Zinc enriched, medium maturity, semi dwarf, medium bold variety suitable for cultivation under irrigated lowland growing conditions. Developed by BRRI and released in 2014 for planting in Boro season. Derived from a cross IR68144 and BRRI dhan29. Strong plant type, lodging tolerant. Susceptible to major diseases and insect pests.  
",https://glomip.cgiar.org/uploads/product_catalog/74.jpg,,,-,Recommended,Not Recommended,Recommended,Not Recommended,Not Recommended,BRRI dhan28,None,None,BRRI dhan84,None,None,"<tr><td>Grain Quality traits</td><td>High nutritive value (Fe, Zn, Protein)</td><td>Zinc enriched (24.2 mg/kg.)    </td></tr><tr><td>Agronomic traits</td><td>Plant height</td><td>Semi dwarf </td></tr><tr><td>Agronomic traits</td><td>Yield Potential</td><td>High Yield Potential </td></tr><tr><td>Agronomic traits</td><td>Lodging</td><td>Non-lodging  </td></tr><tr><td>Agronomic traits</td><td>Other</td><td>Strong plant type  </td></tr><tr><td>Grain shape</td><td>Grain shape (L:B)</td><td>Medium bold</td></tr>",<tr><td>Biotic stress</td><td>Other</td><td>Susceptible to major diseases and insect pests</td></tr>,"<tr><th rowspan=""2"">Variety</th>
                    <th colspan=""2"">Grain Yield</th>
                    <th rowspan=""2"">Maturity (days)</th>
                    <th rowspan=""2"">Plant height (cm)</th>
                    <th rowspan=""2"">Lodging</th>
                    <th rowspan=""2"">Shattering</th>
                    <th rowspan=""2"">1000 grain weight (g)</th>
                    <th rowspan=""2"">Panicle Threshability</th>
                    <th rowspan=""2"">HRR (%)</th>
                    <th rowspan=""2"">Amylose content (%)</th>
                    <th rowspan=""2"">Special Trait</th>
                    <th rowspan=""2"">Tillering</th></tr><tr><th>(kg/ha)</th><th>(% Adv)</th></tr>","<tr><td class=""must-variety-value"">BRRI dhan74</td><td>7100</td><td>18</td><td>145-150</td><td>90-95</td><td>Tolerant</td><td>Tolerant</td><td></td><td></td><td></td><td>24.2</td><td></td><td></td></tr><tr><td class=""must-benchmark1-value"">BRRI dhan28</td><td>6000</td><td></td><td>140-145</td><td>90-95</td><td>Tolerant</td><td>Tolerant</td><td>21.1</td><td></td><td></td><td>28.0</td><td></td><td></td></tr>",<th>Variety</th><th>Leaf blast</th><th>Bacterial leaf blight</th><th>Brown plant hopper</th><th>Protein %</th><td>Salinity</td><td>Submergence</td><td>Drought</td>,"<tr><td class=""must-variety-value"">BRRI dhan74</td><td>Susceptible</td><td>Susceptible</td><td>Susceptible</td><td>8.3</td><td> Susceptible</td><td> Susceptible</td><td>Susceptible</td></tr><tr><td class=""must-benchmark1-value"">BRRI dhan28</td><td>Tolerant </td><td>Tolerant</td><td>Susceptible</td><td>8.6</td><td> Susceptible</td><td> Susceptible</td><td>Tolerant</td></tr>",2900,,,Advance,Released for cultivation in Boro season in Bangladesh                                                     National check in BRRI yield trials,assets/img/pc-evidence/planting-method_alt.png,"{""data-disabled"":""true"",""data-show"":""false"",""data-pc_id"":32}",assets/img/pc-evidence/ecosystem_alt.png,"{""data-disabled"":""true"",""data-show"":""false"",""data-pc_id"":32}",assets/img/pc-evidence/positioning_alt.png,"{""data-disabled"":""true"",""data-show"":""false"",""data-pc_id"":32}",assets/img/pc-evidence/key-strengths_alt.png,"{""data-disabled"":""true"",""data-show"":""false"",""data-pc_id"":32}",assets/img/pc-evidence/considerations_alt.png,"{""data-disabled"":""true"",""data-show"":""false"",""data-pc_id"":32}",assets/img/pc-evidence/relative-variety-perf_alt.png,"{""data-disabled"":""true"",""data-show"":""false"",""data-pc_id"":32}",assets/img/pc-evidence/producibility_alt.png,"{""data-disabled"":""true"",""data-show"":""false"",""data-pc_id"":32}",32
BRRI dhan72 ,(BR 7166-4-5-3/BRRI dhan39),Inbred,Bangladesh,"A high yielding Zinc enriched medium maturity, medium tall, long bold variety suitable for high and medium highlands in southern Bangladesh. Biofortified Zinc variety was developed by BRRI with support from Harvest Plus. Released in 2014 for planting under rainfed lowland growing conditions in Aman season. Strong plant type, lodging tolerant. High grain weight.  ",https://glomip.cgiar.org/uploads/product_catalog/72.jpg,,,-,Recommended,Not Recommended,Not Recommended,Recommended,Not Recommended,None,BRRI dhan33,None,None,BRRI dhan62,None,"<tr><td>Agronomic traits</td><td>Yield Potential</td><td>High yield</td></tr><tr><td>Agronomic traits</td><td>Lodging</td><td>Non-lodging  </td></tr><tr><td>Agronomic traits</td><td>Plant height</td><td>Medium tall  </td></tr><tr><td>Maturity</td><td>Maturity duration</td><td>Medium maturity</td></tr><tr><td>Grain Quality traits</td><td>High nutritive value (Fe, Zn, Protein)</td><td>Zinc enriched (22.8 mg/kg)</td></tr><tr><td>Agronomic traits</td><td>Other</td><td>High grain weight   </td></tr>",<tr><td>Other key traits</td><td>Other</td><td>Bushy type canopy structure</td></tr><tr><td>Agronomic traits</td><td>Other</td><td>Input intensive variety </td></tr><tr><td>Grain shape</td><td>Grain shape (L:B)</td><td>Long bold grain</td></tr>,"<tr><th rowspan=""2"">Variety</th>
                    <th colspan=""2"">Grain Yield</th>
                    <th rowspan=""2"">Maturity (days)</th>
                    <th rowspan=""2"">Plant height (cm)</th>
                    <th rowspan=""2"">Lodging</th>
                    <th rowspan=""2"">Shattering</th>
                    <th rowspan=""2"">1000 grain weight (g)</th>
                    <th rowspan=""2"">Panicle Threshability</th>
                    <th rowspan=""2"">HRR (%)</th>
                    <th rowspan=""2"">Amylose content (%)</th>
                    <th rowspan=""2"">Special Trait</th>
                    <th rowspan=""2"">Tillering</th></tr><tr><th>(kg/ha)</th><th>(% Adv)</th></tr>","<tr><td class=""must-variety-value"">BRRI dhan72 </td><td>5700</td><td>42</td><td>125-130</td><td>115-120</td><td>Tolerant</td><td></td><td>27.9</td><td></td><td>59.5</td><td>26.0</td><td></td><td></td></tr><tr><td class=""must-benchmark1-value"">BRRI dhan33</td><td>4000</td><td></td><td>118-120</td><td>100-105</td><td>Susceptible </td><td></td><td>21.4</td><td></td><td>60.8</td><td>25.0</td><td></td><td></td></tr>",<th>Variety</th><th>Leaf blast</th><th>Bacterial leaf blight</th><th>Brown plant hopper</th><th>Protein %</th><td>Salinity</td><td>Submergence</td><td>Drought</td>,"<tr><td class=""must-variety-value"">BRRI dhan72 </td><td>Susceptible</td><td>Tolerant </td><td>Susceptible</td><td>8.9</td><td> Susceptible</td><td> Susceptible</td><td>Susceptible</td></tr><tr><td class=""must-benchmark1-value"">BRRI dhan33</td><td>Susceptible</td><td>Susceptible</td><td>Susceptible</td><td>8.5</td><td> Susceptible</td><td> Susceptible</td><td> Susceptible</td></tr>",2300,,,Advance," Released for cultivation in Aman season. Suitable for high &amp;amp;amp; medium highlands in southern Bangladesh                                                                                   National check in BRRI yield trials
",assets/img/pc-evidence/planting-method_alt.png,"{""data-disabled"":""true"",""data-show"":""false"",""data-pc_id"":33}",assets/img/pc-evidence/ecosystem_alt.png,"{""data-disabled"":""true"",""data-show"":""false"",""data-pc_id"":33}",assets/img/pc-evidence/positioning_alt.png,"{""data-disabled"":""true"",""data-show"":""false"",""data-pc_id"":33}",assets/img/pc-evidence/key-strengths_alt.png,"{""data-disabled"":""true"",""data-show"":""false"",""data-pc_id"":33}",assets/img/pc-evidence/considerations_alt.png,"{""data-disabled"":""true"",""data-show"":""false"",""data-pc_id"":33}",assets/img/pc-evidence/relative-variety-perf_alt.png,"{""data-disabled"":""true"",""data-show"":""false"",""data-pc_id"":33}",assets/img/pc-evidence/producibility_alt.png,"{""data-disabled"":""true"",""data-show"":""false"",""data-pc_id"":33}",33
Tarangini (MTU-1156),MTU-1010 x MTU-1081,Inbred,India,"Tarangini, also known as MTU-1156, is a high yielding, medium maturity,  long slender, tall variety released in 2016 by RARS, Maruteru. Widely recommended for medium fertility areas in wet season and in irrigated areas in dry season.  Besides having high yield potential, this variety has distinct advantages of high HRR, non-lodging, low shattering and tolerant to major diseases and insect pests.",https://glomip.cgiar.org/uploads/product_catalog/tarangini.PNG,Rice Indica SA MS00299,Rice - Indica | Non-Hybrid | SA | Food; Long Soft | White | Lowlands; Drought Prone | Transplanted; Rainfed | Mid,TMeL-I,Recommended,Not Recommended,Recommended,Not Recommended,Not Recommended,Lalat,None,None,"MTU-1153, BINA dhan11",None,None,<tr><td>Other key traits</td><td>Other</td><td>High fertilizer responsive</td></tr><tr><td>Grain Quality traits</td><td>Head Rice Recovery</td><td>High HRR</td></tr><tr><td>Grain shape</td><td>Other</td><td>Long slender grain</td></tr><tr><td>Agronomic traits</td><td>Yield Potential</td><td>High yield potential</td></tr><tr><td>Biotic stress</td><td>Other</td><td>Tolerant to major diseases and insect pests </td></tr>,<tr><td>Other key traits</td><td>Other</td><td>Dormancy for about 2 weeks</td></tr><tr><td>Agronomic traits</td><td>Plant height</td><td>Tall</td></tr>,"<tr><th rowspan=""2"">Variety</th>
                    <th colspan=""2"">Grain Yield</th>
                    <th rowspan=""2"">Maturity (days)</th>
                    <th rowspan=""2"">Plant height (cm)</th>
                    <th rowspan=""2"">Lodging</th>
                    <th rowspan=""2"">Shattering</th>
                    <th rowspan=""2"">1000 grain weight (g)</th>
                    <th rowspan=""2"">Panicle Threshability</th>
                    <th rowspan=""2"">HRR (%)</th>
                    <th rowspan=""2"">Amylose content (%)</th>
                    <th rowspan=""2"">Special Trait</th>
                    <th rowspan=""2"">Tillering</th></tr><tr><th>(kg/ha)</th><th>(% Adv)</th></tr>","<tr><td class=""must-variety-value"">Tarangini (MTU-1156)</td><td>6500</td><td>30</td><td>115-120</td><td>130</td><td>Tolerant</td><td>Tolerant</td><td>22.5</td><td>-</td><td>68.0</td><td>23.8</td><td>-</td><td></td></tr><tr><td class=""must-benchmark1-value"">Lalat</td><td>5000</td><td></td><td>130</td><td>100-105</td><td>Tolerant</td><td>Tolerant</td><td>24.0</td><td>-</td><td>58.0</td><td>25.0</td><td>-</td><td></td></tr>",<th>Variety</th><th>Leaf blast</th><th>Bacterial leaf blight</th><th>Brown plant hopper</th><th>Brown Spot</th><th>Sheath Rot</th><td>Salinity</td><td>Submergence</td><td>Drought</td>,"<tr><td class=""must-variety-value"">Tarangini (MTU-1156)</td><td>Tolerant</td><td>Tolerant</td><td>Resistant</td><td>Tolerant</td><td>Tolerant</td><td></td><td></td><td></td></tr><tr><td class=""must-benchmark1-value"">Lalat</td><td>Tolerant</td><td>Tolerant</td><td>Susceptible</td><td>Tolerant</td><td>Tolerant</td><td></td><td></td><td></td></tr>",2600,-,-,Not Data,"For planting in both kharif and rabi seasons in irrigated areas of Andhra Pradesh, Telangana, &amp; Odisha",assets/img/pc-evidence/planting-method_alt.png,"{""data-disabled"":""true"",""data-show"":""false"",""data-pc_id"":34}",assets/img/pc-evidence/ecosystem_alt.png,"{""data-disabled"":""true"",""data-show"":""false"",""data-pc_id"":34}",assets/img/pc-evidence/positioning_alt.png,"{""data-disabled"":""true"",""data-show"":""false"",""data-pc_id"":34}",assets/img/pc-evidence/key-strengths_alt.png,"{""data-disabled"":""true"",""data-show"":""false"",""data-pc_id"":34}",assets/img/pc-evidence/considerations_alt.png,"{""data-disabled"":""true"",""data-show"":""false"",""data-pc_id"":34}",assets/img/pc-evidence/relative-variety-perf_alt.png,"{""data-disabled"":""true"",""data-show"":""false"",""data-pc_id"":34}",assets/img/pc-evidence/producibility_alt.png,"{""data-disabled"":""true"",""data-show"":""false"",""data-pc_id"":34}",34
BRRI dhan71,(IR82589*-B-B-84-3),Inbred,Bangladesh,"Early maturity, semi-tall, medium bold, variety suitable for cultivation under rainfed lowland growing conditions. Climate resilient variety is developed by BRRI as a direct derivative from an IRRI line IR82589. It was released in 2015 for planting in Aman season. Drought tolerant with Strong culm. Recommended for growing in Aus season also. Non-lodging. ",https://glomip.cgiar.org/uploads/product_catalog/71.png,,,-,Recommended,Not Recommended,Not Recommended,Recommended,Not Recommended,None,"BRRI dhan 56, BRRI dhan33",None,None,"BRRI dhan75, Binadhan-17",None,<tr><td>Agronomic traits</td><td>Lodging</td><td>Non-lodging  </td></tr><tr><td>Agronomic traits</td><td>Other</td><td>High grain weight</td></tr><tr><td>Agronomic traits</td><td>Plant height</td><td>Semi-tall </td></tr><tr><td>Agronomic traits</td><td>Yield Potential</td><td>High yield under stress</td></tr><tr><td>Abiotic stress</td><td>Drought (reproductive)</td><td>Drought tolerant      </td></tr>,"<tr><td>Grain Quality traits</td><td>High nutritive value (Fe, Zn, Protein)</td><td>Low protein </td></tr>","<tr><th rowspan=""2"">Variety</th>
                    <th colspan=""2"">Grain Yield</th>
                    <th rowspan=""2"">Maturity (days)</th>
                    <th rowspan=""2"">Plant height (cm)</th>
                    <th rowspan=""2"">Lodging</th>
                    <th rowspan=""2"">Shattering</th>
                    <th rowspan=""2"">1000 grain weight (g)</th>
                    <th rowspan=""2"">Panicle Threshability</th>
                    <th rowspan=""2"">HRR (%)</th>
                    <th rowspan=""2"">Amylose content (%)</th>
                    <th rowspan=""2"">Special Trait</th>
                    <th rowspan=""2"">Tillering</th></tr><tr><th>(kg/ha)</th><th>(% Adv)</th></tr>","<tr><td class=""must-variety-value"">BRRI dhan71</td><td>5500</td><td>22</td><td>115-120</td><td>105-110</td><td>Tolerant</td><td></td><td>23.7</td><td></td><td></td><td>22.1</td><td></td><td></td></tr><tr><td class=""must-benchmark1-value"">BRRI dhan56</td><td>4500</td><td></td><td>105-110</td><td>110-115</td><td>Tolerant</td><td></td><td>21.7</td><td></td><td></td><td>25.0</td><td></td><td></td></tr>",<th>Variety</th><th>Leaf blast</th><th>Bacterial leaf blight</th><th>Brown plant hopper</th><th>Protein %</th><td>Salinity</td><td>Submergence</td><td>Drought</td>,"<tr><td class=""must-variety-value"">BRRI dhan71</td><td>Tolerant</td><td>Tolerant </td><td>Tolerant </td><td>6.8</td><td> Susceptible</td><td> Susceptible</td><td> Tolerant</td></tr><tr><td class=""must-benchmark1-value"">BRRI dhan56</td><td>Susceptible</td><td>Tolerant</td><td>Tolerant </td><td>8.5</td><td> Susceptible</td><td> Susceptible</td><td>Tolerant</td></tr>",2200,,,Advance,"Released for cultivation in Aman season in Bangladesh                                                      Zonal check in BRRI yield trials
",assets/img/pc-evidence/planting-method_alt.png,"{""data-disabled"":""true"",""data-show"":""false"",""data-pc_id"":35}",assets/img/pc-evidence/ecosystem_alt.png,"{""data-disabled"":""true"",""data-show"":""false"",""data-pc_id"":35}",assets/img/pc-evidence/positioning_alt.png,"{""data-disabled"":""true"",""data-show"":""false"",""data-pc_id"":35}",assets/img/pc-evidence/key-strengths_alt.png,"{""data-disabled"":""true"",""data-show"":""false"",""data-pc_id"":35}",assets/img/pc-evidence/considerations_alt.png,"{""data-disabled"":""true"",""data-show"":""false"",""data-pc_id"":35}",assets/img/pc-evidence/relative-variety-perf_alt.png,"{""data-disabled"":""true"",""data-show"":""false"",""data-pc_id"":35}",assets/img/pc-evidence/producibility_alt.png,"{""data-disabled"":""true"",""data-show"":""false"",""data-pc_id"":35}",35
BRRI dhan39,BR1185-2B-56-2-1-1 &amp;amp;amp; BR1674-28-3-1-1/BR 2558-7-3-2-2,Inbred,Bangladesh,"Average yielding, mid-early maturity, medium tall, long slender variety suitable for cultivation under rainfed lowland conditions. Developed by BRRI and released in 2003 for planting in Bangladesh in Aman season as a relay crop with Jute. Photo insensitive, tolerant to leaf blast, leaf blight and sheath blight. High % of sterile spikelet.   ",https://glomip.cgiar.org/uploads/product_catalog/BRRI_dhan39.jpg,,,-,Recommended,Not Recommended,Not Recommended,Recommended,Not Recommended,,BRRI dhan33,,,BRRI dhan87,,"<tr><td>Agronomic traits</td><td>Plant height</td><td>Medium tall  </td></tr><tr><td>Grain Quality traits</td><td>High nutritive value (Fe, Zn, Protein)</td><td>High protein content</td></tr><tr><td>Grain shape</td><td>Grain shape (L:B)</td><td>Long slender  </td></tr><tr><td>Agronomic traits</td><td>Other</td><td>Photo insensitive        </td></tr><tr><td>Biotic stress</td><td>Other</td><td>Tolerant to major diseases </td></tr><tr><td>Agronomic traits</td><td>Other</td><td>Suitable as a relay crop with Jute</td></tr><tr><td>Grain Quality traits</td><td>Amylose content</td><td>High amylose content</td></tr>",<tr><td>Agronomic traits</td><td>Other</td><td>High % of sterile spikelet</td></tr><tr><td>Agronomic traits</td><td>Yield Potential</td><td>Average Yield  </td></tr>,"<tr><th rowspan=""2"">Variety</th>
                    <th colspan=""2"">Grain Yield</th>
                    <th rowspan=""2"">Maturity (days)</th>
                    <th rowspan=""2"">Plant height (cm)</th>
                    <th rowspan=""2"">Lodging</th>
                    <th rowspan=""2"">Shattering</th>
                    <th rowspan=""2"">1000 grain weight (g)</th>
                    <th rowspan=""2"">Panicle Threshability</th>
                    <th rowspan=""2"">HRR (%)</th>
                    <th rowspan=""2"">Amylose content (%)</th>
                    <th rowspan=""2"">Special Trait</th>
                    <th rowspan=""2"">Tillering</th></tr><tr><th>(kg/ha)</th><th>(% Adv)</th></tr>","<tr><td class=""must-variety-value"">BRRI dhan39</td><td>4500</td><td>12</td><td>122</td><td>105-110</td><td>Tolerant</td><td>-</td><td>20.6</td><td>-</td><td>-</td><td>26.6</td><td>-</td><td></td></tr><tr><td class=""must-benchmark1-value"">BRRI dhan33</td><td>4000</td><td>-</td><td>118</td><td>100</td><td>Susceptible</td><td>-</td><td>21.4</td><td>-</td><td>-</td><td>25.0</td><td>-</td><td></td></tr>",<th>Variety</th><th>Leaf blast</th><th>Bacterial leaf blight</th><th>Brown plant hopper</th><th>Tungro</th><td>Salinity</td><td>Submergence</td><td>Drought</td>,"<tr><td class=""must-variety-value"">BRRI dhan39</td><td>Tolerant</td><td>Tolerant</td><td> Tolerant</td><td>Tolerant</td><td>-</td><td>-</td><td>-</td></tr><tr><td class=""must-benchmark1-value"">BRRI dhan33</td><td>Susceptible</td><td> Susceptible</td><td> Susceptible</td><td>Susceptible</td><td>-</td><td>-</td><td>-</td></tr>",1800,-,-,Advance,Released for cultivation in Aman season in all over Bangladesh.                             National check in BRRI yield trials.,assets/img/pc-evidence/planting-method_alt.png,"{""data-disabled"":""true"",""data-show"":""false"",""data-pc_id"":36}",assets/img/pc-evidence/ecosystem_alt.png,"{""data-disabled"":""true"",""data-show"":""false"",""data-pc_id"":36}",assets/img/pc-evidence/positioning_alt.png,"{""data-disabled"":""true"",""data-show"":""false"",""data-pc_id"":36}",assets/img/pc-evidence/key-strengths_alt.png,"{""data-disabled"":""true"",""data-show"":""false"",""data-pc_id"":36}",assets/img/pc-evidence/considerations_alt.png,"{""data-disabled"":""true"",""data-show"":""false"",""data-pc_id"":36}",assets/img/pc-evidence/relative-variety-perf_alt.png,"{""data-disabled"":""true"",""data-show"":""false"",""data-pc_id"":36}",assets/img/pc-evidence/producibility_alt.png,"{""data-disabled"":""true"",""data-show"":""false"",""data-pc_id"":36}",36
BRRI dhan67,(IR61247-3B-8-2-1*/BRRI dhan36,Inbred,Bangladesh,"High yielding, medium maturity, short stature, medium slender variety suitable for cultivation in saline prone areas under irrigated lowland conditions. Developed by BRRI and released in 2014 for planting in Boro season. Salt and cold tolerant. Susceptible to major diseases.    
",https://glomip.cgiar.org/uploads/product_catalog/67.jpg,,,-,Recommended,Not Recommended,Recommended,Not Recommended,Not Recommended,"BRRI dhan47, BRRI dhan28",None,None,Binadhan-10,None,None,"<tr><td>Agronomic traits</td><td>Yield Potential</td><td>High yield potential</td></tr><tr><td>Agronomic traits</td><td>Other</td><td>High grain weight</td></tr><tr><td>Agronomic traits</td><td>Plant height</td><td>Semi-dwarf </td></tr><tr><td>Grain shape</td><td>Grain shape (L:B)</td><td>Medium slender</td></tr><tr><td>Grain Quality traits</td><td>High nutritive value (Fe, Zn, Protein)</td><td>High protein    </td></tr><tr><td>Maturity</td><td>Maturity duration</td><td>Medium maturity</td></tr><tr><td>Abiotic stress</td><td>Cold (reproductive)</td><td>cold tolerant</td></tr><tr><td>Abiotic stress</td><td>Salinity (Reproductive)</td><td>Salt  tolerant</td></tr>",<tr><td>Biotic stress</td><td>Sheath blight</td><td>Susceptible</td></tr><tr><td>Biotic stress</td><td>Other</td><td>Susceptible to leaf blight</td></tr><tr><td>Biotic stress</td><td>Leaf blast</td><td>Susceptible</td></tr>,"<tr><th rowspan=""2"">Variety</th>
                    <th colspan=""2"">Grain Yield</th>
                    <th rowspan=""2"">Maturity (days)</th>
                    <th rowspan=""2"">Plant height (cm)</th>
                    <th rowspan=""2"">Lodging</th>
                    <th rowspan=""2"">Shattering</th>
                    <th rowspan=""2"">1000 grain weight (g)</th>
                    <th rowspan=""2"">Panicle Threshability</th>
                    <th rowspan=""2"">HRR (%)</th>
                    <th rowspan=""2"">Amylose content (%)</th>
                    <th rowspan=""2"">Special Trait</th>
                    <th rowspan=""2"">Tillering</th></tr><tr><th>(kg/ha)</th><th>(% Adv)</th></tr>","<tr><td class=""must-variety-value"">BRRI dhan67</td><td>6000</td><td>9</td><td>145-150</td><td>100-105</td><td>Tolerant</td><td></td><td>27.9</td><td></td><td></td><td>22.4</td><td></td><td></td></tr><tr><td class=""must-benchmark1-value"">BRRI dhan47</td><td>5500</td><td></td><td>152</td><td>105-110</td><td>Tolerant</td><td></td><td>25.9</td><td></td><td></td><td>26.1</td><td></td><td></td></tr>",<th>Variety</th><th>Leaf blast</th><th>Bacterial leaf blight</th><th>Brown plant hopper</th><th>Cold</th><td>Salinity</td><td>Submergence</td><td>Drought</td>,"<tr><td class=""must-variety-value"">BRRI dhan67</td><td>Susceptible</td><td>Susceptible</td><td>Susceptible</td><td>Tolerant </td><td>Tolerant </td><td> Susceptible</td><td>Susceptible</td></tr><tr><td class=""must-benchmark1-value"">BRRI dhan47</td><td>Susceptible</td><td>Tolerant</td><td>Tolerant </td><td> Susceptible</td><td>Tolerant </td><td> Susceptible</td><td> Susceptible</td></tr>",2400,,,Advance,"Released for cultivation in Boro season in saline prone areas of Bangladesh                                                      Zonal check in BRRI yield trials
",assets/img/pc-evidence/planting-method_alt.png,"{""data-disabled"":""true"",""data-show"":""false"",""data-pc_id"":37}",assets/img/pc-evidence/ecosystem_alt.png,"{""data-disabled"":""true"",""data-show"":""false"",""data-pc_id"":37}",assets/img/pc-evidence/positioning_alt.png,"{""data-disabled"":""true"",""data-show"":""false"",""data-pc_id"":37}",assets/img/pc-evidence/key-strengths_alt.png,"{""data-disabled"":""true"",""data-show"":""false"",""data-pc_id"":37}",assets/img/pc-evidence/considerations_alt.png,"{""data-disabled"":""true"",""data-show"":""false"",""data-pc_id"":37}",assets/img/pc-evidence/relative-variety-perf_alt.png,"{""data-disabled"":""true"",""data-show"":""false"",""data-pc_id"":37}",assets/img/pc-evidence/producibility_alt.png,"{""data-disabled"":""true"",""data-show"":""false"",""data-pc_id"":37}",37
Kunaram Sannalu,KNM 118,Inbred,India,"High yielding, mid-early maturity, medium height, with medium slender grain. Developed by PJTSAU, Hyderabad and released in 2015 as an alternative to MTU-1010 which of late has developed susceptibility to major pests and diseases. Recommended for transplanting in irrigated lowland ecosystem. High HRR and test weight. Less prone to grain shattering and lodging during harvest.",https://glomip.cgiar.org/uploads/product_catalog/KS.PNG,Rice Indica SA MS00307,Rice - Indica | Non-Hybrid | SA | Food; Medium Soft | White | Lowlands | Transplanted; Irrigated | Early,TEM-I,Recommended,Not Recommended,Recommended,Not Recommended,Not Recommended,MTU-1010,None,None,MTU-1153,None,None,<tr><td>Maturity</td><td>Maturity duration</td><td>Mid-early maturity</td></tr><tr><td>Biotic stress</td><td>Other</td><td>Resistant to Sheath blight and Sheath rot</td></tr><tr><td>Grain shape</td><td>Other</td><td>Long slender grain</td></tr><tr><td>Agronomic traits</td><td>Yield Potential</td><td>High yield potential</td></tr><tr><td>Other key traits</td><td>Other</td><td>Suitable for late sowing in rainy season</td></tr>,"<tr><td colspan=""3"">No Considerations data.</td></tr>","<tr><th rowspan=""2"">Variety</th>
                    <th colspan=""2"">Grain Yield</th>
                    <th rowspan=""2"">Maturity (days)</th>
                    <th rowspan=""2"">Plant height (cm)</th>
                    <th rowspan=""2"">Lodging</th>
                    <th rowspan=""2"">Shattering</th>
                    <th rowspan=""2"">1000 grain weight (g)</th>
                    <th rowspan=""2"">Panicle Threshability</th>
                    <th rowspan=""2"">HRR (%)</th>
                    <th rowspan=""2"">Amylose content (%)</th>
                    <th rowspan=""2"">Special Trait</th>
                    <th rowspan=""2"">Tillering</th></tr><tr><th>(kg/ha)</th><th>(% Adv)</th></tr>","<tr><td class=""must-variety-value"">Kunaram Sannalu</td><td>6000-6500</td><td>44</td><td>115-120</td><td>100-106</td><td>Tolerant</td><td>-</td><td>23.6</td><td>-</td><td>63.4</td><td>21.3</td><td>-</td><td></td></tr><tr><td class=""must-benchmark1-value"">MTU-1010</td><td>4000-4500</td><td></td><td>115-120</td><td>105-108</td><td>Tolerant</td><td>-</td><td>24.3</td><td>-</td><td>57.0</td><td>22.6</td><td>-</td><td></td></tr>",<th>Variety</th><th>Leaf blast</th><th>Bacterial leaf blight</th><th>Brown plant hopper</th><th>Sheath Blight</th><th>Sheath Rot</th><td>Salinity</td><td>Submergence</td><td>Drought</td>,"<tr><td class=""must-variety-value"">Kunaram Sannalu</td><td>Resistant</td><td>Tolerant</td><td>Tolerant</td><td>Resistant</td><td>Resistant</td><td></td><td></td><td></td></tr><tr><td class=""must-benchmark1-value"">MTU-1010</td><td>Tolerant</td><td>Susceptible</td><td>Susceptible</td><td>Susceptible</td><td>Tolerant</td><td></td><td></td><td></td></tr>",2500,-,-,Not Data,"For planting in both seasons in AP, Telangana, Odisha, and Karnataka",assets/img/pc-evidence/planting-method_alt.png,"{""data-disabled"":""true"",""data-show"":""false"",""data-pc_id"":38}",assets/img/pc-evidence/ecosystem_alt.png,"{""data-disabled"":""true"",""data-show"":""false"",""data-pc_id"":38}",assets/img/pc-evidence/positioning_alt.png,"{""data-disabled"":""true"",""data-show"":""false"",""data-pc_id"":38}",assets/img/pc-evidence/key-strengths_alt.png,"{""data-disabled"":""true"",""data-show"":""false"",""data-pc_id"":38}",assets/img/pc-evidence/considerations_alt.png,"{""data-disabled"":""true"",""data-show"":""false"",""data-pc_id"":38}",assets/img/pc-evidence/relative-variety-perf_alt.png,"{""data-disabled"":""true"",""data-show"":""false"",""data-pc_id"":38}",assets/img/pc-evidence/producibility_alt.png,"{""data-disabled"":""true"",""data-show"":""false"",""data-pc_id"":38}",38
PR 126,Huanghuazhan x Fenghuazhan,Inbred,India,"High yielding, medium maturity, semi-tall, long slender variety developed by PAU in 2016 for major rice growing area of north India. Consumes less water. Highly resistant to seven different races of leaf blight. Non-lodging and non-shattering. High HRR and test weight.",https://glomip.cgiar.org/uploads/product_catalog/pr126.PNG,Rice Indica SA MS00299,Rice - Indica | Non-Hybrid | SA | Food; Long Soft | White | Lowlands; Drought Prone | Transplanted; Rainfed | Mid,TMeL-I,Recommended,Not Recommended,Recommended,Not Recommended,Not Recommended,PR 121,None,None,PR 124,None,None,<tr><td>Agronomic traits</td><td>Yield Potential</td><td>High yield potential</td></tr><tr><td>Maturity</td><td>Maturity duration</td><td>Medium maturity</td></tr><tr><td>Agronomic traits</td><td>Plant height</td><td>Semi- tall </td></tr><tr><td>Grain shape</td><td>Other</td><td>Long slender grain </td></tr><tr><td>Grain Quality traits</td><td>Other</td><td>good test weight</td></tr><tr><td>Agronomic traits</td><td>Lodging</td><td>Non-lodging </td></tr><tr><td>Biotic stress</td><td>Bacterial blight</td><td>Resistant to seven major races of leaf blight</td></tr><tr><td>Agronomic traits</td><td>Other</td><td>non-shattering</td></tr>,"<tr><td colspan=""3"">No Considerations data.</td></tr>","<tr><th rowspan=""2"">Variety</th>
                    <th colspan=""2"">Grain Yield</th>
                    <th rowspan=""2"">Maturity (days)</th>
                    <th rowspan=""2"">Plant height (cm)</th>
                    <th rowspan=""2"">Lodging</th>
                    <th rowspan=""2"">Shattering</th>
                    <th rowspan=""2"">1000 grain weight (g)</th>
                    <th rowspan=""2"">Panicle Threshability</th>
                    <th rowspan=""2"">HRR (%)</th>
                    <th rowspan=""2"">Amylose content (%)</th>
                    <th rowspan=""2"">Special Trait</th>
                    <th rowspan=""2"">Tillering</th></tr><tr><th>(kg/ha)</th><th>(% Adv)</th></tr>","<tr><td class=""must-variety-value"">PR 126</td><td>7000-7500</td><td>-</td><td>125-130</td><td>100-110</td><td>Tolerant</td><td>Tolerant</td><td>28.0</td><td>-</td><td>67.0</td><td>21.0</td><td>-</td><td></td></tr><tr><td class=""must-benchmark1-value"">PR 121</td><td>7200-7600</td><td>-</td><td>135-140</td><td>95-110</td><td>Tolerant</td><td>Tolerant</td><td>27.3</td><td>-</td><td>65.0</td><td>20.3</td><td>-</td><td></td></tr>",<th>Variety</th><th>Leaf blast</th><th>Bacterial leaf blight</th><th>Brown plant hopper</th><td>Salinity</td><td>Submergence</td><td>Drought</td>,"<tr><td class=""must-variety-value"">PR 126</td><td>Resistant</td><td>Resistant</td><td>Resistant</td><td></td><td></td><td>Tolerant</td></tr><tr><td class=""must-benchmark1-value"">PR 121</td><td>Susceptible</td><td>Resistant</td><td>Tolerant</td><td></td><td></td><td>Susceptible</td></tr>",2800-3000,-,-,Not Data,"Suitable for mid early irrigated regions of Punjab, Haryana and Uttar Pradesh",assets/img/pc-evidence/planting-method_alt.png,"{""data-disabled"":""true"",""data-show"":""false"",""data-pc_id"":39}",assets/img/pc-evidence/ecosystem_alt.png,"{""data-disabled"":""true"",""data-show"":""false"",""data-pc_id"":39}",assets/img/pc-evidence/positioning_alt.png,"{""data-disabled"":""true"",""data-show"":""false"",""data-pc_id"":39}",assets/img/pc-evidence/key-strengths_alt.png,"{""data-disabled"":""true"",""data-show"":""false"",""data-pc_id"":39}",assets/img/pc-evidence/considerations_alt.png,"{""data-disabled"":""true"",""data-show"":""false"",""data-pc_id"":39}",assets/img/pc-evidence/relative-variety-perf_alt.png,"{""data-disabled"":""true"",""data-show"":""false"",""data-pc_id"":39}",assets/img/pc-evidence/producibility_alt.png,"{""data-disabled"":""true"",""data-show"":""false"",""data-pc_id"":39}",39
Bathukamma (JGL 18047),MTU-1010 x JGL 13595,Inbred,India,"Developed in 2016 by PJTSAU, Hyderabad as a medium maturity, medium height, long slender variety for irrigated lowlands of Andhra Pradesh, Telangana, Karnataka and other eastern states. Similar to MTU 1010 in grain type and maturity duration. Potential replacement of MTU-1010 in many rice growing areas. Resistant to major diseases and insect pests.  Cold tolerant. Good cooking quality grain.",https://glomip.cgiar.org/uploads/product_catalog/bathu.PNG,Rice Indica SA MS00299,Rice - Indica | Non-Hybrid | SA | Food; Long Soft | White | Lowlands; Drought Prone | Transplanted; Rainfed | Mid,TMeL-I,Recommended,Not Recommended,Recommended,Not Recommended,Not Recommended,MTU-1010,None,None,"MTU-1153, MTU-1156",None,None,<tr><td>Biotic stress</td><td>Other</td><td>Resistant to major diseases and pests</td></tr><tr><td>Agronomic traits</td><td>Yield Potential</td><td>High yield potential</td></tr><tr><td>Grain shape</td><td>Other</td><td>Long slender grain</td></tr><tr><td>Other key traits</td><td>Other</td><td>Cold tolerant</td></tr><tr><td>Other key traits</td><td>Other</td><td>Low shattering than MTU-1010</td></tr>,<tr><td>Agronomic traits</td><td>Other</td><td>Three-week dormancy</td></tr>,"<tr><th rowspan=""2"">Variety</th>
                    <th colspan=""2"">Grain Yield</th>
                    <th rowspan=""2"">Maturity (days)</th>
                    <th rowspan=""2"">Plant height (cm)</th>
                    <th rowspan=""2"">Lodging</th>
                    <th rowspan=""2"">Shattering</th>
                    <th rowspan=""2"">1000 grain weight (g)</th>
                    <th rowspan=""2"">Panicle Threshability</th>
                    <th rowspan=""2"">HRR (%)</th>
                    <th rowspan=""2"">Amylose content (%)</th>
                    <th rowspan=""2"">Special Trait</th>
                    <th rowspan=""2"">Tillering</th></tr><tr><th>(kg/ha)</th><th>(% Adv)</th></tr>","<tr><td class=""must-variety-value"">Bathukamma (JGL 18047)</td><td>6000-7000</td><td>55</td><td>120-125</td><td>95-100</td><td>Tolerant</td><td>Tolerant</td><td>23.2</td><td>-</td><td>59.0</td><td>22.5</td><td>-</td><td></td></tr><tr><td class=""must-benchmark1-value"">MTU-1010</td><td>4000-4500</td><td></td><td>115-120</td><td>105-108</td><td>Tolerant</td><td>Tolerant</td><td>24.3</td><td>-</td><td>57.0</td><td>22.6</td><td>-</td><td></td></tr>",<th>Variety</th><th>Leaf blast</th><th>Bacterial leaf blight</th><th>Brown plant hopper</th><th>Gall Midge</th><td>Salinity</td><td>Submergence</td><td>Drought</td>,"<tr><td class=""must-variety-value"">Bathukamma (JGL 18047)</td><td>Resistant</td><td>Resistant</td><td>Tolerant</td><td>Resistant</td><td></td><td>Susceptible</td><td></td></tr><tr><td class=""must-benchmark1-value"">MTU-1010</td><td>Tolerant</td><td>Susceptible</td><td>Susceptible</td><td>Tolerant</td><td></td><td>Susceptible</td><td></td></tr>",2400-2800,-,-,Not Applicable,"Suitable to grow in wet and dry seasons in AP, Telangana, Odisha, and West Bengal. Potential replacement of older variety MTU 1010.",assets/img/pc-evidence/planting-method_alt.png,"{""data-disabled"":""true"",""data-show"":""false"",""data-pc_id"":40}",assets/img/pc-evidence/ecosystem_alt.png,"{""data-disabled"":""true"",""data-show"":""false"",""data-pc_id"":40}",assets/img/pc-evidence/positioning_alt.png,"{""data-disabled"":""true"",""data-show"":""false"",""data-pc_id"":40}",assets/img/pc-evidence/key-strengths_alt.png,"{""data-disabled"":""true"",""data-show"":""false"",""data-pc_id"":40}",assets/img/pc-evidence/considerations_alt.png,"{""data-disabled"":""true"",""data-show"":""false"",""data-pc_id"":40}",assets/img/pc-evidence/relative-variety-perf_alt.png,"{""data-disabled"":""true"",""data-show"":""false"",""data-pc_id"":40}",assets/img/pc-evidence/producibility_alt.png,"{""data-disabled"":""true"",""data-show"":""false"",""data-pc_id"":40}",40
PR 124,PR116//PAU3075-3-38 x PR106-P3,Inbred,India,"A high yielding, medium maturity, medium height, extra long slender grain variety grown extensively in north India. Developed by PAU and released in 2015. Highly adapted to irrigated lowlands. This variety is beneficial to the farmers on account of its high yield, high HRR and grain weight, suitable growth duration and better disease resistance. Excellent grain quality characteristics.",https://glomip.cgiar.org/uploads/product_catalog/pr124.PNG,Rice Indica SA MS00299,Rice - Indica | Non-Hybrid | SA | Food; Long Soft | White | Lowlands; Drought Prone | Transplanted; Rainfed | Mid,TMeL-I,Recommended,Not Recommended,Recommended,Not Recommended,Not Recommended,PR 113,None,None,"PR 115, PR 121",None,None,<tr><td>Agronomic traits</td><td>Lodging</td><td>Non-lodging</td></tr><tr><td>Biotic stress</td><td>Bacterial blight</td><td>Resistant for Leaf blight</td></tr><tr><td>Agronomic traits</td><td>Plant height</td><td>Medium height</td></tr><tr><td>Agronomic traits</td><td>Yield Potential</td><td>High yield potential</td></tr><tr><td>Grain shape</td><td>Other</td><td>Extra long slender grain</td></tr><tr><td>Cooking quality</td><td>Cooked quality (grain texture)</td><td>Good cooking quality</td></tr>,<tr><td>Biotic stress</td><td>Sheath blight</td><td>Susceptible</td></tr><tr><td>Biotic stress</td><td>Leaf blast</td><td>Susceptible</td></tr>,"<tr><th rowspan=""2"">Variety</th>
                    <th colspan=""2"">Grain Yield</th>
                    <th rowspan=""2"">Maturity (days)</th>
                    <th rowspan=""2"">Plant height (cm)</th>
                    <th rowspan=""2"">Lodging</th>
                    <th rowspan=""2"">Shattering</th>
                    <th rowspan=""2"">1000 grain weight (g)</th>
                    <th rowspan=""2"">Panicle Threshability</th>
                    <th rowspan=""2"">HRR (%)</th>
                    <th rowspan=""2"">Amylose content (%)</th>
                    <th rowspan=""2"">Special Trait</th>
                    <th rowspan=""2"">Tillering</th></tr><tr><th>(kg/ha)</th><th>(% Adv)</th></tr>","<tr><td class=""must-variety-value"">PR 124</td><td>7000-7500</td><td>7</td><td>135-140</td><td>95-107</td><td>Tolerant</td><td>-</td><td>28.6</td><td>-</td><td>61.9</td><td>20.6</td><td>-</td><td></td></tr><tr><td class=""must-benchmark1-value"">PR 113</td><td>7000</td><td></td><td>135-140</td><td>95-105</td><td>Tolerant</td><td>-</td><td>24.9</td><td>-</td><td>55.0</td><td>16.4</td><td></td><td></td></tr>",<th>Variety</th><th>Leaf blast</th><th>Bacterial leaf blight</th><th>Brown plant hopper</th><th>Sheath Blight</th><th>Brown Spot</th><td>Salinity</td><td>Submergence</td><td>Drought</td>,"<tr><td class=""must-variety-value"">PR 124</td><td>Susceptible</td><td>Resistant</td><td>Tolerant</td><td>Susceptible</td><td>Susceptible</td><td></td><td></td><td></td></tr><tr><td class=""must-benchmark1-value"">PR 113</td><td>Susceptible</td><td>Resistant</td><td>Tolerant</td><td>Susceptible</td><td>Susceptible</td><td></td><td></td><td></td></tr>",2800-3000,-,-,Not Data,"Released for cultivation in Punjab and Haryana                                                                                                                                     Zonal II (N) check for initial varietal trials conducted by IIRR, India",assets/img/pc-evidence/planting-method_alt.png,"{""data-disabled"":""true"",""data-show"":""false"",""data-pc_id"":41}",assets/img/pc-evidence/ecosystem_alt.png,"{""data-disabled"":""true"",""data-show"":""false"",""data-pc_id"":41}",assets/img/pc-evidence/positioning_alt.png,"{""data-disabled"":""true"",""data-show"":""false"",""data-pc_id"":41}",assets/img/pc-evidence/key-strengths_alt.png,"{""data-disabled"":""true"",""data-show"":""false"",""data-pc_id"":41}",assets/img/pc-evidence/considerations_alt.png,"{""data-disabled"":""true"",""data-show"":""false"",""data-pc_id"":41}",assets/img/pc-evidence/relative-variety-perf_alt.png,"{""data-disabled"":""true"",""data-show"":""false"",""data-pc_id"":41}",assets/img/pc-evidence/producibility_alt.png,"{""data-disabled"":""true"",""data-show"":""false"",""data-pc_id"":41}",41
CO 51,ADT 43 x RR 272-1745,Inbred,India,"High yielding, early maturity, semi-dwarf, medium slender variety developed by TNAU, Coimbatore and released in 2015 for cultivation in irrigated lowland areas of Tamil Nadu. It has broad dark green leaves, and lengthy panicles of 23 to 28 cm with white fine grains. Tolerant to lodging and shattering. Tolerant to major diseases and insect pests.",https://glomip.cgiar.org/uploads/product_catalog/co51.PNG,Rice Indica SA MS00307,Rice - Indica | Non-Hybrid | SA | Food; Medium Soft | White | Lowlands | Transplanted; Irrigated | Early,TEM-I,Recommended,Not Recommended,Recommended,Not Recommended,Not Recommended,ADT 43,None,None,ADT 45,None,None,<tr><td>Agronomic traits</td><td>Yield Potential</td><td>High yield</td></tr><tr><td>Biotic stress</td><td>Other</td><td>Tolerant to major diseases and insect pests</td></tr><tr><td>Maturity</td><td>Maturity duration</td><td>Early maturity</td></tr><tr><td>Grain shape</td><td>Other</td><td>Medium slender white grain</td></tr><tr><td>Grain Quality traits</td><td>Head Rice Recovery</td><td>High HRR</td></tr><tr><td>Other key traits</td><td>Other</td><td>Planting season adaptability </td></tr>,<tr><td>Abiotic stress</td><td>Drought (reproductive)</td><td>Susceptible</td></tr><tr><td>Grain Quality traits</td><td>Other</td><td>Low test weight</td></tr>,"<tr><th rowspan=""2"">Variety</th>
                    <th colspan=""2"">Grain Yield</th>
                    <th rowspan=""2"">Maturity (days)</th>
                    <th rowspan=""2"">Plant height (cm)</th>
                    <th rowspan=""2"">Lodging</th>
                    <th rowspan=""2"">Shattering</th>
                    <th rowspan=""2"">1000 grain weight (g)</th>
                    <th rowspan=""2"">Panicle Threshability</th>
                    <th rowspan=""2"">HRR (%)</th>
                    <th rowspan=""2"">Amylose content (%)</th>
                    <th rowspan=""2"">Special Trait</th>
                    <th rowspan=""2"">Tillering</th></tr><tr><th>(kg/ha)</th><th>(% Adv)</th></tr>","<tr><td class=""must-variety-value"">CO 51</td><td>6000</td><td>9</td><td>110-115</td><td>90-100</td><td>Tolerant</td><td>Tolerant</td><td>18.0</td><td>-</td><td>63.0</td><td>21.8</td><td>-</td><td></td></tr><tr><td class=""must-benchmark1-value"">ADT 43</td><td>5500</td><td>-</td><td>105-110</td><td>80-100</td><td>Susceptible</td><td>Tolerant</td><td>15.5</td><td>-</td><td>65.3</td><td>23.2</td><td>-</td><td></td></tr>",<th>Variety</th><th>Leaf blast</th><th>Bacterial leaf blight</th><th>Brown plant hopper</th><th>Brown Plant Hopper</th><th>Stem Borer</th><th>Gall midge</th><td>Salinity</td><td>Submergence</td><td>Drought</td>,"<tr><td class=""must-variety-value"">CO 51</td><td>Tolerant</td><td>Tolerant</td><td>Tolerant</td><td>Tolerant</td><td>Tolerant</td><td>Tolerant</td><td>-</td><td>Tolerant</td><td>Susceptible</td></tr><tr><td class=""must-benchmark1-value"">ADT 43</td><td>Tolerant</td><td>Tolerant</td><td>Tolerant</td><td>Tolerant</td><td>Tolerant</td><td>Tolerant</td><td>-</td><td>Susceptible</td><td>Susceptible</td></tr>",2400,,,Not Data,"Suitable for all early duration rice cultivation areas of Tamil Nadu in both seasons.
National check in early transplanted yield trials conducted by IIRR, India",assets/img/pc-evidence/planting-method_alt.png,"{""data-disabled"":""true"",""data-show"":""false"",""data-pc_id"":42}",assets/img/pc-evidence/ecosystem_alt.png,"{""data-disabled"":""true"",""data-show"":""false"",""data-pc_id"":42}",assets/img/pc-evidence/positioning_alt.png,"{""data-disabled"":""true"",""data-show"":""false"",""data-pc_id"":42}",assets/img/pc-evidence/key-strengths_alt.png,"{""data-disabled"":""true"",""data-show"":""false"",""data-pc_id"":42}",assets/img/pc-evidence/considerations_alt.png,"{""data-disabled"":""true"",""data-show"":""false"",""data-pc_id"":42}",assets/img/pc-evidence/relative-variety-perf_alt.png,"{""data-disabled"":""true"",""data-show"":""false"",""data-pc_id"":42}",assets/img/pc-evidence/producibility_alt.png,"{""data-disabled"":""true"",""data-show"":""false"",""data-pc_id"":42}",42
DRR dhan 44,IR 71700-247-1-1-2 x IR 77080-B-34-1-1,Inbred,India,"An early maturity, semi-dwarf, long-slender grain variety grown extensively in northern & eastern India mainly under irrigated and  upland areas. Developed by IIRR and IRRI and released in 2014. Sturdy short stem, erect flag leaf, good grain quality. Recommended for planting in aerobic and drought prone shallow low lands in kharif & rabi seasons.",https://glomip.cgiar.org/uploads/product_catalog/drr44.PNG,Rice Indica SA MS00301,Rice - Indica | Non-Hybrid | SA | Food; Long Soft | White | Lowlands | Direct Seeded; Irrigated | Early,"DEL-I, DEL-U, TEL-I",Recommended,Recommended,Recommended,Not Recommended,Recommended,Sahbhagi Dhan,None,Sahbhagi Dhan,Vijetha,None,Vijetha,<tr><td>Maturity</td><td>Maturity duration</td><td>Short duration</td></tr><tr><td>Agronomic traits</td><td>Yield Potential</td><td>Good yield</td></tr><tr><td>Agronomic traits</td><td>Plant height</td><td>Semi-dwarf</td></tr><tr><td>Agronomic traits</td><td>Other</td><td>Adaptable in aerobic and drought conditions</td></tr><tr><td>Cooking quality</td><td>Cooked quality (grain texture)</td><td>Good cooking quality</td></tr><tr><td>Grain Quality traits</td><td>Other</td><td>Good grain weight</td></tr><tr><td>Biotic stress</td><td>Bacterial blight</td><td>Tolerant to major diseases & insect pests</td></tr>,<tr><td>Other key traits</td><td>Other</td><td>Prone to grain shattering at maturity</td></tr>,"<tr><th rowspan=""2"">Variety</th>
                    <th colspan=""2"">Grain Yield</th>
                    <th rowspan=""2"">Maturity (days)</th>
                    <th rowspan=""2"">Plant height (cm)</th>
                    <th rowspan=""2"">Lodging</th>
                    <th rowspan=""2"">Shattering</th>
                    <th rowspan=""2"">1000 grain weight (g)</th>
                    <th rowspan=""2"">Panicle Threshability</th>
                    <th rowspan=""2"">HRR (%)</th>
                    <th rowspan=""2"">Amylose content (%)</th>
                    <th rowspan=""2"">Special Trait</th>
                    <th rowspan=""2"">Tillering</th></tr><tr><th>(kg/ha)</th><th>(% Adv)</th></tr>","<tr><td class=""must-variety-value"">DRR dhan 44</td><td>4500-5000</td><td>11</td><td>115-120</td><td>95-100</td><td>Tolerant</td><td>-</td><td>25.0</td><td>-</td><td>54.8</td><td>21.1</td><td>-</td><td></td></tr><tr><td class=""must-benchmark1-value"">Sahbhagi Dhan</td><td>3800-4500</td><td>-</td><td>100</td><td>85-90</td><td>Tolerant</td><td>-</td><td>22.3</td><td>-</td><td>64.7</td><td>24.7</td><td>-</td><td></td></tr>",<th>Variety</th><th>Leaf blast</th><th>Bacterial leaf blight</th><th>Brown plant hopper</th><th>Sheath Blight</th><td>Salinity</td><td>Submergence</td><td>Drought</td>,"<tr><td class=""must-variety-value"">DRR dhan 44</td><td>Tolerant</td><td>Tolerant</td><td>Tolerant</td><td>Tolerant</td><td>Tolerant</td><td>-</td><td>Tolerant</td></tr><tr><td class=""must-benchmark1-value"">Sahbhagi Dhan</td><td>Tolerant</td><td>Susceptible</td><td>Susceptible</td><td>Tolerant</td><td>Susceptible</td><td>-</td><td>Tolerant</td></tr>",1800-2000,-,-,Not Data,"Released for cultivation in Uttarakhand, Haryana, Bihar, Odhisa.                                                                                                                                     National check for Aerobic conditions varietal trials conducted by IIRR, India",assets/img/pc-evidence/planting-method_alt.png,"{""data-disabled"":""true"",""data-show"":""false"",""data-pc_id"":43}",assets/img/pc-evidence/ecosystem_alt.png,"{""data-disabled"":""true"",""data-show"":""false"",""data-pc_id"":43}",assets/img/pc-evidence/positioning_alt.png,"{""data-disabled"":""true"",""data-show"":""false"",""data-pc_id"":43}",assets/img/pc-evidence/key-strengths_alt.png,"{""data-disabled"":""true"",""data-show"":""false"",""data-pc_id"":43}",assets/img/pc-evidence/considerations_alt.png,"{""data-disabled"":""true"",""data-show"":""false"",""data-pc_id"":43}",assets/img/pc-evidence/relative-variety-perf_alt.png,"{""data-disabled"":""true"",""data-show"":""false"",""data-pc_id"":43}",assets/img/pc-evidence/producibility_alt.png,"{""data-disabled"":""true"",""data-show"":""false"",""data-pc_id"":43}",43
DRR dhan 44,IR 71700-247-1-1-2 x IR 77080-B-34-1-1,Inbred,India,"An early maturity, semi-dwarf, long-slender grain variety grown extensively in northern &amp; eastern India mainly under irrigated and  upland areas. Developed by IIRR and IRRI and released in 2014. Sturdy short stem, erect flag leaf, good grain quality. Recommended for planting in aerobic and drought prone shallow low lands in kharif &amp; rabi seasons.",https://glomip.cgiar.org/uploads/product_catalog/drr442.PNG,Rice Indica SA MS00301,Rice - Indica | Non-Hybrid | SA | Food; Long Soft | White | Lowlands | Direct Seeded; Irrigated | Early,"DEL-I, DEL-U, TEL-I",Recommended,Recommended,Recommended,Not Recommended,Recommended,Sahbhagi Dhan,None,Sahbhagi Dhan,Vijetha,None,Vijetha,<tr><td>Agronomic traits</td><td>Yield Potential</td><td>Good yield</td></tr><tr><td>Cooking quality</td><td>Cooked quality (grain texture)</td><td>Good cooking quality</td></tr><tr><td>Maturity</td><td>Maturity duration</td><td>Short duration</td></tr><tr><td>Agronomic traits</td><td>Plant height</td><td>Semi-dwarf</td></tr><tr><td>Agronomic traits</td><td>Other</td><td>Adaptable in aerobic and drought conditions</td></tr><tr><td>Grain Quality traits</td><td>Other</td><td>Good grain weight</td></tr>,<tr><td>Other key traits</td><td>Other</td><td>Prone to grain shattering at maturity</td></tr>,"<tr><th rowspan=""2"">Variety</th>
                    <th colspan=""2"">Grain Yield</th>
                    <th rowspan=""2"">Maturity (days)</th>
                    <th rowspan=""2"">Plant height (cm)</th>
                    <th rowspan=""2"">Lodging</th>
                    <th rowspan=""2"">Shattering</th>
                    <th rowspan=""2"">1000 grain weight (g)</th>
                    <th rowspan=""2"">Panicle Threshability</th>
                    <th rowspan=""2"">HRR (%)</th>
                    <th rowspan=""2"">Amylose content (%)</th>
                    <th rowspan=""2"">Special Trait</th>
                    <th rowspan=""2"">Tillering</th></tr><tr><th>(kg/ha)</th><th>(% Adv)</th></tr>","<tr><td class=""must-variety-value"">DRR dhan 44</td><td>4500-5000</td><td>11</td><td>115-120</td><td>95-100</td><td>Tolerant</td><td>-</td><td>25.0</td><td>-</td><td>54.8</td><td>21.1</td><td>-</td><td></td></tr><tr><td class=""must-benchmark1-value"">Sahbhagi Dhan</td><td>3800-4500</td><td>-</td><td>100</td><td>85-90</td><td>Tolerant</td><td>-</td><td>22.3</td><td>-</td><td>64.7</td><td>24.7</td><td>-</td><td></td></tr>",<th>Variety</th><th>Leaf blast</th><th>Bacterial leaf blight</th><th>Brown plant hopper</th><th>Sheath Blight</th><td>Salinity</td><td>Submergence</td><td>Drought</td>,"<tr><td class=""must-variety-value"">DRR dhan 44</td><td>Tolerant</td><td>Tolerant</td><td>Tolerant</td><td>Tolerant</td><td>Tolerant</td><td>-</td><td>Tolerant</td></tr><tr><td class=""must-benchmark1-value"">Sahbhagi Dhan</td><td>Tolerant</td><td>Susceptible</td><td>Susceptible</td><td>Tolerant</td><td>Susceptible</td><td>-</td><td>Tolerant</td></tr>",1800-2000,-,-,Not Data,"Released for cultivation in Uttarakhand, Haryana, Bihar, Odhisa.                                                                                                                                     National check for Aerobic conditions varietal trials conducted by IIRR, India",assets/img/pc-evidence/planting-method_alt.png,"{""data-disabled"":""true"",""data-show"":""false"",""data-pc_id"":44}",assets/img/pc-evidence/ecosystem_alt.png,"{""data-disabled"":""true"",""data-show"":""false"",""data-pc_id"":44}",assets/img/pc-evidence/positioning_alt.png,"{""data-disabled"":""true"",""data-show"":""false"",""data-pc_id"":44}",assets/img/pc-evidence/key-strengths_alt.png,"{""data-disabled"":""true"",""data-show"":""false"",""data-pc_id"":44}",assets/img/pc-evidence/considerations_alt.png,"{""data-disabled"":""true"",""data-show"":""false"",""data-pc_id"":44}",assets/img/pc-evidence/relative-variety-perf_alt.png,"{""data-disabled"":""true"",""data-show"":""false"",""data-pc_id"":44}",assets/img/pc-evidence/producibility_alt.png,"{""data-disabled"":""true"",""data-show"":""false"",""data-pc_id"":44}",44
DRR dhan 44,IR 71700-247-1-1-2 x IR 77080-B-34-1-1,Inbred,India,"An early maturity, semi-dwarf, long-slender grain variety grown extensively in northern &amp; eastern India mainly under irrigated and  upland areas. Developed by IIRR and IRRI and released in 2014. Sturdy short stem, erect flag leaf, good grain quality. Recommended for planting in aerobic and drought prone shallow low lands in kharif &amp; rabi seasons.",https://glomip.cgiar.org/uploads/product_catalog/drr441.PNG,Rice Indica SA MS00301,Rice - Indica | Non-Hybrid | SA | Food; Long Soft | White | Lowlands | Direct Seeded; Irrigated | Early,"DEL-I, DEL-U, TEL-I",Recommended,Recommended,Recommended,Not Recommended,Recommended,Sahbhagi Dhan,None,Sahbhagi Dhan,Vijetha,None,Vijetha,<tr><td>Biotic stress</td><td>Other</td><td>Tolerant to major diseases & insect pests</td></tr><tr><td>Maturity</td><td>Maturity duration</td><td>Short duration</td></tr><tr><td>Agronomic traits</td><td>Yield Potential</td><td>Good yield</td></tr><tr><td>Agronomic traits</td><td>Plant height</td><td>Semi-dwarf</td></tr><tr><td>Abiotic stress</td><td>Drought (reproductive)</td><td>Adaptable in aerobic and drought conditions</td></tr><tr><td>Grain Quality traits</td><td>Other</td><td>Good grain weight </td></tr><tr><td>Cooking quality</td><td>Cooked quality (grain texture)</td><td>Good cooking quality</td></tr>,<tr><td>Grain Quality traits</td><td>Other</td><td>Prone to grain shattering at maturity</td></tr>,"<tr><th rowspan=""2"">Variety</th>
                    <th colspan=""2"">Grain Yield</th>
                    <th rowspan=""2"">Maturity (days)</th>
                    <th rowspan=""2"">Plant height (cm)</th>
                    <th rowspan=""2"">Lodging</th>
                    <th rowspan=""2"">Shattering</th>
                    <th rowspan=""2"">1000 grain weight (g)</th>
                    <th rowspan=""2"">Panicle Threshability</th>
                    <th rowspan=""2"">HRR (%)</th>
                    <th rowspan=""2"">Amylose content (%)</th>
                    <th rowspan=""2"">Special Trait</th>
                    <th rowspan=""2"">Tillering</th></tr><tr><th>(kg/ha)</th><th>(% Adv)</th></tr>","<tr><td class=""must-variety-value"">DRR dhan 44</td><td>4500-5000</td><td>11</td><td>115-120</td><td>95-100</td><td>Tolerant</td><td>-</td><td>25.0</td><td>-</td><td>54.8</td><td>21.1</td><td>-</td><td></td></tr><tr><td class=""must-benchmark1-value"">Sahbhagi Dhan</td><td>3800-4500</td><td>-</td><td>100</td><td>85-90</td><td>Tolerant</td><td>-</td><td>22.3</td><td>-</td><td>64.7</td><td>24.7</td><td>-</td><td></td></tr>",<th>Variety</th><th>Leaf blast</th><th>Bacterial leaf blight</th><th>Brown plant hopper</th><th>Sheath Blight</th><td>Salinity</td><td>Submergence</td><td>Drought</td>,"<tr><td class=""must-variety-value"">DRR dhan 44</td><td>Tolerant</td><td>Tolerant</td><td>Tolerant</td><td>Tolerant</td><td>Tolerant</td><td>Tolerant</td><td>-</td></tr><tr><td class=""must-benchmark1-value"">Sahbhagi Dhan</td><td>Tolerant</td><td>Susceptible</td><td>Susceptible</td><td>Tolerant</td><td>Susceptible</td><td>Tolerant</td><td>-</td></tr>",1800-2000,-,-,Not Data,"Released for cultivation in Uttarakhand, Haryana, Bihar, Odhisa.                                                                                                                                     National check for Aerobic conditions varietal trials conducted by IIRR, India",assets/img/pc-evidence/planting-method_alt.png,"{""data-disabled"":""true"",""data-show"":""false"",""data-pc_id"":45}",assets/img/pc-evidence/ecosystem_alt.png,"{""data-disabled"":""true"",""data-show"":""false"",""data-pc_id"":45}",assets/img/pc-evidence/positioning_alt.png,"{""data-disabled"":""true"",""data-show"":""false"",""data-pc_id"":45}",assets/img/pc-evidence/key-strengths_alt.png,"{""data-disabled"":""true"",""data-show"":""false"",""data-pc_id"":45}",assets/img/pc-evidence/considerations_alt.png,"{""data-disabled"":""true"",""data-show"":""false"",""data-pc_id"":45}",assets/img/pc-evidence/relative-variety-perf_alt.png,"{""data-disabled"":""true"",""data-show"":""false"",""data-pc_id"":45}",assets/img/pc-evidence/producibility_alt.png,"{""data-disabled"":""true"",""data-show"":""false"",""data-pc_id"":45}",45
Telangana Sona,MTU-1010 x JGL 3855,Inbred,India,"High yielding, medium maturity, short slender grain, blast resistant variety developed by PJTSAU, Hyderabad. Released in 2014 for transplanted irrigated lowland areas of Andhra Pradesh and Telangana.  Recommended for cultivation in both kharif and rabi seasons. Good cooking and eating quality. Low glycemic index.",https://glomip.cgiar.org/uploads/product_catalog/TS.PNG,Rice Indica SA MS00587,Rice - Indica | Non-Hybrid | SA | Food; Medium Soft | White | Lowlands | Transplanted; Irrigated | Mid,TMeS-I,Recommended,Not Recommended,Recommended,Not Recommended,Not Recommended,BPT-5204,None,None,MTU-1121,None,None,<tr><td>Agronomic traits</td><td>Yield Potential</td><td>High yield</td></tr><tr><td>Biotic stress</td><td>Other</td><td>Tolerant to major diseases and insect pests </td></tr><tr><td>Maturity</td><td>Maturity duration</td><td>Medium maturity </td></tr><tr><td>Grain shape</td><td>Other</td><td>Short slender grain </td></tr><tr><td>Grain Quality traits</td><td>Head Rice Recovery</td><td>High HRR</td></tr><tr><td>Grain Quality traits</td><td>Other</td><td>Low glycemic index (51.4%)</td></tr>,<tr><td>Grain Quality traits</td><td>Other</td><td>Low grain weight</td></tr>,"<tr><th rowspan=""2"">Variety</th>
                    <th colspan=""2"">Grain Yield</th>
                    <th rowspan=""2"">Maturity (days)</th>
                    <th rowspan=""2"">Plant height (cm)</th>
                    <th rowspan=""2"">Lodging</th>
                    <th rowspan=""2"">Shattering</th>
                    <th rowspan=""2"">1000 grain weight (g)</th>
                    <th rowspan=""2"">Panicle Threshability</th>
                    <th rowspan=""2"">HRR (%)</th>
                    <th rowspan=""2"">Amylose content (%)</th>
                    <th rowspan=""2"">Special Trait</th>
                    <th rowspan=""2"">Tillering</th></tr><tr><th>(kg/ha)</th><th>(% Adv)</th></tr>","<tr><td class=""must-variety-value"">Telangana Sona</td><td>6000</td><td>9</td><td>120-125</td><td>100-105</td><td>Tolerant</td><td>Tolerant</td><td>18.0</td><td>-</td><td>63.0</td><td>20.7</td><td>-</td><td></td></tr><tr><td class=""must-benchmark1-value"">BPT-5204</td><td>5500</td><td>-</td><td>105-110</td><td>85-90</td><td>Susceptible</td><td>Tolerant</td><td>15.5</td><td>-</td><td>67.3</td><td>22.5</td><td>-</td><td></td></tr>",<th>Variety</th><th>Leaf blast</th><th>Bacterial leaf blight</th><th>Brown plant hopper</th><th>Stem Borer</th><th>Gall Midge</th><td>Salinity</td><td>Submergence</td><td>Drought</td>,"<tr><td class=""must-variety-value"">Telangana Sona</td><td>Resistant</td><td>Tolerant</td><td>Tolerant</td><td>Tolerant</td><td>Tolerant</td><td></td><td>Tolerant</td><td>Susceptible</td></tr><tr><td class=""must-benchmark1-value"">BPT-5204</td><td>Susceptible</td><td>Tolerant</td><td>Tolerant</td><td>Tolerant</td><td>Tolerant</td><td></td><td>Susceptible</td><td>Susceptible</td></tr>",2400,-,-,Not Data,,assets/img/pc-evidence/planting-method_alt.png,"{""data-disabled"":""true"",""data-show"":""false"",""data-pc_id"":46}",assets/img/pc-evidence/ecosystem_alt.png,"{""data-disabled"":""true"",""data-show"":""false"",""data-pc_id"":46}",assets/img/pc-evidence/positioning_alt.png,"{""data-disabled"":""true"",""data-show"":""false"",""data-pc_id"":46}",assets/img/pc-evidence/key-strengths_alt.png,"{""data-disabled"":""true"",""data-show"":""false"",""data-pc_id"":46}",assets/img/pc-evidence/considerations_alt.png,"{""data-disabled"":""true"",""data-show"":""false"",""data-pc_id"":46}",assets/img/pc-evidence/relative-variety-perf_alt.png,"{""data-disabled"":""true"",""data-show"":""false"",""data-pc_id"":46}",assets/img/pc-evidence/producibility_alt.png,"{""data-disabled"":""true"",""data-show"":""false"",""data-pc_id"":46}",46
BRRI dhan34,Selection from local variety Khaskani,Inbred,Bangladesh,"Average yielding, medium maturity, tall, medium bold variety suitable for cultivation under rainfed lowland conditions. Pure line selection from a local variety. Developed by BRRI and released in 1998 for planting in all over Bangladesh in Aman season. Long panicle with high number of grains. Aromatic rice with good taste. Susceptible to Leaf blast",https://glomip.cgiar.org/uploads/product_catalog/BRRI_dhan34.jpg,,,-,Recommended,Not Recommended,Not Recommended,Recommended,Not Recommended,,BR5,,,BRRI dhan37,,<tr><td>Maturity</td><td>Maturity duration</td><td>Medium maturity        </td></tr><tr><td>Grain shape</td><td>Grain shape (L:B)</td><td>Medium bold </td></tr><tr><td>Agronomic traits</td><td>Other</td><td>Long panicle with high number of grains</td></tr><tr><td>Grain Quality traits</td><td>Grain protein content (unpolished rice)</td><td>High protein content</td></tr><tr><td>Grain Quality traits</td><td>Aroma</td><td>Aromatic</td></tr><tr><td>Cooking quality</td><td>Other</td><td>Low cooking time</td></tr>,<tr><td>Agronomic traits</td><td>Other</td><td>Low grain weight</td></tr><tr><td>Agronomic traits</td><td>Yield Potential</td><td>Average yield </td></tr><tr><td>Biotic stress</td><td>Leaf blast</td><td>Susceptible to Leaf blast</td></tr><tr><td>Agronomic traits</td><td>Plant height</td><td>Tall</td></tr>,"<tr><th rowspan=""2"">Variety</th>
                    <th colspan=""2"">Grain Yield</th>
                    <th rowspan=""2"">Maturity (days)</th>
                    <th rowspan=""2"">Plant height (cm)</th>
                    <th rowspan=""2"">Lodging</th>
                    <th rowspan=""2"">Shattering</th>
                    <th rowspan=""2"">1000 grain weight (g)</th>
                    <th rowspan=""2"">Panicle Threshability</th>
                    <th rowspan=""2"">HRR (%)</th>
                    <th rowspan=""2"">Amylose content (%)</th>
                    <th rowspan=""2"">Special Trait</th>
                    <th rowspan=""2"">Tillering</th></tr><tr><th>(kg/ha)</th><th>(% Adv)</th></tr>","<tr><td class=""must-variety-value"">BRRI dhan34</td><td>3500</td><td>14</td><td>135</td><td>115-120</td><td>-</td><td></td><td>13.5</td><td>-</td><td>-</td><td>23</td><td>-</td><td></td></tr><tr><td class=""must-benchmark1-value"">BR5</td><td>3000</td><td>-</td><td>150</td><td>120-125</td><td>-</td><td></td><td>14.4</td><td>-</td><td>-</td><td>26</td><td>-</td><td></td></tr>",<th>Variety</th><th>Leaf blast</th><th>Bacterial leaf blight</th><th>Brown plant hopper</th><th>Tungro</th><td>Salinity</td><td>Submergence</td><td>Drought</td>,"<tr><td class=""must-variety-value"">BRRI dhan34</td><td>Susceptible</td><td>Susceptible</td><td>Susceptible</td><td>Susceptible</td><td>Susceptible</td><td>Susceptible </td><td>Susceptible</td></tr><tr><td class=""must-benchmark1-value"">BR5</td><td>Tolerant</td><td> Susceptible</td><td>Susceptible</td><td>Tolerant</td><td>Susceptible</td><td>Susceptible </td><td>Susceptible</td></tr>",1400,-,-,Advance,Released for cultivation in Aman season in all over Bangladesh                                                      Zonal check in BRRI yield trials,assets/img/pc-evidence/planting-method_alt.png,"{""data-disabled"":""true"",""data-show"":""false"",""data-pc_id"":47}",assets/img/pc-evidence/ecosystem_alt.png,"{""data-disabled"":""true"",""data-show"":""false"",""data-pc_id"":47}",assets/img/pc-evidence/positioning_alt.png,"{""data-disabled"":""true"",""data-show"":""false"",""data-pc_id"":47}",assets/img/pc-evidence/key-strengths_alt.png,"{""data-disabled"":""true"",""data-show"":""false"",""data-pc_id"":47}",assets/img/pc-evidence/considerations_alt.png,"{""data-disabled"":""true"",""data-show"":""false"",""data-pc_id"":47}",assets/img/pc-evidence/relative-variety-perf_alt.png,"{""data-disabled"":""true"",""data-show"":""false"",""data-pc_id"":47}",assets/img/pc-evidence/producibility_alt.png,"{""data-disabled"":""true"",""data-show"":""false"",""data-pc_id"":47}",47
Sabour Shree,Haryana Basmati x Mahsuri,Inbred,India,"A high yielding, medium maturity, medium tall, medium slender grain variety developed by BAU, Sabour. Released in 2014 for medium irrigated lowland segments of Bihar. It matures in about 130-135 days and has high HRR. Tolerant to lodging and major diseases and insect pests.",https://glomip.cgiar.org/uploads/product_catalog/SSh.PNG,Rice Indica SA MS00587,Rice - Indica | Non-Hybrid | SA | Food; Medium Soft | White | Lowlands | Transplanted; Irrigated | Mid,TMeM-I,Recommended,Not Recommended,Recommended,Not Recommended,Not Recommended,Sita,None,None,Narendra 359,None,None,<tr><td>Biotic stress</td><td>Other</td><td>Tolerant to major diseases and insect pests</td></tr><tr><td>Agronomic traits</td><td>Lodging</td><td>Tolerant</td></tr><tr><td>Agronomic traits</td><td>Yield Potential</td><td>Good yield</td></tr><tr><td>Grain shape</td><td>Other</td><td>Medium slender grain</td></tr><tr><td>Grain Quality traits</td><td>Head Rice Recovery</td><td>High HRR</td></tr>,"<tr><td colspan=""3"">No Considerations data.</td></tr>","<tr><th rowspan=""2"">Variety</th>
                    <th colspan=""2"">Grain Yield</th>
                    <th rowspan=""2"">Maturity (days)</th>
                    <th rowspan=""2"">Plant height (cm)</th>
                    <th rowspan=""2"">Lodging</th>
                    <th rowspan=""2"">Shattering</th>
                    <th rowspan=""2"">1000 grain weight (g)</th>
                    <th rowspan=""2"">Panicle Threshability</th>
                    <th rowspan=""2"">HRR (%)</th>
                    <th rowspan=""2"">Amylose content (%)</th>
                    <th rowspan=""2"">Special Trait</th>
                    <th rowspan=""2"">Tillering</th></tr><tr><th>(kg/ha)</th><th>(% Adv)</th></tr>","<tr><td class=""must-variety-value"">Sabour Shree</td><td>4500-5000</td><td>11</td><td>130-135</td><td>110</td><td>Tolerant</td><td>-</td><td>24.0</td><td>-</td><td>63.0</td><td>22.1</td><td>-</td><td></td></tr><tr><td class=""must-benchmark1-value"">Sita</td><td>4000-4500</td><td>-</td><td>135-140</td><td>90-100</td><td>Tolerant</td><td>-</td><td>25.0</td><td>-</td><td>60.0</td><td>23.0</td><td>-</td><td></td></tr>",<th>Variety</th><th>Leaf blast</th><th>Bacterial leaf blight</th><th>Brown plant hopper</th><th>False Smut</th><th>Stem Borer</th><td>Salinity</td><td>Submergence</td><td>Drought</td>,"<tr><td class=""must-variety-value"">Sabour Shree</td><td>Tolerant</td><td>Tolerant</td><td>Tolerant</td><td>Tolerant</td><td>Tolerant</td><td></td><td></td><td></td></tr><tr><td class=""must-benchmark1-value"">Sita</td><td>Susceptible</td><td>Tolerant</td><td>Susceptible</td><td>Resistant</td><td>Resistant</td><td></td><td></td><td></td></tr>",2200,-,-,Not Data,Medium irrigated lowland growing environments of Bihar.,assets/img/pc-evidence/planting-method_alt.png,"{""data-disabled"":""true"",""data-show"":""false"",""data-pc_id"":48}",assets/img/pc-evidence/ecosystem_alt.png,"{""data-disabled"":""true"",""data-show"":""false"",""data-pc_id"":48}",assets/img/pc-evidence/positioning_alt.png,"{""data-disabled"":""true"",""data-show"":""false"",""data-pc_id"":48}",assets/img/pc-evidence/key-strengths_alt.png,"{""data-disabled"":""true"",""data-show"":""false"",""data-pc_id"":48}",assets/img/pc-evidence/considerations_alt.png,"{""data-disabled"":""true"",""data-show"":""false"",""data-pc_id"":48}",assets/img/pc-evidence/relative-variety-perf_alt.png,"{""data-disabled"":""true"",""data-show"":""false"",""data-pc_id"":48}",assets/img/pc-evidence/producibility_alt.png,"{""data-disabled"":""true"",""data-show"":""false"",""data-pc_id"":48}",48
BRRI dhan63,(Amol 3 (India)/BRRI dhan28 BR7358-30-3-1),Inbred,Bangladesh,"High yielding, medium maturity, short stature, long slender variety suitable for cultivation under irrigated lowland conditions. It was released in 2014 by BRRI for planting all over Bangladesh in Boro season. Tolerant to lodging and shattering. High elongation ability of cooked grain. Premium quality rice for export. Susceptible to leaf blast and leaf blight.",https://glomip.cgiar.org/uploads/product_catalog,Rice Indica SA MS00299,Rice - Indica | Non-Hybrid | SA | Food; Long Soft | White | Lowlands; Drought Prone | Transplanted; Rainfed | Mid,TMeL-I,Recommended,Not Recommended,Recommended,Not Recommended,Not Recommended,BRRI dhan34,None,None,BRRI dhan50,None,None,<tr><td>Agronomic traits</td><td>Other</td><td>Shattering tolerant </td></tr><tr><td>Agronomic traits</td><td>Yield Potential</td><td>High yield potential</td></tr><tr><td>Grain shape</td><td>Grain shape (L:B)</td><td>Long slender grain with high elongation </td></tr><tr><td>Maturity</td><td>Maturity duration</td><td>Medium maturity   </td></tr><tr><td>Grain Quality traits</td><td>Other</td><td>Premium quality rice </td></tr><tr><td>Agronomic traits</td><td>Lodging</td><td>Non-lodging  </td></tr><tr><td>Agronomic traits</td><td>Plant height</td><td>Short stature </td></tr>,"<tr><td>Biotic stress</td><td>Leaf blast</td><td>Susceptible</td></tr><tr><td>Biotic stress</td><td>Brown Plant Hopper  (vegetative to maturity stage)</td><td>Susceptible</td></tr><tr><td>Biotic stress</td><td>Other</td><td>Susceptible to leaf blight</td></tr><tr><td>Grain Quality traits</td><td>High nutritive value (Fe, Zn, Protein)</td><td>Low protein </td></tr><tr><td>Abiotic stress</td><td>Cold (reproductive)</td><td>Susceptible</td></tr>","<tr><th rowspan=""2"">Variety</th>
                    <th colspan=""2"">Grain Yield</th>
                    <th rowspan=""2"">Maturity (days)</th>
                    <th rowspan=""2"">Plant height (cm)</th>
                    <th rowspan=""2"">Lodging</th>
                    <th rowspan=""2"">Shattering</th>
                    <th rowspan=""2"">1000 grain weight (g)</th>
                    <th rowspan=""2"">Panicle Threshability</th>
                    <th rowspan=""2"">HRR (%)</th>
                    <th rowspan=""2"">Amylose content (%)</th>
                    <th rowspan=""2"">Special Trait</th>
                    <th rowspan=""2"">Tillering</th></tr><tr><th>(kg/ha)</th><th>(% Adv)</th></tr>","<tr><td class=""must-variety-value"">BRRI dhan63</td><td>6500</td><td>8</td><td>145-148</td><td>85</td><td>Tolerant</td><td>Tolerant</td><td>22.1</td><td></td><td></td><td>25.0</td><td></td><td></td></tr><tr><td class=""must-benchmark1-value"">BRRI dhan50</td><td>6000</td><td></td><td>154</td><td>90</td><td>Tolerant</td><td>Tolerant</td><td>23.5</td><td></td><td></td><td>26.8</td><td></td><td></td></tr>",<th>Variety</th><th>Leaf blast</th><th>Bacterial leaf blight</th><th>Brown plant hopper</th><th>Protein %</th><th>Cold</th><td>Salinity</td><td>Submergence</td><td>Drought</td>,"<tr><td class=""must-variety-value"">BRRI dhan63</td><td>Susceptible</td><td>Susceptible</td><td>Susceptible</td><td>7.3</td><td>Susceptible</td><td>Tolerant</td><td>Susceptible</td><td>Susceptible</td></tr><tr><td class=""must-benchmark1-value"">BRRI dhan50</td><td>Susceptible</td><td>Susceptible</td><td>Susceptible</td><td>8.1</td><td>Susceptible</td><td>Susceptible</td><td>Susceptible</td><td>Susceptible</td></tr>",2600,,,Advance,Released for cultivation in Boro season in Bangladesh Zonal check in BRRI yield trials,assets/img/pc-evidence/planting-method_alt.png,"{""data-disabled"":""true"",""data-show"":""false"",""data-pc_id"":49}",assets/img/pc-evidence/ecosystem_alt.png,"{""data-disabled"":""true"",""data-show"":""false"",""data-pc_id"":49}",assets/img/pc-evidence/positioning_alt.png,"{""data-disabled"":""true"",""data-show"":""false"",""data-pc_id"":49}",assets/img/pc-evidence/key-strengths_alt.png,"{""data-disabled"":""true"",""data-show"":""false"",""data-pc_id"":49}",assets/img/pc-evidence/considerations_alt.png,"{""data-disabled"":""true"",""data-show"":""false"",""data-pc_id"":49}",assets/img/pc-evidence/relative-variety-perf_alt.png,"{""data-disabled"":""true"",""data-show"":""false"",""data-pc_id"":49}",assets/img/pc-evidence/producibility_alt.png,"{""data-disabled"":""true"",""data-show"":""false"",""data-pc_id"":49}",49
BRRI dhan58,(BRRI dhan29-SC3-28-16-4-HR2),Inbred,Bangladesh,"High yielding, late maturity, medium height, medium slender variety suitable for cultivation under irrigated lowland conditions. Developed by BRRI and released in 2012. One of the most widely grown variety in all over Bangladesh in Boro season. Somaclonal line of BRRI dhan29 is earlier by 7-10 days in maturity. Photoperiod insensitive and heat tolerant. Susceptible to leaf blast and cold.   ",https://glomip.cgiar.org/uploads/product_catalog,,,-,Recommended,Not Recommended,Recommended,Not Recommended,Not Recommended,BRRI dhan29,None,None,BRRI dhan89,None,None,<tr><td>Maturity</td><td>Other</td><td>7-10 days earlier than BBRI dhan29 </td></tr><tr><td>Agronomic traits</td><td>Other</td><td> Photoperiod insensitive</td></tr><tr><td>Agronomic traits</td><td>Yield Potential</td><td>High yield potential</td></tr><tr><td>Agronomic traits</td><td>Plant height</td><td>Medium height</td></tr><tr><td>Maturity</td><td>Maturity duration</td><td>Late maturity </td></tr><tr><td>Grain shape</td><td>Grain shape (L:B)</td><td>Medium slender with good grain weight</td></tr>,"<tr><td>Biotic stress</td><td>Leaf blast</td><td>Susceptible</td></tr><tr><td>Grain Quality traits</td><td>High nutritive value (Fe, Zn, Protein)</td><td>Low protein </td></tr><tr><td>Biotic stress</td><td>Brown Plant Hopper  (vegetative to maturity stage)</td><td>Susceptible</td></tr><tr><td>Abiotic stress</td><td>Cold (reproductive)</td><td>Cold sensitive at reproductive stage</td></tr>","<tr><th rowspan=""2"">Variety</th>
                    <th colspan=""2"">Grain Yield</th>
                    <th rowspan=""2"">Maturity (days)</th>
                    <th rowspan=""2"">Plant height (cm)</th>
                    <th rowspan=""2"">Lodging</th>
                    <th rowspan=""2"">Shattering</th>
                    <th rowspan=""2"">1000 grain weight (g)</th>
                    <th rowspan=""2"">Panicle Threshability</th>
                    <th rowspan=""2"">HRR (%)</th>
                    <th rowspan=""2"">Amylose content (%)</th>
                    <th rowspan=""2"">Special Trait</th>
                    <th rowspan=""2"">Tillering</th></tr><tr><th>(kg/ha)</th><th>(% Adv)</th></tr>","<tr><td class=""must-variety-value"">BRRI dhan58</td><td>7500</td><td></td><td>150-155</td><td>105-110</td><td>Tolerant</td><td></td><td>23.5</td><td></td><td></td><td>26.0</td><td></td><td></td></tr><tr><td class=""must-benchmark1-value"">BRRI dhan29</td><td>7500</td><td></td><td>155-165</td><td>90-95</td><td>Tolerant</td><td></td><td>21.5</td><td></td><td></td><td>29.4</td><td></td><td></td></tr>",<th>Variety</th><th>Leaf blast</th><th>Bacterial leaf blight</th><th>Brown plant hopper</th><th>Protein %</th><th>Cold</th><td>Salinity</td><td>Submergence</td><td>Drought</td>,"<tr><td class=""must-variety-value"">BRRI dhan58</td><td>Susceptible</td><td>Tolerant </td><td>Susceptible</td><td>7.0</td><td>Susceptible </td><td> Susceptible</td><td> Susceptible</td><td>Susceptible</td></tr><tr><td class=""must-benchmark1-value"">BRRI dhan29</td><td>Susceptible</td><td>Tolerant</td><td>Susceptible</td><td>7.0</td><td> Susceptible</td><td> Susceptible</td><td> Susceptible</td><td> Susceptible</td></tr>",3000 ,,,Advance,"Released for cultivation in Boro season in Bangladesh 
 Zonal check in BRRI yield trials",assets/img/pc-evidence/planting-method_alt.png,"{""data-disabled"":""true"",""data-show"":""false"",""data-pc_id"":50}",assets/img/pc-evidence/ecosystem_alt.png,"{""data-disabled"":""true"",""data-show"":""false"",""data-pc_id"":50}",assets/img/pc-evidence/positioning_alt.png,"{""data-disabled"":""true"",""data-show"":""false"",""data-pc_id"":50}",assets/img/pc-evidence/key-strengths_alt.png,"{""data-disabled"":""true"",""data-show"":""false"",""data-pc_id"":50}",assets/img/pc-evidence/considerations_alt.png,"{""data-disabled"":""true"",""data-show"":""false"",""data-pc_id"":50}",assets/img/pc-evidence/relative-variety-perf_alt.png,"{""data-disabled"":""true"",""data-show"":""false"",""data-pc_id"":50}",assets/img/pc-evidence/producibility_alt.png,"{""data-disabled"":""true"",""data-show"":""false"",""data-pc_id"":50}",50
BRRI dhan52,(BR 11/IR 40931-33-1-3-2*),Inbred,Bangladesh,"Good yielding, late maturity, tall, medium slender variety suitable for cultivation under rainfed lowland conditions. Developed by BRRI from widely grown variety BR11 as a recipient parent. Released in 2010 for planting in north Bangladesh in Aman season. Seed distributed under the project STRASA. Submergence tolerance up to 15 days. Susceptible to major diseases and insect pests and drought conditions.  ",https://glomip.cgiar.org/uploads/product_catalog/52.jpg,,,-,Recommended,Not Recommended,Not Recommended,Recommended,Not Recommended,None,BR11 ,None,None,BRRI dhan79,None,<tr><td>Agronomic traits</td><td>Other</td><td>Excellent grain weight</td></tr><tr><td>Agronomic traits</td><td>Yield Potential</td><td>Good yield potential after submergence shock</td></tr><tr><td>Agronomic traits</td><td>Plant height</td><td>Tall </td></tr><tr><td>Maturity</td><td>Maturity duration</td><td>Late maturity</td></tr><tr><td>Grain shape</td><td>Grain shape (L:B)</td><td>Medium slender </td></tr><tr><td>Abiotic stress</td><td>Submergence</td><td>Submergence tolerance up to 15 days</td></tr>,"<tr><td>Agronomic traits</td><td>Other</td><td>Average yield under normal growing conditions</td></tr><tr><td>Abiotic stress</td><td>Drought (reproductive)</td><td>Susceptible to drought conditions</td></tr><tr><td>Abiotic stress</td><td>Cold (reproductive)</td><td>Sensitive to cold</td></tr><tr><td>Grain Quality traits</td><td>High nutritive value (Fe, Zn, Protein)</td><td>Low protein</td></tr><tr><td>Grain Quality traits</td><td>Amylose content</td><td>High amylose </td></tr><tr><td>Biotic stress</td><td>Other</td><td>Susceptible to major diseases</td></tr>","<tr><th rowspan=""2"">Variety</th>
                    <th colspan=""2"">Grain Yield</th>
                    <th rowspan=""2"">Maturity (days)</th>
                    <th rowspan=""2"">Plant height (cm)</th>
                    <th rowspan=""2"">Lodging</th>
                    <th rowspan=""2"">Shattering</th>
                    <th rowspan=""2"">1000 grain weight (g)</th>
                    <th rowspan=""2"">Panicle Threshability</th>
                    <th rowspan=""2"">HRR (%)</th>
                    <th rowspan=""2"">Amylose content (%)</th>
                    <th rowspan=""2"">Special Trait</th>
                    <th rowspan=""2"">Tillering</th></tr><tr><th>(kg/ha)</th><th>(% Adv)</th></tr>","<tr><td class=""must-variety-value"">BRRI dhan52</td><td>4500</td><td>22</td><td>140-145</td><td>115-120</td><td></td><td></td><td>27.0</td><td></td><td></td><td>25.0</td><td></td><td></td></tr><tr><td class=""must-benchmark1-value"">BR11</td><td>3700</td><td></td><td>140-145</td><td>115</td><td></td><td></td><td>25.7</td><td></td><td></td><td>26.0</td><td></td><td></td></tr>",<th>Variety</th><th>Leaf blast</th><th>Bacterial leaf blight</th><th>Brown plant hopper</th><th>Protein %</th><td>Salinity</td><td>Submergence</td><td>Drought</td>,"<tr><td class=""must-variety-value"">BRRI dhan52</td><td>Susceptible</td><td>Susceptible</td><td>Susceptible</td><td>7.0</td><td> Susceptible</td><td>Tolerant</td><td>Susceptible</td></tr><tr><td class=""must-benchmark1-value"">BR11</td><td>Susceptible</td><td>Susceptible</td><td>Susceptible</td><td>8.2</td><td> Susceptible</td><td> Susceptible</td><td> Susceptible</td></tr>",2000,,,Advance,Released for cultivation in Aman season in North Bangladesh                                                      Zonal check in BRRI yield trials,assets/img/pc-evidence/planting-method_alt.png,"{""data-disabled"":""true"",""data-show"":""false"",""data-pc_id"":51}",assets/img/pc-evidence/ecosystem_alt.png,"{""data-disabled"":""true"",""data-show"":""false"",""data-pc_id"":51}",assets/img/pc-evidence/positioning_alt.png,"{""data-disabled"":""true"",""data-show"":""false"",""data-pc_id"":51}",assets/img/pc-evidence/key-strengths_alt.png,"{""data-disabled"":""true"",""data-show"":""false"",""data-pc_id"":51}",assets/img/pc-evidence/considerations_alt.png,"{""data-disabled"":""true"",""data-show"":""false"",""data-pc_id"":51}",assets/img/pc-evidence/relative-variety-perf_alt.png,"{""data-disabled"":""true"",""data-show"":""false"",""data-pc_id"":51}",assets/img/pc-evidence/producibility_alt.png,"{""data-disabled"":""true"",""data-show"":""false"",""data-pc_id"":51}",51
BRRI dhan32,BR4363-3-8-1-2-4,Inbred,Bangladesh,"High yielding, late maturity, tall, medium bold variety suitable for cultivation under rainfed lowland conditions. Developed by BRRI and released in 1994 for planting in all over Bangladesh in Aman season. Tolerant to major leaf diseases and Tungro virus. Susceptible to lodging. Low protein content",https://glomip.cgiar.org/uploads/product_catalog/BRRI_dhan32.jpg,,,-,Recommended,Not Recommended,Not Recommended,Recommended,Not Recommended,,BR25,,,BRRI dhan87,,<tr><td>Biotic stress</td><td>Tungro</td><td>Tolerant to Tungro</td></tr><tr><td>Biotic stress</td><td>Bacterial leaf streak </td><td>Tolerant to major leaf diseases </td></tr><tr><td>Agronomic traits</td><td>Yield Potential</td><td>High yield </td></tr><tr><td>Maturity</td><td>Maturity duration</td><td>Late maturity        </td></tr><tr><td>Grain shape</td><td>Grain shape (L:B)</td><td>Medium bold </td></tr><tr><td>Biotic stress</td><td>Leaf blast</td><td>Tolerant to major leaf diseases </td></tr>,"<tr><td>Agronomic traits</td><td>Lodging</td><td>Susceptible to lodging  </td></tr><tr><td>Grain Quality traits</td><td>High nutritive value (Fe, Zn, Protein)</td><td>Low protein</td></tr><tr><td>Agronomic traits</td><td>Plant height</td><td>Tall</td></tr>","<tr><th rowspan=""2"">Variety</th>
                    <th colspan=""2"">Grain Yield</th>
                    <th rowspan=""2"">Maturity (days)</th>
                    <th rowspan=""2"">Plant height (cm)</th>
                    <th rowspan=""2"">Lodging</th>
                    <th rowspan=""2"">Shattering</th>
                    <th rowspan=""2"">1000 grain weight (g)</th>
                    <th rowspan=""2"">Panicle Threshability</th>
                    <th rowspan=""2"">HRR (%)</th>
                    <th rowspan=""2"">Amylose content (%)</th>
                    <th rowspan=""2"">Special Trait</th>
                    <th rowspan=""2"">Tillering</th></tr><tr><th>(kg/ha)</th><th>(% Adv)</th></tr>","<tr><td class=""must-variety-value"">BRRI dhan32</td><td>5000</td><td>10</td><td>145</td><td>120</td><td>Susceptible</td><td></td><td>20</td><td>-</td><td>-</td><td>26.3</td><td>-</td><td></td></tr><tr><td class=""must-benchmark1-value"">BRRI dhan25</td><td>4500</td><td>-</td><td>135</td><td>135-140</td><td>Susceptible</td><td></td><td>22.1</td><td>-</td><td>-</td><td>25.9</td><td>-</td><td></td></tr>",<th>Variety</th><th>Leaf blast</th><th>Bacterial leaf blight</th><th>Brown plant hopper</th><th>Tungro</th><th>Sheath blight</th><td>Salinity</td><td>Submergence</td><td>Drought</td>,"<tr><td class=""must-variety-value"">BRRI dhan32</td><td>Tolerant</td><td>Tolerant</td><td>-</td><td>Tolerant</td><td>Tolerant</td><td>Susceptible</td><td>-</td><td>-</td></tr><tr><td class=""must-benchmark1-value"">BRRI dhan25</td><td>Tolerant</td><td>Tolerant</td><td>-</td><td>Susceptible</td><td>Susceptible</td><td>Susceptible</td><td>-</td><td>-</td></tr>",2024,-,-,Advance,Released for cultivation in Aman season in all over Bangladesh                                                           Zonal check in BRRI yield trials,assets/img/pc-evidence/planting-method_alt.png,"{""data-disabled"":""true"",""data-show"":""false"",""data-pc_id"":52}",assets/img/pc-evidence/ecosystem_alt.png,"{""data-disabled"":""true"",""data-show"":""false"",""data-pc_id"":52}",assets/img/pc-evidence/positioning_alt.png,"{""data-disabled"":""true"",""data-show"":""false"",""data-pc_id"":52}",assets/img/pc-evidence/key-strengths_alt.png,"{""data-disabled"":""true"",""data-show"":""false"",""data-pc_id"":52}",assets/img/pc-evidence/considerations_alt.png,"{""data-disabled"":""true"",""data-show"":""false"",""data-pc_id"":52}",assets/img/pc-evidence/relative-variety-perf_alt.png,"{""data-disabled"":""true"",""data-show"":""false"",""data-pc_id"":52}",assets/img/pc-evidence/producibility_alt.png,"{""data-disabled"":""true"",""data-show"":""false"",""data-pc_id"":52}",52
Binadhan-11,IR09F436 *,Inbred,Bangladesh,"High yield, medium maturity, semi-dwarf, medium slender variety suitable for rainfed lowland conditions. Developed by BINA and released in 2013 for planting in Aman season in submerged areas of Bangladesh. Tolerant to leaf blast and sheath blight. Susceptible to stagnant water conditions.",https://glomip.cgiar.org/uploads/product_catalog/Binadhan-11.png,,,TMeM-R,Recommended,Not Recommended,Not Recommended,Recommended,Not Recommended,,Binadhan-7,,,BRRI dhan51,,<tr><td>Grain shape</td><td>Grain shape (L:B)</td><td>Medium slender grain with high weight</td></tr><tr><td>Agronomic traits</td><td>Yield Potential</td><td>Good yield</td></tr><tr><td>Maturity</td><td>Maturity duration</td><td>Medium maturity (under submergence)    </td></tr><tr><td>Agronomic traits</td><td>Plant height</td><td>Semi-dwarf  </td></tr><tr><td>Abiotic stress</td><td>Submergence</td><td>Submergence tolerant</td></tr>,<tr><td>Abiotic stress</td><td>Stagnant flooding</td><td>Susceptible to stagnant water conditions</td></tr>,"<tr><th rowspan=""2"">Variety</th>
                    <th colspan=""2"">Grain Yield</th>
                    <th rowspan=""2"">Maturity (days)</th>
                    <th rowspan=""2"">Plant height (cm)</th>
                    <th rowspan=""2"">Lodging</th>
                    <th rowspan=""2"">Shattering</th>
                    <th rowspan=""2"">1000 grain weight (g)</th>
                    <th rowspan=""2"">Panicle Threshability</th>
                    <th rowspan=""2"">HRR (%)</th>
                    <th rowspan=""2"">Amylose content (%)</th>
                    <th rowspan=""2"">Special Trait</th>
                    <th rowspan=""2"">Tillering</th></tr><tr><th>(kg/ha)</th><th>(% Adv)</th></tr>","<tr><td class=""must-variety-value"">Binadhan-11</td><td>5000</td><td>10</td><td>115-120</td><td>90-95</td><td>Tolerant</td><td>-</td><td>28.1</td><td>-</td><td>-</td><td>23.7</td><td>-</td><td></td></tr><tr><td class=""must-benchmark1-value"">BRRI dhan51</td><td>4500</td><td>-</td><td>140-145</td><td>90-95</td><td>Tolerant</td><td>-</td><td>20.4</td><td>-</td><td>-</td><td>25.0</td><td>-</td><td></td></tr>",<th>Variety</th><th>Leaf blast</th><th>Bacterial leaf blight</th><th>Brown plant hopper</th><th>Sheath blight</th><td>Salinity</td><td>Submergence</td><td>Drought</td>,"<tr><td class=""must-variety-value"">Binadhan-11</td><td>Tolerant</td><td>Susceptible</td><td>Susceptible</td><td>Tolerant</td><td>-</td><td>Tolerant</td><td>-</td></tr><tr><td class=""must-benchmark1-value"">BRRI dhan51</td><td>Susceptible</td><td>Susceptible</td><td>Susceptible</td><td>Susceptible</td><td>-</td><td>Tolerant</td><td>-</td></tr>",2000,,,Not Data,Released for cultivation under submerged conditions in Aman season in Bangladesh zonal check in BRRI yield trials,assets/img/pc-evidence/planting-method_alt.png,"{""data-disabled"":""true"",""data-show"":""false"",""data-pc_id"":53}",assets/img/pc-evidence/ecosystem_alt.png,"{""data-disabled"":""true"",""data-show"":""false"",""data-pc_id"":53}",assets/img/pc-evidence/positioning_alt.png,"{""data-disabled"":""true"",""data-show"":""false"",""data-pc_id"":53}",assets/img/pc-evidence/key-strengths_alt.png,"{""data-disabled"":""true"",""data-show"":""false"",""data-pc_id"":53}",assets/img/pc-evidence/considerations_alt.png,"{""data-disabled"":""true"",""data-show"":""false"",""data-pc_id"":53}",assets/img/pc-evidence/relative-variety-perf_alt.png,"{""data-disabled"":""true"",""data-show"":""false"",""data-pc_id"":53}",assets/img/pc-evidence/producibility_alt.png,"{""data-disabled"":""true"",""data-show"":""false"",""data-pc_id"":53}",53
Shobini,Early Samba x RNR19994),Inbred,India,"A medium maturity, medium-tall, medium slender aromatic variety, released in 2014 by RRS, Hyderabad for irrigated lowland belt of south India. With medium amylose content and good yield, this variety has secured a place in aromatic rice regions of Andhra Pradesh and Telangana and is being increasingly grown in Bihar, Chattisgarh, and Madhya Pradesh. Tolerant to major diseases, BPH and lodging",https://glomip.cgiar.org/uploads/product_catalog/shobini.PNG,Rice Indica SA MS00587,Rice - Indica | Non-Hybrid | SA | Food; Medium Soft | White | Lowlands | Transplanted; Irrigated | Mid,TMeM-I,Recommended,Not Recommended,Recommended,Not Recommended,Not Recommended,Sugandha Samba,None,None,-,None,None,<tr><td>Grain Quality traits</td><td>Other</td><td>High grain weight</td></tr><tr><td>Grain Quality traits</td><td>Aroma</td><td>aromatic grain</td></tr><tr><td>Grain shape</td><td>Other</td><td>Medium slender </td></tr><tr><td>Agronomic traits</td><td>Yield Potential</td><td>High yield</td></tr><tr><td>Biotic stress</td><td>Other</td><td>Tolerant to major leaf diseases</td></tr>,<tr><td>Grain Quality traits</td><td>Head Rice Recovery</td><td>Moderate HRR</td></tr>,"<tr><th rowspan=""2"">Variety</th>
                    <th colspan=""2"">Grain Yield</th>
                    <th rowspan=""2"">Maturity (days)</th>
                    <th rowspan=""2"">Plant height (cm)</th>
                    <th rowspan=""2"">Lodging</th>
                    <th rowspan=""2"">Shattering</th>
                    <th rowspan=""2"">1000 grain weight (g)</th>
                    <th rowspan=""2"">Panicle Threshability</th>
                    <th rowspan=""2"">HRR (%)</th>
                    <th rowspan=""2"">Amylose content (%)</th>
                    <th rowspan=""2"">Special Trait</th>
                    <th rowspan=""2"">Tillering</th></tr><tr><th>(kg/ha)</th><th>(% Adv)</th></tr>","<tr><td class=""must-variety-value"">Shobini</td><td>5000-6250</td><td>13</td><td>135</td><td>115</td><td>Tolerant</td><td>-</td><td>24.0</td><td></td><td>53.2</td><td>24.1</td><td>-</td><td></td></tr><tr><td class=""must-benchmark1-value"">Sugandha Samba</td><td>5000-5500</td><td></td><td>135</td><td>100</td><td>Tolerant</td><td>-</td><td>23.0</td><td></td><td>69.9</td><td>22.3</td><td>-</td><td></td></tr>",<th>Variety</th><th>Leaf blast</th><th>Bacterial leaf blight</th><th>Brown plant hopper</th><th>Sheath Blight</th><td>Salinity</td><td>Submergence</td><td>Drought</td>,"<tr><td class=""must-variety-value"">Shobini</td><td>Tolerant</td><td>Resistant</td><td>Tolerant</td><td>Tolerant</td><td></td><td></td><td></td></tr><tr><td class=""must-benchmark1-value"">Sugandha Samba</td><td>Tolerant</td><td>Resistant</td><td>Tolerant</td><td>Tolerant</td><td></td><td></td><td></td></tr>",2500,-,-,Not Data,Medium grain non-basmati scented rice for Andhra Pradesh and Telangana.,assets/img/pc-evidence/planting-method_alt.png,"{""data-disabled"":""true"",""data-show"":""false"",""data-pc_id"":54}",assets/img/pc-evidence/ecosystem_alt.png,"{""data-disabled"":""true"",""data-show"":""false"",""data-pc_id"":54}",assets/img/pc-evidence/positioning_alt.png,"{""data-disabled"":""true"",""data-show"":""false"",""data-pc_id"":54}",assets/img/pc-evidence/key-strengths_alt.png,"{""data-disabled"":""true"",""data-show"":""false"",""data-pc_id"":54}",assets/img/pc-evidence/considerations_alt.png,"{""data-disabled"":""true"",""data-show"":""false"",""data-pc_id"":54}",assets/img/pc-evidence/relative-variety-perf_alt.png,"{""data-disabled"":""true"",""data-show"":""false"",""data-pc_id"":54}",assets/img/pc-evidence/producibility_alt.png,"{""data-disabled"":""true"",""data-show"":""false"",""data-pc_id"":54}",54
Pusa Basmati-1509,Pusa 1301 x Pusa 1121,Inbred,India,"Early maturity, semi-dwarf, extra long slender, high yielding, aromatic and widely adaptable variety grown in India under irrigated lowland conditions. Developed by IARI and released in 2013 for cultivation in the Basmati grown belt of North India. First early maturing Basmati rice around 25 days earlier than popular variety Pusa Basmati-1. Tolerant to lodging and grain shattering at maturity. Excellent grain and eating quality. Premum quality rice for export. Susceptible to major diseases.",https://glomip.cgiar.org/uploads/product_catalog/pb1509.PNG,Rice Indica SA MS00307,Rice - Indica | Non-Hybrid | SA | Food; Medium Soft | White | Lowlands | Transplanted; Irrigated | Early,TEL-I,Recommended,Not Recommended,Recommended,Not Recommended,Not Recommended,Pusa Basmati-1121,,,Pusa Basmati-1401,,,<tr><td>Cooking quality</td><td>Cooked quality (grain texture)</td><td>Excellent cooking & eating quality</td></tr><tr><td>Grain Quality traits</td><td>Chalkiness</td><td>Less chalkiness</td></tr><tr><td>Grain Quality traits</td><td>Aroma</td><td>Aromatic</td></tr><tr><td>Other key traits</td><td>Other</td><td>Premium export quality grain </td></tr><tr><td>Agronomic traits</td><td>Yield Potential</td><td>High yield</td></tr><tr><td>Maturity</td><td>Maturity duration</td><td>Early maturity (shortest duration basmati) </td></tr><tr><td>Agronomic traits</td><td>Early and uniform emergence (aerobic)</td><td>Sturdy stem; Non-lodging</td></tr><tr><td>Grain shape</td><td>Other</td><td>Extra long grain</td></tr><tr><td>Agronomic traits</td><td>Other</td><td>Non-shattering</td></tr>,"<tr><td>Other key traits</td><td>Other</td><td>Organic practices recommended (for export)</td></tr><tr><td>Other key traits</td><td>Other</td><td>Sensitive to high temperature</td></tr><tr><td>Grain Quality traits</td><td>Amylose content</td><td>Moderate HRR; Manual dehulling prefered</td></tr><tr><td>Biotic stress</td><td>Other</td><td>Susecptible to leaf blast, leaf blight, Bakanae</td></tr>","<tr><th rowspan=""2"">Variety</th>
                    <th colspan=""2"">Grain Yield</th>
                    <th rowspan=""2"">Maturity (days)</th>
                    <th rowspan=""2"">Plant height (cm)</th>
                    <th rowspan=""2"">Lodging</th>
                    <th rowspan=""2"">Shattering</th>
                    <th rowspan=""2"">1000 grain weight (g)</th>
                    <th rowspan=""2"">Panicle Threshability</th>
                    <th rowspan=""2"">HRR (%)</th>
                    <th rowspan=""2"">Amylose content (%)</th>
                    <th rowspan=""2"">Special Trait</th>
                    <th rowspan=""2"">Tillering</th></tr><tr><th>(kg/ha)</th><th>(% Adv)</th></tr>","<tr><td class=""must-variety-value"">Pusa Basmati-1509</td><td>5000-5500</td><td>10</td><td>115-120</td><td>95-100</td><td>Tolerant</td><td>Tolerant</td><td>27.7</td><td>-</td><td>56.4</td><td>21.2</td><td>-</td><td></td></tr><tr><td class=""must-benchmark1-value"">Pusa Basmati-1121</td><td>4500-5000</td><td>-</td><td>140-145</td><td>110-120</td><td>Tolerant</td><td>Tolerant</td><td>27.0</td><td>-</td><td>54.5</td><td>21.5</td><td>-</td><td></td></tr>",<th>Variety</th><th>Leaf blast</th><th>Bacterial leaf blight</th><th>Brown plant hopper</th><th>Sheath Blight</th><th>Bakanae</th><th>High Temperature</th><td>Salinity</td><td>Submergence</td><td>Drought</td>,"<tr><td class=""must-variety-value"">Pusa Basmati-1509</td><td>Susceptible</td><td>Susceptible</td><td>-</td><td>Tolerant</td><td>Susceptible</td><td>Susceptible</td><td></td><td></td><td></td></tr><tr><td class=""must-benchmark1-value"">Pusa Basmati-1121</td><td>Susceptible</td><td>Susceptible</td><td>-</td><td>Susceptible</td><td>Susceptible</td><td>Tolerant</td><td></td><td></td><td></td></tr>",1800-2000,,,Not Data,"Released for cultivation in Punjab, Haryana, Delhi, Uttar Pradesh, Uttarakhand, Jammu &amp;amp; Kashmir.",assets/img/pc-evidence/planting-method_alt.png,"{""data-disabled"":""true"",""data-show"":""false"",""data-pc_id"":55}",assets/img/pc-evidence/ecosystem_alt.png,"{""data-disabled"":""true"",""data-show"":""false"",""data-pc_id"":55}",assets/img/pc-evidence/positioning_alt.png,"{""data-disabled"":""true"",""data-show"":""false"",""data-pc_id"":55}",assets/img/pc-evidence/key-strengths_alt.png,"{""data-disabled"":""true"",""data-show"":""false"",""data-pc_id"":55}",assets/img/pc-evidence/considerations_alt.png,"{""data-disabled"":""true"",""data-show"":""false"",""data-pc_id"":55}",assets/img/pc-evidence/relative-variety-perf_alt.png,"{""data-disabled"":""true"",""data-show"":""false"",""data-pc_id"":55}",assets/img/pc-evidence/producibility_alt.png,"{""data-disabled"":""true"",""data-show"":""false"",""data-pc_id"":55}",55
PR 121,PR116///PR108/IRRI76//PR106P2,Inbred,India,"A high yielding, medium maturity, medium height, extra long slender grain variety grown extensively in North India. Developed by PAU and released in 2013. Highly adapted to irrigated lowlands. Erect plant with sturdy stem. Popular variety due to yield stability across environments. Resistant to leaf blight due to introgression of three major resistant genes.",https://glomip.cgiar.org/uploads/product_catalog/pr121.PNG,Rice Indica SA MS00299,Rice - Indica | Non-Hybrid | SA | Food; Long Soft | White | Lowlands; Drought Prone | Transplanted; Rainfed | Mid,TMeL-I,Recommended,Not Recommended,Recommended,Not Recommended,Not Recommended,PR 113,None,None,"PR 114, PR 115",None,None,<tr><td>Biotic stress</td><td>Bacterial blight</td><td>Resistant for Leaf blight</td></tr><tr><td>Agronomic traits</td><td>Yield Potential</td><td>High yield potential</td></tr><tr><td>Agronomic traits</td><td>Plant height</td><td>Medium height</td></tr><tr><td>Agronomic traits</td><td>Lodging</td><td>Non-lodging </td></tr><tr><td>Grain shape</td><td>Other</td><td>Extra long slender heavy grain</td></tr><tr><td>Grain Quality traits</td><td>Head Rice Recovery</td><td>High HRR</td></tr>,<tr><td>Biotic stress</td><td>Sheath blight</td><td>Susceptible</td></tr><tr><td>Biotic stress</td><td>Leaf blast</td><td>Susceptible</td></tr>,"<tr><th rowspan=""2"">Variety</th>
                    <th colspan=""2"">Grain Yield</th>
                    <th rowspan=""2"">Maturity (days)</th>
                    <th rowspan=""2"">Plant height (cm)</th>
                    <th rowspan=""2"">Lodging</th>
                    <th rowspan=""2"">Shattering</th>
                    <th rowspan=""2"">1000 grain weight (g)</th>
                    <th rowspan=""2"">Panicle Threshability</th>
                    <th rowspan=""2"">HRR (%)</th>
                    <th rowspan=""2"">Amylose content (%)</th>
                    <th rowspan=""2"">Special Trait</th>
                    <th rowspan=""2"">Tillering</th></tr><tr><th>(kg/ha)</th><th>(% Adv)</th></tr>","<tr><td class=""must-variety-value"">PR 121</td><td>7200-7600</td><td>8</td><td>135-140</td><td>95-110</td><td>Tolerant</td><td>-</td><td>27.3</td><td>-</td><td>65.0</td><td>20.3</td><td>-</td><td></td></tr><tr><td class=""must-benchmark1-value"">PR 113</td><td>7000</td><td>-</td><td>135-140</td><td>95-105</td><td>Tolerant</td><td>-</td><td>24.9</td><td>-</td><td>55.0</td><td>16.4</td><td>-</td><td></td></tr>",<th>Variety</th><th>Leaf blast</th><th>Bacterial leaf blight</th><th>Brown plant hopper</th><th>Sheath Blight</th><td>Salinity</td><td>Submergence</td><td>Drought</td>,"<tr><td class=""must-variety-value"">PR 121</td><td>Susceptible</td><td>Resistant</td><td>Tolerant</td><td>Susceptible</td><td></td><td></td><td></td></tr><tr><td class=""must-benchmark1-value"">PR 113</td><td>Susceptible</td><td>Resistant</td><td>Tolerant</td><td>Susceptible</td><td></td><td></td><td></td></tr>",2800-3000,-,-,Not Data,"Released for cultivation in Punjab and Haryana.                                                                                                                                     Zonal II (N) check for Initial varietal trials conducted by IIRR, India.",assets/img/pc-evidence/planting-method_alt.png,"{""data-disabled"":""true"",""data-show"":""false"",""data-pc_id"":56}",assets/img/pc-evidence/ecosystem_alt.png,"{""data-disabled"":""true"",""data-show"":""false"",""data-pc_id"":56}",assets/img/pc-evidence/positioning_alt.png,"{""data-disabled"":""true"",""data-show"":""false"",""data-pc_id"":56}",assets/img/pc-evidence/key-strengths_alt.png,"{""data-disabled"":""true"",""data-show"":""false"",""data-pc_id"":56}",assets/img/pc-evidence/considerations_alt.png,"{""data-disabled"":""true"",""data-show"":""false"",""data-pc_id"":56}",assets/img/pc-evidence/relative-variety-perf_alt.png,"{""data-disabled"":""true"",""data-show"":""false"",""data-pc_id"":56}",assets/img/pc-evidence/producibility_alt.png,"{""data-disabled"":""true"",""data-show"":""false"",""data-pc_id"":56}",56
IGKVR-1244 (Maheshwari),Mahamaya x Abhaya,Inbred,India,"Medium duration variety, popularly known as Maheshwari, was released by IGKVV, Raipur in 2012. Recommended for cultivation in irrigated eco-system of Chattisgarh. Suitable for rainfed bunded medium to heavy textured soils of Chattisgarh. This semi-tall variety has long slender grain, better gel consistency (59 mm) and intermediate alkali spreading value (4.6)—important benchmarks for export. Tolerant to lodging and major diseases and insect pests.",https://glomip.cgiar.org/uploads/product_catalog/igkv21244.PNG,Rice Indica SA MS00299,Rice - Indica | Non-Hybrid | SA | Food; Long Soft | White | Lowlands; Drought Prone | Transplanted; Rainfed | Mid,TMeL-I,Recommended,Not Recommended,Recommended,Not Recommended,Not Recommended,Indira Sugandhit dhan-1,None,None,MTU-1010,None,None,<tr><td>Grain shape</td><td>Other</td><td>Long slender grain </td></tr><tr><td>Grain Quality traits</td><td>Other</td><td>High test weight</td></tr><tr><td>Agronomic traits</td><td>Plant height</td><td>Medium tall</td></tr><tr><td>Maturity</td><td>Maturity duration</td><td>Medium maturity</td></tr><tr><td>Biotic stress</td><td>Other</td><td>Tolerant to major diseases and insect pests</td></tr><tr><td>Other key traits</td><td>Other</td><td>Suitable for rainfed bunded ecology</td></tr>,<tr><td>Grain Quality traits</td><td>Head Rice Recovery</td><td>Low HRR</td></tr><tr><td>Agronomic traits</td><td>Yield Potential</td><td>Average yield</td></tr>,"<tr><th rowspan=""2"">Variety</th>
                    <th colspan=""2"">Grain Yield</th>
                    <th rowspan=""2"">Maturity (days)</th>
                    <th rowspan=""2"">Plant height (cm)</th>
                    <th rowspan=""2"">Lodging</th>
                    <th rowspan=""2"">Shattering</th>
                    <th rowspan=""2"">1000 grain weight (g)</th>
                    <th rowspan=""2"">Panicle Threshability</th>
                    <th rowspan=""2"">HRR (%)</th>
                    <th rowspan=""2"">Amylose content (%)</th>
                    <th rowspan=""2"">Special Trait</th>
                    <th rowspan=""2"">Tillering</th></tr><tr><th>(kg/ha)</th><th>(% Adv)</th></tr>","<tr><td class=""must-variety-value"">IGKVR-1244 (Maheshwari)</td><td>4500</td><td>12</td><td>125-130</td><td>107-112</td><td>Tolerant</td><td>-</td><td>26.5</td><td>-</td><td>52.2</td><td>24.1</td><td>-</td><td></td></tr><tr><td class=""must-benchmark1-value"">Indira Sugandhit dhan-1</td><td>4000</td><td>-</td><td>125-130</td><td>105-110</td><td>Tolerant</td><td>-</td><td>26.0</td><td>-</td><td>49.1</td><td>22.8</td><td>-</td><td></td></tr>",<th>Variety</th><th>Leaf blast</th><th>Bacterial leaf blight</th><th>Brown plant hopper</th><th>Sheath Blight</th><th>Tungro</th><th>Gall Midge</th><td>Salinity</td><td>Submergence</td><td>Drought</td>,"<tr><td class=""must-variety-value"">IGKVR-1244 (Maheshwari)</td><td>Resistant</td><td>Tolerant</td><td>Tolerant</td><td>Tolerant</td><td>Tolerant</td><td>Tolerant</td><td></td><td></td><td>Tolerant</td></tr><tr><td class=""must-benchmark1-value"">Indira Sugandhit dhan-1</td><td>Tolerant</td><td>Tolerant</td><td>Tolerant</td><td>Tolerant</td><td>Tolerant</td><td>Tolerant</td><td></td><td></td><td>Susceptible</td></tr>",1244 - 2200,-,-,Not Data,Released for cultivation in irrigated lowland ecology of Chattissgarh.,assets/img/pc-evidence/planting-method_alt.png,"{""data-disabled"":""true"",""data-show"":""false"",""data-pc_id"":57}",assets/img/pc-evidence/ecosystem_alt.png,"{""data-disabled"":""true"",""data-show"":""false"",""data-pc_id"":57}",assets/img/pc-evidence/positioning_alt.png,"{""data-disabled"":""true"",""data-show"":""false"",""data-pc_id"":57}",assets/img/pc-evidence/key-strengths_alt.png,"{""data-disabled"":""true"",""data-show"":""false"",""data-pc_id"":57}",assets/img/pc-evidence/considerations_alt.png,"{""data-disabled"":""true"",""data-show"":""false"",""data-pc_id"":57}",assets/img/pc-evidence/relative-variety-perf_alt.png,"{""data-disabled"":""true"",""data-show"":""false"",""data-pc_id"":57}",assets/img/pc-evidence/producibility_alt.png,"{""data-disabled"":""true"",""data-show"":""false"",""data-pc_id"":57}",57
CR dhan500,Ravana x Mahsuri,Inbred,India,"A long duration variety suitable for deep water ecology in wet season. Released by NRRI, Cuttack in 2011 for growing in irrigated lowland areas of Odisha and UP. Medium slender grain with average yield potential under normal conditions.  Tolerant to leaf blast, sheath rot, brown spot, thrips and leaf folder. Non-lodging and non-shattering.",https://glomip.cgiar.org/uploads/product_catalog/crdhan500.PNG,Rice Indica SA MS00305,Rice - Indica | Non-Hybrid | SA | Food; Medium Firm | White | Lowlands | Transplanted; Irrigated | Late,TLaM-I,Recommended,Not Recommended,Recommended,Not Recommended,Not Recommended,Varsha dhan,None,None,"CR502, CR503",None,None,<tr><td>Grain shape</td><td>Other</td><td>Medium slender grain</td></tr><tr><td>Agronomic traits</td><td>Yield Potential</td><td>High yield in deep water ecology</td></tr><tr><td>Agronomic traits</td><td>Lodging</td><td>Tolerant to lodging </td></tr><tr><td>Agronomic traits</td><td>Other</td><td>Tolerant to shattering</td></tr><tr><td>Other key traits</td><td>Other</td><td>Responsive to high fertilization</td></tr><tr><td>Biotic stress</td><td>Other</td><td>Tolerant to major diseases and insect pests</td></tr>,<tr><td>Maturity</td><td>Maturity duration</td><td>Long duration</td></tr><tr><td>Agronomic traits</td><td>Other</td><td>Average yield in normal condition</td></tr><tr><td>Agronomic traits</td><td>Plant height</td><td>Tall</td></tr><tr><td>Biotic stress</td><td>Bacterial blight</td><td>Susceptible to Leaf blight</td></tr><tr><td>Grain Quality traits</td><td>Head Rice Recovery</td><td>Low HRR</td></tr>,"<tr><th rowspan=""2"">Variety</th>
                    <th colspan=""2"">Grain Yield</th>
                    <th rowspan=""2"">Maturity (days)</th>
                    <th rowspan=""2"">Plant height (cm)</th>
                    <th rowspan=""2"">Lodging</th>
                    <th rowspan=""2"">Shattering</th>
                    <th rowspan=""2"">1000 grain weight (g)</th>
                    <th rowspan=""2"">Panicle Threshability</th>
                    <th rowspan=""2"">HRR (%)</th>
                    <th rowspan=""2"">Amylose content (%)</th>
                    <th rowspan=""2"">Special Trait</th>
                    <th rowspan=""2"">Tillering</th></tr><tr><th>(kg/ha)</th><th>(% Adv)</th></tr>","<tr><td class=""must-variety-value"">CR dhan500</td><td>4500</td><td>12</td><td>160</td><td>140-155</td><td>Tolerant</td><td>Tolerant</td><td>24.0</td><td>-</td><td>50.0</td><td>25.0</td><td>-</td><td></td></tr><tr><td class=""must-benchmark1-value"">Varsha dhan</td><td>4000</td><td>-</td><td>160</td><td>150</td><td>Susceptible</td><td>Tolerant</td><td>24.0</td><td>-</td><td>50.0</td><td>24.0</td><td>-</td><td></td></tr>",<th>Variety</th><th>Leaf blast</th><th>Bacterial leaf blight</th><th>Brown plant hopper</th><th>Sheath Rot</th><th>Brown Spot</th><th>Thrips</th><td>Salinity</td><td>Submergence</td><td>Drought</td>,"<tr><td class=""must-variety-value"">CR dhan500</td><td>Tolerant</td><td>Susceptible</td><td>-</td><td>Tolerant</td><td>Tolerant</td><td>Tolerant</td><td>-</td><td>Tolerant</td><td>-</td></tr><tr><td class=""must-benchmark1-value"">Varsha dhan</td><td>Susceptible</td><td>Tolerant</td><td>-</td><td>Susceptible</td><td>-</td><td>Susceptible</td><td>-</td><td>Tolerant</td><td>-</td></tr>",1800,-,-,Not Data,"National check in Deep water trials conducted by IIRR, India                                                                    
Suitable for low land ecology of Odisha and Uttar Pradesh",assets/img/pc-evidence/planting-method_alt.png,"{""data-disabled"":""true"",""data-show"":""false"",""data-pc_id"":58}",assets/img/pc-evidence/ecosystem_alt.png,"{""data-disabled"":""true"",""data-show"":""false"",""data-pc_id"":58}",assets/img/pc-evidence/positioning_alt.png,"{""data-disabled"":""true"",""data-show"":""false"",""data-pc_id"":58}",assets/img/pc-evidence/key-strengths_alt.png,"{""data-disabled"":""true"",""data-show"":""false"",""data-pc_id"":58}",assets/img/pc-evidence/considerations_alt.png,"{""data-disabled"":""true"",""data-show"":""false"",""data-pc_id"":58}",assets/img/pc-evidence/relative-variety-perf_alt.png,"{""data-disabled"":""true"",""data-show"":""false"",""data-pc_id"":58}",assets/img/pc-evidence/producibility_alt.png,"{""data-disabled"":""true"",""data-show"":""false"",""data-pc_id"":58}",58
Rajendra Bhagvati,IR36 x Type 3,Inbred,India,"A good  yielding, early maturity, medium height, long-slender variety grown extensively  in Bihar under Irrigated upland to midland conditions. Developed by RAU (Bihar) and released in 2010. Excellent panicle exertion and productive tillering. Excellent grain elongation and quality after cooking with mild aroma. Tolerant to water stress and major diseases and insect pests.",https://glomip.cgiar.org/uploads/product_catalog/RB.PNG,Rice Indica SA MS00303,Rice - Indica | Non-Hybrid | SA | Food; Long Soft | White | Upland | Direct Seeded | Early,DEL-U,Not Recommended,Recommended,Not Recommended,Not Recommended,Recommended,None,None,Sahbhagi Dhan,None,None,Samleshwari; Phalguni,"<tr><td>Biotic stress</td><td>Leaf blast</td><td>Tolerant </td></tr><tr><td>Abiotic stress</td><td>Stagnant flooding</td><td>Water stress tolerant</td></tr><tr><td>Agronomic traits</td><td>Yield Potential</td><td>Good yield </td></tr><tr><td>Agronomic traits</td><td>Other</td><td>Complete panicle exertion </td></tr><tr><td>Grain shape</td><td>Grain shape (L:B)</td><td>Excellent grain elongation after cooking</td></tr><tr><td>Biotic stress</td><td>Sheath blight</td><td>Tolerant </td></tr><tr><td>Biotic stress</td><td>Bacterial blight</td><td>Tolerant </td></tr><tr><td>Grain Quality traits</td><td>Aroma</td><td>Mildly aromatic</td></tr><tr><td>Other key traits</td><td>Other</td><td>Suitable for poha, pulao </td></tr>",<tr><td>Grain Quality traits</td><td>Head Rice Recovery</td><td>Moderate HRR</td></tr><tr><td>Abiotic stress</td><td>Drought (seedling/ vegetative)</td><td>Low yield under severe drought</td></tr><tr><td>Abiotic stress</td><td>Salinity/ alkalinity (seedling)</td><td>Low yield under severe saline soil</td></tr><tr><td>Other key traits</td><td>Other</td><td>Average performance in low phosphorous soil</td></tr>,"<tr><th rowspan=""2"">Variety</th>
                    <th colspan=""2"">Grain Yield</th>
                    <th rowspan=""2"">Maturity (days)</th>
                    <th rowspan=""2"">Plant height (cm)</th>
                    <th rowspan=""2"">Lodging</th>
                    <th rowspan=""2"">Shattering</th>
                    <th rowspan=""2"">1000 grain weight (g)</th>
                    <th rowspan=""2"">Panicle Threshability</th>
                    <th rowspan=""2"">HRR (%)</th>
                    <th rowspan=""2"">Amylose content (%)</th>
                    <th rowspan=""2"">Special Trait</th>
                    <th rowspan=""2"">Tillering</th></tr><tr><th>(kg/ha)</th><th>(% Adv)</th></tr>","<tr><td class=""must-variety-value"">Rajendra Bhagvati</td><td>4500-5000</td><td>11</td><td>110-115</td><td>100-110</td><td>Tolerant</td><td>-</td><td>22.2</td><td>-</td><td>55.0</td><td>22.8</td><td>-</td><td></td></tr><tr><td class=""must-benchmark1-value"">Sahbhagi Dhan</td><td>3800-4500</td><td>-</td><td>100</td><td>85-90</td><td>Tolerant</td><td>-</td><td>22.3</td><td>-</td><td>64.7</td><td>24.7</td><td>-</td><td></td></tr>",<th>Variety</th><th>Leaf blast</th><th>Bacterial leaf blight</th><th>Brown plant hopper</th><th>Sheath Blight</th><th>Stem Borer</th><th>Leaf Folder</th><td>Salinity</td><td>Submergence</td><td>Drought</td>,"<tr><td class=""must-variety-value"">Rajendra Bhagvati</td><td>Tolerant</td><td>Tolerant</td><td>Susceptible</td><td>Tolerant</td><td>Tolerant</td><td>Tolerant</td><td></td><td></td><td>Susceptible</td></tr><tr><td class=""must-benchmark1-value"">Sahbhagi Dhan</td><td>Tolerant</td><td>Susceptible</td><td>Susceptible</td><td>Tolerant</td><td>Tolerant</td><td>Tolerant</td><td></td><td></td><td>Tolerant</td></tr>",1800-2000,-,-,Not Data,"Released for cultivation in Bihar.                                                                                           
Zonal check in advance varietal trial (Eastern) conducted by IIRR, India.",assets/img/pc-evidence/planting-method_alt.png,"{""data-disabled"":""true"",""data-show"":""false"",""data-pc_id"":59}",assets/img/pc-evidence/ecosystem_alt.png,"{""data-disabled"":""true"",""data-show"":""false"",""data-pc_id"":59}",assets/img/pc-evidence/positioning_alt.png,"{""data-disabled"":""true"",""data-show"":""false"",""data-pc_id"":59}",assets/img/pc-evidence/key-strengths_alt.png,"{""data-disabled"":""true"",""data-show"":""false"",""data-pc_id"":59}",assets/img/pc-evidence/considerations_alt.png,"{""data-disabled"":""true"",""data-show"":""false"",""data-pc_id"":59}",assets/img/pc-evidence/relative-variety-perf_alt.png,"{""data-disabled"":""true"",""data-show"":""false"",""data-pc_id"":59}",assets/img/pc-evidence/producibility_alt.png,"{""data-disabled"":""true"",""data-show"":""false"",""data-pc_id"":59}",59
IGKVR-1,R320-300 x Cheptignemati,Inbred,India,"Released by IGKVV, Raipur in 2010 for the irrigated areas of Chattisgarh, Madhya Pradesh and Odisha. Medium maturity, semi-dwarf variety with long bold grain. Tolerant to gall midge biotypes 1 and 6 and leaf blast which are major concerns in these rice growing environments. Rainfed areas of medium to heavy soils of Chhattisgarh are also suitable for this variety. Widely used for making good quality “poha” and puffed rice.",https://glomip.cgiar.org/uploads/product_catalog/igkvr1.PNG,Rice Indica SA MS00299,Rice - Indica | Non-Hybrid | SA | Food; Long Soft | White | Lowlands; Drought Prone | Transplanted; Rainfed | Mid,TMeL-I,Recommended,Not Recommended,Recommended,Not Recommended,Not Recommended,Mahamaya,None,None,IR 64,None,None,<tr><td>Biotic stress</td><td>Other</td><td>Tolerant to major diseases and insect pests</td></tr><tr><td>Agronomic traits</td><td>Other</td><td>non-shattering</td></tr><tr><td>Agronomic traits</td><td>Lodging</td><td>Non-lodging </td></tr><tr><td>Grain shape</td><td>Other</td><td>Long bold heavy grain</td></tr><tr><td>Agronomic traits</td><td>Plant height</td><td>Semi-dwarf</td></tr><tr><td>Maturity</td><td>Maturity duration</td><td>Medium maturity</td></tr><tr><td>Agronomic traits</td><td>Yield Potential</td><td>Good yield</td></tr><tr><td>Other key traits</td><td>Other</td><td>Preferred for making beaten and puffed rice</td></tr>,<tr><td>Grain Quality traits</td><td>Head Rice Recovery</td><td>Low HRR</td></tr>,"<tr><th rowspan=""2"">Variety</th>
                    <th colspan=""2"">Grain Yield</th>
                    <th rowspan=""2"">Maturity (days)</th>
                    <th rowspan=""2"">Plant height (cm)</th>
                    <th rowspan=""2"">Lodging</th>
                    <th rowspan=""2"">Shattering</th>
                    <th rowspan=""2"">1000 grain weight (g)</th>
                    <th rowspan=""2"">Panicle Threshability</th>
                    <th rowspan=""2"">HRR (%)</th>
                    <th rowspan=""2"">Amylose content (%)</th>
                    <th rowspan=""2"">Special Trait</th>
                    <th rowspan=""2"">Tillering</th></tr><tr><th>(kg/ha)</th><th>(% Adv)</th></tr>","<tr><td class=""must-variety-value"">IGKVR-1</td><td>5500</td><td>-</td><td>120-125</td><td>90-95</td><td>Tolerant</td><td>Tolerant</td><td>28.0</td><td>-</td><td>45.0</td><td>24.6</td><td>-</td><td></td></tr><tr><td class=""must-benchmark1-value"">Mahamaya</td><td>4500-5500</td><td>-</td><td>125-130</td><td>85-95</td><td>Tolerant</td><td>Tolerant</td><td>26.9</td><td>-</td><td>64.4</td><td>24.8</td><td>-</td><td></td></tr>",<th>Variety</th><th>Leaf blast</th><th>Bacterial leaf blight</th><th>Brown plant hopper</th><th>Brown Spot</th><th>Stem Borer</th><td>Salinity</td><td>Submergence</td><td>Drought</td>,"<tr><td class=""must-variety-value"">IGKVR-1</td><td>Tolerant</td><td>Tolerant</td><td>Resistant</td><td>Tolerant</td><td>Tolerant</td><td></td><td></td><td>Tolerant</td></tr><tr><td class=""must-benchmark1-value"">Mahamaya</td><td>Tolerant</td><td>Tolerant</td><td>Tolerant</td><td>Tolerant</td><td>Susceptible</td><td></td><td></td><td>Tolerant</td></tr>",2200,-,-,Not Data,"Irrigated areas of Chattisgarh, MP and Odisha. 
Excellent for making puffed and beaten rice",assets/img/pc-evidence/planting-method_alt.png,"{""data-disabled"":""true"",""data-show"":""false"",""data-pc_id"":60}",assets/img/pc-evidence/ecosystem_alt.png,"{""data-disabled"":""true"",""data-show"":""false"",""data-pc_id"":60}",assets/img/pc-evidence/positioning_alt.png,"{""data-disabled"":""true"",""data-show"":""false"",""data-pc_id"":60}",assets/img/pc-evidence/key-strengths_alt.png,"{""data-disabled"":""true"",""data-show"":""false"",""data-pc_id"":60}",assets/img/pc-evidence/considerations_alt.png,"{""data-disabled"":""true"",""data-show"":""false"",""data-pc_id"":60}",assets/img/pc-evidence/relative-variety-perf_alt.png,"{""data-disabled"":""true"",""data-show"":""false"",""data-pc_id"":60}",assets/img/pc-evidence/producibility_alt.png,"{""data-disabled"":""true"",""data-show"":""false"",""data-pc_id"":60}",60
IGKVR-2 (Durgashewari),Mahamaya x NSN5,Inbred,India,"IGKVR2 also known as Durgashewari, a medium maturity, medium tall variety released by IGKVV, Raipur in 2010. Recommended for irrigated lowland areas of Chattissgarh, Madhya Pradesh and Odisha. Long slender grain with good grain quality. Tolerant to leaf blast, leaf blight, BPH and WBPH. Better tolerance to drought conditions at physiological maturity stage.",https://glomip.cgiar.org/uploads/product_catalog/igkvr2.PNG,Rice Indica SA MS00299,Rice - Indica | Non-Hybrid | SA | Food; Long Soft | White | Lowlands; Drought Prone | Transplanted; Rainfed | Mid,TMeL-I,Recommended,Not Recommended,Recommended,Not Recommended,Not Recommended,IR64,None,None,MTU-1010,None,None,<tr><td>Agronomic traits</td><td>Yield Potential</td><td>Good yield</td></tr><tr><td>Biotic stress</td><td>Bacterial blight</td><td>Tolerant to major diseases and insect pests</td></tr><tr><td>Maturity</td><td>Maturity duration</td><td>Medium maturity</td></tr><tr><td>Agronomic traits</td><td>Plant height</td><td>Medium tall</td></tr><tr><td>Grain shape</td><td>Other</td><td>Long slender good quality grain</td></tr><tr><td>Abiotic stress</td><td>Drought (reproductive)</td><td>Tolerant</td></tr>,"<tr><td colspan=""3"">No Considerations data.</td></tr>","<tr><th rowspan=""2"">Variety</th>
                    <th colspan=""2"">Grain Yield</th>
                    <th rowspan=""2"">Maturity (days)</th>
                    <th rowspan=""2"">Plant height (cm)</th>
                    <th rowspan=""2"">Lodging</th>
                    <th rowspan=""2"">Shattering</th>
                    <th rowspan=""2"">1000 grain weight (g)</th>
                    <th rowspan=""2"">Panicle Threshability</th>
                    <th rowspan=""2"">HRR (%)</th>
                    <th rowspan=""2"">Amylose content (%)</th>
                    <th rowspan=""2"">Special Trait</th>
                    <th rowspan=""2"">Tillering</th></tr><tr><th>(kg/ha)</th><th>(% Adv)</th></tr>","<tr><td class=""must-variety-value"">IGKVR-2 (Durgashewari)</td><td>5000</td><td>16</td><td>125-130</td><td>105-110</td><td>Tolerant</td><td>-</td><td>27.0</td><td>-</td><td>55.0</td><td>24.6</td><td>-</td><td></td></tr><tr><td class=""must-benchmark1-value"">IR 64</td><td>4000-4300</td><td>-</td><td>115-120</td><td>100-105</td><td>Tolerant</td><td>-</td><td>23.1</td><td>-</td><td>49.1</td><td>24.5</td><td>-</td><td></td></tr>",<th>Variety</th><th>Leaf blast</th><th>Bacterial leaf blight</th><th>Brown plant hopper</th><th>Sheath Blight</th><th>Tungro</th><td>Salinity</td><td>Submergence</td><td>Drought</td>,"<tr><td class=""must-variety-value"">IGKVR-2 (Durgashewari)</td><td>Tolerant</td><td>Tolerant</td><td>Tolerant</td><td>Tolerant</td><td>Tolerant</td><td></td><td></td><td>Tolerant</td></tr><tr><td class=""must-benchmark1-value"">IR 64</td><td>Tolerant</td><td>Resistant</td><td>Tolerant</td><td>Susceptible</td><td>Susceptible</td><td></td><td></td><td>Susceptible</td></tr>",2000,-,-,Not Data,"Released for cultivation in Chhattisgarh, Odisha and Madhya Pradesh for irrigated lowland areas",assets/img/pc-evidence/planting-method_alt.png,"{""data-disabled"":""true"",""data-show"":""false"",""data-pc_id"":61}",assets/img/pc-evidence/ecosystem_alt.png,"{""data-disabled"":""true"",""data-show"":""false"",""data-pc_id"":61}",assets/img/pc-evidence/positioning_alt.png,"{""data-disabled"":""true"",""data-show"":""false"",""data-pc_id"":61}",assets/img/pc-evidence/key-strengths_alt.png,"{""data-disabled"":""true"",""data-show"":""false"",""data-pc_id"":61}",assets/img/pc-evidence/considerations_alt.png,"{""data-disabled"":""true"",""data-show"":""false"",""data-pc_id"":61}",assets/img/pc-evidence/relative-variety-perf_alt.png,"{""data-disabled"":""true"",""data-show"":""false"",""data-pc_id"":61}",assets/img/pc-evidence/producibility_alt.png,"{""data-disabled"":""true"",""data-show"":""false"",""data-pc_id"":61}",61
Swarna sub 1,(IR 82809:227* x SWARNA),Inbred,India,"Late maturity, medium height, short bold grain, high yielding widely adaptable variety grown in India under rainfed lowland conditions. Developed by NRRI and released in 2009 for cultivation in the states of Eastern India. Tolerant to complete submergence up to 15-17 days. Highly adaptable to flood-prone shallow lowlands. Excellent tillering. Low nitrogen responsive.Tolerant to low soil phosphorus levels. Excellent grain and eating quality with a low glycemic index.",https://glomip.cgiar.org/uploads/product_catalog/Swarna_Sub_1.JPG,Rice Indica SA MS00310,Rice - Indica | Non-Hybrid | SA | Food; Small Firm | White | Lowlands | Transplanted; Rainfed | Late,TLaS-R,Recommended,Not Recommended,Not Recommended,Recommended,Not Recommended,,Swarna,,,"Pooja, CR 1009",,<tr><td>Agronomic traits</td><td>Yield Potential</td><td>High yield potential</td></tr><tr><td>Grain Quality traits</td><td>Head Rice Recovery</td><td>High HRR</td></tr><tr><td>Agronomic traits</td><td>Plant height</td><td>Medium Height</td></tr><tr><td>Abiotic stress</td><td>Submergence</td><td>14-day submergence tolerance</td></tr><tr><td>Agronomic traits</td><td>Early Vigor</td><td>Profuse tillering</td></tr><tr><td>Grain shape</td><td>Grain shape (L:B)</td><td>Short bold grain</td></tr><tr><td>Cooking quality</td><td>Cooked quality (grain texture)</td><td>Excellent cooking quality</td></tr><tr><td>Maturity</td><td>Maturity duration</td><td>Late maturity</td></tr><tr><td>Biotic stress</td><td>Bacterial blight</td><td>Resistant to leaf blight</td></tr>,<tr><td>Grain Quality traits</td><td>Other</td><td>Absence of golden hull as exists in Swarna</td></tr><tr><td>Biotic stress</td><td>Sheath blight</td><td>Susceptible </td></tr><tr><td>Biotic stress</td><td>Leaf blast</td><td>Susceptible </td></tr><tr><td>Biotic stress</td><td>False Smut</td><td>Susceptible </td></tr><tr><td>Biotic stress</td><td>Brown Plant Hopper  (vegetative to maturity stage)</td><td>Susceptible </td></tr><tr><td>Biotic stress</td><td>Stem borer (Dead heart % 10 days after flowering)</td><td>Susceptible </td></tr><tr><td>Biotic stress</td><td>Gall Midge (% infected tillers)</td><td>Susceptible </td></tr>,"<tr><th rowspan=""2"">Variety</th>
                    <th colspan=""2"">Grain Yield</th>
                    <th rowspan=""2"">Maturity (days)</th>
                    <th rowspan=""2"">Plant height (cm)</th>
                    <th rowspan=""2"">Lodging</th>
                    <th rowspan=""2"">Shattering</th>
                    <th rowspan=""2"">1000 grain weight (g)</th>
                    <th rowspan=""2"">Panicle Threshability</th>
                    <th rowspan=""2"">HRR (%)</th>
                    <th rowspan=""2"">Amylose content (%)</th>
                    <th rowspan=""2"">Special Trait</th>
                    <th rowspan=""2"">Tillering</th></tr><tr><th>(kg/ha)</th><th>(% Adv)</th></tr>","<tr><td class=""must-variety-value"">Swarna sub 1</td><td>5000-5500</td><td>8</td><td>140-145</td><td>95-105</td><td>Tolerant</td><td></td><td>20.3</td><td></td><td>66.5</td><td>24.7</td><td></td><td></td></tr><tr><td class=""must-benchmark1-value"">Swarna</td><td>5500-6000</td><td></td><td>135-140</td><td>85-90</td><td>Susceptible</td><td></td><td>15.9</td><td></td><td>69</td><td>26.1</td><td></td><td></td></tr>",<th>Variety</th><th>Leaf blast</th><th>Bacterial leaf blight</th><th>Brown plant hopper</th><th>Gall midge</th><td>Salinity</td><td>Submergence</td><td>Drought</td>,"<tr><td class=""must-variety-value"">Swarna sub 1</td><td>Susceptible</td><td>Resistant</td><td>Susceptible</td><td>Susceptible</td><td></td><td>Tolerant</td><td></td></tr><tr><td class=""must-benchmark1-value"">Swarna</td><td>Susceptible</td><td>Resistant</td><td>Susceptible</td><td>Susceptible</td><td></td><td>Susceptible</td><td></td></tr>",2000-2200,,,Advance,"Released for cultivation in Odhisa, Madhya Pradesh, Andhra Pradesh, West Bengal, Assam.
National check in advanced varietal trial (late) conducted by IIRR, India.
.",assets/img/pc-evidence/planting-method_alt.png,"{""data-disabled"":""true"",""data-show"":""false"",""data-pc_id"":62}",assets/img/pc-evidence/ecosystem_alt.png,"{""data-disabled"":""true"",""data-show"":""false"",""data-pc_id"":62}",assets/img/pc-evidence/positioning_alt.png,"{""data-disabled"":""true"",""data-show"":""false"",""data-pc_id"":62}",assets/img/pc-evidence/key-strengths_alt.png,"{""data-disabled"":""true"",""data-show"":""false"",""data-pc_id"":62}",assets/img/pc-evidence/considerations_alt.png,"{""data-disabled"":""true"",""data-show"":""false"",""data-pc_id"":62}",assets/img/pc-evidence/relative-variety-perf_alt.png,"{""data-disabled"":""true"",""data-show"":""false"",""data-pc_id"":62}",assets/img/pc-evidence/producibility_alt.png,"{""data-disabled"":""true"",""data-show"":""false"",""data-pc_id"":62}",62
Binadhan-7,TNDB100,Inbred,Bangladesh,"High yielding, medium maturity, medium height, long slender variety suitable for transplanting under rainfed lowland conditions. Developed by BINA and released in 2007 for planting in Aman season. Also recommended for planting in Boro and Aus season due to its short duration. Lodging tolerant. Good taste. Tolerant to sheath blight, leaf blight, BPH.",https://glomip.cgiar.org/uploads/product_catalog/Binadhan-71.jpg,Rice Indica SA MS00299,Rice - Indica | Non-Hybrid | SA | Food; Long Soft | White | Lowlands; Drought Prone | Transplanted; Rainfed | Mid,TMeL-R,Recommended,Not Recommended,Not Recommended,Recommended,Not Recommended,,-,,,BRRI dhan33,,<tr><td>Agronomic traits</td><td>Yield Potential</td><td>Good yield</td></tr><tr><td>Maturity</td><td>Maturity duration</td><td>Medium maturity       </td></tr><tr><td>Grain shape</td><td>Grain shape (L:B)</td><td>Long slender </td></tr><tr><td>Agronomic traits</td><td>Plant height</td><td>Medium height </td></tr><tr><td>Agronomic traits</td><td>Other</td><td>Grown in all seasons</td></tr><tr><td>Biotic stress</td><td>Sheath blight</td><td>Tolerant to sheath blight</td></tr><tr><td>Biotic stress</td><td>Brown Plant Hopper  (vegetative to maturity stage)</td><td>Tolerant to BPH</td></tr><tr><td>Biotic stress</td><td>Bacterial blight</td><td>Tolerant to leaf blight</td></tr>,"<tr><td>Grain Quality traits</td><td>High nutritive value (Fe, Zn, Protein)</td><td>Low protein content</td></tr>","<tr><th rowspan=""2"">Variety</th>
                    <th colspan=""2"">Grain Yield</th>
                    <th rowspan=""2"">Maturity (days)</th>
                    <th rowspan=""2"">Plant height (cm)</th>
                    <th rowspan=""2"">Lodging</th>
                    <th rowspan=""2"">Shattering</th>
                    <th rowspan=""2"">1000 grain weight (g)</th>
                    <th rowspan=""2"">Panicle Threshability</th>
                    <th rowspan=""2"">HRR (%)</th>
                    <th rowspan=""2"">Amylose content (%)</th>
                    <th rowspan=""2"">Special Trait</th>
                    <th rowspan=""2"">Tillering</th></tr><tr><th>(kg/ha)</th><th>(% Adv)</th></tr>","<tr><td class=""must-variety-value"">Binadhan-7</td><td>5000</td><td>-</td><td>115-120</td><td>95</td><td>Tolerant</td><td></td><td>24.9</td><td></td><td></td><td>24.9</td><td></td><td></td></tr><tr><td class=""must-benchmark1-value"">BRRI dhan30</td><td>5000</td><td>-</td><td>145</td><td>120</td><td>Tolerant</td><td></td><td>22.6</td><td></td><td></td><td>26.7</td><td></td><td></td></tr>",<th>Variety</th><th>Leaf blast</th><th>Bacterial leaf blight</th><th>Brown plant hopper</th><th>Sheath blight</th><td>Salinity</td><td>Submergence</td><td>Drought</td>,"<tr><td class=""must-variety-value"">Binadhan-7</td><td>-</td><td>Tolerant</td><td>Tolerant</td><td>Tolerant</td><td>Susceptible</td><td>Susceptible</td><td>Susceptible</td></tr><tr><td class=""must-benchmark1-value"">BRRI dhan30</td><td>-</td><td>Susceptible</td><td>Tolerant</td><td>Tolerant</td><td>Susceptible</td><td>Susceptible</td><td>Susceptible</td></tr>",2000,,,Not Data,,assets/img/pc-evidence/planting-method_alt.png,"{""data-disabled"":""true"",""data-show"":""false"",""data-pc_id"":63}",assets/img/pc-evidence/ecosystem_alt.png,"{""data-disabled"":""true"",""data-show"":""false"",""data-pc_id"":63}",assets/img/pc-evidence/positioning_alt.png,"{""data-disabled"":""true"",""data-show"":""false"",""data-pc_id"":63}",assets/img/pc-evidence/key-strengths_alt.png,"{""data-disabled"":""true"",""data-show"":""false"",""data-pc_id"":63}",assets/img/pc-evidence/considerations_alt.png,"{""data-disabled"":""true"",""data-show"":""false"",""data-pc_id"":63}",assets/img/pc-evidence/relative-variety-perf_alt.png,"{""data-disabled"":""true"",""data-show"":""false"",""data-pc_id"":63}",assets/img/pc-evidence/producibility_alt.png,"{""data-disabled"":""true"",""data-show"":""false"",""data-pc_id"":63}",63
Binadhan-10,IR64197-3B-14-2*,Inbred,Bangladesh,"Exceedingly high yielding, medium maturity, medium tall, medium long slender variety suitable for transplanted under irrigated lowland conditions in Boro season. Developed by BINA and released in 2012 for planting in saline prone areas. Sturdy stem with erect plant type. Lodging and shattering tolerant. Moderately tolerant to major diseases and insect pests.",https://glomip.cgiar.org/uploads/product_catalog/Binadhan-101.jpg,Rice Indica SA MS00307,Rice - Indica | Non-Hybrid | SA | Food; Medium Soft | White | Lowlands | Transplanted; Irrigated | Early,TEM-I,Recommended,Not Recommended,Recommended,Not Recommended,Not Recommended,Binadhan-8,,,BRRI dhan47,,,<tr><td>Grain shape</td><td>Grain shape (L:B)</td><td>Medium long slender </td></tr><tr><td>Maturity</td><td>Maturity duration</td><td>Medium maturity       </td></tr><tr><td>Agronomic traits</td><td>Plant height</td><td>Medium tall  </td></tr><tr><td>Agronomic traits</td><td>Yield Potential</td><td>High yield potential</td></tr><tr><td>Abiotic stress</td><td>Salinity (Reproductive)</td><td>Salt tolerant up to 12 ds/m of salinity </td></tr><tr><td>Agronomic traits</td><td>Other</td><td>Lodging and shattering tolerant </td></tr>,"<tr><td colspan=""3"">No Considerations data.</td></tr>","<tr><th rowspan=""2"">Variety</th>
                    <th colspan=""2"">Grain Yield</th>
                    <th rowspan=""2"">Maturity (days)</th>
                    <th rowspan=""2"">Plant height (cm)</th>
                    <th rowspan=""2"">Lodging</th>
                    <th rowspan=""2"">Shattering</th>
                    <th rowspan=""2"">1000 grain weight (g)</th>
                    <th rowspan=""2"">Panicle Threshability</th>
                    <th rowspan=""2"">HRR (%)</th>
                    <th rowspan=""2"">Amylose content (%)</th>
                    <th rowspan=""2"">Special Trait</th>
                    <th rowspan=""2"">Tillering</th></tr><tr><th>(kg/ha)</th><th>(% Adv)</th></tr>","<tr><td class=""must-variety-value"">Binadhan-10</td><td>7500</td><td>6.6</td><td>125-130</td><td>105</td><td>Tolerant</td><td>Tolerant</td><td>24.5</td><td>-</td><td>-</td><td>26</td><td>-</td><td></td></tr><tr><td class=""must-benchmark1-value"">Binadhan-8</td><td>7000</td><td></td><td>135</td><td>95-100</td><td>Tolerant</td><td>Susceptible</td><td>26.7</td><td>-</td><td>-</td><td>25</td><td>-</td><td></td></tr>",<th>Variety</th><th>Leaf blast</th><th>Bacterial leaf blight</th><th>Brown plant hopper</th><th>Stemborer</th><td>Salinity</td><td>Submergence</td><td>Drought</td>,"<tr><td class=""must-variety-value"">Binadhan-10</td><td>Tolerant</td><td>Tolerant</td><td>Tolerant</td><td>Tolerant</td><td>Tolerant</td><td>-</td><td>-</td></tr><tr><td class=""must-benchmark1-value"">Binadhan-8</td><td>Tolerant</td><td>Tolerant</td><td>Tolerant</td><td>Tolerant</td><td>Tolerant</td><td>-</td><td>-</td></tr>",3000,,,Not Applicable,"Released for cultivation in saline prone areas in Boro season in Bangladesh Zonal check in BRRI yield trials. Good for planting in Aman season as well.

Source: http://www.bina.gov.bd",assets/img/pc-evidence/planting-method_alt.png,"{""data-disabled"":""true"",""data-show"":""false"",""data-pc_id"":64}",assets/img/pc-evidence/ecosystem_alt.png,"{""data-disabled"":""true"",""data-show"":""false"",""data-pc_id"":64}",assets/img/pc-evidence/positioning_alt.png,"{""data-disabled"":""true"",""data-show"":""false"",""data-pc_id"":64}",assets/img/pc-evidence/key-strengths_alt.png,"{""data-disabled"":""true"",""data-show"":""false"",""data-pc_id"":64}",assets/img/pc-evidence/considerations_alt.png,"{""data-disabled"":""true"",""data-show"":""false"",""data-pc_id"":64}",assets/img/pc-evidence/relative-variety-perf_alt.png,"{""data-disabled"":""true"",""data-show"":""false"",""data-pc_id"":64}",assets/img/pc-evidence/producibility_alt.png,"{""data-disabled"":""true"",""data-show"":""false"",""data-pc_id"":64}",64
Karjat 7,Patel 3 x KJT 9-333,Inbred,India,"Good yield, early maturity, medium height, medium slender grain variety, grown extensively in Western India. Developed by RARS, Karjat was released in 2009. Highly adapted to irrigated &amp;amp; rainfed lowlands. Responsive to nitrogen and offers very high HRR. Tolerant to leaf blast and leaf blight.",https://glomip.cgiar.org/uploads/product_catalog/Karjat_7.png,Rice Indica SA MS00307,Rice - Indica | Non-Hybrid | SA | Food; Medium Soft | White | Lowlands | Transplanted; Irrigated | Early,"TEM-I, TEM-R",Recommended,Not Recommended,Recommended,Recommended,Not Recommended,IR-64,IR-64,,"Ratna, Karjat-6","Ratna, Karjat-6",,<tr><td>Biotic stress</td><td>Leaf blast</td><td>Tolerant</td></tr><tr><td>Agronomic traits</td><td>Yield Potential</td><td>High yield potential</td></tr><tr><td>Agronomic traits</td><td>Other</td><td>High response to nitrogen</td></tr><tr><td>Agronomic traits</td><td>Lodging</td><td>Non-lodging</td></tr><tr><td>Grain shape</td><td>Grain shape (L:B)</td><td>Medium slender grain</td></tr><tr><td>Grain Quality traits</td><td>Head Rice Recovery</td><td>High HRR</td></tr><tr><td>Biotic stress</td><td>Bacterial blight</td><td>Tolerant</td></tr>,<tr><td>Biotic stress</td><td>Sheath blight</td><td>Susceptible </td></tr>,"<tr><th rowspan=""2"">Variety</th>
                    <th colspan=""2"">Grain Yield</th>
                    <th rowspan=""2"">Maturity (days)</th>
                    <th rowspan=""2"">Plant height (cm)</th>
                    <th rowspan=""2"">Lodging</th>
                    <th rowspan=""2"">Shattering</th>
                    <th rowspan=""2"">1000 grain weight (g)</th>
                    <th rowspan=""2"">Panicle Threshability</th>
                    <th rowspan=""2"">HRR (%)</th>
                    <th rowspan=""2"">Amylose content (%)</th>
                    <th rowspan=""2"">Special Trait</th>
                    <th rowspan=""2"">Tillering</th></tr><tr><th>(kg/ha)</th><th>(% Adv)</th></tr>","<tr><td class=""must-variety-value"">Karjat 7</td><td>4500-5000</td><td>16</td><td>115-120</td><td>95-100</td><td>Tolerant</td><td></td><td>27.8</td><td></td><td>73.3</td><td>23.4</td><td></td><td></td></tr><tr><td class=""must-benchmark1-value"">IR-64</td><td>4000-4300</td><td></td><td>115-120</td><td>100-105</td><td>Tolerant</td><td></td><td>23.1</td><td></td><td>49.1</td><td>24.5</td><td></td><td></td></tr>",<th>Variety</th><th>Leaf blast</th><th>Bacterial leaf blight</th><th>Brown plant hopper</th><th>Sheath blight</th><th>Gall Midge</th><th>Leaf folder</th><td>Salinity</td><td>Submergence</td><td>Drought</td>,"<tr><td class=""must-variety-value"">Karjat 7</td><td>Tolerant</td><td>Tolerant</td><td>Tolerant</td><td>Susceptible</td><td>Tolerant</td><td>Tolerant</td><td></td><td></td><td></td></tr><tr><td class=""must-benchmark1-value"">IR-64</td><td>Tolerant</td><td>Resistant</td><td>Tolerant</td><td>Susceptible</td><td>Susceptible</td><td>Susceptible</td><td></td><td></td><td></td></tr>",1800-2000,,,Not Data,"Released for cultivation in Maharashtra.                                                                                                                                 Zonal VI (W) check for varietal trials conducted by IIRR, India.",assets/img/pc-evidence/planting-method_alt.png,"{""data-disabled"":""true"",""data-show"":""false"",""data-pc_id"":65}",assets/img/pc-evidence/ecosystem_alt.png,"{""data-disabled"":""true"",""data-show"":""false"",""data-pc_id"":65}",assets/img/pc-evidence/positioning_alt.png,"{""data-disabled"":""true"",""data-show"":""false"",""data-pc_id"":65}",assets/img/pc-evidence/key-strengths_alt.png,"{""data-disabled"":""true"",""data-show"":""false"",""data-pc_id"":65}",assets/img/pc-evidence/considerations_alt.png,"{""data-disabled"":""true"",""data-show"":""false"",""data-pc_id"":65}",assets/img/pc-evidence/relative-variety-perf_alt.png,"{""data-disabled"":""true"",""data-show"":""false"",""data-pc_id"":65}",assets/img/pc-evidence/producibility_alt.png,"{""data-disabled"":""true"",""data-show"":""false"",""data-pc_id"":65}",65
Binadhan-17,(SAGC-7 (GSR)*),Inbred,Bangladesh,"High yielding, mid-early maturity, medium height, medium slender variety suitable for transplanting under rainfed lowland conditions. A short duration and drought tolerant variety developed by BINA and released in 2015 for planting in Aman season in drought prone areas. Require less input. Tolerant to major diseases and insect pests",https://glomip.cgiar.org/uploads/product_catalog/Binadhan-17.png,,,TMeM-R,Recommended,Not Recommended,Not Recommended,Recommended,Not Recommended,,Binadhan-7,,,BRRI dhan75,,<tr><td>Agronomic traits</td><td>Yield Potential</td><td>Good yield </td></tr><tr><td>Maturity</td><td>Maturity duration</td><td>Mid-early maturity       </td></tr><tr><td>Grain shape</td><td>Grain shape (L:B)</td><td>Medium slender non-sticky cooked rice </td></tr><tr><td>Abiotic stress</td><td>Drought (reproductive)</td><td>Drought tolerant</td></tr><tr><td>Agronomic traits</td><td>Plant height</td><td>Medium height  </td></tr>,<tr><td>Agronomic traits</td><td>Other</td><td>More unfilled grains when planted early or late</td></tr><tr><td>Agronomic traits</td><td>Other</td><td>Require good crop management</td></tr>,"<tr><th rowspan=""2"">Variety</th>
                    <th colspan=""2"">Grain Yield</th>
                    <th rowspan=""2"">Maturity (days)</th>
                    <th rowspan=""2"">Plant height (cm)</th>
                    <th rowspan=""2"">Lodging</th>
                    <th rowspan=""2"">Shattering</th>
                    <th rowspan=""2"">1000 grain weight (g)</th>
                    <th rowspan=""2"">Panicle Threshability</th>
                    <th rowspan=""2"">HRR (%)</th>
                    <th rowspan=""2"">Amylose content (%)</th>
                    <th rowspan=""2"">Special Trait</th>
                    <th rowspan=""2"">Tillering</th></tr><tr><th>(kg/ha)</th><th>(% Adv)</th></tr>","<tr><td class=""must-variety-value"">Binadhan-17</td><td>5500</td><td>18</td><td>115-120</td><td>95-100</td><td>Tolerant</td><td>-</td><td>23.3</td><td>-</td><td>-</td><td>24.6</td><td>-</td><td></td></tr><tr><td class=""must-benchmark1-value"">BRRI dhan39</td><td>4500</td><td>-</td><td>122</td><td>105-110</td><td>Tolerant</td><td>-</td><td>20.6</td><td>-</td><td>-</td><td>26.6</td><td>-</td><td></td></tr>",<th>Variety</th><th>Leaf blast</th><th>Bacterial leaf blight</th><th>Brown plant hopper</th><th>Sheath blight</th><th>Leaf folder</th><td>Salinity</td><td>Submergence</td><td>Drought</td>,"<tr><td class=""must-variety-value"">Binadhan-17</td><td>Tolerant</td><td>Tolerant</td><td>Tolerant</td><td>Tolerant</td><td>Tolerant</td><td></td><td></td><td>Tolerant</td></tr><tr><td class=""must-benchmark1-value"">BRRI dhan39</td><td>Tolerant</td><td>Tolerant</td><td>Tolerant</td><td>Susceptible</td><td>Susceptible</td><td></td><td></td><td>Susceptible</td></tr>",2200,-,-,Not Data,Released for cultivation in Aman season in Bangladesh zonal check in BRRI yield trials,assets/img/pc-evidence/planting-method_alt.png,"{""data-disabled"":""true"",""data-show"":""false"",""data-pc_id"":66}",assets/img/pc-evidence/ecosystem_alt.png,"{""data-disabled"":""true"",""data-show"":""false"",""data-pc_id"":66}",assets/img/pc-evidence/positioning_alt.png,"{""data-disabled"":""true"",""data-show"":""false"",""data-pc_id"":66}",assets/img/pc-evidence/key-strengths_alt.png,"{""data-disabled"":""true"",""data-show"":""false"",""data-pc_id"":66}",assets/img/pc-evidence/considerations_alt.png,"{""data-disabled"":""true"",""data-show"":""false"",""data-pc_id"":66}",assets/img/pc-evidence/relative-variety-perf_alt.png,"{""data-disabled"":""true"",""data-show"":""false"",""data-pc_id"":66}",assets/img/pc-evidence/producibility_alt.png,"{""data-disabled"":""true"",""data-show"":""false"",""data-pc_id"":66}",66
Binadhan-19,Nerika-10-40(C)-1-5,Inbred,Bangladesh,"High yielding, early maturity, short height, long slender variety suitable for transplanted and dry seeded cultivation under upland conditions. A short duration and drought tolerant variety developed by BINA and released in 2017 for planting in Aman and Aus season. Popular among farmers in the Barind tract of Bangladesh. Non-sticky cooked rice.  Tolerant to major diseases and insect pests",https://glomip.cgiar.org/uploads/product_catalog/Binadhan-191.jpg,Rice Indica SA MS00303,Rice - Indica | Non-Hybrid | SA | Food; Long Soft | White | Upland | Direct Seeded | Early,DEL-U,Recommended,Recommended,Not Recommended,Not Recommended,Recommended,,,BRRI dhan43,,,BRRI dhna48,<tr><td>Agronomic traits</td><td>Yield Potential</td><td>Good yield</td></tr><tr><td>Cooking quality</td><td>Cooked quality (grain texture)</td><td>Non-sticky rice with good taste</td></tr><tr><td>Maturity</td><td>Maturity duration</td><td>Early maturity       </td></tr><tr><td>Grain shape</td><td>Grain shape (L:B)</td><td>Long slender </td></tr><tr><td>Agronomic traits</td><td>Plant height</td><td>Short height  </td></tr><tr><td>Biotic stress</td><td>Other</td><td>Tolerant to major diseases and insect pests</td></tr>,"<tr><td colspan=""3"">No Considerations data.</td></tr>","<tr><th rowspan=""2"">Variety</th>
                    <th colspan=""2"">Grain Yield</th>
                    <th rowspan=""2"">Maturity (days)</th>
                    <th rowspan=""2"">Plant height (cm)</th>
                    <th rowspan=""2"">Lodging</th>
                    <th rowspan=""2"">Shattering</th>
                    <th rowspan=""2"">1000 grain weight (g)</th>
                    <th rowspan=""2"">Panicle Threshability</th>
                    <th rowspan=""2"">HRR (%)</th>
                    <th rowspan=""2"">Amylose content (%)</th>
                    <th rowspan=""2"">Special Trait</th>
                    <th rowspan=""2"">Tillering</th></tr><tr><th>(kg/ha)</th><th>(% Adv)</th></tr>","<tr><td class=""must-variety-value"">Binadhan-19</td><td>5000</td><td>30</td><td>105</td><td>85-90</td><td>Tolerant</td><td>-</td><td>23</td><td>-</td><td>-</td><td>23.8</td><td>-</td><td></td></tr><tr><td class=""must-benchmark1-value"">BRRI dhan43</td><td>3500</td><td>-</td><td>116</td><td>105-110</td><td>Tolerant</td><td>-</td><td>21</td><td>-</td><td>-</td><td>26.7</td><td>-</td><td></td></tr>",<th>Variety</th><th>Leaf blast</th><th>Bacterial leaf blight</th><th>Brown plant hopper</th><th>Sheath blight</th><td>Salinity</td><td>Submergence</td><td>Drought</td>,"<tr><td class=""must-variety-value"">Binadhan-19</td><td>Tolerant</td><td>-</td><td>Tolerant</td><td>Tolerant</td><td></td><td></td><td>Tolerant</td></tr><tr><td class=""must-benchmark1-value"">BRRI dhan43</td><td>Tolerant</td><td>-</td><td>Susceptible</td><td>Tolerant</td><td></td><td></td><td>Susceptible</td></tr>",2000,,,Not Data,"Released for cultivation in Aman and Aus season in Bangladesh                                                      
National check in BRRI yield trials",assets/img/pc-evidence/planting-method_alt.png,"{""data-disabled"":""true"",""data-show"":""false"",""data-pc_id"":67}",assets/img/pc-evidence/ecosystem_alt.png,"{""data-disabled"":""true"",""data-show"":""false"",""data-pc_id"":67}",assets/img/pc-evidence/positioning_alt.png,"{""data-disabled"":""true"",""data-show"":""false"",""data-pc_id"":67}",assets/img/pc-evidence/key-strengths_alt.png,"{""data-disabled"":""true"",""data-show"":""false"",""data-pc_id"":67}",assets/img/pc-evidence/considerations_alt.png,"{""data-disabled"":""true"",""data-show"":""false"",""data-pc_id"":67}",assets/img/pc-evidence/relative-variety-perf_alt.png,"{""data-disabled"":""true"",""data-show"":""false"",""data-pc_id"":67}",assets/img/pc-evidence/producibility_alt.png,"{""data-disabled"":""true"",""data-show"":""false"",""data-pc_id"":67}",67
BR11,(BR 52-87-1-HR 88/IR 20*),Inbred,Bangladesh,"High yielding, late maturity, medium tall, medium bold variety suitable for cultivation under rainfed lowland conditions. Developed by BRRI and released in 1980 for planting in Bangladesh in Aman season. Tolerant to Tungro, yellow stem borer. Lodging tolerant",https://glomip.cgiar.org/uploads/product_catalog/BR11.jpg,Rice Indica SA MS00594,Rice - Indica | Non-Hybrid | SA | Food; Medium Soft | White | Lowlands | Transplanted; Rainfed | Late,TLaM-R,Recommended,Not Recommended,Not Recommended,Recommended,Not Recommended,,BR10,,,BRRI dhan49,,<tr><td>Agronomic traits</td><td>Lodging</td><td>Lodging tolerant        </td></tr><tr><td>Agronomic traits</td><td>Yield Potential</td><td>High yield  </td></tr><tr><td>Agronomic traits</td><td>Plant height</td><td>Medium tall  </td></tr><tr><td>Grain shape</td><td>Grain shape (L:B)</td><td>Medium bold  </td></tr><tr><td>Biotic stress</td><td>Other</td><td>Tolerant to yellow stem borer</td></tr>,<tr><td>Biotic stress</td><td>Other</td><td>Susceptible to leaf diseases </td></tr>,"<tr><th rowspan=""2"">Variety</th>
                    <th colspan=""2"">Grain Yield</th>
                    <th rowspan=""2"">Maturity (days)</th>
                    <th rowspan=""2"">Plant height (cm)</th>
                    <th rowspan=""2"">Lodging</th>
                    <th rowspan=""2"">Shattering</th>
                    <th rowspan=""2"">1000 grain weight (g)</th>
                    <th rowspan=""2"">Panicle Threshability</th>
                    <th rowspan=""2"">HRR (%)</th>
                    <th rowspan=""2"">Amylose content (%)</th>
                    <th rowspan=""2"">Special Trait</th>
                    <th rowspan=""2"">Tillering</th></tr><tr><th>(kg/ha)</th><th>(% Adv)</th></tr>","<tr><td class=""must-variety-value"">BR11</td><td>5500</td><td>9</td><td>140-145</td><td>115</td><td>Tolerant</td><td>-</td><td>25.7</td><td>-</td><td>-</td><td>26.0</td><td>-</td><td></td></tr><tr><td class=""must-benchmark1-value"">BR4</td><td>5000</td><td>-</td><td>145</td><td>125</td><td>Susceptible</td><td>-</td><td>26.2</td><td>-</td><td>-</td><td>25.0</td><td>-</td><td></td></tr>",<th>Variety</th><th>Leaf blast</th><th>Bacterial leaf blight</th><th>Brown plant hopper</th><th>Tungro</th><th>Yellow stem borer</th><td>Salinity</td><td>Submergence</td><td>Drought</td>,"<tr><td class=""must-variety-value"">BR11</td><td>Susceptible</td><td>Susceptible</td><td></td><td>Tolerant</td><td>Tolerant</td><td></td><td>Susceptible</td><td></td></tr><tr><td class=""must-benchmark1-value"">BR4</td><td>Susceptible</td><td>Susceptible</td><td></td><td>Susceptible</td><td>Susceptible</td><td></td><td>Susceptible</td><td></td></tr>",2200,,,Not Data,Released for cultivation in Aman season in all over Bangladesh.                           National check in BRRI yield trials,assets/img/pc-evidence/planting-method_alt.png,"{""data-disabled"":""true"",""data-show"":""false"",""data-pc_id"":68}",assets/img/pc-evidence/ecosystem_alt.png,"{""data-disabled"":""true"",""data-show"":""false"",""data-pc_id"":68}",assets/img/pc-evidence/positioning_alt.png,"{""data-disabled"":""true"",""data-show"":""false"",""data-pc_id"":68}",assets/img/pc-evidence/key-strengths_alt.png,"{""data-disabled"":""true"",""data-show"":""false"",""data-pc_id"":68}",assets/img/pc-evidence/considerations_alt.png,"{""data-disabled"":""true"",""data-show"":""false"",""data-pc_id"":68}",assets/img/pc-evidence/relative-variety-perf_alt.png,"{""data-disabled"":""true"",""data-show"":""false"",""data-pc_id"":68}",assets/img/pc-evidence/producibility_alt.png,"{""data-disabled"":""true"",""data-show"":""false"",""data-pc_id"":68}",68
BR26,IR 44595-70-2-2-3*,Inbred,Bangladesh,"High yielding, early maturity, medium tall, long slender variety suitable for transplanted and dry seeded cultivation under upland conditions. A short duration and drought tolerant variety developed by BRRI and released in 1993 for planting in Aus season. Popular among farmers in the Barind tract of Bangladesh. Non-sticky cooked rice. Tolerant to major diseases and insect pests. High volume expansion ratio",https://glomip.cgiar.org/uploads/product_catalog/BR26.jpg,Rice Indica SA MS00303,Rice - Indica | Non-Hybrid | SA | Food; Long Soft | White | Upland | Direct Seeded | Early,DEL-U,Recommended,Recommended,Not Recommended,Not Recommended,Recommended,,,BR24,,,BRRI dhna48,<tr><td>Cooking quality</td><td>Cooked quality (grain texture)</td><td>Non-sticky good taste cooked rice </td></tr><tr><td>Maturity</td><td>Maturity duration</td><td>Early maturity       </td></tr><tr><td>Agronomic traits</td><td>Plant height</td><td>Medium tall  </td></tr><tr><td>Grain shape</td><td>Grain shape (L:B)</td><td>Long slender </td></tr><tr><td>Biotic stress</td><td>Other</td><td>Tolerant to major diseases and insect pests</td></tr>,<tr><td>Agronomic traits</td><td>Yield Potential</td><td>Average yield</td></tr>,"<tr><th rowspan=""2"">Variety</th>
                    <th colspan=""2"">Grain Yield</th>
                    <th rowspan=""2"">Maturity (days)</th>
                    <th rowspan=""2"">Plant height (cm)</th>
                    <th rowspan=""2"">Lodging</th>
                    <th rowspan=""2"">Shattering</th>
                    <th rowspan=""2"">1000 grain weight (g)</th>
                    <th rowspan=""2"">Panicle Threshability</th>
                    <th rowspan=""2"">HRR (%)</th>
                    <th rowspan=""2"">Amylose content (%)</th>
                    <th rowspan=""2"">Special Trait</th>
                    <th rowspan=""2"">Tillering</th></tr><tr><th>(kg/ha)</th><th>(% Adv)</th></tr>","<tr><td class=""must-variety-value"">BR26</td><td>4000</td><td>12.5</td><td>110-120</td><td>115</td><td>Tolerant</td><td>-</td><td>21.1</td><td>-</td><td>-</td><td>22.7</td><td>-</td><td></td></tr><tr><td class=""must-benchmark1-value"">BR24</td><td>3500</td><td>-</td><td>105-110</td><td>105</td><td>Tolerant</td><td>-</td><td>22.8</td><td>-</td><td>-</td><td>26.0</td><td>-</td><td></td></tr>",<th>Variety</th><th>Leaf blast</th><th>Bacterial leaf blight</th><th>Brown plant hopper</th><th>White back plant hopper</th><td>Salinity</td><td>Submergence</td><td>Drought</td>,"<tr><td class=""must-variety-value"">BR26</td><td>Tolerant</td><td>Tolerant</td><td>Tolerant</td><td>Tolerant</td><td></td><td></td><td>Tolerant</td></tr><tr><td class=""must-benchmark1-value"">BR24</td><td>Susceptible</td><td>Susceptible</td><td>Susceptible</td><td>Susceptible</td><td></td><td></td><td>Tolerant</td></tr>",1600,,,Not Data,"Released for cultivation in Aus season in the Barind tract of Bangladesh                                                      
National check in BRRI yield trials",assets/img/pc-evidence/planting-method_alt.png,"{""data-disabled"":""true"",""data-show"":""false"",""data-pc_id"":69}",assets/img/pc-evidence/ecosystem_alt.png,"{""data-disabled"":""true"",""data-show"":""false"",""data-pc_id"":69}",assets/img/pc-evidence/positioning_alt.png,"{""data-disabled"":""true"",""data-show"":""false"",""data-pc_id"":69}",assets/img/pc-evidence/key-strengths_alt.png,"{""data-disabled"":""true"",""data-show"":""false"",""data-pc_id"":69}",assets/img/pc-evidence/considerations_alt.png,"{""data-disabled"":""true"",""data-show"":""false"",""data-pc_id"":69}",assets/img/pc-evidence/relative-variety-perf_alt.png,"{""data-disabled"":""true"",""data-show"":""false"",""data-pc_id"":69}",assets/img/pc-evidence/producibility_alt.png,"{""data-disabled"":""true"",""data-show"":""false"",""data-pc_id"":69}",69
BRRI dhan28,BR 6 (IR28)*/Purbachi,Inbred,Bangladesh,"High yielding, medium maturity, short height, long slender, mega variety suitable for cultivation under irrigated lowland conditions. Developed by BRRI and released in 1994 for planting in Boro season. Most widely grown variety in all over Bangladesh. Excellent performance in irrigation scarcity belt. High grain elongation and volume expansion ratio. Tolerant to leaf blight and sheath blight. Susceptible to leaf blast",https://glomip.cgiar.org/uploads/product_catalog/BRRI_dhan28.jpg,Rice Indica SA MS00299,Rice - Indica | Non-Hybrid | SA | Food; Long Soft | White | Lowlands; Drought Prone | Transplanted; Rainfed | Mid,TMeL-I,Recommended,Not Recommended,Recommended,Not Recommended,Not Recommended,BR16,,,BRRI dhan81,,,"<tr><td>Grain Quality traits</td><td>High nutritive value (Fe, Zn, Protein)</td><td>High HRR, Protein & Amylose content</td></tr><tr><td>Agronomic traits</td><td>Yield Potential</td><td>High yield potential </td></tr><tr><td>Agronomic traits</td><td>Plant height</td><td>Short height  </td></tr><tr><td>Grain shape</td><td>Other</td><td>Medium slender</td></tr><tr><td>Maturity</td><td>Maturity duration</td><td>Medium maturity     </td></tr><tr><td>Cooking quality</td><td>Other</td><td>Good taste </td></tr><tr><td>Grain Quality traits</td><td>Head Rice Recovery</td><td>High HRR, Protein & Amylose content</td></tr>",<tr><td>Abiotic stress</td><td>Salinity (Reproductive)</td><td>Susceptible to salinity</td></tr>,"<tr><th rowspan=""2"">Variety</th>
                    <th colspan=""2"">Grain Yield</th>
                    <th rowspan=""2"">Maturity (days)</th>
                    <th rowspan=""2"">Plant height (cm)</th>
                    <th rowspan=""2"">Lodging</th>
                    <th rowspan=""2"">Shattering</th>
                    <th rowspan=""2"">1000 grain weight (g)</th>
                    <th rowspan=""2"">Panicle Threshability</th>
                    <th rowspan=""2"">HRR (%)</th>
                    <th rowspan=""2"">Amylose content (%)</th>
                    <th rowspan=""2"">Special Trait</th>
                    <th rowspan=""2"">Tillering</th></tr><tr><th>(kg/ha)</th><th>(% Adv)</th></tr>","<tr><td class=""must-variety-value"">BRRI dhan28</td><td>6000</td><td>8.3</td><td>140-145</td><td>90-95</td><td>Tolerant</td><td>-</td><td>21.1</td><td>-</td><td>-</td><td>27.0</td><td>-</td><td></td></tr><tr><td class=""must-benchmark1-value"">BR16</td><td>5500</td><td>-</td><td>155-160</td><td>90-95</td><td>Susceptible</td><td>-</td><td>23.1</td><td>-</td><td>-</td><td>27.0</td><td>-</td><td></td></tr>",<th>Variety</th><th>Leaf blast</th><th>Bacterial leaf blight</th><th>Brown plant hopper</th><th>Sheath blight</th><td>Salinity</td><td>Submergence</td><td>Drought</td>,"<tr><td class=""must-variety-value"">BRRI dhan28</td><td>Tolerant</td><td>Tolerant</td><td>-</td><td>Tolerant</td><td>Susceptible</td><td>-</td><td>Tolerant</td></tr><tr><td class=""must-benchmark1-value"">BR16</td><td>Susceptible</td><td>Susceptible</td><td>-</td><td>Susceptible</td><td>Susceptible</td><td>-</td><td>Susceptible</td></tr>",2400,,,Not Applicable,Released for cultivation in Boro season in Bangladesh. National check in BRRI yield trials.,assets/img/pc-evidence/planting-method_alt.png,"{""data-disabled"":""true"",""data-show"":""false"",""data-pc_id"":70}",assets/img/pc-evidence/ecosystem_alt.png,"{""data-disabled"":""true"",""data-show"":""false"",""data-pc_id"":70}",assets/img/pc-evidence/positioning_alt.png,"{""data-disabled"":""true"",""data-show"":""false"",""data-pc_id"":70}",assets/img/pc-evidence/key-strengths_alt.png,"{""data-disabled"":""true"",""data-show"":""false"",""data-pc_id"":70}",assets/img/pc-evidence/considerations_alt.png,"{""data-disabled"":""true"",""data-show"":""false"",""data-pc_id"":70}",assets/img/pc-evidence/relative-variety-perf_alt.png,"{""data-disabled"":""true"",""data-show"":""false"",""data-pc_id"":70}",assets/img/pc-evidence/producibility_alt.png,"{""data-disabled"":""true"",""data-show"":""false"",""data-pc_id"":70}",70
BRRI dhan29,BG90-2/BR 51-46-5,Inbred,Bangladesh,"Extremely high yielding, late maturity, semi-dwarf, medium slender mega variety suitable for cultivation under irrigated lowland conditions. Developed by BRRI and released in 1994 for planting in Boro season. One of the most widely grown variety in all over Bangladesh. Excellent performance under fertile fully irrigated belt. Tolerant to leaf blight and sheath blight. Susceptible to leaf blast. High grain volume expansion.",https://glomip.cgiar.org/uploads/product_catalog/BRRI_dhan29.jpg,,,-,Recommended,Not Recommended,Recommended,Not Recommended,Not Recommended,BR16,,,"BRRI dhan58, BRRI dhan92",,,<tr><td>Agronomic traits</td><td>Yield Potential</td><td>Exceedingly high yield potential </td></tr><tr><td>Agronomic traits</td><td>Lodging</td><td>Lodging tolerant</td></tr><tr><td>Agronomic traits</td><td>Plant height</td><td>Semi-dwarf  </td></tr><tr><td>Grain shape</td><td>Grain shape (L:B)</td><td>Medium slender </td></tr><tr><td>Maturity</td><td>Maturity duration</td><td>Late maturity     </td></tr><tr><td>Grain Quality traits</td><td>Amylose content</td><td>High amylose content</td></tr>,"<tr><td>Grain Quality traits</td><td>High nutritive value (Fe, Zn, Protein)</td><td>Low protein %</td></tr><tr><td>Biotic stress</td><td>Leaf blast</td><td>Susceptible to leaf blast</td></tr>","<tr><th rowspan=""2"">Variety</th>
                    <th colspan=""2"">Grain Yield</th>
                    <th rowspan=""2"">Maturity (days)</th>
                    <th rowspan=""2"">Plant height (cm)</th>
                    <th rowspan=""2"">Lodging</th>
                    <th rowspan=""2"">Shattering</th>
                    <th rowspan=""2"">1000 grain weight (g)</th>
                    <th rowspan=""2"">Panicle Threshability</th>
                    <th rowspan=""2"">HRR (%)</th>
                    <th rowspan=""2"">Amylose content (%)</th>
                    <th rowspan=""2"">Special Trait</th>
                    <th rowspan=""2"">Tillering</th></tr><tr><th>(kg/ha)</th><th>(% Adv)</th></tr>","<tr><td class=""must-variety-value"">BRRI dhan29</td><td>7500</td><td>20</td><td>155-165</td><td>90-95</td><td>Tolerant</td><td>-</td><td>21.5</td><td>-</td><td>-</td><td>29.4</td><td>-</td><td></td></tr><tr><td class=""must-benchmark1-value"">BR16</td><td>6000</td><td>-</td><td>155-160</td><td>110</td><td>Susceptible</td><td>-</td><td>23.1</td><td>-</td><td>-</td><td>27.0</td><td>-</td><td></td></tr>",<th>Variety</th><th>Leaf blast</th><th>Bacterial leaf blight</th><th>Brown plant hopper</th><th>Sheath blight</th><td>Salinity</td><td>Submergence</td><td>Drought</td>,"<tr><td class=""must-variety-value"">BRRI dhan29</td><td>Susceptible</td><td>Tolerant</td><td></td><td>Tolerant</td><td></td><td></td><td></td></tr><tr><td class=""must-benchmark1-value"">BR16</td><td>Susceptible</td><td>Susceptible</td><td></td><td>Susceptible</td><td></td><td></td><td></td></tr>",3200,,,Not Data,Released for cultivation in Boro season in Bangladesh. National check in BRRI yield trials,assets/img/pc-evidence/planting-method_alt.png,"{""data-disabled"":""true"",""data-show"":""false"",""data-pc_id"":71}",assets/img/pc-evidence/ecosystem_alt.png,"{""data-disabled"":""true"",""data-show"":""false"",""data-pc_id"":71}",assets/img/pc-evidence/positioning_alt.png,"{""data-disabled"":""true"",""data-show"":""false"",""data-pc_id"":71}",assets/img/pc-evidence/key-strengths_alt.png,"{""data-disabled"":""true"",""data-show"":""false"",""data-pc_id"":71}",assets/img/pc-evidence/considerations_alt.png,"{""data-disabled"":""true"",""data-show"":""false"",""data-pc_id"":71}",assets/img/pc-evidence/relative-variety-perf_alt.png,"{""data-disabled"":""true"",""data-show"":""false"",""data-pc_id"":71}",assets/img/pc-evidence/producibility_alt.png,"{""data-disabled"":""true"",""data-show"":""false"",""data-pc_id"":71}",71
BRRI dhan30,(IR 2058-78-1-3-2-3*/BR 4),Inbred,Bangladesh,"High yielding, late maturity, tall, medium slender variety suitable for cultivation under rainfed lowland conditions. Developed by BRRI and released in 1994 for planting all over Bangladesh in Aman season. Tolerant to stagnant flooding. Anaerobic tillering, Good taste. Lodging susceptible.",https://glomip.cgiar.org/uploads/product_catalog/BRRI_dhan30.jpg,,,-,Recommended,Not Recommended,Not Recommended,Recommended,Not Recommended,,"BR11, BR23",,,BRRI dhan87,,"<tr><td>Grain Quality traits</td><td>High nutritive value (Fe, Zn, Protein)</td><td>High protein; Good taste</td></tr><tr><td>Agronomic traits</td><td>Yield Potential</td><td>Good yield </td></tr><tr><td>Maturity</td><td>Maturity duration</td><td>Late maturity        </td></tr><tr><td>Grain shape</td><td>Grain shape (L:B)</td><td>Medium slender</td></tr><tr><td>Abiotic stress</td><td>Stagnant flooding</td><td>Tolerant to stagnant flooding</td></tr>",<tr><td>Agronomic traits</td><td>Plant height</td><td>Tall</td></tr><tr><td>Agronomic traits</td><td>Lodging</td><td>Susceptible to lodging  </td></tr>,"<tr><th rowspan=""2"">Variety</th>
                    <th colspan=""2"">Grain Yield</th>
                    <th rowspan=""2"">Maturity (days)</th>
                    <th rowspan=""2"">Plant height (cm)</th>
                    <th rowspan=""2"">Lodging</th>
                    <th rowspan=""2"">Shattering</th>
                    <th rowspan=""2"">1000 grain weight (g)</th>
                    <th rowspan=""2"">Panicle Threshability</th>
                    <th rowspan=""2"">HRR (%)</th>
                    <th rowspan=""2"">Amylose content (%)</th>
                    <th rowspan=""2"">Special Trait</th>
                    <th rowspan=""2"">Tillering</th></tr><tr><th>(kg/ha)</th><th>(% Adv)</th></tr>","<tr><td class=""must-variety-value"">BRRI dhan30</td><td>5000</td><td>-</td><td>145</td><td>120</td><td>Susceptible</td><td>-</td><td>22.6</td><td>-</td><td>-</td><td>26.7</td><td>-</td><td></td></tr><tr><td class=""must-benchmark1-value"">BR23</td><td>5000</td><td>-</td><td>150</td><td>105</td><td>Susceptible</td><td>-</td><td>23.8</td><td>-</td><td>-</td><td>27.0</td><td>-</td><td></td></tr>",<th>Variety</th><th>Leaf blast</th><th>Bacterial leaf blight</th><th>Brown plant hopper</th><th>Sheath blight</th><td>Salinity</td><td>Submergence</td><td>Drought</td>,"<tr><td class=""must-variety-value"">BRRI dhan30</td><td>Tolerant</td><td>Susceptible</td><td>-</td><td>Tolerant</td><td>Susceptible</td><td>Tolerant</td><td>-</td></tr><tr><td class=""must-benchmark1-value"">BR23</td><td>Tolerant</td><td>Susceptible</td><td>-</td><td>Tolerant</td><td>Tolerant</td><td>Tolerant</td><td>-</td></tr>",2000,,,Not Data,Released for cultivation in Aman season in all over Bangladesh. Zonal check in BRRI yield trials,assets/img/pc-evidence/planting-method_alt.png,"{""data-disabled"":""true"",""data-show"":""false"",""data-pc_id"":72}",assets/img/pc-evidence/ecosystem_alt.png,"{""data-disabled"":""true"",""data-show"":""false"",""data-pc_id"":72}",assets/img/pc-evidence/positioning_alt.png,"{""data-disabled"":""true"",""data-show"":""false"",""data-pc_id"":72}",assets/img/pc-evidence/key-strengths_alt.png,"{""data-disabled"":""true"",""data-show"":""false"",""data-pc_id"":72}",assets/img/pc-evidence/considerations_alt.png,"{""data-disabled"":""true"",""data-show"":""false"",""data-pc_id"":72}",assets/img/pc-evidence/relative-variety-perf_alt.png,"{""data-disabled"":""true"",""data-show"":""false"",""data-pc_id"":72}",assets/img/pc-evidence/producibility_alt.png,"{""data-disabled"":""true"",""data-show"":""false"",""data-pc_id"":72}",72
Sahbhagi dhan,IR 55419-4*2* x WAY RAREM,Inbred,India,"Early maturity, semi-dwarf, long-bold grain,  widely adaptable variety mainly grown as direct seeded under rainfed and upland  conditions. Developed by CRRI, Hajaribag &amp;amp; IRRI and released in 2008 for Jharkhand and Odhisa. Tolerant to drought and highly adaptable to water scarce and upland environments. Excellent grain and eating quality with low glycemic index.",https://glomip.cgiar.org/uploads/product_catalog/Sahabhagi_dhan.jpg,Rice Indica SA MS00303,Rice - Indica | Non-Hybrid | SA | Food; Long Soft | White | Upland | Direct Seeded | Early,"DEL-U, TEL-R",Recommended,Recommended,Not Recommended,Recommended,Recommended,,IR-64,IR-64,,"Samba Mashuri, DRR dhan 42",DRR dhan 42,"<tr><td>Cooking quality</td><td>Cooked quality (grain texture)</td><td>Good cooking quality</td></tr><tr><td>Biotic stress</td><td>Leaf folder (% affected plants)</td><td>Tolerant</td></tr><tr><td>Abiotic stress</td><td>Drought (reproductive)</td><td>Early maturity drought tolerant </td></tr><tr><td>Agronomic traits</td><td>Other</td><td>Semi dwarf, Profuse tillering and High straw yield</td></tr><tr><td>Agronomic traits</td><td>Lodging</td><td>Non-lodging</td></tr><tr><td>Maturity</td><td>Maturity duration</td><td>Early maturity </td></tr><tr><td>Grain Quality traits</td><td>Head Rice Recovery</td><td>High HRR</td></tr><tr><td>Biotic stress</td><td>Leaf blast</td><td>Tolerant</td></tr><tr><td>Biotic stress</td><td>Sheath blight</td><td>Tolerant</td></tr>",<tr><td>Biotic stress</td><td>Other</td><td>Susceptible to leaf blight</td></tr><tr><td>Abiotic stress</td><td>Cold (reproductive)</td><td>Susceptible </td></tr>,"<tr><th rowspan=""2"">Variety</th>
                    <th colspan=""2"">Grain Yield</th>
                    <th rowspan=""2"">Maturity (days)</th>
                    <th rowspan=""2"">Plant height (cm)</th>
                    <th rowspan=""2"">Lodging</th>
                    <th rowspan=""2"">Shattering</th>
                    <th rowspan=""2"">1000 grain weight (g)</th>
                    <th rowspan=""2"">Panicle Threshability</th>
                    <th rowspan=""2"">HRR (%)</th>
                    <th rowspan=""2"">Amylose content (%)</th>
                    <th rowspan=""2"">Special Trait</th>
                    <th rowspan=""2"">Tillering</th></tr><tr><th>(kg/ha)</th><th>(% Adv)</th></tr>","<tr><td class=""must-variety-value"">Sahbhagi dhan</td><td>3800-4500</td><td>5</td><td>100</td><td>85-90</td><td>Tolerant</td><td></td><td>22.3</td><td></td><td>64.7</td><td>24.7</td><td></td><td></td></tr><tr><td class=""must-benchmark1-value"">IR-64</td><td>4000-4300</td><td></td><td>115-120</td><td>100-105</td><td>Tolerant</td><td></td><td>23.1</td><td></td><td>49.1</td><td>24.5</td><td></td><td></td></tr>",<th>Variety</th><th>Leaf blast</th><th>Bacterial leaf blight</th><th>Brown plant hopper</th><th>Leaf blight</th><th>Sheath blight</th><th>Stem borer</th><td>Salinity</td><td>Submergence</td><td>Drought</td>,"<tr><td class=""must-variety-value"">Sahbhagi dhan</td><td>Tolerant</td><td></td><td>Susceptible</td><td>Susceptible</td><td>Tolerant</td><td>Tolerant</td><td></td><td></td><td>Tolerant</td></tr><tr><td class=""must-benchmark1-value"">IR-64</td><td>Tolerant</td><td></td><td>Tolerant</td><td>Resistant</td><td>Susceptible</td><td>Susceptible</td><td></td><td></td><td>Susceptible</td></tr>",1500-1800,,,Advance,"Released for cultivation in Odhisa, Madhya Pradesh, Andhra Pradesh, Jharkhand, Chhattisgarh, Bihar, 
  West Bengal, Assam, UttarPradesh.
National check in varietal trial (Early direct seeded) conducted by IIRR, India.",assets/img/pc-evidence/planting-method_alt.png,"{""data-disabled"":""true"",""data-show"":""false"",""data-pc_id"":73}",assets/img/pc-evidence/ecosystem_alt.png,"{""data-disabled"":""true"",""data-show"":""false"",""data-pc_id"":73}",assets/img/pc-evidence/positioning_alt.png,"{""data-disabled"":""true"",""data-show"":""false"",""data-pc_id"":73}",assets/img/pc-evidence/key-strengths_alt.png,"{""data-disabled"":""true"",""data-show"":""false"",""data-pc_id"":73}",assets/img/pc-evidence/considerations_alt.png,"{""data-disabled"":""true"",""data-show"":""false"",""data-pc_id"":73}",assets/img/pc-evidence/relative-variety-perf_alt.png,"{""data-disabled"":""true"",""data-show"":""false"",""data-pc_id"":73}",assets/img/pc-evidence/producibility_alt.png,"{""data-disabled"":""true"",""data-show"":""false"",""data-pc_id"":73}",73
Binadhan-8,(IR66946-3R-149-1-1(PBRCSTL-20)*),Inbred,Bangladesh,"High yielding, medium maturity, semi-dwarf, medium bold variety suitable for transplanted under irrigated lowland conditions. Developed by BINA and released in 2010 for planting in Boro season in saline prone and non-saline areas of Bangladesh. Salinity tolerance. Shattering susceptible. Tolerant to major diseases and insect.",https://glomip.cgiar.org/uploads/product_catalog/Binadhan-81.jpg,,,TMeM-R,Not Recommended,Not Recommended,Recommended,Not Recommended,Not Recommended,-,,,BRRI dhan47,,,<tr><td>Abiotic stress</td><td>Salinity (Reproductive)</td><td>Salinity tolerance</td></tr><tr><td>Agronomic traits</td><td>Plant height</td><td>Semi-dwarf  </td></tr><tr><td>Grain shape</td><td>Grain shape (L:B)</td><td>Medium Bold; Heavy grain </td></tr><tr><td>Maturity</td><td>Maturity duration</td><td>Medium maturity       </td></tr><tr><td>Agronomic traits</td><td>Yield Potential</td><td>High yield potential</td></tr><tr><td>Biotic stress</td><td>Other</td><td>Tolerant to major diseases and insect pests</td></tr>,<tr><td>Agronomic traits</td><td>Other</td><td>Shattering susceptible</td></tr>,"<tr><th rowspan=""2"">Variety</th>
                    <th colspan=""2"">Grain Yield</th>
                    <th rowspan=""2"">Maturity (days)</th>
                    <th rowspan=""2"">Plant height (cm)</th>
                    <th rowspan=""2"">Lodging</th>
                    <th rowspan=""2"">Shattering</th>
                    <th rowspan=""2"">1000 grain weight (g)</th>
                    <th rowspan=""2"">Panicle Threshability</th>
                    <th rowspan=""2"">HRR (%)</th>
                    <th rowspan=""2"">Amylose content (%)</th>
                    <th rowspan=""2"">Special Trait</th>
                    <th rowspan=""2"">Tillering</th></tr><tr><th>(kg/ha)</th><th>(% Adv)</th></tr>","<tr><td class=""must-variety-value"">Binadhan-8</td><td>7500</td><td>20</td><td>130-135</td><td>95-100</td><td>Tolerant</td><td>Susceptible</td><td>26.7</td><td>-</td><td>-</td><td>25.0</td><td>-</td><td></td></tr><tr><td class=""must-benchmark1-value"">BRRI dhan47</td><td>5500</td><td>-</td><td>152</td><td>105-110</td><td>Tolerant</td><td>Susceptible</td><td>25.9</td><td>-</td><td>-</td><td>26.1</td><td>-</td><td></td></tr>",<th>Variety</th><th>Leaf blast</th><th>Bacterial leaf blight</th><th>Brown plant hopper</th><th>Sheath blight</th><th>Stem borer</th><td>Salinity</td><td>Submergence</td><td>Drought</td>,"<tr><td class=""must-variety-value"">Binadhan-8</td><td>-</td><td>Tolerant</td><td>Tolerant</td><td>Tolerant</td><td>Tolerant</td><td>Tolerant</td><td>-</td><td>-</td></tr><tr><td class=""must-benchmark1-value"">BRRI dhan47</td><td>-</td><td>Tolerant</td><td>Tolerant</td><td>Tolerant</td><td>Tolerant</td><td>Tolerant</td><td>-</td><td>-</td></tr>",2800,,,Not Data,Released for cultivation in Boro season in saline prone and non-saline areas of Bangladesh. Zonal check in BRRI yield trials,assets/img/pc-evidence/planting-method_alt.png,"{""data-disabled"":""true"",""data-show"":""false"",""data-pc_id"":74}",assets/img/pc-evidence/ecosystem_alt.png,"{""data-disabled"":""true"",""data-show"":""false"",""data-pc_id"":74}",assets/img/pc-evidence/positioning_alt.png,"{""data-disabled"":""true"",""data-show"":""false"",""data-pc_id"":74}",assets/img/pc-evidence/key-strengths_alt.png,"{""data-disabled"":""true"",""data-show"":""false"",""data-pc_id"":74}",assets/img/pc-evidence/considerations_alt.png,"{""data-disabled"":""true"",""data-show"":""false"",""data-pc_id"":74}",assets/img/pc-evidence/relative-variety-perf_alt.png,"{""data-disabled"":""true"",""data-show"":""false"",""data-pc_id"":74}",assets/img/pc-evidence/producibility_alt.png,"{""data-disabled"":""true"",""data-show"":""false"",""data-pc_id"":74}",74
Gontra Bidhan-1,Selection from Assam Rice Collection,Inbred,India,"An early maturity, semi-dwarf, medium-slender grain variety grown extensively in east India. Developed by UBKV and released in 2008. Sturdy stem, good grain quality. Suitable for low and medium lands in the irrigated and rainfed ecosystems. Recommended for planting in both wet and dry seasons.  This is a preferred variety with successive vegetable crops. It has the good grain and cooking quality.",https://glomip.cgiar.org/uploads/product_catalog,Rice Indica SA MS00307,Rice - Indica | Non-Hybrid | SA | Food; Medium Soft | White | Lowlands | Transplanted; Irrigated | Early,"TEM-I, TEM-R",Recommended,Not Recommended,Recommended,Recommended,Not Recommended,MTU 1010,MTU 1010,,"IR64, NDR359","IR64, NDR359",,<tr><td>Cooking quality</td><td>Cooked quality (grain texture)</td><td>Good cooking quality</td></tr><tr><td>Biotic stress</td><td>Sheath blight</td><td>Tolerant</td></tr><tr><td>Agronomic traits</td><td>Plant height</td><td>Semi dwarf</td></tr><tr><td>Maturity</td><td>Maturity duration</td><td>Early maturity </td></tr><tr><td>Grain shape</td><td>Grain shape (L:B)</td><td>Medium slender grain</td></tr>,<tr><td>Biotic stress</td><td>Neck blast</td><td>Susceptible </td></tr><tr><td>Agronomic traits</td><td>Yield Potential</td><td>Average yield potential</td></tr><tr><td>Biotic stress</td><td>Leaf blast</td><td>Susceptible </td></tr>,"<tr><th rowspan=""2"">Variety</th>
                    <th colspan=""2"">Grain Yield</th>
                    <th rowspan=""2"">Maturity (days)</th>
                    <th rowspan=""2"">Plant height (cm)</th>
                    <th rowspan=""2"">Lodging</th>
                    <th rowspan=""2"">Shattering</th>
                    <th rowspan=""2"">1000 grain weight (g)</th>
                    <th rowspan=""2"">Panicle Threshability</th>
                    <th rowspan=""2"">HRR (%)</th>
                    <th rowspan=""2"">Amylose content (%)</th>
                    <th rowspan=""2"">Special Trait</th>
                    <th rowspan=""2"">Tillering</th></tr><tr><th>(kg/ha)</th><th>(% Adv)</th></tr>","<tr><td class=""must-variety-value"">Gontra Bidhan-1</td><td>4500-5000</td><td>10</td><td>115-118</td><td>95-100</td><td>Tolerant</td><td></td><td>23.2</td><td></td><td>59.8</td><td>24.1</td><td></td><td></td></tr><tr><td class=""must-benchmark1-value"">MTU 1010</td><td>4000-4500</td><td></td><td>115-120</td><td>105-108</td><td>Tolerant</td><td></td><td>24.3</td><td></td><td>57</td><td>22.6</td><td></td><td></td></tr>",<th>Variety</th><th>Leaf blast</th><th>Bacterial leaf blight</th><th>Brown plant hopper</th><th>Sheath blight</th><td>Salinity</td><td>Submergence</td><td>Drought</td>,"<tr><td class=""must-variety-value"">Gontra Bidhan-1</td><td>Susceptible</td><td>Tolerant</td><td>Tolerant</td><td>Tolerant</td><td></td><td></td><td>Tolerant</td></tr><tr><td class=""must-benchmark1-value"">MTU 1010</td><td>Tolerant</td><td>Susceptible</td><td>Susceptible</td><td>Susceptible</td><td></td><td></td><td>Susceptible</td></tr>",1800-2000,,,Not Data,"Released for cultivation in Punjab, West Bengal.                                                                                                                                   National check for Irrigated mid-early varietal trials conducted by IIRR, India.",assets/img/pc-evidence/planting-method_alt.png,"{""data-disabled"":""true"",""data-show"":""false"",""data-pc_id"":75}",assets/img/pc-evidence/ecosystem_alt.png,"{""data-disabled"":""true"",""data-show"":""false"",""data-pc_id"":75}",assets/img/pc-evidence/positioning_alt.png,"{""data-disabled"":""true"",""data-show"":""false"",""data-pc_id"":75}",assets/img/pc-evidence/key-strengths_alt.png,"{""data-disabled"":""true"",""data-show"":""false"",""data-pc_id"":75}",assets/img/pc-evidence/considerations_alt.png,"{""data-disabled"":""true"",""data-show"":""false"",""data-pc_id"":75}",assets/img/pc-evidence/relative-variety-perf_alt.png,"{""data-disabled"":""true"",""data-show"":""false"",""data-pc_id"":75}",assets/img/pc-evidence/producibility_alt.png,"{""data-disabled"":""true"",""data-show"":""false"",""data-pc_id"":75}",75
DRR dhan 37 (Sampada),Vijaya x C 14-8,Inbred,India,"A high-yielding, medium-duration, semi-dwarf, short slender grain variety, grown extensively in central, west, and southern India. Developed by ICAR-IIRR and released in 2008. Highly adapted to irrigated lowlands. Good grain quality. Due to low glycemic index (51%) popularly known as ‘Tiffen Rice’ and targeted for type-2 diabetic patients. High HRR. Tolerant to major diseases and insect pests.",https://glomip.cgiar.org/uploads/product_catalog/Sampada1.png,Rice Indica SA MS00587,Rice - Indica | Non-Hybrid | SA | Food; Medium Soft | White | Lowlands | Transplanted; Irrigated | Mid,TMeS-I,Recommended,Not Recommended,Recommended,Not Recommended,Not Recommended,Swarna Mashuri,,,"Pratikshya, MTU-1075",,,<tr><td>Grain Quality traits</td><td>Head Rice Recovery</td><td>High HRR</td></tr><tr><td>Maturity</td><td>Maturity duration</td><td>Medium maturity</td></tr><tr><td>Agronomic traits</td><td>Lodging</td><td>Non-lodging</td></tr><tr><td>Agronomic traits</td><td>Yield Potential</td><td>High yield potential</td></tr><tr><td>Cooking quality</td><td>Cooked quality (grain texture)</td><td>Preferred for rice based meals</td></tr><tr><td>Biotic stress</td><td>Other</td><td>Tolerant to major diseases and pests</td></tr>,<tr><td>Grain Quality traits</td><td>Other</td><td>Low grain weight</td></tr>,"<tr><th rowspan=""2"">Variety</th>
                    <th colspan=""2"">Grain Yield</th>
                    <th rowspan=""2"">Maturity (days)</th>
                    <th rowspan=""2"">Plant height (cm)</th>
                    <th rowspan=""2"">Lodging</th>
                    <th rowspan=""2"">Shattering</th>
                    <th rowspan=""2"">1000 grain weight (g)</th>
                    <th rowspan=""2"">Panicle Threshability</th>
                    <th rowspan=""2"">HRR (%)</th>
                    <th rowspan=""2"">Amylose content (%)</th>
                    <th rowspan=""2"">Special Trait</th>
                    <th rowspan=""2"">Tillering</th></tr><tr><th>(kg/ha)</th><th>(% Adv)</th></tr>","<tr><td class=""must-variety-value"">DRR dhan 37 (Sampada)</td><td>5500-6500</td><td>0</td><td>135-140</td><td>90-100</td><td>Tolerant</td><td></td><td>15.4</td><td></td><td>70.1</td><td>23</td><td></td><td></td></tr><tr><td class=""must-benchmark1-value"">Swarna Mashuri</td><td>5500-6500</td><td></td><td>135-140</td><td>80-90</td><td>Tolerant</td><td></td><td>22.6</td><td></td><td>65.2</td><td>22.5</td><td></td><td></td></tr>",<th>Variety</th><th>Leaf blast</th><th>Bacterial leaf blight</th><th>Brown plant hopper</th><th>Sheath blight</th><th>Tungro</th><td>Salinity</td><td>Submergence</td><td>Drought</td>,"<tr><td class=""must-variety-value"">DRR dhan 37 (Sampada)</td><td>Resistant</td><td>Tolerant</td><td>Tolerant</td><td>Tolerant</td><td>Tolerant</td><td>Susceptible</td><td></td><td></td></tr><tr><td class=""must-benchmark1-value"">Swarna Mashuri</td><td>Resistant</td><td>Susceptible</td><td>Susceptible</td><td>Tolerant</td><td>Susceptible</td><td>Tolerant</td><td></td><td></td></tr>",2000-2400,Sampada,,Not Data,"Released for cultivation in Bihar, Chhattisgarh, Maharashtra, Tamil Nadu, Kerala.",assets/img/pc-evidence/planting-method_alt.png,"{""data-disabled"":""true"",""data-show"":""false"",""data-pc_id"":76}",assets/img/pc-evidence/ecosystem_alt.png,"{""data-disabled"":""true"",""data-show"":""false"",""data-pc_id"":76}",assets/img/pc-evidence/positioning_alt.png,"{""data-disabled"":""true"",""data-show"":""false"",""data-pc_id"":76}",assets/img/pc-evidence/key-strengths_alt.png,"{""data-disabled"":""true"",""data-show"":""false"",""data-pc_id"":76}",assets/img/pc-evidence/considerations_alt.png,"{""data-disabled"":""true"",""data-show"":""false"",""data-pc_id"":76}",assets/img/pc-evidence/relative-variety-perf_alt.png,"{""data-disabled"":""true"",""data-show"":""false"",""data-pc_id"":76}",assets/img/pc-evidence/producibility_alt.png,"{""data-disabled"":""true"",""data-show"":""false"",""data-pc_id"":76}",76
Pushyami (MTU 1075),MTU-2716 x MTU-1010,Inbred,India,"A high-yielding, late-maturity, medium-tall, long slender grain variety is grown extensively in South India. Developed by MARUTERU, and released in 2008. Highly adapted to irrigated lowlands. Good cooking quality. Tolerant to important diseases and insect pests. Moderate HRR. Good grain weight.",https://glomip.cgiar.org/uploads/product_catalog/1075.png,Rice Basmati SA MS00943,Rice - Basmati | Non-Hybrid | SA | Food; Long Soft | White | Lowlands | Transplanted; Irrigated | Late,TLaL-I,Recommended,Not Recommended,Recommended,Not Recommended,Not Recommended,Swarna,,,MTU 1010,,,<tr><td>Agronomic traits</td><td>Yield Potential</td><td>Good yield potential</td></tr><tr><td>Biotic stress</td><td>Other</td><td>Tolerant to major diseases and pests</td></tr><tr><td>Agronomic traits</td><td>Lodging</td><td>Non-lodging</td></tr><tr><td>Grain shape</td><td>Grain shape (L:B)</td><td>Ling slender grain</td></tr><tr><td>Cooking quality</td><td>Cooked quality (grain texture)</td><td>Good cooking quality</td></tr>,<tr><td>Biotic stress</td><td>Sheath blight</td><td>Susceptible </td></tr>,"<tr><th rowspan=""2"">Variety</th>
                    <th colspan=""2"">Grain Yield</th>
                    <th rowspan=""2"">Maturity (days)</th>
                    <th rowspan=""2"">Plant height (cm)</th>
                    <th rowspan=""2"">Lodging</th>
                    <th rowspan=""2"">Shattering</th>
                    <th rowspan=""2"">1000 grain weight (g)</th>
                    <th rowspan=""2"">Panicle Threshability</th>
                    <th rowspan=""2"">HRR (%)</th>
                    <th rowspan=""2"">Amylose content (%)</th>
                    <th rowspan=""2"">Special Trait</th>
                    <th rowspan=""2"">Tillering</th></tr><tr><th>(kg/ha)</th><th>(% Adv)</th></tr>","<tr><td class=""must-variety-value"">Pushyami (MTU 1075)</td><td>5500-6000</td><td>0</td><td>140-145</td><td>105-108</td><td>Tolerant</td><td></td><td>21.5</td><td></td><td>69.3</td><td>23.9</td><td></td><td></td></tr><tr><td class=""must-benchmark1-value"">Swarna</td><td>5500-6000</td><td></td><td>135-140</td><td>100-105</td><td>Susceptible</td><td></td><td>15.9</td><td></td><td>69</td><td>26.1</td><td></td><td></td></tr>",<th>Variety</th><th>Leaf blast</th><th>Bacterial leaf blight</th><th>Brown plant hopper</th><th>Sheath blight</th><th>Leaf folder</th><td>Salinity</td><td>Submergence</td><td>Drought</td>,"<tr><td class=""must-variety-value"">Pushyami (MTU 1075)</td><td>Tolerant</td><td>Tolerant</td><td>Tolerant</td><td>Susceptible</td><td>Tolerant</td><td></td><td></td><td></td></tr><tr><td class=""must-benchmark1-value"">Swarna</td><td>Susceptible</td><td>Resistant</td><td>Susceptible</td><td>Susceptible</td><td></td><td></td><td></td><td></td></tr>",2200-2400,Pushyami,,Advance,"Released for cultivation in Andhra Pradesh, Telangana, Odisha.                                                                                                                                    Zonal VII (S) check for Initial varietal trials conducted by IIRR, India.",assets/img/pc-evidence/planting-method_alt.png,"{""data-disabled"":""true"",""data-show"":""false"",""data-pc_id"":77}",assets/img/pc-evidence/ecosystem_alt.png,"{""data-disabled"":""true"",""data-show"":""false"",""data-pc_id"":77}",assets/img/pc-evidence/positioning_alt.png,"{""data-disabled"":""true"",""data-show"":""false"",""data-pc_id"":77}",assets/img/pc-evidence/key-strengths_alt.png,"{""data-disabled"":""true"",""data-show"":""false"",""data-pc_id"":77}",assets/img/pc-evidence/considerations_alt.png,"{""data-disabled"":""true"",""data-show"":""false"",""data-pc_id"":77}",assets/img/pc-evidence/relative-variety-perf_alt.png,"{""data-disabled"":""true"",""data-show"":""false"",""data-pc_id"":77}",assets/img/pc-evidence/producibility_alt.png,"{""data-disabled"":""true"",""data-show"":""false"",""data-pc_id"":77}",77
Rajendra Mahshuri-1,BR 51-46 x Mahasuri,Inbred,India,"A high-yielding, late maturity, medium height, medium slender grain variety, grown extensively in eastern India. With profuse tillering, the plant grows up to  30 cm water depth. Developed by Rajendra Agricultural University, Bihar, and released in 2007. Sturdy stem, good grain quality. Suitable for irrigated shallow medium and low lands ecosystem. Cultivated mainly in the wet season.",https://glomip.cgiar.org/uploads/product_catalog/Rajendra_Mahsuri.png,Rice Indica SA MS00305,Rice - Indica | Non-Hybrid | SA | Food; Medium Firm | White | Lowlands | Transplanted; Irrigated | Late,TLaM-I,Recommended,Not Recommended,Recommended,Not Recommended,Not Recommended,Samba Mahsuri,,,Nata Mahsuri,,,<tr><td>Biotic stress</td><td>Brown Plant Hopper  (vegetative to maturity stage)</td><td>Tolerant</td></tr><tr><td>Agronomic traits</td><td>Yield Potential</td><td>High yield potential</td></tr><tr><td>Agronomic traits</td><td>Plant height</td><td>Medium Height</td></tr><tr><td>Maturity</td><td>Maturity duration</td><td>Late maturity</td></tr><tr><td>Agronomic traits</td><td>Lodging</td><td>Non-lodging</td></tr><tr><td>Grain Quality traits</td><td>Head Rice Recovery</td><td>High HRR</td></tr><tr><td>Biotic stress</td><td>Sheath blight</td><td>Tolerant</td></tr><tr><td>Biotic stress</td><td>Bacterial blight</td><td>Tolerant</td></tr><tr><td>Biotic stress</td><td>Leaf folder (% affected plants)</td><td>Tolerant</td></tr>,<tr><td>Abiotic stress</td><td>Submergence</td><td>Susceptible </td></tr><tr><td>Biotic stress</td><td>Leaf blast</td><td>Susceptible </td></tr>,"<tr><th rowspan=""2"">Variety</th>
                    <th colspan=""2"">Grain Yield</th>
                    <th rowspan=""2"">Maturity (days)</th>
                    <th rowspan=""2"">Plant height (cm)</th>
                    <th rowspan=""2"">Lodging</th>
                    <th rowspan=""2"">Shattering</th>
                    <th rowspan=""2"">1000 grain weight (g)</th>
                    <th rowspan=""2"">Panicle Threshability</th>
                    <th rowspan=""2"">HRR (%)</th>
                    <th rowspan=""2"">Amylose content (%)</th>
                    <th rowspan=""2"">Special Trait</th>
                    <th rowspan=""2"">Tillering</th></tr><tr><th>(kg/ha)</th><th>(% Adv)</th></tr>","<tr><td class=""must-variety-value"">Rajendra Mahshuri-1</td><td>5500-6000</td><td>0</td><td>140-150</td><td>100-110</td><td>Tolerant</td><td></td><td>23.2</td><td></td><td>60</td><td>24.1</td><td></td><td></td></tr><tr><td class=""must-benchmark1-value"">Samba Mahsuri</td><td>5500-6500</td><td></td><td>135-140</td><td>80-90</td><td>Tolerant</td><td></td><td>22.6</td><td></td><td>65.2</td><td>22.5</td><td></td><td></td></tr>",<th>Variety</th><th>Leaf blast</th><th>Bacterial leaf blight</th><th>Brown plant hopper</th><th>Sheath blight</th><th>Leaf folder</th><td>Salinity</td><td>Submergence</td><td>Drought</td>,"<tr><td class=""must-variety-value"">Rajendra Mahshuri-1</td><td>Susceptible</td><td>Tolerant</td><td>Tolerant</td><td>Tolerant</td><td>Tolerant</td><td>Tolerant</td><td></td><td>Tolerant</td></tr><tr><td class=""must-benchmark1-value"">Samba Mahsuri</td><td>Tolerant</td><td>Susceptible</td><td>Susceptible</td><td>Tolerant</td><td>Tolerant</td><td>Tolerant</td><td></td><td>Susceptible</td></tr>",2200-2400,,,Advance,"Released for cultivation in Bihar, Odisha, and Andhra Pradesh under shallow / low land ecosystem.",assets/img/pc-evidence/planting-method_alt.png,"{""data-disabled"":""true"",""data-show"":""false"",""data-pc_id"":78}",assets/img/pc-evidence/ecosystem_alt.png,"{""data-disabled"":""true"",""data-show"":""false"",""data-pc_id"":78}",assets/img/pc-evidence/positioning_alt.png,"{""data-disabled"":""true"",""data-show"":""false"",""data-pc_id"":78}",assets/img/pc-evidence/key-strengths_alt.png,"{""data-disabled"":""true"",""data-show"":""false"",""data-pc_id"":78}",assets/img/pc-evidence/considerations_alt.png,"{""data-disabled"":""true"",""data-show"":""false"",""data-pc_id"":78}",assets/img/pc-evidence/relative-variety-perf_alt.png,"{""data-disabled"":""true"",""data-show"":""false"",""data-pc_id"":78}",assets/img/pc-evidence/producibility_alt.png,"{""data-disabled"":""true"",""data-show"":""false"",""data-pc_id"":78}",78
Samaleshwari,R 310-37 x R 308-6,Inbred,India,"Early maturity, semi-dwarf variety with average grain yield was developed by IGKVV, Raipur, and released in 2007. Recommended for direct seeding in upland and in rainfed lowland bunded ecology of Chhattisgarh plains. Popular among farmers due to its medium slender heavy grain, resistance to gall midge, and tolerance to leaf blast and brown spot. It has high amylose content, medium gel consistency, and desirable alkali spreading value.",https://glomip.cgiar.org/uploads/product_catalog/Samelswari.gif,Rice Indica SA MS00308,Rice - Indica | Non-Hybrid | SA | Food; Medium Soft | White | Lowlands | Direct Seeded; Rainfed | Early,"DEM-R, DEM-U",Not Recommended,Recommended,Not Recommended,Recommended,Recommended,,Ananda,,,MTU 1010,,<tr><td>Biotic stress</td><td>Other</td><td>Tolerant to major diseases and pests</td></tr><tr><td>Other key traits</td><td>Other</td><td>Suitability for both rainfed and upland areas</td></tr><tr><td>Maturity</td><td>Maturity duration</td><td>Early maturity </td></tr><tr><td>Grain shape</td><td>Grain shape (L:B)</td><td>Medium slender grain</td></tr><tr><td>Agronomic traits</td><td>Plant height</td><td>Semi dwarf</td></tr><tr><td>Grain Quality traits</td><td>Amylose content</td><td>High amylose content</td></tr>,<tr><td>Agronomic traits</td><td>Yield Potential</td><td>Average yield potential</td></tr><tr><td>Grain Quality traits</td><td>Head Rice Recovery</td><td>Moderate HRR</td></tr>,"<tr><th rowspan=""2"">Variety</th>
                    <th colspan=""2"">Grain Yield</th>
                    <th rowspan=""2"">Maturity (days)</th>
                    <th rowspan=""2"">Plant height (cm)</th>
                    <th rowspan=""2"">Lodging</th>
                    <th rowspan=""2"">Shattering</th>
                    <th rowspan=""2"">1000 grain weight (g)</th>
                    <th rowspan=""2"">Panicle Threshability</th>
                    <th rowspan=""2"">HRR (%)</th>
                    <th rowspan=""2"">Amylose content (%)</th>
                    <th rowspan=""2"">Special Trait</th>
                    <th rowspan=""2"">Tillering</th></tr><tr><th>(kg/ha)</th><th>(% Adv)</th></tr>","<tr><td class=""must-variety-value"">Samaleshwari</td><td>3000-3500</td><td>0</td><td>105-112</td><td>85-90</td><td>Tolerant</td><td></td><td>24</td><td></td><td>55.2</td><td>26.8</td><td></td><td></td></tr><tr><td class=""must-benchmark1-value"">Ananda</td><td>3000-3500</td><td></td><td>110-112</td><td>90-95</td><td>Tolerant</td><td></td><td>23.3</td><td></td><td>42.1</td><td>22.8</td><td></td><td></td></tr>",<th>Variety</th><th>Leaf blast</th><th>Bacterial leaf blight</th><th>Brown plant hopper</th><th>Sheath blight</th><th>Gall Midge</th><th>Stem borer</th><td>Salinity</td><td>Submergence</td><td>Drought</td>,"<tr><td class=""must-variety-value"">Samaleshwari</td><td>Resistant</td><td>Tolerant</td><td>Tolerant</td><td>Tolerant</td><td>Tolerant</td><td>Tolerant</td><td></td><td></td><td>Tolerant</td></tr><tr><td class=""must-benchmark1-value"">Ananda</td><td>Tolerant</td><td>Tolerant</td><td>Susceptible</td><td>Tolerant</td><td>Susceptible</td><td>Tolerant</td><td></td><td></td><td>Susceptible</td></tr>",1400,,,Advance,Direct seeding in rainfed upland and bunded ecology of Chattisgarh,assets/img/pc-evidence/planting-method_alt.png,"{""data-disabled"":""true"",""data-show"":""false"",""data-pc_id"":79}",assets/img/pc-evidence/ecosystem_alt.png,"{""data-disabled"":""true"",""data-show"":""false"",""data-pc_id"":79}",assets/img/pc-evidence/positioning_alt.png,"{""data-disabled"":""true"",""data-show"":""false"",""data-pc_id"":79}",assets/img/pc-evidence/key-strengths_alt.png,"{""data-disabled"":""true"",""data-show"":""false"",""data-pc_id"":79}",assets/img/pc-evidence/considerations_alt.png,"{""data-disabled"":""true"",""data-show"":""false"",""data-pc_id"":79}",assets/img/pc-evidence/relative-variety-perf_alt.png,"{""data-disabled"":""true"",""data-show"":""false"",""data-pc_id"":79}",assets/img/pc-evidence/producibility_alt.png,"{""data-disabled"":""true"",""data-show"":""false"",""data-pc_id"":79}",79
Pusa Sugandh-5,(Pusa 30 x Haryana Basmati,Inbred,India,"A high yielding, medium maturity, semi-dwarf, extra long-slender grain, aromatic variety grown extensively in irrigated lowland. Developed by IARI and released in 2005. Good cooking and eating quality. Suitable for multiple cropping system in Northern India. Tolerant to important diseases and insect pests. Tolerant to lodging and shattering.",https://glomip.cgiar.org/uploads/product_catalog/Pusa_sugandh_5.png,Rice Indica SA MS00299,Rice - Indica | Non-Hybrid | SA | Food; Long Soft | White | Lowlands; Drought Prone | Transplanted; Rainfed | Mid,TMeL-I,Recommended,Not Recommended,Recommended,Not Recommended,Not Recommended,Pusa Sugandh-3,,,Pusa Basmati 1121,,,<tr><td>Agronomic traits</td><td>Plant height</td><td>Semi dwarf</td></tr><tr><td>Agronomic traits</td><td>Yield Potential</td><td>Good yield potential</td></tr><tr><td>Agronomic traits</td><td>Lodging</td><td>Non-lodging</td></tr><tr><td>Grain Quality traits</td><td>Aroma</td><td>Excellent aroma</td></tr><tr><td>Grain shape</td><td>Grain shape (L:B)</td><td>Long grain</td></tr><tr><td>Grain shape</td><td>Grain shape (L:B)</td><td>Long grain</td></tr><tr><td>Cooking quality</td><td>Cooked quality (grain texture)</td><td>Good cooking quality</td></tr><tr><td>Biotic stress</td><td>Other</td><td>Tolerant to major diseases and pests</td></tr>,<tr><td>Grain Quality traits</td><td>Head Rice Recovery</td><td>Moderate HRR</td></tr><tr><td>Biotic stress</td><td>Brown Plant Hopper  (vegetative to maturity stage)</td><td>Susceptible </td></tr>,"<tr><th rowspan=""2"">Variety</th>
                    <th colspan=""2"">Grain Yield</th>
                    <th rowspan=""2"">Maturity (days)</th>
                    <th rowspan=""2"">Plant height (cm)</th>
                    <th rowspan=""2"">Lodging</th>
                    <th rowspan=""2"">Shattering</th>
                    <th rowspan=""2"">1000 grain weight (g)</th>
                    <th rowspan=""2"">Panicle Threshability</th>
                    <th rowspan=""2"">HRR (%)</th>
                    <th rowspan=""2"">Amylose content (%)</th>
                    <th rowspan=""2"">Special Trait</th>
                    <th rowspan=""2"">Tillering</th></tr><tr><th>(kg/ha)</th><th>(% Adv)</th></tr>","<tr><td class=""must-variety-value"">Pusa Sugandh-5</td><td>5000-5500</td><td>22</td><td>120-125</td><td>95-100</td><td>Tolerant</td><td></td><td>25</td><td></td><td>48.8</td><td>23.6</td><td></td><td></td></tr><tr><td class=""must-benchmark1-value"">Pusa Sugandh-3</td><td>4000-4500</td><td></td><td>140-145</td><td>100-115</td><td>Tolerant</td><td></td><td>22.3</td><td></td><td>45.9</td><td>23.2</td><td></td><td></td></tr>",<th>Variety</th><th>Leaf blast</th><th>Bacterial leaf blight</th><th>Brown plant hopper</th><th>Sheath blight</th><th>Gall Midge</th><th>Leaf folder</th><td>Salinity</td><td>Submergence</td><td>Drought</td>,"<tr><td class=""must-variety-value"">Pusa Sugandh-5</td><td>Tolerant</td><td>Tolerant</td><td>Susceptible</td><td>Tolerant</td><td>Tolerant</td><td>Tolerant</td><td></td><td></td><td></td></tr><tr><td class=""must-benchmark1-value"">Pusa Sugandh-3</td><td>Resistant</td><td>Tolerant</td><td>Susceptible</td><td>Tolerant</td><td>Susceptible</td><td>Susceptible</td><td></td><td></td><td></td></tr>",2000-2200,,,Advance,"For cultivation in Delhi, Punjab, Haryana, Western Uttar Pradesh,     Jammu &amp;amp; Kashmir.",assets/img/pc-evidence/planting-method_alt.png,"{""data-disabled"":""true"",""data-show"":""false"",""data-pc_id"":80}",assets/img/pc-evidence/ecosystem_alt.png,"{""data-disabled"":""true"",""data-show"":""false"",""data-pc_id"":80}",assets/img/pc-evidence/positioning_alt.png,"{""data-disabled"":""true"",""data-show"":""false"",""data-pc_id"":80}",assets/img/pc-evidence/key-strengths_alt.png,"{""data-disabled"":""true"",""data-show"":""false"",""data-pc_id"":80}",assets/img/pc-evidence/considerations_alt.png,"{""data-disabled"":""true"",""data-show"":""false"",""data-pc_id"":80}",assets/img/pc-evidence/relative-variety-perf_alt.png,"{""data-disabled"":""true"",""data-show"":""false"",""data-pc_id"":80}",assets/img/pc-evidence/producibility_alt.png,"{""data-disabled"":""true"",""data-show"":""false"",""data-pc_id"":80}",80
CSR 36,CSR13 x Panvel-2xIR-36*),Inbred,India,"Developed and released by CSSRI, Karnal in 2005 for irrigated alkaline areas. Semi-tall variety with the long slender grain is tolerant to alkalinity and moderately tolerant to zinc deficiency. Tolerant to leaf blast and leaf blight. High yield under normal soil conditions and around 4 ton per ha. in alkalinity prone areas. High HRR and grain weight. Non-lodging and non-shattering.",https://glomip.cgiar.org/uploads/product_catalog/CSR_36.png,Rice Indica SA MS00299,Rice - Indica | Non-Hybrid | SA | Food; Long Soft | White | Lowlands; Drought Prone | Transplanted; Rainfed | Mid,TMeL-I,Recommended,Not Recommended,Recommended,Not Recommended,Not Recommended,CSR 13,,,CSR 46,,,<tr><td>Biotic stress</td><td>Leaf blast</td><td>Tolerant</td></tr><tr><td>Maturity</td><td>Maturity duration</td><td>Medium maturity</td></tr><tr><td>Agronomic traits</td><td>Yield Potential</td><td>High yield under normal soil conditions</td></tr><tr><td>Other key traits</td><td>Other</td><td>Tolerant to alkalinity and zinc deficiency </td></tr><tr><td>Grain Quality traits</td><td>Head Rice Recovery</td><td>High HRR</td></tr><tr><td>Grain shape</td><td>Grain shape (L:B)</td><td>Long slender</td></tr><tr><td>Biotic stress</td><td>Other</td><td>Leaf blight tolerant</td></tr>,"<tr><td colspan=""3"">No Considerations data.</td></tr>","<tr><th rowspan=""2"">Variety</th>
                    <th colspan=""2"">Grain Yield</th>
                    <th rowspan=""2"">Maturity (days)</th>
                    <th rowspan=""2"">Plant height (cm)</th>
                    <th rowspan=""2"">Lodging</th>
                    <th rowspan=""2"">Shattering</th>
                    <th rowspan=""2"">1000 grain weight (g)</th>
                    <th rowspan=""2"">Panicle Threshability</th>
                    <th rowspan=""2"">HRR (%)</th>
                    <th rowspan=""2"">Amylose content (%)</th>
                    <th rowspan=""2"">Special Trait</th>
                    <th rowspan=""2"">Tillering</th></tr><tr><th>(kg/ha)</th><th>(% Adv)</th></tr>","<tr><td class=""must-variety-value"">CSR 36</td><td>6500</td><td>8</td><td>135-140</td><td>110</td><td>Tolerant</td><td>Tolerant</td><td>29.5</td><td></td><td>67.5</td><td>25</td><td></td><td></td></tr><tr><td class=""must-benchmark1-value"">CSR 13</td><td>6000</td><td></td><td>145</td><td>115</td><td>Tolerant</td><td>Tolerant</td><td>25.6</td><td></td><td>61.9</td><td>22.7</td><td></td><td></td></tr>",<th>Variety</th><th>Leaf blast</th><th>Bacterial leaf blight</th><th>Brown plant hopper</th><td>Salinity</td><td>Submergence</td><td>Drought</td>,"<tr><td class=""must-variety-value"">CSR 36</td><td>Tolerant</td><td>Tolerant</td><td></td><td>Resistant</td><td></td><td></td></tr><tr><td class=""must-benchmark1-value"">CSR 13</td><td>Resistant</td><td>Tolerant</td><td></td><td>Resistant</td><td></td><td></td></tr>",2800,Naina,,Advance,Rice growing ecologies characterized by high level of soil   salinity and alkalinity in Haryana and Uttar Pradesh.,assets/img/pc-evidence/planting-method_alt.png,"{""data-disabled"":""true"",""data-show"":""false"",""data-pc_id"":81}",assets/img/pc-evidence/ecosystem_alt.png,"{""data-disabled"":""true"",""data-show"":""false"",""data-pc_id"":81}",assets/img/pc-evidence/positioning_alt.png,"{""data-disabled"":""true"",""data-show"":""false"",""data-pc_id"":81}",assets/img/pc-evidence/key-strengths_alt.png,"{""data-disabled"":""true"",""data-show"":""false"",""data-pc_id"":81}",assets/img/pc-evidence/considerations_alt.png,"{""data-disabled"":""true"",""data-show"":""false"",""data-pc_id"":81}",assets/img/pc-evidence/relative-variety-perf_alt.png,"{""data-disabled"":""true"",""data-show"":""false"",""data-pc_id"":81}",assets/img/pc-evidence/producibility_alt.png,"{""data-disabled"":""true"",""data-show"":""false"",""data-pc_id"":81}",81
Vandana,C22 x Kalakeri,Inbred,India,"An early maturity, medium height variety, developed by CRURRS, Hazaribagh in 2002 and recommended for direct seeding under upland and rainfed conditions. It has long bold grain and average grain yield. Suitable for drought prone and acidic soil areas, especially in Odisha, Jharkhand and Bihar. Tolerant to major diseases, lodging and shattering.",https://glomip.cgiar.org/uploads/product_catalog/Vandana.jpg,Rice Indica SA MS00303,Rice - Indica | Non-Hybrid | SA | Food; Long Soft | White | Upland | Direct Seeded | Early,"DEL-U, DEL-R",Not Recommended,Recommended,Not Recommended,Recommended,Recommended,Kalinga III,,,"Khandagiri, Parijat",,,<tr><td>Grain shape</td><td>Grain shape (L:B)</td><td>Long bold grain</td></tr><tr><td>Grain Quality traits</td><td>Head Rice Recovery</td><td>High HRR</td></tr><tr><td>Maturity</td><td>Other</td><td>Extra early maturity </td></tr><tr><td>Agronomic traits</td><td>Lodging</td><td>Non-lodging</td></tr><tr><td>Abiotic stress</td><td>Drought (reproductive)</td><td>Drought tolerant</td></tr><tr><td>Biotic stress</td><td>Other</td><td>Tolerant to major diseases and pests</td></tr>,<tr><td>Agronomic traits</td><td>Yield Potential</td><td>Low yield</td></tr>,"<tr><th rowspan=""2"">Variety</th>
                    <th colspan=""2"">Grain Yield</th>
                    <th rowspan=""2"">Maturity (days)</th>
                    <th rowspan=""2"">Plant height (cm)</th>
                    <th rowspan=""2"">Lodging</th>
                    <th rowspan=""2"">Shattering</th>
                    <th rowspan=""2"">1000 grain weight (g)</th>
                    <th rowspan=""2"">Panicle Threshability</th>
                    <th rowspan=""2"">HRR (%)</th>
                    <th rowspan=""2"">Amylose content (%)</th>
                    <th rowspan=""2"">Special Trait</th>
                    <th rowspan=""2"">Tillering</th></tr><tr><th>(kg/ha)</th><th>(% Adv)</th></tr>","<tr><td class=""must-variety-value"">Vandana</td><td>3500</td><td>17</td><td>90-95</td><td>95-100</td><td>Tolerant</td><td>Tolerant</td><td>24</td><td></td><td>60</td><td>25</td><td></td><td></td></tr><tr><td class=""must-benchmark1-value"">Kalinga III</td><td>3000</td><td></td><td>80</td><td>100</td><td>Susceptible</td><td>Tolerant</td><td></td><td></td><td>58</td><td>25</td><td></td><td></td></tr>",<th>Variety</th><th>Leaf blast</th><th>Bacterial leaf blight</th><th>Brown plant hopper</th><th>Brown Spot</th><td>Salinity</td><td>Submergence</td><td>Drought</td>,"<tr><td class=""must-variety-value"">Vandana</td><td>Tolerant</td><td>Tolerant</td><td>Susceptible</td><td>Tolerant</td><td></td><td></td><td>Tolerant</td></tr><tr><td class=""must-benchmark1-value"">Kalinga III</td><td>Susceptible</td><td>Tolerant</td><td>Susceptible</td><td>Tolerant</td><td></td><td></td><td>Susceptible</td></tr>",1400,,,Not Data,,assets/img/pc-evidence/planting-method_alt.png,"{""data-disabled"":""true"",""data-show"":""false"",""data-pc_id"":82}",assets/img/pc-evidence/ecosystem_alt.png,"{""data-disabled"":""true"",""data-show"":""false"",""data-pc_id"":82}",assets/img/pc-evidence/positioning_alt.png,"{""data-disabled"":""true"",""data-show"":""false"",""data-pc_id"":82}",assets/img/pc-evidence/key-strengths_alt.png,"{""data-disabled"":""true"",""data-show"":""false"",""data-pc_id"":82}",assets/img/pc-evidence/considerations_alt.png,"{""data-disabled"":""true"",""data-show"":""false"",""data-pc_id"":82}",assets/img/pc-evidence/relative-variety-perf_alt.png,"{""data-disabled"":""true"",""data-show"":""false"",""data-pc_id"":82}",assets/img/pc-evidence/producibility_alt.png,"{""data-disabled"":""true"",""data-show"":""false"",""data-pc_id"":82}",82
Cottondora Sannalu (MTU-1010),Krishnaveni x IR64*),Inbred,India,"A high-yielding, early maturity, medium tall, long slender heavy grain mega variety, grown extensively in India under Irrigated lowland conditions. Developed and released in 2000 by ANGRAU (Maruteru) by hybridization of a local variety ‘Krishnaveni’ with IR64, a popular rice variety from IRRI. Excellent productive tillering and sturdy stem. Susceptible to leaf and sheath blight and BPH. Tolerant to leaf blast.",https://glomip.cgiar.org/uploads/product_catalog/MTU_1010.png,Rice Indica SA MS00307,Rice - Indica | Non-Hybrid | SA | Food; Medium Soft | White | Lowlands | Transplanted; Irrigated | Early,TEL-I,Recommended,Not Recommended,Recommended,Not Recommended,Not Recommended,IR-64,,,MTU 1001,,,<tr><td>Agronomic traits</td><td>Other</td><td>High productive tiller</td></tr><tr><td>Agronomic traits</td><td>Plant height</td><td>Medium tall</td></tr><tr><td>Grain shape</td><td>Grain shape (L:B)</td><td>Long slender</td></tr><tr><td>Agronomic traits</td><td>Yield Potential</td><td>High yield potential</td></tr><tr><td>Maturity</td><td>Maturity duration</td><td>Early maturity </td></tr><tr><td>Biotic stress</td><td>Leaf blast</td><td>Tolerant</td></tr>,<tr><td>Biotic stress</td><td>Sheath blight</td><td>Susceptible </td></tr><tr><td>Other key traits</td><td>Other</td><td>Average yield in low phospheric soil</td></tr><tr><td>Biotic stress</td><td>Brown Plant Hopper  (vegetative to maturity stage)</td><td>Susceptible </td></tr><tr><td>Agronomic traits</td><td>Other</td><td>Prone to shattering</td></tr>,"<tr><th rowspan=""2"">Variety</th>
                    <th colspan=""2"">Grain Yield</th>
                    <th rowspan=""2"">Maturity (days)</th>
                    <th rowspan=""2"">Plant height (cm)</th>
                    <th rowspan=""2"">Lodging</th>
                    <th rowspan=""2"">Shattering</th>
                    <th rowspan=""2"">1000 grain weight (g)</th>
                    <th rowspan=""2"">Panicle Threshability</th>
                    <th rowspan=""2"">HRR (%)</th>
                    <th rowspan=""2"">Amylose content (%)</th>
                    <th rowspan=""2"">Special Trait</th>
                    <th rowspan=""2"">Tillering</th></tr><tr><th>(kg/ha)</th><th>(% Adv)</th></tr>","<tr><td class=""must-variety-value"">Cottondora Sannalu (MTU-1010)</td><td>4000-4500</td><td>5</td><td>115-120</td><td>105-108</td><td>Tolerant</td><td></td><td>24.3</td><td></td><td>57</td><td>22.6</td><td></td><td></td></tr><tr><td class=""must-benchmark1-value"">IR-64</td><td>4000-4300</td><td></td><td>115-120</td><td>100-105</td><td>Tolerant</td><td></td><td>23.1</td><td></td><td>49.1</td><td>24.5</td><td></td><td></td></tr>",<th>Variety</th><th>Leaf blast</th><th>Bacterial leaf blight</th><th>Brown plant hopper</th><th>Sheath blight</th><td>Salinity</td><td>Submergence</td><td>Drought</td>,"<tr><td class=""must-variety-value"">Cottondora Sannalu (MTU-1010)</td><td>Tolerant</td><td>Susceptible</td><td>Susceptible</td><td>Susceptible</td><td></td><td></td><td></td></tr><tr><td class=""must-benchmark1-value"">IR-64</td><td>Tolerant</td><td>Resistant</td><td>Tolerant</td><td>Susceptible</td><td></td><td></td><td></td></tr>",1600-1800,Cottondora Sannalu,,Not Data,,assets/img/pc-evidence/planting-method_alt.png,"{""data-disabled"":""true"",""data-show"":""false"",""data-pc_id"":83}",assets/img/pc-evidence/ecosystem_alt.png,"{""data-disabled"":""true"",""data-show"":""false"",""data-pc_id"":83}",assets/img/pc-evidence/positioning_alt.png,"{""data-disabled"":""true"",""data-show"":""false"",""data-pc_id"":83}",assets/img/pc-evidence/key-strengths_alt.png,"{""data-disabled"":""true"",""data-show"":""false"",""data-pc_id"":83}",assets/img/pc-evidence/considerations_alt.png,"{""data-disabled"":""true"",""data-show"":""false"",""data-pc_id"":83}",assets/img/pc-evidence/relative-variety-perf_alt.png,"{""data-disabled"":""true"",""data-show"":""false"",""data-pc_id"":83}",assets/img/pc-evidence/producibility_alt.png,"{""data-disabled"":""true"",""data-show"":""false"",""data-pc_id"":83}",83
Satabdi,CR10-114 x CR10-115,Inbred,India,"Mid-early duration, medium height variety with long slender grain suitable for the irrigated medium ecosystem. Developed and released by NRRI, Cuttack in 2000 for cultivation in West Bengal.  Vast seasonal adaptability and can be grown under all rice growing seasons. Being early in maturity, good grain size, and better cooking quality, it is a preferred variety to grow in West Bengal. Tolerant to lodging and major leaf and sheath diseases.",https://glomip.cgiar.org/uploads/product_catalog/satabdi.png,Rice Indica SA MS00307,Rice - Indica | Non-Hybrid | SA | Food; Medium Soft | White | Lowlands | Transplanted; Irrigated | Early,TEL-I,Recommended,Not Recommended,Recommended,Not Recommended,Not Recommended,Khitish,,,Lalat,,,<tr><td>Grain shape</td><td>Grain shape (L:B)</td><td>Long slender grain</td></tr><tr><td>Maturity</td><td>Maturity duration</td><td>Medium maturity</td></tr><tr><td>Biotic stress</td><td>Sheath blight</td><td>Tolerant</td></tr><tr><td>Biotic stress</td><td>Sheath Rot</td><td>Tolerant</td></tr><tr><td>Biotic stress</td><td>Bacterial blight</td><td>Tolerant</td></tr><tr><td>Other key traits</td><td>Other</td><td>Adaptable to different planting season</td></tr>,<tr><td>Grain Quality traits</td><td>Other</td><td>Low grain weight</td></tr><tr><td>Grain Quality traits</td><td>Head Rice Recovery</td><td>Low HRR</td></tr>,"<tr><th rowspan=""2"">Variety</th>
                    <th colspan=""2"">Grain Yield</th>
                    <th rowspan=""2"">Maturity (days)</th>
                    <th rowspan=""2"">Plant height (cm)</th>
                    <th rowspan=""2"">Lodging</th>
                    <th rowspan=""2"">Shattering</th>
                    <th rowspan=""2"">1000 grain weight (g)</th>
                    <th rowspan=""2"">Panicle Threshability</th>
                    <th rowspan=""2"">HRR (%)</th>
                    <th rowspan=""2"">Amylose content (%)</th>
                    <th rowspan=""2"">Special Trait</th>
                    <th rowspan=""2"">Tillering</th></tr><tr><th>(kg/ha)</th><th>(% Adv)</th></tr>","<tr><td class=""must-variety-value"">Satabdi</td><td>4000-4500</td><td>12</td><td>115-120</td><td>95-105</td><td>Tolerant</td><td></td><td>18</td><td></td><td>44</td><td>23.8</td><td></td><td></td></tr><tr><td class=""must-benchmark1-value"">Khitish</td><td>4000</td><td></td><td>120</td><td>80-100</td><td>Susceptible</td><td></td><td>18.2</td><td></td><td>61</td><td>23.7</td><td></td><td></td></tr>",<th>Variety</th><th>Leaf blast</th><th>Bacterial leaf blight</th><th>Brown plant hopper</th><th>Sheath blight</th><th>Sheath rot</th><td>Salinity</td><td>Submergence</td><td>Drought</td>,"<tr><td class=""must-variety-value"">Satabdi</td><td>Tolerant</td><td>Tolerant</td><td>Tolerant</td><td>Tolerant</td><td>Tolerant</td><td></td><td></td><td></td></tr><tr><td class=""must-benchmark1-value"">Khitish</td><td>Tolerant</td><td>Tolerant</td><td>Susceptible</td><td>Tolerant</td><td>Susceptible</td><td></td><td></td><td></td></tr>",1800,,,Advance,Suitable for both kharif and rabi (boro) seasons.,assets/img/pc-evidence/planting-method_alt.png,"{""data-disabled"":""true"",""data-show"":""false"",""data-pc_id"":84}",assets/img/pc-evidence/ecosystem_alt.png,"{""data-disabled"":""true"",""data-show"":""false"",""data-pc_id"":84}",assets/img/pc-evidence/positioning_alt.png,"{""data-disabled"":""true"",""data-show"":""false"",""data-pc_id"":84}",assets/img/pc-evidence/key-strengths_alt.png,"{""data-disabled"":""true"",""data-show"":""false"",""data-pc_id"":84}",assets/img/pc-evidence/considerations_alt.png,"{""data-disabled"":""true"",""data-show"":""false"",""data-pc_id"":84}",assets/img/pc-evidence/relative-variety-perf_alt.png,"{""data-disabled"":""true"",""data-show"":""false"",""data-pc_id"":84}",assets/img/pc-evidence/producibility_alt.png,"{""data-disabled"":""true"",""data-show"":""false"",""data-pc_id"":84}",84
Pooja,Vijaya x T141,Inbred,India,"A high-yielding, late, short height, medium slender grain variety grown extensively in Eastern, Central, and Southern India. Developed by NRRI and released in 1999. It tolerates water stagnation upto 30 cm. Highly adapted to rainfed shallow lowlands. Erect and compact plant type with good grain quality and high glycemic index.",https://glomip.cgiar.org/uploads/product_catalog/Pooja.png,Rice Indica SA MS00594,Rice - Indica | Non-Hybrid | SA | Food; Medium Soft | White | Lowlands | Transplanted; Rainfed | Late,TLaM-R,Recommended,Not Recommended,Not Recommended,Recommended,Not Recommended,,Swarna,,,"Sarala, Swarna sub 1",,<tr><td>Agronomic traits</td><td>Yield Potential</td><td>High yield potential</td></tr><tr><td>Agronomic traits</td><td>Other</td><td>Strong straw and profuse tillering</td></tr><tr><td>Maturity</td><td>Maturity duration</td><td>Late maturity</td></tr><tr><td>Agronomic traits</td><td>Lodging</td><td>Non-lodging</td></tr><tr><td>Cooking quality</td><td>Cooked quality (grain texture)</td><td>Good cooking quality</td></tr>,<tr><td>Biotic stress</td><td>Other</td><td>Susceptible to Bakane</td></tr><tr><td>Grain Quality traits</td><td>Other</td><td>Low grain weight</td></tr><tr><td>Grain Quality traits</td><td>Head Rice Recovery</td><td>Moderate HRR</td></tr><tr><td>Biotic stress</td><td>Brown spot</td><td>Susceptible </td></tr>,"<tr><th rowspan=""2"">Variety</th>
                    <th colspan=""2"">Grain Yield</th>
                    <th rowspan=""2"">Maturity (days)</th>
                    <th rowspan=""2"">Plant height (cm)</th>
                    <th rowspan=""2"">Lodging</th>
                    <th rowspan=""2"">Shattering</th>
                    <th rowspan=""2"">1000 grain weight (g)</th>
                    <th rowspan=""2"">Panicle Threshability</th>
                    <th rowspan=""2"">HRR (%)</th>
                    <th rowspan=""2"">Amylose content (%)</th>
                    <th rowspan=""2"">Special Trait</th>
                    <th rowspan=""2"">Tillering</th></tr><tr><th>(kg/ha)</th><th>(% Adv)</th></tr>","<tr><td class=""must-variety-value"">Pooja</td><td>5000-6000</td><td></td><td>140-145</td><td>90-95</td><td>Tolerant</td><td></td><td>13.5</td><td></td><td>53.5</td><td>13.5</td><td></td><td></td></tr><tr><td class=""must-benchmark1-value"">Swarna</td><td>5500-6000</td><td></td><td>135-140</td><td>85-90</td><td>Susceptible</td><td></td><td>15.9</td><td></td><td>69</td><td>15.9</td><td></td><td></td></tr>",<th>Variety</th><th>Leaf blast</th><th>Bacterial leaf blight</th><th>Brown plant hopper</th><th>Sheath blight</th><th>Gall Midge</th><th>Leaf folder</th><td>Salinity</td><td>Submergence</td><td>Drought</td>,"<tr><td class=""must-variety-value"">Pooja</td><td>Tolerant</td><td>Tolerant</td><td>Susceptible</td><td>Susceptible</td><td>Resistant</td><td>Tolerant</td><td></td><td></td><td></td></tr><tr><td class=""must-benchmark1-value"">Swarna</td><td>Susceptible</td><td>Resistant</td><td>Susceptible</td><td>Susceptible</td><td>Susceptible</td><td>Susceptible</td><td></td><td></td><td></td></tr>",2000-2400,,,Not Data,"Released for cultivation in Odisha, Andhra Pradesh, Madhya Pradesh, West Bengal.                                                                                                                                     Zonal-III (E) check for varietal trials conducted by IIRR, India",assets/img/pc-evidence/planting-method_alt.png,"{""data-disabled"":""true"",""data-show"":""false"",""data-pc_id"":85}",assets/img/pc-evidence/ecosystem_alt.png,"{""data-disabled"":""true"",""data-show"":""false"",""data-pc_id"":85}",assets/img/pc-evidence/positioning_alt.png,"{""data-disabled"":""true"",""data-show"":""false"",""data-pc_id"":85}",assets/img/pc-evidence/key-strengths_alt.png,"{""data-disabled"":""true"",""data-show"":""false"",""data-pc_id"":85}",assets/img/pc-evidence/considerations_alt.png,"{""data-disabled"":""true"",""data-show"":""false"",""data-pc_id"":85}",assets/img/pc-evidence/relative-variety-perf_alt.png,"{""data-disabled"":""true"",""data-show"":""false"",""data-pc_id"":85}",assets/img/pc-evidence/producibility_alt.png,"{""data-disabled"":""true"",""data-show"":""false"",""data-pc_id"":85}",85
PR 113,IR8//RP2151-173-18 x IR8*4*,Inbred,India,"A high-yielding, late maturity, medium height, short bold grain variety, grown extensively in north India. Developed by PAU and released in 1998. Highly adapted to irrigated lowlands. This variety is beneficial to the farmers on account of its higher yield, suitable growth duration, and better disease resistance.",https://glomip.cgiar.org/uploads/product_catalog/PR_113.png,Rice Indica SA MS00309,Rice - Indica | Non-Hybrid | SA | Food; Small Firm | White | Lowlands | Transplanted; Irrigated | Late,TLaS-I,Recommended,Not Recommended,Recommended,Not Recommended,Not Recommended,PR 111,,,PR 115,,,<tr><td>Biotic stress</td><td>Other</td><td>Tolerant to leaf blight</td></tr><tr><td>Agronomic traits</td><td>Plant height</td><td>Medium Height</td></tr><tr><td>Agronomic traits</td><td>Yield Potential</td><td>High yield potential</td></tr><tr><td>Agronomic traits</td><td>Lodging</td><td>Non-lodging</td></tr>,<tr><td>Grain Quality traits</td><td>Amylose content</td><td>Low amylose content</td></tr><tr><td>Biotic stress</td><td>Sheath blight</td><td>Susceptible </td></tr>,"<tr><th rowspan=""2"">Variety</th>
                    <th colspan=""2"">Grain Yield</th>
                    <th rowspan=""2"">Maturity (days)</th>
                    <th rowspan=""2"">Plant height (cm)</th>
                    <th rowspan=""2"">Lodging</th>
                    <th rowspan=""2"">Shattering</th>
                    <th rowspan=""2"">1000 grain weight (g)</th>
                    <th rowspan=""2"">Panicle Threshability</th>
                    <th rowspan=""2"">HRR (%)</th>
                    <th rowspan=""2"">Amylose content (%)</th>
                    <th rowspan=""2"">Special Trait</th>
                    <th rowspan=""2"">Tillering</th></tr><tr><th>(kg/ha)</th><th>(% Adv)</th></tr>","<tr><td class=""must-variety-value"">PR 113</td><td>7000</td><td>4</td><td>140-145</td><td>95-105</td><td>Tolerant</td><td></td><td>24.9</td><td></td><td>55</td><td>16.4</td><td></td><td></td></tr><tr><td class=""must-benchmark1-value"">PR 111</td><td>6750</td><td></td><td>135-140</td><td>95-100</td><td>Tolerant</td><td></td><td></td><td></td><td></td><td></td><td></td><td></td></tr>",<th>Variety</th><th>Leaf blast</th><th>Bacterial leaf blight</th><th>Brown plant hopper</th><th>Sheath blight</th><td>Salinity</td><td>Submergence</td><td>Drought</td>,"<tr><td class=""must-variety-value"">PR 113</td><td>Susceptible</td><td>Resistant</td><td>Tolerant</td><td>Susceptible</td><td></td><td></td><td></td></tr><tr><td class=""must-benchmark1-value"">PR 111</td><td>Susceptible</td><td>Resistant</td><td>Tolerant</td><td>Susceptible</td><td></td><td></td><td></td></tr>",2800,,,Not Data,"Released for cultivation in Punjab and Haryana.                                                                                                                                     Zonal II (N) check in advance varietal trials conducted by IIRR, India.",assets/img/pc-evidence/planting-method_alt.png,"{""data-disabled"":""true"",""data-show"":""false"",""data-pc_id"":86}",assets/img/pc-evidence/ecosystem_alt.png,"{""data-disabled"":""true"",""data-show"":""false"",""data-pc_id"":86}",assets/img/pc-evidence/positioning_alt.png,"{""data-disabled"":""true"",""data-show"":""false"",""data-pc_id"":86}",assets/img/pc-evidence/key-strengths_alt.png,"{""data-disabled"":""true"",""data-show"":""false"",""data-pc_id"":86}",assets/img/pc-evidence/considerations_alt.png,"{""data-disabled"":""true"",""data-show"":""false"",""data-pc_id"":86}",assets/img/pc-evidence/relative-variety-perf_alt.png,"{""data-disabled"":""true"",""data-show"":""false"",""data-pc_id"":86}",assets/img/pc-evidence/producibility_alt.png,"{""data-disabled"":""true"",""data-show"":""false"",""data-pc_id"":86}",86
Vijetha (MTU 1001),MTU-5249 x MTU-7014,Inbred,India,"Medium maturity, medium tall, medium slender grain, high yielding, widely adaptable variety grown in India under irrigated lowland conditions. Developed by ANGRAU (Maruteru) and released in 1997 for cultivation in Southern India. Tolerant to major diseases and pests. Excellent grain and eating quality. Low glycemic index",https://glomip.cgiar.org/uploads/product_catalog/MTU_1001.jpg,Rice Indica SA MS00587,Rice - Indica | Non-Hybrid | SA | Food; Medium Soft | White | Lowlands | Transplanted; Irrigated | Mid,TMeM-I,Recommended,Not Recommended,Recommended,Not Recommended,Not Recommended,IR-64,,,"Pusa-44,       NDR-359",,,<tr><td>Grain shape</td><td>Grain shape (L:B)</td><td>Medium slender grain</td></tr><tr><td>Biotic stress</td><td>Brown spot</td><td>Tolerant</td></tr><tr><td>Biotic stress</td><td>Leaf blast</td><td>Tolerant</td></tr><tr><td>Biotic stress</td><td>Gall Midge (% infected tillers)</td><td>Tolerant</td></tr><tr><td>Biotic stress</td><td>Brown Plant Hopper  (vegetative to maturity stage)</td><td>Tolerant</td></tr><tr><td>Agronomic traits</td><td>Other</td><td>Good tillering</td></tr><tr><td>Maturity</td><td>Maturity duration</td><td>Medium maturity</td></tr><tr><td>Agronomic traits</td><td>Yield Potential</td><td>High yield potential</td></tr>,<tr><td>Agronomic traits</td><td>Lodging</td><td>Prone to lodging</td></tr><tr><td>Biotic stress</td><td>Sheath blight</td><td>Susceptible </td></tr><tr><td>Grain Quality traits</td><td>Head Rice Recovery</td><td>Low HRR</td></tr>,"<tr><th rowspan=""2"">Variety</th>
                    <th colspan=""2"">Grain Yield</th>
                    <th rowspan=""2"">Maturity (days)</th>
                    <th rowspan=""2"">Plant height (cm)</th>
                    <th rowspan=""2"">Lodging</th>
                    <th rowspan=""2"">Shattering</th>
                    <th rowspan=""2"">1000 grain weight (g)</th>
                    <th rowspan=""2"">Panicle Threshability</th>
                    <th rowspan=""2"">HRR (%)</th>
                    <th rowspan=""2"">Amylose content (%)</th>
                    <th rowspan=""2"">Special Trait</th>
                    <th rowspan=""2"">Tillering</th></tr><tr><th>(kg/ha)</th><th>(% Adv)</th></tr>","<tr><td class=""must-variety-value"">Vijetha (MTU 1001)</td><td>6000</td><td>39</td><td>120-125</td><td>100-115</td><td>Susceptible</td><td></td><td>21.3</td><td></td><td>39.7</td><td>24</td><td></td><td></td></tr><tr><td class=""must-benchmark1-value"">IR-64</td><td>4000-4300</td><td></td><td>115-120</td><td>100-105</td><td>Tolerant</td><td></td><td>23.1</td><td></td><td>49.1</td><td>24.5</td><td></td><td></td></tr>",<th>Variety</th><th>Leaf blast</th><th>Bacterial leaf blight</th><th>Brown plant hopper</th><th>Sheath blight</th><th>Gall Midge</th><td>Salinity</td><td>Submergence</td><td>Drought</td>,"<tr><td class=""must-variety-value"">Vijetha (MTU 1001)</td><td>Tolerant</td><td>Tolerant</td><td>Tolerant</td><td>Susceptible</td><td>Tolerant</td><td></td><td></td><td></td></tr><tr><td class=""must-benchmark1-value"">IR-64</td><td>Tolerant</td><td>Resistant</td><td>Tolerant</td><td>Susceptible</td><td>Susceptible</td><td></td><td></td><td></td></tr>",2400,,,Not Data,"Released for cultivation in Andhra Pradesh, Telangana, Jharkhand, Odisha.",assets/img/pc-evidence/planting-method_alt.png,"{""data-disabled"":""true"",""data-show"":""false"",""data-pc_id"":87}",assets/img/pc-evidence/ecosystem_alt.png,"{""data-disabled"":""true"",""data-show"":""false"",""data-pc_id"":87}",assets/img/pc-evidence/positioning_alt.png,"{""data-disabled"":""true"",""data-show"":""false"",""data-pc_id"":87}",assets/img/pc-evidence/key-strengths_alt.png,"{""data-disabled"":""true"",""data-show"":""false"",""data-pc_id"":87}",assets/img/pc-evidence/considerations_alt.png,"{""data-disabled"":""true"",""data-show"":""false"",""data-pc_id"":87}",assets/img/pc-evidence/relative-variety-perf_alt.png,"{""data-disabled"":""true"",""data-show"":""false"",""data-pc_id"":87}",assets/img/pc-evidence/producibility_alt.png,"{""data-disabled"":""true"",""data-show"":""false"",""data-pc_id"":87}",87
Mahamaya,Asha x Kranthi,Inbred,India,"A good yielding, medium maturity, semi-dwarf, long-bold grain variety extensively grown in Bihar under irrigated mid to low land conditions. Developed by IGKVV, Raipur and released in 1994. Good grain quality. Preferred for making flaked (poha) and puffed (murmura) products. High HRR and heavy grains. Tolerant to lodging and major diseases and insect pests.",https://glomip.cgiar.org/uploads/product_catalog/Mahamaya.png,Rice Indica SA MS00299,Rice - Indica | Non-Hybrid | SA | Food; Long Soft | White | Lowlands; Drought Prone | Transplanted; Rainfed | Mid,TMeL-I,Recommended,Not Recommended,Recommended,Not Recommended,Not Recommended,Samba Mahsuri,,,"NDR 359, IR 64",,,<tr><td>Agronomic traits</td><td>Yield Potential</td><td>Good yield potential</td></tr><tr><td>Grain Quality traits</td><td>Other</td><td>Ideal for puffed and beaten rice</td></tr><tr><td>Grain Quality traits</td><td>Head Rice Recovery</td><td>High HRR</td></tr><tr><td>Agronomic traits</td><td>Plant height</td><td>Semi dwarf</td></tr><tr><td>Biotic stress</td><td>Other</td><td>Tolerant to major diseases and pests</td></tr><tr><td>Grain shape</td><td>Grain shape (L:B)</td><td>Long bold heavy grain</td></tr><tr><td>Agronomic traits</td><td>Other</td><td>More fertile spikelet</td></tr>,<tr><td>Agronomic traits</td><td>Other</td><td>Less responsive to fertilizer</td></tr><tr><td>Other key traits</td><td>Panicle Threshability</td><td>Moderate milling recovery</td></tr>,"<tr><th rowspan=""2"">Variety</th>
                    <th colspan=""2"">Grain Yield</th>
                    <th rowspan=""2"">Maturity (days)</th>
                    <th rowspan=""2"">Plant height (cm)</th>
                    <th rowspan=""2"">Lodging</th>
                    <th rowspan=""2"">Shattering</th>
                    <th rowspan=""2"">1000 grain weight (g)</th>
                    <th rowspan=""2"">Panicle Threshability</th>
                    <th rowspan=""2"">HRR (%)</th>
                    <th rowspan=""2"">Amylose content (%)</th>
                    <th rowspan=""2"">Special Trait</th>
                    <th rowspan=""2"">Tillering</th></tr><tr><th>(kg/ha)</th><th>(% Adv)</th></tr>","<tr><td class=""must-variety-value"">Mahamaya</td><td>4500-5500</td><td>10</td><td>125-130</td><td>85-95</td><td>Tolerant</td><td></td><td>26.9</td><td></td><td>64.4</td><td>24.8</td><td></td><td></td></tr><tr><td class=""must-benchmark1-value"">Samba Mahsuri</td><td>4500-5000</td><td></td><td>130-135</td><td>80-90</td><td>Tolerant</td><td></td><td>22.6</td><td></td><td>65.2</td><td>24.7</td><td></td><td></td></tr>",<th>Variety</th><th>Leaf blast</th><th>Bacterial leaf blight</th><th>Brown plant hopper</th><th>Sheath blight</th><th>Leaf folder</th><th>Gall Midge</th><td>Salinity</td><td>Submergence</td><td>Drought</td>,"<tr><td class=""must-variety-value"">Mahamaya</td><td>Tolerant</td><td>Tolerant</td><td>Tolerant</td><td>Tolerant</td><td>Tolerant</td><td>Tolerant</td><td></td><td></td><td></td></tr><tr><td class=""must-benchmark1-value"">Samba Mahsuri</td><td>Susceptible</td><td>Susceptible</td><td>Susceptible</td><td>Tolerant</td><td>Tolerant</td><td>Susceptible</td><td></td><td></td><td></td></tr>",1800-2200,,,Not Data,"Released for cultivation in Madhya Pradesh, Chhattisgarh, Uttar Pradesh, Tripura.                                                                                                                             Zonal check in advance varietal trial (Central) conducted by IIRR, India.",assets/img/pc-evidence/planting-method_alt.png,"{""data-disabled"":""true"",""data-show"":""false"",""data-pc_id"":88}",assets/img/pc-evidence/ecosystem_alt.png,"{""data-disabled"":""true"",""data-show"":""false"",""data-pc_id"":88}",assets/img/pc-evidence/positioning_alt.png,"{""data-disabled"":""true"",""data-show"":""false"",""data-pc_id"":88}",assets/img/pc-evidence/key-strengths_alt.png,"{""data-disabled"":""true"",""data-show"":""false"",""data-pc_id"":88}",assets/img/pc-evidence/considerations_alt.png,"{""data-disabled"":""true"",""data-show"":""false"",""data-pc_id"":88}",assets/img/pc-evidence/relative-variety-perf_alt.png,"{""data-disabled"":""true"",""data-show"":""false"",""data-pc_id"":88}",assets/img/pc-evidence/producibility_alt.png,"{""data-disabled"":""true"",""data-show"":""false"",""data-pc_id"":88}",88
PUSA 44,IARI-5901-2 x IR-8*),Inbred,India,"A medium maturity, medium tall, good yielding variety. Developed by IARI, New Delhi and released in 1994 for irrigated areas of Karnataka and Kerala. It has a long slender non-aromatic grain. Non-lodging and non-shattering.  Exhibits good tolerance to major diseases.",https://glomip.cgiar.org/uploads/product_catalog/Pusa_44.jpg,Rice Indica SA MS00299,Rice - Indica | Non-Hybrid | SA | Food; Long Soft | White | Lowlands; Drought Prone | Transplanted; Rainfed | Mid,TMeL-I,Recommended,Not Recommended,Recommended,Not Recommended,Not Recommended,Kavya,,,PR 126,,,<tr><td>Agronomic traits</td><td>Plant height</td><td>Medium Height</td></tr><tr><td>Maturity</td><td>Maturity duration</td><td>Medium maturity</td></tr><tr><td>Agronomic traits</td><td>Yield Potential</td><td>High yield potential</td></tr><tr><td>Grain shape</td><td>Grain shape (L:B)</td><td>Long slender</td></tr>,"<tr><td colspan=""3"">No Considerations data.</td></tr>","<tr><th rowspan=""2"">Variety</th>
                    <th colspan=""2"">Grain Yield</th>
                    <th rowspan=""2"">Maturity (days)</th>
                    <th rowspan=""2"">Plant height (cm)</th>
                    <th rowspan=""2"">Lodging</th>
                    <th rowspan=""2"">Shattering</th>
                    <th rowspan=""2"">1000 grain weight (g)</th>
                    <th rowspan=""2"">Panicle Threshability</th>
                    <th rowspan=""2"">HRR (%)</th>
                    <th rowspan=""2"">Amylose content (%)</th>
                    <th rowspan=""2"">Special Trait</th>
                    <th rowspan=""2"">Tillering</th></tr><tr><th>(kg/ha)</th><th>(% Adv)</th></tr>","<tr><td class=""must-variety-value"">PUSA 44</td><td>5000-5500</td><td>11</td><td>120-125</td><td>95-110</td><td>Tolerant</td><td>Tolerant</td><td>24.2</td><td></td><td>66</td><td>22.8</td><td></td><td></td></tr><tr><td class=""must-benchmark1-value"">Kavya</td><td>4500-5000</td><td></td><td>130-135</td><td>90-95</td><td>Susceptible</td><td>Tolerant</td><td>23.9</td><td></td><td>59</td><td>25</td><td></td><td></td></tr>",<th>Variety</th><th>Leaf blast</th><th>Bacterial leaf blight</th><th>Brown plant hopper</th><th>Brown Spot</th><td>Salinity</td><td>Submergence</td><td>Drought</td>,"<tr><td class=""must-variety-value"">PUSA 44</td><td>Resistant</td><td>Resistant</td><td>Tolerant</td><td>Tolerant</td><td></td><td></td><td></td></tr><tr><td class=""must-benchmark1-value"">Kavya</td><td>Tolerant</td><td>Tolerant</td><td>Susceptible</td><td>Susceptible</td><td></td><td></td><td></td></tr>",2200,,,Not Data,Suitbale for cultivation in irrigated belt of Karnataka and Kerala.,assets/img/pc-evidence/planting-method_alt.png,"{""data-disabled"":""true"",""data-show"":""false"",""data-pc_id"":89}",assets/img/pc-evidence/ecosystem_alt.png,"{""data-disabled"":""true"",""data-show"":""false"",""data-pc_id"":89}",assets/img/pc-evidence/positioning_alt.png,"{""data-disabled"":""true"",""data-show"":""false"",""data-pc_id"":89}",assets/img/pc-evidence/key-strengths_alt.png,"{""data-disabled"":""true"",""data-show"":""false"",""data-pc_id"":89}",assets/img/pc-evidence/considerations_alt.png,"{""data-disabled"":""true"",""data-show"":""false"",""data-pc_id"":89}",assets/img/pc-evidence/relative-variety-perf_alt.png,"{""data-disabled"":""true"",""data-show"":""false"",""data-pc_id"":89}",assets/img/pc-evidence/producibility_alt.png,"{""data-disabled"":""true"",""data-show"":""false"",""data-pc_id"":89}",89
NDR 359,BG90-2-4 x 08677,Inbred,India,"Medium duration, medium height variety developed at NDUAT, Faizabad in 1994 and released for cultivation in irrigated lowland of Uttar Pradesh, Bihar, and Odisha. Long bold heavy grains. High amylose content makes it excellent in cooking quality. Tolerant to lodging. Resistant to leaf blast and leaf blight.",https://glomip.cgiar.org/uploads/product_catalog/ndr_39.jpg,Rice Indica SA MS00299,Rice - Indica | Non-Hybrid | SA | Food; Long Soft | White | Lowlands; Drought Prone | Transplanted; Rainfed | Mid,TMeL-I,Recommended,Not Recommended,Recommended,Not Recommended,Not Recommended,IR-64,,,Sarju 52,,,<tr><td>Biotic stress</td><td>Leaf blast</td><td>Resistant to leaf blast</td></tr><tr><td>Grain Quality traits</td><td>Amylose content</td><td>High amylose content</td></tr><tr><td>Grain shape</td><td>Grain shape (L:B)</td><td>Long bold grain</td></tr><tr><td>Maturity</td><td>Maturity duration</td><td>Medium maturity</td></tr><tr><td>Agronomic traits</td><td>Plant height</td><td>Medium Height</td></tr><tr><td>Agronomic traits</td><td>Yield Potential</td><td>High yield potential</td></tr><tr><td>Biotic stress</td><td>Bacterial blight</td><td>Tolerant to leaf blight</td></tr>,"<tr><td colspan=""3"">No Considerations data.</td></tr>","<tr><th rowspan=""2"">Variety</th>
                    <th colspan=""2"">Grain Yield</th>
                    <th rowspan=""2"">Maturity (days)</th>
                    <th rowspan=""2"">Plant height (cm)</th>
                    <th rowspan=""2"">Lodging</th>
                    <th rowspan=""2"">Shattering</th>
                    <th rowspan=""2"">1000 grain weight (g)</th>
                    <th rowspan=""2"">Panicle Threshability</th>
                    <th rowspan=""2"">HRR (%)</th>
                    <th rowspan=""2"">Amylose content (%)</th>
                    <th rowspan=""2"">Special Trait</th>
                    <th rowspan=""2"">Tillering</th></tr><tr><th>(kg/ha)</th><th>(% Adv)</th></tr>","<tr><td class=""must-variety-value"">NDR 359</td><td>5000</td><td>16</td><td>125-135</td><td>100-110</td><td>Tolerant</td><td></td><td>26</td><td></td><td>67.5</td><td>27</td><td></td><td></td></tr><tr><td class=""must-benchmark1-value"">IR-64</td><td>4000-4300</td><td></td><td>115-120</td><td>100-105</td><td>Tolerant</td><td></td><td>23.1</td><td></td><td>67.2</td><td>24.5</td><td></td><td></td></tr>",<th>Variety</th><th>Leaf blast</th><th>Bacterial leaf blight</th><th>Brown plant hopper</th><th>Sheath blight</th><td>Salinity</td><td>Submergence</td><td>Drought</td>,"<tr><td class=""must-variety-value"">NDR 359</td><td>Resistant</td><td>Resistant</td><td>Tolerant</td><td>Tolerant</td><td></td><td></td><td>Tolerant</td></tr><tr><td class=""must-benchmark1-value"">IR-64</td><td>Tolerant</td><td>Resistant</td><td>Tolerant</td><td>Susceptible</td><td></td><td></td><td>Tolerant</td></tr>",2200,,,Not Data,"Recommended for irrigated medium ecologies of UP, Bihar and Odisha.
National check in irrigated medium varietal trials conducted by IIRR, India.",assets/img/pc-evidence/planting-method_alt.png,"{""data-disabled"":""true"",""data-show"":""false"",""data-pc_id"":90}",assets/img/pc-evidence/ecosystem_alt.png,"{""data-disabled"":""true"",""data-show"":""false"",""data-pc_id"":90}",assets/img/pc-evidence/positioning_alt.png,"{""data-disabled"":""true"",""data-show"":""false"",""data-pc_id"":90}",assets/img/pc-evidence/key-strengths_alt.png,"{""data-disabled"":""true"",""data-show"":""false"",""data-pc_id"":90}",assets/img/pc-evidence/considerations_alt.png,"{""data-disabled"":""true"",""data-show"":""false"",""data-pc_id"":90}",assets/img/pc-evidence/relative-variety-perf_alt.png,"{""data-disabled"":""true"",""data-show"":""false"",""data-pc_id"":90}",assets/img/pc-evidence/producibility_alt.png,"{""data-disabled"":""true"",""data-show"":""false"",""data-pc_id"":90}",90
NDR 97,Nagina 22 x Ratna,Inbred,India,"NDUAT, Faizabad, developed this variety in 1992 and recommended for UP, Odisha, and West Bengal. Early in maturity, dwarf with long slender grain, is ideal for direct-seeded rice in rainfed and upland growing environments. Low yield with low HRR. Because of its suitability in water deficit areas, this variety is quite popular in large tracts of UP and Madhya Pradesh. Tolerant to major diseases and insect pests",https://glomip.cgiar.org/uploads/product_catalog/NDR_97.png,Rice Indica SA MS00303,Rice - Indica | Non-Hybrid | SA | Food; Long Soft | White | Upland | Direct Seeded | Early,"DEL-U, DEL-R",Not Recommended,Recommended,Not Recommended,Recommended,Recommended,,Narendra dhan 118,Narendra dhan 118,,NDR 359,NDR 359,<tr><td>Biotic stress</td><td>Other</td><td>Tolerant to major diseases and pests</td></tr><tr><td>Maturity</td><td>Maturity duration</td><td>Early maturity </td></tr><tr><td>Agronomic traits</td><td>Plant height</td><td>Dwarf</td></tr><tr><td>Grain shape</td><td>Grain shape (L:B)</td><td>Long slender grain</td></tr>,<tr><td>Grain Quality traits</td><td>Head Rice Recovery</td><td>Moderate HRR</td></tr><tr><td>Agronomic traits</td><td>Yield Potential</td><td>Average yield potential</td></tr>,"<tr><th rowspan=""2"">Variety</th>
                    <th colspan=""2"">Grain Yield</th>
                    <th rowspan=""2"">Maturity (days)</th>
                    <th rowspan=""2"">Plant height (cm)</th>
                    <th rowspan=""2"">Lodging</th>
                    <th rowspan=""2"">Shattering</th>
                    <th rowspan=""2"">1000 grain weight (g)</th>
                    <th rowspan=""2"">Panicle Threshability</th>
                    <th rowspan=""2"">HRR (%)</th>
                    <th rowspan=""2"">Amylose content (%)</th>
                    <th rowspan=""2"">Special Trait</th>
                    <th rowspan=""2"">Tillering</th></tr><tr><th>(kg/ha)</th><th>(% Adv)</th></tr>","<tr><td class=""must-variety-value"">NDR 97</td><td>2500-3500</td><td></td><td>90-95</td><td>75-80</td><td>Tolerant</td><td></td><td>21.3</td><td></td><td>48.2</td><td>24.6</td><td></td><td></td></tr><tr><td class=""must-benchmark1-value"">Narendra dhan 118</td><td>3000-3500</td><td></td><td>85-90</td><td>85</td><td>Tolerant</td><td></td><td>22</td><td></td><td>48</td><td>25</td><td></td><td></td></tr>",<th>Variety</th><th>Leaf blast</th><th>Bacterial leaf blight</th><th>Brown plant hopper</th><th>Brown Spot</th><th>Stem borer</th><td>Salinity</td><td>Submergence</td><td>Drought</td>,"<tr><td class=""must-variety-value"">NDR 97</td><td>Resistant</td><td>Resistant</td><td>Tolerant</td><td>Resistant</td><td>Tolerant</td><td></td><td></td><td>Tolerant</td></tr><tr><td class=""must-benchmark1-value"">Narendra dhan 118</td><td>Tolerant</td><td>Resistant</td><td>Tolerant</td><td>Tolerant</td><td>Susceptible</td><td></td><td></td><td>Tolerant</td></tr>",1200,,,Not Data,"Recommended for UP, Punjab, Haryana and Madhya Pradesh
 Check in zone III &amp;amp; IV (E, NE) for Initial varietal trials conducted by IIII, India",assets/img/pc-evidence/planting-method_alt.png,"{""data-disabled"":""true"",""data-show"":""false"",""data-pc_id"":91}",assets/img/pc-evidence/ecosystem_alt.png,"{""data-disabled"":""true"",""data-show"":""false"",""data-pc_id"":91}",assets/img/pc-evidence/positioning_alt.png,"{""data-disabled"":""true"",""data-show"":""false"",""data-pc_id"":91}",assets/img/pc-evidence/key-strengths_alt.png,"{""data-disabled"":""true"",""data-show"":""false"",""data-pc_id"":91}",assets/img/pc-evidence/considerations_alt.png,"{""data-disabled"":""true"",""data-show"":""false"",""data-pc_id"":91}",assets/img/pc-evidence/relative-variety-perf_alt.png,"{""data-disabled"":""true"",""data-show"":""false"",""data-pc_id"":91}",assets/img/pc-evidence/producibility_alt.png,"{""data-disabled"":""true"",""data-show"":""false"",""data-pc_id"":91}",91
IR-64,IR5657-33-2-1* x IR2061-465-1-5-5*),,India,"A good yielding, early maturity, medium tall, long-slender grain variety grown extensively in irrigated low land conditions. Developed by IIRR &amp;amp; IRRI and released in 1991 for Central &amp;amp; Western India. High tillering. Good grain quality, tolerant to major diseases and insect pest. Extensively used in breeding programs as a base material to develop improved varieties.",https://glomip.cgiar.org/uploads/product_catalog/IR_64.jpg,Rice Indica SA MS00307,Rice - Indica | Non-Hybrid | SA | Food; Medium Soft | White | Lowlands | Transplanted; Irrigated | Early,TEL-I,Recommended,Not Recommended,Recommended,Not Recommended,Not Recommended,IR-36,,,Local,,,<tr><td>Cooking quality</td><td>Cooked quality (grain texture)</td><td>Good cooking quality</td></tr><tr><td>Agronomic traits</td><td>Plant height</td><td>Medium Height</td></tr><tr><td>Agronomic traits</td><td>Other</td><td>High tillering</td></tr><tr><td>Other key traits</td><td>Other</td><td>Widely cultivated variety</td></tr><tr><td>Biotic stress</td><td>Bacterial blight</td><td>Resistant to leaf blight</td></tr><tr><td>Grain Quality traits</td><td>Other</td><td>Good grain weight </td></tr>,<tr><td>Agronomic traits</td><td>Other</td><td>Average number of spikelet </td></tr><tr><td>Abiotic stress</td><td>Iron toxicity (vegetative to reproductive stage)</td><td>Susceptible </td></tr><tr><td>Abiotic stress</td><td>Other</td><td>Sensitive to high temperature </td></tr><tr><td>Biotic stress</td><td>Tungro</td><td>Susceptible </td></tr><tr><td>Grain Quality traits</td><td>Head Rice Recovery</td><td>Average HRR</td></tr>,"<tr><th rowspan=""2"">Variety</th>
                    <th colspan=""2"">Grain Yield</th>
                    <th rowspan=""2"">Maturity (days)</th>
                    <th rowspan=""2"">Plant height (cm)</th>
                    <th rowspan=""2"">Lodging</th>
                    <th rowspan=""2"">Shattering</th>
                    <th rowspan=""2"">1000 grain weight (g)</th>
                    <th rowspan=""2"">Panicle Threshability</th>
                    <th rowspan=""2"">HRR (%)</th>
                    <th rowspan=""2"">Amylose content (%)</th>
                    <th rowspan=""2"">Special Trait</th>
                    <th rowspan=""2"">Tillering</th></tr><tr><th>(kg/ha)</th><th>(% Adv)</th></tr>","<tr><td class=""must-variety-value"">IR-64</td><td>4000-4300</td><td>8</td><td>110-115</td><td>100-105</td><td>Tolerant</td><td></td><td>23.1</td><td></td><td>49.1</td><td>24.5</td><td></td><td></td></tr><tr><td class=""must-benchmark1-value"">IR-36</td><td>3000-4000</td><td></td><td>105-110</td><td>95-100</td><td>Tolerant</td><td></td><td>21</td><td></td><td>48.6</td><td>26.7</td><td></td><td></td></tr>",<th>Variety</th><th>Leaf blast</th><th>Bacterial leaf blight</th><th>Brown plant hopper</th><th>Sheath blight</th><th>Leaf folder</th><th>Gall Midge</th><td>Salinity</td><td>Submergence</td><td>Drought</td>,"<tr><td class=""must-variety-value"">IR-64</td><td>Tolerant</td><td>Resistant</td><td>Tolerant</td><td>Susceptible</td><td>Tolerant</td><td>Tolerant</td><td></td><td></td><td></td></tr><tr><td class=""must-benchmark1-value"">IR-36</td><td>Tolerant</td><td>Resistant</td><td>Tolerant</td><td>Susceptible</td><td>Tolerant</td><td>Susceptible</td><td></td><td></td><td></td></tr>",1600-1800,,,Not Data,"Released for cultivation in Chhattisgarh, Maharashtra.                                                                                                                           National check in advance varietal trial (mid-early) conducted by IIRR, India.",assets/img/pc-evidence/planting-method_alt.png,"{""data-disabled"":""true"",""data-show"":""false"",""data-pc_id"":92}",assets/img/pc-evidence/ecosystem_alt.png,"{""data-disabled"":""true"",""data-show"":""false"",""data-pc_id"":92}",assets/img/pc-evidence/positioning_alt.png,"{""data-disabled"":""true"",""data-show"":""false"",""data-pc_id"":92}",assets/img/pc-evidence/key-strengths_alt.png,"{""data-disabled"":""true"",""data-show"":""false"",""data-pc_id"":92}",assets/img/pc-evidence/considerations_alt.png,"{""data-disabled"":""true"",""data-show"":""false"",""data-pc_id"":92}",assets/img/pc-evidence/relative-variety-perf_alt.png,"{""data-disabled"":""true"",""data-show"":""false"",""data-pc_id"":92}",assets/img/pc-evidence/producibility_alt.png,"{""data-disabled"":""true"",""data-show"":""false"",""data-pc_id"":92}",92
Samba Mahsuri (BPT-5204),GEB24 x T(N)1 x Mahasuri,Inbred,India,"A high-yielding, late maturity, semi-dwarf, short slender grain variety,  grown extensively in southern &amp; eastern India. Developed by ARS, Bapatla and released in 1989 for rainfed shallow lowland areas. Excellent productive tillering and erect, sturdy stem with good grain quality. Highly popular variety. Ideal genotype for identifying mutational changes and varietal improvements with traits of agronomic importance.",https://glomip.cgiar.org/uploads/product_catalog,Rice Indica SA MS00310,Rice - Indica | Non-Hybrid | SA | Food; Small Firm | White | Lowlands | Transplanted; Rainfed | Late,TLaS-R,Recommended,Not Recommended,Not Recommended,Recommended,Not Recommended,,IR-36,,,"Padmini, Moti",,<tr><td>Agronomic traits</td><td>Plant height</td><td>Semi dwarf</td></tr><tr><td>Agronomic traits</td><td>Yield Potential</td><td>High yield potential</td></tr><tr><td>Cooking quality</td><td>Cooked quality (grain texture)</td><td>Good cooking quality</td></tr><tr><td>Agronomic traits</td><td>Other</td><td>High tillering</td></tr>,<tr><td>Biotic stress</td><td>Brown Plant Hopper  (vegetative to maturity stage)</td><td>Susceptible </td></tr><tr><td>Agronomic traits</td><td>Other</td><td>Problem of incomplete panicle emergence </td></tr><tr><td>Biotic stress</td><td>Bacterial blight</td><td>Susceptible to leaf blight</td></tr>,"<tr><th rowspan=""2"">Variety</th>
                    <th colspan=""2"">Grain Yield</th>
                    <th rowspan=""2"">Maturity (days)</th>
                    <th rowspan=""2"">Plant height (cm)</th>
                    <th rowspan=""2"">Lodging</th>
                    <th rowspan=""2"">Shattering</th>
                    <th rowspan=""2"">1000 grain weight (g)</th>
                    <th rowspan=""2"">Panicle Threshability</th>
                    <th rowspan=""2"">HRR (%)</th>
                    <th rowspan=""2"">Amylose content (%)</th>
                    <th rowspan=""2"">Special Trait</th>
                    <th rowspan=""2"">Tillering</th></tr><tr><th>(kg/ha)</th><th>(% Adv)</th></tr>","<tr><td class=""must-variety-value"">Samba Mahsuri (BPT-5204)</td><td>5500-6500</td><td>38</td><td>140-145</td><td>80-90</td><td>Tolerant</td><td></td><td>22.6</td><td></td><td>65.2</td><td>22.5</td><td></td><td></td></tr><tr><td class=""must-benchmark1-value"">IR-36</td><td>3000-4000</td><td></td><td>105-110</td><td>95-100</td><td>Susceptible</td><td></td><td>21</td><td></td><td>48.6</td><td>26.7</td><td></td><td></td></tr>",<th>Variety</th><th>Leaf blast</th><th>Bacterial leaf blight</th><th>Brown plant hopper</th><th>Sheath blight</th><th>Gall Midge</th><td>Salinity</td><td>Submergence</td><td>Drought</td>,"<tr><td class=""must-variety-value"">Samba Mahsuri (BPT-5204)</td><td>Resistant</td><td>Susceptible</td><td>Susceptible</td><td>Tolerant</td><td>Resistant</td><td>Tolerant</td><td></td><td></td></tr><tr><td class=""must-benchmark1-value"">IR-36</td><td>Tolerant</td><td>Resistant</td><td>Tolerant</td><td>Susceptible</td><td>Susceptible</td><td>Tolerant</td><td></td><td></td></tr>",2200-2600,Samba Mahsuri,,Not Data,"Released for cultivation in Telangana, Andhra Pradesh, Karnataka.                                                                                                                                         National check for medium slender, late maturity, bio-fortified varietal trials.",assets/img/pc-evidence/planting-method_alt.png,"{""data-disabled"":""true"",""data-show"":""false"",""data-pc_id"":93}",assets/img/pc-evidence/ecosystem_alt.png,"{""data-disabled"":""true"",""data-show"":""false"",""data-pc_id"":93}",assets/img/pc-evidence/positioning_alt.png,"{""data-disabled"":""true"",""data-show"":""false"",""data-pc_id"":93}",assets/img/pc-evidence/key-strengths_alt.png,"{""data-disabled"":""true"",""data-show"":""false"",""data-pc_id"":93}",assets/img/pc-evidence/considerations_alt.png,"{""data-disabled"":""true"",""data-show"":""false"",""data-pc_id"":93}",assets/img/pc-evidence/relative-variety-perf_alt.png,"{""data-disabled"":""true"",""data-show"":""false"",""data-pc_id"":93}",assets/img/pc-evidence/producibility_alt.png,"{""data-disabled"":""true"",""data-show"":""false"",""data-pc_id"":93}",93
Swarana (MTU-7029),Vasista x Mahsuri,Inbred,India,"A high yielding, late maturity, short-bold, semi-dwarf, widely adaptable variety extensively grown in India under Irrigated lowland conditions. Developed by ANGRAU (Maruteru) and released in 1980 for planting in the states of Southern and Eastern India. Low nitrogen responsive with tolerance to low soil phosphorus level. Excellent grain and eating quality with low glycemic index. High HRR. Resistant to leaf blight. Susceptible to leaf blast, sheath blight, BPH &amp; gall midge.",https://glomip.cgiar.org/uploads/product_catalog/swarna-masuri-paddy-rice-500x500.jpg,Rice Indica SA MS00309,Rice - Indica | Non-Hybrid | SA | Food; Small Firm | White | Lowlands | Transplanted; Irrigated | Late,TLaS-I,Recommended,Not Recommended,Recommended,Not Recommended,Not Recommended,Anamika,,,Savitri,,,<tr><td>Agronomic traits</td><td>Plant height</td><td>Semi dwarf</td></tr><tr><td>Agronomic traits</td><td>Yield Potential</td><td>High yield potential</td></tr><tr><td>Maturity</td><td>Maturity duration</td><td>Medium maturity</td></tr><tr><td>Cooking quality</td><td>Cooked quality (grain texture)</td><td>Good cooking quality</td></tr><tr><td>Grain Quality traits</td><td>Head Rice Recovery</td><td>High HRR</td></tr><tr><td>Biotic stress</td><td>Bacterial blight</td><td>Resistant to leaf blight</td></tr>,<tr><td>Agronomic traits</td><td>Lodging</td><td>Susceptible </td></tr><tr><td>Abiotic stress</td><td>Submergence</td><td>Susceptible </td></tr><tr><td>Grain Quality traits</td><td>Other</td><td>Low grain weight</td></tr><tr><td>Biotic stress</td><td>Sheath blight</td><td>Susceptible </td></tr><tr><td>Biotic stress</td><td>Leaf blast</td><td>Susceptible </td></tr><tr><td>Biotic stress</td><td>Brown Plant Hopper  (vegetative to maturity stage)</td><td>Susceptible </td></tr><tr><td>Biotic stress</td><td>Gall Midge (% infected tillers)</td><td>Susceptible </td></tr><tr><td>Agronomic traits</td><td>Other</td><td>Poor panicle initiation in late planting</td></tr>,"<tr><th rowspan=""2"">Variety</th>
                    <th colspan=""2"">Grain Yield</th>
                    <th rowspan=""2"">Maturity (days)</th>
                    <th rowspan=""2"">Plant height (cm)</th>
                    <th rowspan=""2"">Lodging</th>
                    <th rowspan=""2"">Shattering</th>
                    <th rowspan=""2"">1000 grain weight (g)</th>
                    <th rowspan=""2"">Panicle Threshability</th>
                    <th rowspan=""2"">HRR (%)</th>
                    <th rowspan=""2"">Amylose content (%)</th>
                    <th rowspan=""2"">Special Trait</th>
                    <th rowspan=""2"">Tillering</th></tr><tr><th>(kg/ha)</th><th>(% Adv)</th></tr>","<tr><td class=""must-variety-value"">Swarana (MTU-7029)</td><td>5500-6000</td><td>33</td><td>135-140</td><td>85-90</td><td>Susceptible</td><td></td><td>15.9</td><td></td><td>69</td><td>26.1</td><td></td><td></td></tr><tr><td class=""must-benchmark1-value"">Anamika</td><td>4500-5000</td><td></td><td>145-150</td><td>100-110</td><td>Susceptible</td><td></td><td></td><td></td><td></td><td>23</td><td></td><td></td></tr>",<th>Variety</th><th>Leaf blast</th><th>Bacterial leaf blight</th><th>Brown plant hopper</th><th>Sheath blight</th><th>Gall Midge</th><td>Salinity</td><td>Submergence</td><td>Drought</td>,"<tr><td class=""must-variety-value"">Swarana (MTU-7029)</td><td>Susceptible</td><td>Resistant</td><td>Susceptible</td><td>Susceptible</td><td>Suscepetible</td><td></td><td>Susceptible</td><td></td></tr><tr><td class=""must-benchmark1-value"">Anamika</td><td>Susceptible</td><td>Resistant</td><td>Susceptible</td><td>Susceptible</td><td>Susceptible</td><td></td><td>Susceptible</td><td></td></tr>",2200-2400,,,Not Data,"Released for cultivation in Andhra Pradesh, Telangana, Karnataka, Odisha &amp;amp; west Bengal 
National check in advance varietal trial (late) conducted by IIRR, India.",assets/img/pc-evidence/planting-method_alt.png,"{""data-disabled"":""true"",""data-show"":""false"",""data-pc_id"":94}",assets/img/pc-evidence/ecosystem_alt.png,"{""data-disabled"":""true"",""data-show"":""false"",""data-pc_id"":94}",assets/img/pc-evidence/positioning_alt.png,"{""data-disabled"":""true"",""data-show"":""false"",""data-pc_id"":94}",assets/img/pc-evidence/key-strengths_alt.png,"{""data-disabled"":""true"",""data-show"":""false"",""data-pc_id"":94}",assets/img/pc-evidence/considerations_alt.png,"{""data-disabled"":""true"",""data-show"":""false"",""data-pc_id"":94}",assets/img/pc-evidence/relative-variety-perf_alt.png,"{""data-disabled"":""true"",""data-show"":""false"",""data-pc_id"":94}",assets/img/pc-evidence/producibility_alt.png,"{""data-disabled"":""true"",""data-show"":""false"",""data-pc_id"":94}",94
DRR Dhan 42 (IR-64 DRT-1),IR 77298-14-1-2-10* x IR 77298-5-6-11*,,Philippines,"Early maturity, medium height, long slender, high yielding and widely adaptable variety grown in India under irrigated lowland and upland conditions. Drought tolerant variety with good adaptability in water scarce conditions. Yield advantage of around 1.0 mt/ha over other varieties of similar maturity under drought stress conditions. Developed by IIRR &amp;amp; IRRI and released in 2016 for cultivation in the Southern and Central India. Tolerant to lodging and grain shattering. Excellent grain and eating quality.",https://glomip.cgiar.org/uploads/product_catalog/DRR_dhan422.png,,,-,Recommended,Recommended,Recommended,Not Recommended,Recommended,Sahbhagi Dhan,None,IR64,CR Dhan 500,None,DRR dhan 44,"<tr><td>Hybrid traits</td><td>Other</td><td>High yield, drought tolerant, Long slender grain, Early maturity; Non-lodging; non-shattering, Excellent eating quality, Resistant to leaf blast</td></tr>","<tr><td>Biotic stress</td><td>Other</td><td>Sensitive to low temperature, Susceptible to Sheath blight, Moderate HRR</td></tr>","<tr><th rowspan=""2"">Variety</th>
                    <th colspan=""2"">Grain Yield</th>
                    <th rowspan=""2"">Maturity (days)</th>
                    <th rowspan=""2"">Plant height (cm)</th>
                    <th rowspan=""2"">Lodging</th>
                    <th rowspan=""2"">Shattering</th>
                    <th rowspan=""2"">1000 grain weight (g)</th>
                    <th rowspan=""2"">Panicle Threshability</th>
                    <th rowspan=""2"">HRR (%)</th>
                    <th rowspan=""2"">Amylose content (%)</th>
                    <th rowspan=""2"">Special Trait</th>
                    <th rowspan=""2"">Tillering</th></tr><tr><th>(kg/ha)</th><th>(% Adv)</th></tr>","<tr><td class=""must-variety-value"">DRR Dhan 42 (IR-64 DRT-1)</td><td>5500-6000</td><td>33</td><td>115-120</td><td>100-105</td><td>Tolerant</td><td></td><td>26.4</td><td></td><td>56.4</td><td>24.1</td><td></td><td></td></tr><tr><td class=""must-benchmark1-value"">Sahbhagi Dhan</td><td>3800-4500</td><td></td><td>100</td><td>85-90</td><td>Tolerant</td><td></td><td>22.3</td><td></td><td>64.7</td><td>24.7</td><td></td><td></td></tr>",<th>Variety</th><th>Leaf blast</th><th>Bacterial leaf blight</th><th>Brown plant hopper</th><th>Sheath blight</th><th>Brown spot</th><td>Salinity</td><td>Submergence</td><td>Drought</td>,"<tr><td class=""must-variety-value"">DRR Dhan 42 (IR-64 DRT-1)</td><td>Resistant</td><td>Tolerant</td><td></td><td>Susceptible</td><td>Tolerant</td><td></td><td></td><td>Tolerant</td></tr><tr><td class=""must-benchmark1-value"">Sahbhagi Dhan</td><td>Tolerant</td><td>Susceptible</td><td></td><td>Tolerant</td><td>Susceptible</td><td></td><td></td><td>Tolerant</td></tr>",2200-2400,,,Advance,"Released for cultivation in Telangana, Tamilnadu, Andhra Pradesh, Madhya Pradesh, Chhattisgarh, Jharkhand",assets/img/pc-evidence/planting-method_alt.png,"{""data-disabled"":""true"",""data-show"":""false"",""data-pc_id"":96}",assets/img/pc-evidence/ecosystem_alt.png,"{""data-disabled"":""true"",""data-show"":""false"",""data-pc_id"":96}",assets/img/pc-evidence/positioning_alt.png,"{""data-disabled"":""true"",""data-show"":""false"",""data-pc_id"":96}",assets/img/pc-evidence/key-strengths_alt.png,"{""data-disabled"":""true"",""data-show"":""false"",""data-pc_id"":96}",assets/img/pc-evidence/considerations_alt.png,"{""data-disabled"":""true"",""data-show"":""false"",""data-pc_id"":96}",assets/img/pc-evidence/relative-variety-perf_alt.png,"{""data-disabled"":""true"",""data-show"":""false"",""data-pc_id"":96}",assets/img/pc-evidence/producibility_alt.png,"{""data-disabled"":""true"",""data-show"":""false"",""data-pc_id"":96}",96
PSB Rc 18,IR24594-204-1-3-2-6/IR28222-9-2-2-2-2,Inbred,Philippines,-,https://glomip.cgiar.org/uploads/product_catalog,,,-,Recommended,Not Recommended,Recommended,Not Recommended,Not Recommended,,,,,,,<tr><td>Cooking quality</td><td>Cooked quality (grain texture)</td><td>Soft</td></tr><tr><td>Biotic stress</td><td>Brown planthopper</td><td>-</td></tr><tr><td>Maturity</td><td>Maturity duration</td><td>Medium maturing</td></tr><tr><td>Grain Quality traits</td><td>Other</td><td>Good grain quality</td></tr>,<tr><td>Biotic stress</td><td>Bacterial blight</td><td>Leaf blight</td></tr><tr><td>Biotic stress</td><td>Stemborer</td><td>Yellow stemborer</td></tr><tr><td>Biotic stress</td><td>Tungro</td><td>-</td></tr>,"<tr><th rowspan=""2"">Variety</th>
                    <th colspan=""2"">Grain Yield</th>
                    <th rowspan=""2"">Maturity (days)</th>
                    <th rowspan=""2"">Plant height (cm)</th>
                    <th rowspan=""2"">Lodging</th>
                    <th rowspan=""2"">Shattering</th>
                    <th rowspan=""2"">1000 grain weight (g)</th>
                    <th rowspan=""2"">Panicle Threshability</th>
                    <th rowspan=""2"">HRR (%)</th>
                    <th rowspan=""2"">Amylose content (%)</th>
                    <th rowspan=""2"">Special Trait</th>
                    <th rowspan=""2"">Tillering</th></tr><tr><th>(kg/ha)</th><th>(% Adv)</th></tr>","<tr><td class=""must-variety-value"">PSB Rc 18</td><td>5100 - 8100</td><td></td><td>Medium (120-125 days)</td><td></td><td></td><td></td><td></td><td></td><td></td><td></td><td></td><td></td></tr><tr><td class=""must-benchmark1-value""></td><td>4110</td><td></td><td></td><td></td><td></td><td></td><td></td><td></td><td></td><td></td><td></td><td></td></tr>",<th>Variety</th><th>Leaf blast</th><th>Bacterial leaf blight</th><th>Brown plant hopper</th><td>Salinity</td><td>Submergence</td><td>Drought</td>,"<tr><td class=""must-variety-value"">PSB Rc 18</td><td></td><td></td><td></td><td></td><td></td><td></td></tr><tr><td class=""must-benchmark1-value""></td><td></td><td></td><td></td><td></td><td></td><td></td></tr>",,,,Not Data,,assets/img/pc-evidence/planting-method_alt.png,"{""data-disabled"":""true"",""data-show"":""false"",""data-pc_id"":98}",assets/img/pc-evidence/ecosystem_alt.png,"{""data-disabled"":""true"",""data-show"":""false"",""data-pc_id"":98}",assets/img/pc-evidence/positioning_alt.png,"{""data-disabled"":""true"",""data-show"":""false"",""data-pc_id"":98}",assets/img/pc-evidence/key-strengths_alt.png,"{""data-disabled"":""true"",""data-show"":""false"",""data-pc_id"":98}",assets/img/pc-evidence/considerations_alt.png,"{""data-disabled"":""true"",""data-show"":""false"",""data-pc_id"":98}",assets/img/pc-evidence/relative-variety-perf_alt.png,"{""data-disabled"":""true"",""data-show"":""false"",""data-pc_id"":98}",assets/img/pc-evidence/producibility_alt.png,"{""data-disabled"":""true"",""data-show"":""false"",""data-pc_id"":98}",98
PSB Rc 82,IR47761-27-1-3-6/PSB Rc28,Inbred,Philippines,-,https://glomip.cgiar.org/uploads/product_catalog,,,-,Recommended,Not Recommended,Recommended,Not Recommended,Not Recommended,,,,,,,<tr><td>Biotic stress</td><td>Other</td><td>Deadhearts (Yellow stemborer)</td></tr><tr><td>Biotic stress</td><td>Leaf blast</td><td>-</td></tr><tr><td>Maturity</td><td>Maturity duration</td><td>Early maturing</td></tr><tr><td>Grain Quality traits</td><td>Other</td><td>Good grain quality</td></tr><tr><td>Grain Quality traits</td><td>Head Rice Recovery</td><td>High HRR</td></tr><tr><td>Cooking quality</td><td>Cooked quality (grain texture)</td><td>Soft</td></tr>,<tr><td>Biotic stress</td><td>Green leafhopper</td><td>-</td></tr><tr><td>Biotic stress</td><td>Tungro</td><td>-</td></tr>,"<tr><th rowspan=""2"">Variety</th>
                    <th colspan=""2"">Grain Yield</th>
                    <th rowspan=""2"">Maturity (days)</th>
                    <th rowspan=""2"">Plant height (cm)</th>
                    <th rowspan=""2"">Lodging</th>
                    <th rowspan=""2"">Shattering</th>
                    <th rowspan=""2"">1000 grain weight (g)</th>
                    <th rowspan=""2"">Panicle Threshability</th>
                    <th rowspan=""2"">HRR (%)</th>
                    <th rowspan=""2"">Amylose content (%)</th>
                    <th rowspan=""2"">Special Trait</th>
                    <th rowspan=""2"">Tillering</th></tr><tr><th>(kg/ha)</th><th>(% Adv)</th></tr>","<tr><td class=""must-variety-value"">PSB Rc 82</td><td>5400 - 12000</td><td></td><td>Early (110-112 days)</td><td></td><td></td><td></td><td></td><td></td><td></td><td></td><td></td><td></td></tr><tr><td class=""must-benchmark1-value""></td><td>4110</td><td></td><td></td><td></td><td></td><td></td><td></td><td></td><td></td><td></td><td></td><td></td></tr>",<th>Variety</th><th>Leaf blast</th><th>Bacterial leaf blight</th><th>Brown plant hopper</th><td>Salinity</td><td>Submergence</td><td>Drought</td>,"<tr><td class=""must-variety-value"">PSB Rc 82</td><td></td><td></td><td></td><td></td><td></td><td></td></tr><tr><td class=""must-benchmark1-value""></td><td></td><td></td><td></td><td></td><td></td><td></td></tr>",,,,Not Data,,assets/img/pc-evidence/planting-method_alt.png,"{""data-disabled"":""true"",""data-show"":""false"",""data-pc_id"":99}",assets/img/pc-evidence/ecosystem_alt.png,"{""data-disabled"":""true"",""data-show"":""false"",""data-pc_id"":99}",assets/img/pc-evidence/positioning_alt.png,"{""data-disabled"":""true"",""data-show"":""false"",""data-pc_id"":99}",assets/img/pc-evidence/key-strengths_alt.png,"{""data-disabled"":""true"",""data-show"":""false"",""data-pc_id"":99}",assets/img/pc-evidence/considerations_alt.png,"{""data-disabled"":""true"",""data-show"":""false"",""data-pc_id"":99}",assets/img/pc-evidence/relative-variety-perf_alt.png,"{""data-disabled"":""true"",""data-show"":""false"",""data-pc_id"":99}",assets/img/pc-evidence/producibility_alt.png,"{""data-disabled"":""true"",""data-show"":""false"",""data-pc_id"":99}",99
NSIC Rc 122,IR44625-139-2-2-3/IR32822-94-3-3-2-2,Inbred,Philippines,-,https://glomip.cgiar.org/uploads/product_catalog,,,-,Recommended,Not Recommended,Recommended,Not Recommended,Not Recommended,,,,,,,"<tr><td>Cooking quality</td><td>Cooked quality (grain texture)</td><td>Soft</td></tr><tr><td>Grain Quality traits</td><td>Other</td><td>Good grain quality</td></tr><tr><td>Biotic stress</td><td>Other</td><td>Deadhearts (Yellow stemborer)</td></tr><tr><td>Biotic stress</td><td>Leaf blast</td><td>-</td></tr><tr><td>Maturity</td><td>Maturity duration</td><td>Medium maturing</td></tr><tr><td>Agronomic traits</td><td>Other</td><td>Low solar radiation, Fairly high precipitation</td></tr>",<tr><td>Biotic stress</td><td>Tungro</td><td>-</td></tr>,"<tr><th rowspan=""2"">Variety</th>
                    <th colspan=""2"">Grain Yield</th>
                    <th rowspan=""2"">Maturity (days)</th>
                    <th rowspan=""2"">Plant height (cm)</th>
                    <th rowspan=""2"">Lodging</th>
                    <th rowspan=""2"">Shattering</th>
                    <th rowspan=""2"">1000 grain weight (g)</th>
                    <th rowspan=""2"">Panicle Threshability</th>
                    <th rowspan=""2"">HRR (%)</th>
                    <th rowspan=""2"">Amylose content (%)</th>
                    <th rowspan=""2"">Special Trait</th>
                    <th rowspan=""2"">Tillering</th></tr><tr><th>(kg/ha)</th><th>(% Adv)</th></tr>","<tr><td class=""must-variety-value"">NSIC Rc 122</td><td>4700 - 8900</td><td></td><td>Medium (120-122)</td><td></td><td></td><td></td><td></td><td></td><td></td><td></td><td></td><td></td></tr><tr><td class=""must-benchmark1-value""></td><td>4110</td><td></td><td></td><td></td><td></td><td></td><td></td><td></td><td></td><td></td><td></td><td></td></tr>",<th>Variety</th><th>Leaf blast</th><th>Bacterial leaf blight</th><th>Brown plant hopper</th><td>Salinity</td><td>Submergence</td><td>Drought</td>,"<tr><td class=""must-variety-value"">NSIC Rc 122</td><td></td><td></td><td></td><td></td><td></td><td></td></tr><tr><td class=""must-benchmark1-value""></td><td></td><td></td><td></td><td></td><td></td><td></td></tr>",,,,Not Data,,assets/img/pc-evidence/planting-method_alt.png,"{""data-disabled"":""true"",""data-show"":""false"",""data-pc_id"":100}",assets/img/pc-evidence/ecosystem_alt.png,"{""data-disabled"":""true"",""data-show"":""false"",""data-pc_id"":100}",assets/img/pc-evidence/positioning_alt.png,"{""data-disabled"":""true"",""data-show"":""false"",""data-pc_id"":100}",assets/img/pc-evidence/key-strengths_alt.png,"{""data-disabled"":""true"",""data-show"":""false"",""data-pc_id"":100}",assets/img/pc-evidence/considerations_alt.png,"{""data-disabled"":""true"",""data-show"":""false"",""data-pc_id"":100}",assets/img/pc-evidence/relative-variety-perf_alt.png,"{""data-disabled"":""true"",""data-show"":""false"",""data-pc_id"":100}",assets/img/pc-evidence/producibility_alt.png,"{""data-disabled"":""true"",""data-show"":""false"",""data-pc_id"":100}",100
NSIC Rc 152,PR26134-12-6-3-1/PR26684-31-2-2-5-1,Inbred,Philippines,-,https://glomip.cgiar.org/uploads/product_catalog,,,-,Recommended,Recommended,Recommended,Not Recommended,Not Recommended,,,,,,,<tr><td>Biotic stress</td><td>Other</td><td>Whiteheads (Yellow stemborer)</td></tr><tr><td>Biotic stress</td><td>Bacterial blight</td><td>Leaf blight</td></tr><tr><td>Maturity</td><td>Maturity duration</td><td>Early maturing</td></tr><tr><td>Biotic stress</td><td>Leaf blast</td><td>Moderate Leaf blast</td></tr><tr><td>Cooking quality</td><td>Cooked quality (grain texture)</td><td>Firm</td></tr><tr><td>Grain Quality traits</td><td>Head Rice Recovery</td><td>Good HRR</td></tr>,<tr><td>Biotic stress</td><td>Green leafhopper</td><td>-</td></tr><tr><td>Biotic stress</td><td>Tungro</td><td>-</td></tr><tr><td>Biotic stress</td><td>Sheath blight</td><td>-</td></tr><tr><td>Biotic stress</td><td>Brown planthopper</td><td>-</td></tr>,"<tr><th rowspan=""2"">Variety</th>
                    <th colspan=""2"">Grain Yield</th>
                    <th rowspan=""2"">Maturity (days)</th>
                    <th rowspan=""2"">Plant height (cm)</th>
                    <th rowspan=""2"">Lodging</th>
                    <th rowspan=""2"">Shattering</th>
                    <th rowspan=""2"">1000 grain weight (g)</th>
                    <th rowspan=""2"">Panicle Threshability</th>
                    <th rowspan=""2"">HRR (%)</th>
                    <th rowspan=""2"">Amylose content (%)</th>
                    <th rowspan=""2"">Special Trait</th>
                    <th rowspan=""2"">Tillering</th></tr><tr><th>(kg/ha)</th><th>(% Adv)</th></tr>","<tr><td class=""must-variety-value"">NSIC Rc 152</td><td>6000 - 8700</td><td></td><td>Transplanted Early (108-110); Direct wet seeded Ve</td><td></td><td></td><td></td><td></td><td></td><td></td><td></td><td></td><td></td></tr><tr><td class=""must-benchmark1-value""></td><td>4110</td><td></td><td></td><td></td><td></td><td></td><td></td><td></td><td></td><td></td><td></td><td></td></tr>",<th>Variety</th><th>Leaf blast</th><th>Bacterial leaf blight</th><th>Brown plant hopper</th><td>Salinity</td><td>Submergence</td><td>Drought</td>,"<tr><td class=""must-variety-value"">NSIC Rc 152</td><td></td><td></td><td></td><td></td><td></td><td></td></tr><tr><td class=""must-benchmark1-value""></td><td></td><td></td><td></td><td></td><td></td><td></td></tr>",,,,Not Applicable,,assets/img/pc-evidence/planting-method_alt.png,"{""data-disabled"":""true"",""data-show"":""false"",""data-pc_id"":101}",assets/img/pc-evidence/ecosystem_alt.png,"{""data-disabled"":""true"",""data-show"":""false"",""data-pc_id"":101}",assets/img/pc-evidence/positioning_alt.png,"{""data-disabled"":""true"",""data-show"":""false"",""data-pc_id"":101}",assets/img/pc-evidence/key-strengths_alt.png,"{""data-disabled"":""true"",""data-show"":""false"",""data-pc_id"":101}",assets/img/pc-evidence/considerations_alt.png,"{""data-disabled"":""true"",""data-show"":""false"",""data-pc_id"":101}",assets/img/pc-evidence/relative-variety-perf_alt.png,"{""data-disabled"":""true"",""data-show"":""false"",""data-pc_id"":101}",assets/img/pc-evidence/producibility_alt.png,"{""data-disabled"":""true"",""data-show"":""false"",""data-pc_id"":101}",101
NSIC Rc 158,IR73885-1-4-3-2-1-6/IR70479-45-2-3//IR64680-81-2-2-1-3,Inbred,Philippines,-,https://glomip.cgiar.org/uploads/product_catalog,,,-,Recommended,Not Recommended,Recommended,Not Recommended,Not Recommended,,,,,,,<tr><td>Cooking quality</td><td>Cooked quality (grain texture)</td><td>Soft</td></tr><tr><td>Biotic stress</td><td>Other</td><td>Whiteheads (White stemborer)</td></tr><tr><td>Maturity</td><td>Maturity duration</td><td>Early maturing</td></tr><tr><td>Grain Quality traits</td><td>Other</td><td>Good grain quality</td></tr>,<tr><td>Biotic stress</td><td>Brown planthopper</td><td>-</td></tr><tr><td>Biotic stress</td><td>Green leafhopper</td><td>-</td></tr><tr><td>Biotic stress</td><td>Stemborer</td><td>Yellow stemborer</td></tr><tr><td>Biotic stress</td><td>Tungro</td><td>-</td></tr>,"<tr><th rowspan=""2"">Variety</th>
                    <th colspan=""2"">Grain Yield</th>
                    <th rowspan=""2"">Maturity (days)</th>
                    <th rowspan=""2"">Plant height (cm)</th>
                    <th rowspan=""2"">Lodging</th>
                    <th rowspan=""2"">Shattering</th>
                    <th rowspan=""2"">1000 grain weight (g)</th>
                    <th rowspan=""2"">Panicle Threshability</th>
                    <th rowspan=""2"">HRR (%)</th>
                    <th rowspan=""2"">Amylose content (%)</th>
                    <th rowspan=""2"">Special Trait</th>
                    <th rowspan=""2"">Tillering</th></tr><tr><th>(kg/ha)</th><th>(% Adv)</th></tr>","<tr><td class=""must-variety-value"">NSIC Rc 158</td><td>6000 - 8100</td><td></td><td>Early (112-113 days)</td><td></td><td></td><td></td><td></td><td></td><td></td><td></td><td></td><td></td></tr><tr><td class=""must-benchmark1-value""></td><td>3310 - 4840</td><td></td><td></td><td></td><td></td><td></td><td></td><td></td><td></td><td></td><td></td><td></td></tr>",<th>Variety</th><th>Leaf blast</th><th>Bacterial leaf blight</th><th>Brown plant hopper</th><td>Salinity</td><td>Submergence</td><td>Drought</td>,"<tr><td class=""must-variety-value"">NSIC Rc 158</td><td></td><td></td><td></td><td></td><td></td><td></td></tr><tr><td class=""must-benchmark1-value""></td><td></td><td></td><td></td><td></td><td></td><td></td></tr>",,,,Not Data,,assets/img/pc-evidence/planting-method_alt.png,"{""data-disabled"":""true"",""data-show"":""false"",""data-pc_id"":102}",assets/img/pc-evidence/ecosystem_alt.png,"{""data-disabled"":""true"",""data-show"":""false"",""data-pc_id"":102}",assets/img/pc-evidence/positioning_alt.png,"{""data-disabled"":""true"",""data-show"":""false"",""data-pc_id"":102}",assets/img/pc-evidence/key-strengths_alt.png,"{""data-disabled"":""true"",""data-show"":""false"",""data-pc_id"":102}",assets/img/pc-evidence/considerations_alt.png,"{""data-disabled"":""true"",""data-show"":""false"",""data-pc_id"":102}",assets/img/pc-evidence/relative-variety-perf_alt.png,"{""data-disabled"":""true"",""data-show"":""false"",""data-pc_id"":102}",assets/img/pc-evidence/producibility_alt.png,"{""data-disabled"":""true"",""data-show"":""false"",""data-pc_id"":102}",102
NSIC Rc 160,IR24/PSB RC56,Inbred,Philippines,-,https://glomip.cgiar.org/uploads/product_catalog,,,-,Recommended,Not Recommended,Recommended,Not Recommended,Not Recommended,,,,,,,<tr><td>Cooking quality</td><td>Cooked quality (grain texture)</td><td>Very soft</td></tr><tr><td>Biotic stress</td><td>Other</td><td>Whiteheads (Yellow stemborer)</td></tr><tr><td>Maturity</td><td>Maturity duration</td><td>Early maturing</td></tr><tr><td>Grain Quality traits</td><td>Other</td><td>Good grain and eating quality</td></tr>,<tr><td>Biotic stress</td><td>Sheath blight</td><td>-</td></tr><tr><td>Biotic stress</td><td>Tungro</td><td>-</td></tr>,"<tr><th rowspan=""2"">Variety</th>
                    <th colspan=""2"">Grain Yield</th>
                    <th rowspan=""2"">Maturity (days)</th>
                    <th rowspan=""2"">Plant height (cm)</th>
                    <th rowspan=""2"">Lodging</th>
                    <th rowspan=""2"">Shattering</th>
                    <th rowspan=""2"">1000 grain weight (g)</th>
                    <th rowspan=""2"">Panicle Threshability</th>
                    <th rowspan=""2"">HRR (%)</th>
                    <th rowspan=""2"">Amylose content (%)</th>
                    <th rowspan=""2"">Special Trait</th>
                    <th rowspan=""2"">Tillering</th></tr><tr><th>(kg/ha)</th><th>(% Adv)</th></tr>","<tr><td class=""must-variety-value"">NSIC Rc 160</td><td>5600 - 8200</td><td></td><td>Early (107 days)</td><td></td><td></td><td></td><td></td><td></td><td></td><td></td><td></td><td></td></tr><tr><td class=""must-benchmark1-value""></td><td>4110</td><td></td><td></td><td></td><td></td><td></td><td></td><td></td><td></td><td></td><td></td><td></td></tr>",<th>Variety</th><th>Leaf blast</th><th>Bacterial leaf blight</th><th>Brown plant hopper</th><td>Salinity</td><td>Submergence</td><td>Drought</td>,"<tr><td class=""must-variety-value"">NSIC Rc 160</td><td></td><td></td><td></td><td></td><td></td><td></td></tr><tr><td class=""must-benchmark1-value""></td><td></td><td></td><td></td><td></td><td></td><td></td></tr>",,,,Not Data,,assets/img/pc-evidence/planting-method_alt.png,"{""data-disabled"":""true"",""data-show"":""false"",""data-pc_id"":103}",assets/img/pc-evidence/ecosystem_alt.png,"{""data-disabled"":""true"",""data-show"":""false"",""data-pc_id"":103}",assets/img/pc-evidence/positioning_alt.png,"{""data-disabled"":""true"",""data-show"":""false"",""data-pc_id"":103}",assets/img/pc-evidence/key-strengths_alt.png,"{""data-disabled"":""true"",""data-show"":""false"",""data-pc_id"":103}",assets/img/pc-evidence/considerations_alt.png,"{""data-disabled"":""true"",""data-show"":""false"",""data-pc_id"":103}",assets/img/pc-evidence/relative-variety-perf_alt.png,"{""data-disabled"":""true"",""data-show"":""false"",""data-pc_id"":103}",assets/img/pc-evidence/producibility_alt.png,"{""data-disabled"":""true"",""data-show"":""false"",""data-pc_id"":103}",103
NSIC Rc 212,IR68077-2-2-2-3/IR59548-122-1-4-1,Inbred,Philippines,-,https://glomip.cgiar.org/uploads/product_catalog,,,-,Recommended,Recommended,Recommended,Not Recommended,Not Recommended,,,,,,,<tr><td>Grain Quality traits</td><td>Other</td><td>Good grain and eating quality</td></tr><tr><td>Maturity</td><td>Maturity duration</td><td>Early maturing</td></tr><tr><td>Biotic stress</td><td>Green leafhopper</td><td>-</td></tr><tr><td>Biotic stress</td><td>Brown planthopper</td><td>-</td></tr><tr><td>Biotic stress</td><td>Stemborer</td><td>Yellow stemborer</td></tr><tr><td>Biotic stress</td><td>Bacterial blight</td><td>Leaf blight</td></tr><tr><td>Biotic stress</td><td>Leaf blast</td><td>Moderate Leaf blast</td></tr><tr><td>Cooking quality</td><td>Cooked quality (grain texture)</td><td>Very soft</td></tr><tr><td>Grain Quality traits</td><td>Head Rice Recovery</td><td>Good HRR</td></tr>,<tr><td>Biotic stress</td><td>Sheath blight</td><td>-</td></tr><tr><td>Biotic stress</td><td>Tungro</td><td>-</td></tr>,"<tr><th rowspan=""2"">Variety</th>
                    <th colspan=""2"">Grain Yield</th>
                    <th rowspan=""2"">Maturity (days)</th>
                    <th rowspan=""2"">Plant height (cm)</th>
                    <th rowspan=""2"">Lodging</th>
                    <th rowspan=""2"">Shattering</th>
                    <th rowspan=""2"">1000 grain weight (g)</th>
                    <th rowspan=""2"">Panicle Threshability</th>
                    <th rowspan=""2"">HRR (%)</th>
                    <th rowspan=""2"">Amylose content (%)</th>
                    <th rowspan=""2"">Special Trait</th>
                    <th rowspan=""2"">Tillering</th></tr><tr><th>(kg/ha)</th><th>(% Adv)</th></tr>","<tr><td class=""must-variety-value"">NSIC Rc 212</td><td>6000 - 10000</td><td></td><td>Transplanted Early (114-115 days); Direct wet seed</td><td></td><td></td><td></td><td></td><td></td><td></td><td></td><td></td><td></td></tr><tr><td class=""must-benchmark1-value""></td><td>4110</td><td></td><td></td><td></td><td></td><td></td><td></td><td></td><td></td><td></td><td></td><td></td></tr>",<th>Variety</th><th>Leaf blast</th><th>Bacterial leaf blight</th><th>Brown plant hopper</th><td>Salinity</td><td>Submergence</td><td>Drought</td>,"<tr><td class=""must-variety-value"">NSIC Rc 212</td><td></td><td></td><td></td><td></td><td></td><td></td></tr><tr><td class=""must-benchmark1-value""></td><td></td><td></td><td></td><td></td><td></td><td></td></tr>",,,,Not Applicable,,assets/img/pc-evidence/planting-method_alt.png,"{""data-disabled"":""true"",""data-show"":""false"",""data-pc_id"":104}",assets/img/pc-evidence/ecosystem_alt.png,"{""data-disabled"":""true"",""data-show"":""false"",""data-pc_id"":104}",assets/img/pc-evidence/positioning_alt.png,"{""data-disabled"":""true"",""data-show"":""false"",""data-pc_id"":104}",assets/img/pc-evidence/key-strengths_alt.png,"{""data-disabled"":""true"",""data-show"":""false"",""data-pc_id"":104}",assets/img/pc-evidence/considerations_alt.png,"{""data-disabled"":""true"",""data-show"":""false"",""data-pc_id"":104}",assets/img/pc-evidence/relative-variety-perf_alt.png,"{""data-disabled"":""true"",""data-show"":""false"",""data-pc_id"":104}",assets/img/pc-evidence/producibility_alt.png,"{""data-disabled"":""true"",""data-show"":""false"",""data-pc_id"":104}",104
NSIC Rc 214,IR72890-70-2-3-3/IR57301-195-3-3,Inbred,Philippines,-,https://glomip.cgiar.org/uploads/product_catalog,,,-,Recommended,Recommended,Recommended,Not Recommended,Not Recommended,,,,,,,<tr><td>Grain Quality traits</td><td>Other</td><td>Good grain and eating quality</td></tr><tr><td>Maturity</td><td>Maturity duration</td><td>Early maturing</td></tr><tr><td>Biotic stress</td><td>Other</td><td>Whiteheads (Yellow stemborer)</td></tr><tr><td>Biotic stress</td><td>Sheath blight</td><td>-</td></tr><tr><td>Biotic stress</td><td>Bacterial blight</td><td>Leaf blight</td></tr><tr><td>Biotic stress</td><td>Leaf blast</td><td>Moderate Leaf blast</td></tr><tr><td>Cooking quality</td><td>Cooked quality (grain texture)</td><td>Soft</td></tr><tr><td>Grain Quality traits</td><td>Head Rice Recovery</td><td>Good HRR</td></tr>,<tr><td>Biotic stress</td><td>Tungro</td><td>-</td></tr>,"<tr><th rowspan=""2"">Variety</th>
                    <th colspan=""2"">Grain Yield</th>
                    <th rowspan=""2"">Maturity (days)</th>
                    <th rowspan=""2"">Plant height (cm)</th>
                    <th rowspan=""2"">Lodging</th>
                    <th rowspan=""2"">Shattering</th>
                    <th rowspan=""2"">1000 grain weight (g)</th>
                    <th rowspan=""2"">Panicle Threshability</th>
                    <th rowspan=""2"">HRR (%)</th>
                    <th rowspan=""2"">Amylose content (%)</th>
                    <th rowspan=""2"">Special Trait</th>
                    <th rowspan=""2"">Tillering</th></tr><tr><th>(kg/ha)</th><th>(% Adv)</th></tr>","<tr><td class=""must-variety-value"">NSIC Rc 214</td><td>6000 - 10200</td><td></td><td>Transplanted Early (116 days); Direct wet seeded E</td><td></td><td></td><td></td><td></td><td></td><td></td><td></td><td></td><td></td></tr><tr><td class=""must-benchmark1-value""></td><td>4620 - 5100</td><td></td><td></td><td></td><td></td><td></td><td></td><td></td><td></td><td></td><td></td><td></td></tr>",<th>Variety</th><th>Leaf blast</th><th>Bacterial leaf blight</th><th>Brown plant hopper</th><td>Salinity</td><td>Submergence</td><td>Drought</td>,"<tr><td class=""must-variety-value"">NSIC Rc 214</td><td></td><td></td><td></td><td></td><td></td><td></td></tr><tr><td class=""must-benchmark1-value""></td><td></td><td></td><td></td><td></td><td></td><td></td></tr>",,,,Not Applicable,,assets/img/pc-evidence/planting-method_alt.png,"{""data-disabled"":""true"",""data-show"":""false"",""data-pc_id"":105}",assets/img/pc-evidence/ecosystem_alt.png,"{""data-disabled"":""true"",""data-show"":""false"",""data-pc_id"":105}",assets/img/pc-evidence/positioning_alt.png,"{""data-disabled"":""true"",""data-show"":""false"",""data-pc_id"":105}",assets/img/pc-evidence/key-strengths_alt.png,"{""data-disabled"":""true"",""data-show"":""false"",""data-pc_id"":105}",assets/img/pc-evidence/considerations_alt.png,"{""data-disabled"":""true"",""data-show"":""false"",""data-pc_id"":105}",assets/img/pc-evidence/relative-variety-perf_alt.png,"{""data-disabled"":""true"",""data-show"":""false"",""data-pc_id"":105}",assets/img/pc-evidence/producibility_alt.png,"{""data-disabled"":""true"",""data-show"":""false"",""data-pc_id"":105}",105
NSIC Rc 216,PJ7/MATATAG 1,Inbred,Philippines,-,https://glomip.cgiar.org/uploads/product_catalog,,,-,Recommended,Recommended,Recommended,Not Recommended,Not Recommended,,,,,,,<tr><td>Grain Quality traits</td><td>Head Rice Recovery</td><td>Good HRR</td></tr><tr><td>Cooking quality</td><td>Cooked quality (grain texture)</td><td>Soft</td></tr><tr><td>Biotic stress</td><td>Brown planthopper</td><td>Moderate Brown planthopper</td></tr><tr><td>Biotic stress</td><td>Stemborer</td><td>Yellow Stemborer</td></tr><tr><td>Biotic stress</td><td>Green leafhopper</td><td>-</td></tr><tr><td>Maturity</td><td>Maturity duration</td><td>Early maturing</td></tr><tr><td>Grain Quality traits</td><td>Other</td><td>Good grain quality</td></tr>,<tr><td>Biotic stress</td><td>Leaf blast</td><td>-</td></tr><tr><td>Biotic stress</td><td>Tungro</td><td>-</td></tr><tr><td>Biotic stress</td><td>Sheath blight</td><td>-</td></tr>,"<tr><th rowspan=""2"">Variety</th>
                    <th colspan=""2"">Grain Yield</th>
                    <th rowspan=""2"">Maturity (days)</th>
                    <th rowspan=""2"">Plant height (cm)</th>
                    <th rowspan=""2"">Lodging</th>
                    <th rowspan=""2"">Shattering</th>
                    <th rowspan=""2"">1000 grain weight (g)</th>
                    <th rowspan=""2"">Panicle Threshability</th>
                    <th rowspan=""2"">HRR (%)</th>
                    <th rowspan=""2"">Amylose content (%)</th>
                    <th rowspan=""2"">Special Trait</th>
                    <th rowspan=""2"">Tillering</th></tr><tr><th>(kg/ha)</th><th>(% Adv)</th></tr>","<tr><td class=""must-variety-value"">NSIC Rc 216</td><td>6000 - 9700</td><td></td><td>Transplanted Early (111-112 days)Direct wet seede</td><td></td><td></td><td></td><td></td><td></td><td></td><td></td><td></td><td></td></tr><tr><td class=""must-benchmark1-value""></td><td>4110</td><td></td><td></td><td></td><td></td><td></td><td></td><td></td><td></td><td></td><td></td><td></td></tr>",<th>Variety</th><th>Leaf blast</th><th>Bacterial leaf blight</th><th>Brown plant hopper</th><td>Salinity</td><td>Submergence</td><td>Drought</td>,"<tr><td class=""must-variety-value"">NSIC Rc 216</td><td></td><td></td><td></td><td></td><td></td><td></td></tr><tr><td class=""must-benchmark1-value""></td><td></td><td></td><td></td><td></td><td></td><td></td></tr>",,,,Not Data,,assets/img/pc-evidence/planting-method_alt.png,"{""data-disabled"":""true"",""data-show"":""false"",""data-pc_id"":106}",assets/img/pc-evidence/ecosystem_alt.png,"{""data-disabled"":""true"",""data-show"":""false"",""data-pc_id"":106}",assets/img/pc-evidence/positioning_alt.png,"{""data-disabled"":""true"",""data-show"":""false"",""data-pc_id"":106}",assets/img/pc-evidence/key-strengths_alt.png,"{""data-disabled"":""true"",""data-show"":""false"",""data-pc_id"":106}",assets/img/pc-evidence/considerations_alt.png,"{""data-disabled"":""true"",""data-show"":""false"",""data-pc_id"":106}",assets/img/pc-evidence/relative-variety-perf_alt.png,"{""data-disabled"":""true"",""data-show"":""false"",""data-pc_id"":106}",assets/img/pc-evidence/producibility_alt.png,"{""data-disabled"":""true"",""data-show"":""false"",""data-pc_id"":106}",106
NSIC Rc 222,IR73012-137-2-2-2/PSB Rc10,Inbred,Philippines,-,https://glomip.cgiar.org/uploads/product_catalog,,,-,Recommended,Recommended,Recommended,Not Recommended,Not Recommended,,,,,,,<tr><td>Grain Quality traits</td><td>Head Rice Recovery</td><td>Good HRR</td></tr><tr><td>Cooking quality</td><td>Cooked quality (grain texture)</td><td>Firm</td></tr><tr><td>Abiotic stress</td><td>Drought</td><td>-</td></tr><tr><td>Biotic stress</td><td>Leaf blast</td><td>-</td></tr><tr><td>Biotic stress</td><td>Bacterial blight</td><td>Leaf blight</td></tr><tr><td>Biotic stress</td><td>Tungro</td><td>-</td></tr><tr><td>Biotic stress</td><td>Brown planthopper</td><td>Moderate Brown planthopper</td></tr><tr><td>Biotic stress</td><td>Green leafhopper</td><td>-</td></tr><tr><td>Maturity</td><td>Maturity duration</td><td>Early maturing</td></tr><tr><td>Agronomic traits</td><td>Other</td><td>Wider adaptation</td></tr>,<tr><td>Biotic stress</td><td>Sheath blight</td><td>-</td></tr>,"<tr><th rowspan=""2"">Variety</th>
                    <th colspan=""2"">Grain Yield</th>
                    <th rowspan=""2"">Maturity (days)</th>
                    <th rowspan=""2"">Plant height (cm)</th>
                    <th rowspan=""2"">Lodging</th>
                    <th rowspan=""2"">Shattering</th>
                    <th rowspan=""2"">1000 grain weight (g)</th>
                    <th rowspan=""2"">Panicle Threshability</th>
                    <th rowspan=""2"">HRR (%)</th>
                    <th rowspan=""2"">Amylose content (%)</th>
                    <th rowspan=""2"">Special Trait</th>
                    <th rowspan=""2"">Tillering</th></tr><tr><th>(kg/ha)</th><th>(% Adv)</th></tr>","<tr><td class=""must-variety-value"">NSIC Rc 222</td><td>6100 - 10000</td><td></td><td>Transplanted Early (112-115 days)Direct wet seede</td><td></td><td></td><td></td><td></td><td></td><td></td><td></td><td></td><td></td></tr><tr><td class=""must-benchmark1-value""></td><td>4110</td><td></td><td></td><td></td><td></td><td></td><td></td><td></td><td></td><td></td><td></td><td></td></tr>",<th>Variety</th><th>Leaf blast</th><th>Bacterial leaf blight</th><th>Brown plant hopper</th><td>Salinity</td><td>Submergence</td><td>Drought</td>,"<tr><td class=""must-variety-value"">NSIC Rc 222</td><td></td><td></td><td></td><td></td><td></td><td></td></tr><tr><td class=""must-benchmark1-value""></td><td></td><td></td><td></td><td></td><td></td><td></td></tr>",,,,Not Data,,assets/img/pc-evidence/planting-method_alt.png,"{""data-disabled"":""true"",""data-show"":""false"",""data-pc_id"":107}",assets/img/pc-evidence/ecosystem_alt.png,"{""data-disabled"":""true"",""data-show"":""false"",""data-pc_id"":107}",assets/img/pc-evidence/positioning_alt.png,"{""data-disabled"":""true"",""data-show"":""false"",""data-pc_id"":107}",assets/img/pc-evidence/key-strengths_alt.png,"{""data-disabled"":""true"",""data-show"":""false"",""data-pc_id"":107}",assets/img/pc-evidence/considerations_alt.png,"{""data-disabled"":""true"",""data-show"":""false"",""data-pc_id"":107}",assets/img/pc-evidence/relative-variety-perf_alt.png,"{""data-disabled"":""true"",""data-show"":""false"",""data-pc_id"":107}",assets/img/pc-evidence/producibility_alt.png,"{""data-disabled"":""true"",""data-show"":""false"",""data-pc_id"":107}",107
NSIC Rc 224,PR28144-IST/KDML 105,Inbred,Philippines,-,https://glomip.cgiar.org/uploads/product_catalog,,,-,Recommended,Not Recommended,Recommended,Not Recommended,Not Recommended,,,,,,,<tr><td>Biotic stress</td><td>Brown planthopper</td><td>Moderate Brown planthopper</td></tr><tr><td>Biotic stress</td><td>Green leafhopper</td><td>-</td></tr><tr><td>Maturity</td><td>Maturity duration</td><td>Early maturing</td></tr><tr><td>Agronomic traits</td><td>Other</td><td>Wider adaptation</td></tr><tr><td>Grain Quality traits</td><td>Other</td><td>Good grain and eating quality</td></tr><tr><td>Biotic stress</td><td>Leaf blast</td><td>Moderate Leaf blast</td></tr><tr><td>Cooking quality</td><td>Cooked quality (grain texture)</td><td>Very soft</td></tr><tr><td>Grain Quality traits</td><td>Head Rice Recovery</td><td>Good HRR</td></tr>,"<tr><td colspan=""3"">No Considerations data.</td></tr>","<tr><th rowspan=""2"">Variety</th>
                    <th colspan=""2"">Grain Yield</th>
                    <th rowspan=""2"">Maturity (days)</th>
                    <th rowspan=""2"">Plant height (cm)</th>
                    <th rowspan=""2"">Lodging</th>
                    <th rowspan=""2"">Shattering</th>
                    <th rowspan=""2"">1000 grain weight (g)</th>
                    <th rowspan=""2"">Panicle Threshability</th>
                    <th rowspan=""2"">HRR (%)</th>
                    <th rowspan=""2"">Amylose content (%)</th>
                    <th rowspan=""2"">Special Trait</th>
                    <th rowspan=""2"">Tillering</th></tr><tr><th>(kg/ha)</th><th>(% Adv)</th></tr>","<tr><td class=""must-variety-value"">NSIC Rc 224</td><td>5800 - 9100</td><td></td><td>Early (111 days)</td><td></td><td></td><td></td><td></td><td></td><td></td><td></td><td></td><td></td></tr><tr><td class=""must-benchmark1-value""></td><td>3150 - 4670</td><td></td><td></td><td></td><td></td><td></td><td></td><td></td><td></td><td></td><td></td><td></td></tr>",<th>Variety</th><th>Leaf blast</th><th>Bacterial leaf blight</th><th>Brown plant hopper</th><td>Salinity</td><td>Submergence</td><td>Drought</td>,"<tr><td class=""must-variety-value"">NSIC Rc 224</td><td></td><td></td><td></td><td></td><td></td><td></td></tr><tr><td class=""must-benchmark1-value""></td><td></td><td></td><td></td><td></td><td></td><td></td></tr>",,,,Not Data,,assets/img/pc-evidence/planting-method_alt.png,"{""data-disabled"":""true"",""data-show"":""false"",""data-pc_id"":108}",assets/img/pc-evidence/ecosystem_alt.png,"{""data-disabled"":""true"",""data-show"":""false"",""data-pc_id"":108}",assets/img/pc-evidence/positioning_alt.png,"{""data-disabled"":""true"",""data-show"":""false"",""data-pc_id"":108}",assets/img/pc-evidence/key-strengths_alt.png,"{""data-disabled"":""true"",""data-show"":""false"",""data-pc_id"":108}",assets/img/pc-evidence/considerations_alt.png,"{""data-disabled"":""true"",""data-show"":""false"",""data-pc_id"":108}",assets/img/pc-evidence/relative-variety-perf_alt.png,"{""data-disabled"":""true"",""data-show"":""false"",""data-pc_id"":108}",assets/img/pc-evidence/producibility_alt.png,"{""data-disabled"":""true"",""data-show"":""false"",""data-pc_id"":108}",108
NSIC Rc 226,IR64/LF31-28-1 (15-1),Inbred,Philippines,-,https://glomip.cgiar.org/uploads/product_catalog,,,-,Recommended,Recommended,Recommended,Not Recommended,Not Recommended,,,,,,,<tr><td>Biotic stress</td><td>Brown planthopper</td><td>Moderate Brown planthopper</td></tr><tr><td>Biotic stress</td><td>Green leafhopper</td><td>-</td></tr><tr><td>Biotic stress</td><td>Stemborer</td><td>Yellow Stemborer</td></tr><tr><td>Maturity</td><td>Maturity duration</td><td>Early maturing</td></tr><tr><td>Grain Quality traits</td><td>Other</td><td>Good grain and eating quality</td></tr><tr><td>Biotic stress</td><td>Tungro</td><td>Moderate Tungro</td></tr><tr><td>Cooking quality</td><td>Cooked quality (grain texture)</td><td>Very soft</td></tr><tr><td>Grain Quality traits</td><td>Head Rice Recovery</td><td>Good HRR</td></tr>,"<tr><td colspan=""3"">No Considerations data.</td></tr>","<tr><th rowspan=""2"">Variety</th>
                    <th colspan=""2"">Grain Yield</th>
                    <th rowspan=""2"">Maturity (days)</th>
                    <th rowspan=""2"">Plant height (cm)</th>
                    <th rowspan=""2"">Lodging</th>
                    <th rowspan=""2"">Shattering</th>
                    <th rowspan=""2"">1000 grain weight (g)</th>
                    <th rowspan=""2"">Panicle Threshability</th>
                    <th rowspan=""2"">HRR (%)</th>
                    <th rowspan=""2"">Amylose content (%)</th>
                    <th rowspan=""2"">Special Trait</th>
                    <th rowspan=""2"">Tillering</th></tr><tr><th>(kg/ha)</th><th>(% Adv)</th></tr>","<tr><td class=""must-variety-value"">NSIC Rc 226</td><td>6200 - 9800</td><td></td><td>Transplanted Early (112 days)Direct wet seeded Ve</td><td></td><td></td><td></td><td></td><td></td><td></td><td></td><td></td><td></td></tr><tr><td class=""must-benchmark1-value""></td><td>3150 - 4000</td><td></td><td></td><td></td><td></td><td></td><td></td><td></td><td></td><td></td><td></td><td></td></tr>",<th>Variety</th><th>Leaf blast</th><th>Bacterial leaf blight</th><th>Brown plant hopper</th><td>Salinity</td><td>Submergence</td><td>Drought</td>,"<tr><td class=""must-variety-value"">NSIC Rc 226</td><td></td><td></td><td></td><td></td><td></td><td></td></tr><tr><td class=""must-benchmark1-value""></td><td></td><td></td><td></td><td></td><td></td><td></td></tr>",,,,Not Data,,assets/img/pc-evidence/planting-method_alt.png,"{""data-disabled"":""true"",""data-show"":""false"",""data-pc_id"":109}",assets/img/pc-evidence/ecosystem_alt.png,"{""data-disabled"":""true"",""data-show"":""false"",""data-pc_id"":109}",assets/img/pc-evidence/positioning_alt.png,"{""data-disabled"":""true"",""data-show"":""false"",""data-pc_id"":109}",assets/img/pc-evidence/key-strengths_alt.png,"{""data-disabled"":""true"",""data-show"":""false"",""data-pc_id"":109}",assets/img/pc-evidence/considerations_alt.png,"{""data-disabled"":""true"",""data-show"":""false"",""data-pc_id"":109}",assets/img/pc-evidence/relative-variety-perf_alt.png,"{""data-disabled"":""true"",""data-show"":""false"",""data-pc_id"":109}",assets/img/pc-evidence/producibility_alt.png,"{""data-disabled"":""true"",""data-show"":""false"",""data-pc_id"":109}",109
NSIC Rc 238,IR72870-120-1-2-2/IR72870-19-2-2-3,Inbred,Philippines,-,https://glomip.cgiar.org/uploads/product_catalog,,,-,Recommended,Not Recommended,Recommended,Not Recommended,Not Recommended,,,,,,,<tr><td>Biotic stress</td><td>Leaf blast</td><td>-</td></tr><tr><td>Cooking quality</td><td>Cooked quality (grain texture)</td><td>Soft</td></tr><tr><td>Biotic stress</td><td>Brown planthopper</td><td>-</td></tr><tr><td>Biotic stress</td><td>Bacterial blight</td><td>Leaf blight</td></tr><tr><td>Biotic stress</td><td>Green leafhopper</td><td>-</td></tr><tr><td>Biotic stress</td><td>Stemborer</td><td>White and Yellow stemborer</td></tr><tr><td>Maturity</td><td>Maturity duration</td><td>Early maturing</td></tr><tr><td>Agronomic traits</td><td>Other</td><td>Wider adaptation</td></tr><tr><td>Grain Quality traits</td><td>Head Rice Recovery</td><td>Good HRR</td></tr><tr><td>Grain Quality traits</td><td>Other</td><td>Very good grain and eating quality</td></tr>,<tr><td>Agronomic traits</td><td>Other</td><td>Segregation observed in anthesis and grain type</td></tr>,"<tr><th rowspan=""2"">Variety</th>
                    <th colspan=""2"">Grain Yield</th>
                    <th rowspan=""2"">Maturity (days)</th>
                    <th rowspan=""2"">Plant height (cm)</th>
                    <th rowspan=""2"">Lodging</th>
                    <th rowspan=""2"">Shattering</th>
                    <th rowspan=""2"">1000 grain weight (g)</th>
                    <th rowspan=""2"">Panicle Threshability</th>
                    <th rowspan=""2"">HRR (%)</th>
                    <th rowspan=""2"">Amylose content (%)</th>
                    <th rowspan=""2"">Special Trait</th>
                    <th rowspan=""2"">Tillering</th></tr><tr><th>(kg/ha)</th><th>(% Adv)</th></tr>","<tr><td class=""must-variety-value"">NSIC Rc 238</td><td>6400 - 10600</td><td></td><td>Early (107-110 days)</td><td></td><td></td><td></td><td></td><td></td><td></td><td></td><td></td><td></td></tr><tr><td class=""must-benchmark1-value""></td><td>4110</td><td></td><td></td><td></td><td></td><td></td><td></td><td></td><td></td><td></td><td></td><td></td></tr>",<th>Variety</th><th>Leaf blast</th><th>Bacterial leaf blight</th><th>Brown plant hopper</th><td>Salinity</td><td>Submergence</td><td>Drought</td>,"<tr><td class=""must-variety-value"">NSIC Rc 238</td><td></td><td></td><td></td><td></td><td></td><td></td></tr><tr><td class=""must-benchmark1-value""></td><td></td><td></td><td></td><td></td><td></td><td></td></tr>",,,,Not Data,,assets/img/pc-evidence/planting-method_alt.png,"{""data-disabled"":""true"",""data-show"":""false"",""data-pc_id"":110}",assets/img/pc-evidence/ecosystem_alt.png,"{""data-disabled"":""true"",""data-show"":""false"",""data-pc_id"":110}",assets/img/pc-evidence/positioning_alt.png,"{""data-disabled"":""true"",""data-show"":""false"",""data-pc_id"":110}",assets/img/pc-evidence/key-strengths_alt.png,"{""data-disabled"":""true"",""data-show"":""false"",""data-pc_id"":110}",assets/img/pc-evidence/considerations_alt.png,"{""data-disabled"":""true"",""data-show"":""false"",""data-pc_id"":110}",assets/img/pc-evidence/relative-variety-perf_alt.png,"{""data-disabled"":""true"",""data-show"":""false"",""data-pc_id"":110}",assets/img/pc-evidence/producibility_alt.png,"{""data-disabled"":""true"",""data-show"":""false"",""data-pc_id"":110}",110
NSIC Rc 298,PR29253-96-1/AR32-4-58-2,Inbred,Philippines,-,https://glomip.cgiar.org/uploads/product_catalog,,,-,Recommended,Recommended,Recommended,Not Recommended,Not Recommended,,,,,,,<tr><td>Grain Quality traits</td><td>Head Rice Recovery</td><td>Good HRR</td></tr><tr><td>Cooking quality</td><td>Cooked quality (grain texture)</td><td>Soft</td></tr><tr><td>Biotic stress</td><td>Brown planthopper</td><td>Moderate Brown planthopper</td></tr><tr><td>Maturity</td><td>Maturity duration</td><td>Early maturing</td></tr><tr><td>Biotic stress</td><td>Stemborer</td><td>White Stemborer</td></tr><tr><td>Grain Quality traits</td><td>Other</td><td>Good grain and eating quality</td></tr>,<tr><td>Biotic stress</td><td>Tungro</td><td>-</td></tr><tr><td>Biotic stress</td><td>Sheath blight</td><td>-</td></tr><tr><td>Biotic stress</td><td>Leaf blast</td><td>-</td></tr>,"<tr><th rowspan=""2"">Variety</th>
                    <th colspan=""2"">Grain Yield</th>
                    <th rowspan=""2"">Maturity (days)</th>
                    <th rowspan=""2"">Plant height (cm)</th>
                    <th rowspan=""2"">Lodging</th>
                    <th rowspan=""2"">Shattering</th>
                    <th rowspan=""2"">1000 grain weight (g)</th>
                    <th rowspan=""2"">Panicle Threshability</th>
                    <th rowspan=""2"">HRR (%)</th>
                    <th rowspan=""2"">Amylose content (%)</th>
                    <th rowspan=""2"">Special Trait</th>
                    <th rowspan=""2"">Tillering</th></tr><tr><th>(kg/ha)</th><th>(% Adv)</th></tr>","<tr><td class=""must-variety-value"">NSIC Rc 298</td><td>5300 - 8200</td><td></td><td>Transplanted Early (116 days)Direct wet seeded Ve</td><td></td><td></td><td></td><td></td><td></td><td></td><td></td><td></td><td></td></tr><tr><td class=""must-benchmark1-value""></td><td>4620 - 5100</td><td></td><td></td><td></td><td></td><td></td><td></td><td></td><td></td><td></td><td></td><td></td></tr>",<th>Variety</th><th>Leaf blast</th><th>Bacterial leaf blight</th><th>Brown plant hopper</th><td>Salinity</td><td>Submergence</td><td>Drought</td>,"<tr><td class=""must-variety-value"">NSIC Rc 298</td><td></td><td></td><td></td><td></td><td></td><td></td></tr><tr><td class=""must-benchmark1-value""></td><td></td><td></td><td></td><td></td><td></td><td></td></tr>",,,,Not Data,,assets/img/pc-evidence/planting-method_alt.png,"{""data-disabled"":""true"",""data-show"":""false"",""data-pc_id"":111}",assets/img/pc-evidence/ecosystem_alt.png,"{""data-disabled"":""true"",""data-show"":""false"",""data-pc_id"":111}",assets/img/pc-evidence/positioning_alt.png,"{""data-disabled"":""true"",""data-show"":""false"",""data-pc_id"":111}",assets/img/pc-evidence/key-strengths_alt.png,"{""data-disabled"":""true"",""data-show"":""false"",""data-pc_id"":111}",assets/img/pc-evidence/considerations_alt.png,"{""data-disabled"":""true"",""data-show"":""false"",""data-pc_id"":111}",assets/img/pc-evidence/relative-variety-perf_alt.png,"{""data-disabled"":""true"",""data-show"":""false"",""data-pc_id"":111}",assets/img/pc-evidence/producibility_alt.png,"{""data-disabled"":""true"",""data-show"":""false"",""data-pc_id"":111}",111
NSIC Rc 300,PSB Rc62/PSB Rc66,Inbred,Philippines,-,https://glomip.cgiar.org/uploads/product_catalog,,,-,Recommended,Recommended,Recommended,Not Recommended,Not Recommended,,,,,,,<tr><td>Grain Quality traits</td><td>Head Rice Recovery</td><td>Good HRR</td></tr><tr><td>Cooking quality</td><td>Cooked quality (grain texture)</td><td>Soft</td></tr><tr><td>Biotic stress</td><td>Brown planthopper</td><td>Moderate Brown planthopper</td></tr><tr><td>Maturity</td><td>Maturity duration</td><td>Early maturing</td></tr><tr><td>Biotic stress</td><td>Green leafhopper</td><td>-</td></tr><tr><td>Grain Quality traits</td><td>Other</td><td>Good grain and eating quality</td></tr>,<tr><td>Biotic stress</td><td>Stemborer</td><td>Yellow stemborer</td></tr><tr><td>Biotic stress</td><td>Leaf blast</td><td>-</td></tr><tr><td>Biotic stress</td><td>Tungro</td><td>-</td></tr><tr><td>Biotic stress</td><td>Sheath blight</td><td>-</td></tr>,"<tr><th rowspan=""2"">Variety</th>
                    <th colspan=""2"">Grain Yield</th>
                    <th rowspan=""2"">Maturity (days)</th>
                    <th rowspan=""2"">Plant height (cm)</th>
                    <th rowspan=""2"">Lodging</th>
                    <th rowspan=""2"">Shattering</th>
                    <th rowspan=""2"">1000 grain weight (g)</th>
                    <th rowspan=""2"">Panicle Threshability</th>
                    <th rowspan=""2"">HRR (%)</th>
                    <th rowspan=""2"">Amylose content (%)</th>
                    <th rowspan=""2"">Special Trait</th>
                    <th rowspan=""2"">Tillering</th></tr><tr><th>(kg/ha)</th><th>(% Adv)</th></tr>","<tr><td class=""must-variety-value"">NSIC Rc 300</td><td>5700 - 10400</td><td></td><td>Transplanted Early (112-117 days)Direct wet seede</td><td></td><td></td><td></td><td></td><td></td><td></td><td></td><td></td><td></td></tr><tr><td class=""must-benchmark1-value""></td><td>4110</td><td></td><td></td><td></td><td></td><td></td><td></td><td></td><td></td><td></td><td></td><td></td></tr>",<th>Variety</th><th>Leaf blast</th><th>Bacterial leaf blight</th><th>Brown plant hopper</th><td>Salinity</td><td>Submergence</td><td>Drought</td>,"<tr><td class=""must-variety-value"">NSIC Rc 300</td><td></td><td></td><td></td><td></td><td></td><td></td></tr><tr><td class=""must-benchmark1-value""></td><td></td><td></td><td></td><td></td><td></td><td></td></tr>",,,,Not Data,,assets/img/pc-evidence/planting-method_alt.png,"{""data-disabled"":""true"",""data-show"":""false"",""data-pc_id"":112}",assets/img/pc-evidence/ecosystem_alt.png,"{""data-disabled"":""true"",""data-show"":""false"",""data-pc_id"":112}",assets/img/pc-evidence/positioning_alt.png,"{""data-disabled"":""true"",""data-show"":""false"",""data-pc_id"":112}",assets/img/pc-evidence/key-strengths_alt.png,"{""data-disabled"":""true"",""data-show"":""false"",""data-pc_id"":112}",assets/img/pc-evidence/considerations_alt.png,"{""data-disabled"":""true"",""data-show"":""false"",""data-pc_id"":112}",assets/img/pc-evidence/relative-variety-perf_alt.png,"{""data-disabled"":""true"",""data-show"":""false"",""data-pc_id"":112}",assets/img/pc-evidence/producibility_alt.png,"{""data-disabled"":""true"",""data-show"":""false"",""data-pc_id"":112}",112
NSIC Rc 302,IR72904-65-1-3-3/IR73012-137-2-2-2,Inbred,Philippines,-,https://glomip.cgiar.org/uploads/product_catalog,,,-,Recommended,Recommended,Recommended,Not Recommended,Not Recommended,,,,,,,<tr><td>Biotic stress</td><td>Leaf blast</td><td>-</td></tr><tr><td>Biotic stress</td><td>Brown planthopper</td><td>Moderate Brown planthopper</td></tr><tr><td>Biotic stress</td><td>Green leafhopper</td><td>-</td></tr><tr><td>Cooking quality</td><td>Cooked quality (grain texture)</td><td>Soft</td></tr><tr><td>Maturity</td><td>Maturity duration</td><td>Early maturing</td></tr>,"<tr><td colspan=""3"">No Considerations data.</td></tr>","<tr><th rowspan=""2"">Variety</th>
                    <th colspan=""2"">Grain Yield</th>
                    <th rowspan=""2"">Maturity (days)</th>
                    <th rowspan=""2"">Plant height (cm)</th>
                    <th rowspan=""2"">Lodging</th>
                    <th rowspan=""2"">Shattering</th>
                    <th rowspan=""2"">1000 grain weight (g)</th>
                    <th rowspan=""2"">Panicle Threshability</th>
                    <th rowspan=""2"">HRR (%)</th>
                    <th rowspan=""2"">Amylose content (%)</th>
                    <th rowspan=""2"">Special Trait</th>
                    <th rowspan=""2"">Tillering</th></tr><tr><th>(kg/ha)</th><th>(% Adv)</th></tr>","<tr><td class=""must-variety-value"">NSIC Rc 302</td><td>5700 - 10400</td><td></td><td>Transplanted Early (111-118 days)Direct wet seede</td><td></td><td></td><td></td><td></td><td></td><td></td><td></td><td></td><td></td></tr><tr><td class=""must-benchmark1-value""></td><td>4110</td><td></td><td></td><td></td><td></td><td></td><td></td><td></td><td></td><td></td><td></td><td></td></tr>",<th>Variety</th><th>Leaf blast</th><th>Bacterial leaf blight</th><th>Brown plant hopper</th><td>Salinity</td><td>Submergence</td><td>Drought</td>,"<tr><td class=""must-variety-value"">NSIC Rc 302</td><td></td><td></td><td></td><td></td><td></td><td></td></tr><tr><td class=""must-benchmark1-value""></td><td></td><td></td><td></td><td></td><td></td><td></td></tr>",,,,Not Data,,assets/img/pc-evidence/planting-method_alt.png,"{""data-disabled"":""true"",""data-show"":""false"",""data-pc_id"":113}",assets/img/pc-evidence/ecosystem_alt.png,"{""data-disabled"":""true"",""data-show"":""false"",""data-pc_id"":113}",assets/img/pc-evidence/positioning_alt.png,"{""data-disabled"":""true"",""data-show"":""false"",""data-pc_id"":113}",assets/img/pc-evidence/key-strengths_alt.png,"{""data-disabled"":""true"",""data-show"":""false"",""data-pc_id"":113}",assets/img/pc-evidence/considerations_alt.png,"{""data-disabled"":""true"",""data-show"":""false"",""data-pc_id"":113}",assets/img/pc-evidence/relative-variety-perf_alt.png,"{""data-disabled"":""true"",""data-show"":""false"",""data-pc_id"":113}",assets/img/pc-evidence/producibility_alt.png,"{""data-disabled"":""true"",""data-show"":""false"",""data-pc_id"":113}",113
NSIC Rc 308,PSB Rc14/PR31561-AR32-11-63-3,Inbred,Philippines,-,https://glomip.cgiar.org/uploads/product_catalog,,,-,Recommended,Recommended,Recommended,Not Recommended,Not Recommended,,,,,,,<tr><td>Biotic stress</td><td>Brown planthopper</td><td>Moderate Brown planthopper</td></tr><tr><td>Grain Quality traits</td><td>Head Rice Recovery</td><td>Good HRR</td></tr><tr><td>Biotic stress</td><td>Stemborer</td><td>Yellow Stemborer</td></tr><tr><td>Maturity</td><td>Maturity duration</td><td>Very early maturing</td></tr><tr><td>Grain Quality traits</td><td>Other</td><td>Good eating quality</td></tr><tr><td>Cooking quality</td><td>Cooked quality (grain texture)</td><td>Soft</td></tr>,<tr><td>Biotic stress</td><td>Tungro</td><td>-</td></tr><tr><td>Biotic stress</td><td>Sheath blight</td><td>-</td></tr><tr><td>Biotic stress</td><td>Leaf blast</td><td>-</td></tr>,"<tr><th rowspan=""2"">Variety</th>
                    <th colspan=""2"">Grain Yield</th>
                    <th rowspan=""2"">Maturity (days)</th>
                    <th rowspan=""2"">Plant height (cm)</th>
                    <th rowspan=""2"">Lodging</th>
                    <th rowspan=""2"">Shattering</th>
                    <th rowspan=""2"">1000 grain weight (g)</th>
                    <th rowspan=""2"">Panicle Threshability</th>
                    <th rowspan=""2"">HRR (%)</th>
                    <th rowspan=""2"">Amylose content (%)</th>
                    <th rowspan=""2"">Special Trait</th>
                    <th rowspan=""2"">Tillering</th></tr><tr><th>(kg/ha)</th><th>(% Adv)</th></tr>","<tr><td class=""must-variety-value"">NSIC Rc 308</td><td>5800 - 10900</td><td></td><td>Transplanted Early (111 days)Direct wet seeded  E</td><td></td><td></td><td></td><td></td><td></td><td></td><td></td><td></td><td></td></tr><tr><td class=""must-benchmark1-value""></td><td>3150 - 4620</td><td></td><td></td><td></td><td></td><td></td><td></td><td></td><td></td><td></td><td></td><td></td></tr>",<th>Variety</th><th>Leaf blast</th><th>Bacterial leaf blight</th><th>Brown plant hopper</th><td>Salinity</td><td>Submergence</td><td>Drought</td>,"<tr><td class=""must-variety-value"">NSIC Rc 308</td><td></td><td></td><td></td><td></td><td></td><td></td></tr><tr><td class=""must-benchmark1-value""></td><td></td><td></td><td></td><td></td><td></td><td></td></tr>",,,,Not Data,,assets/img/pc-evidence/planting-method_alt.png,"{""data-disabled"":""true"",""data-show"":""false"",""data-pc_id"":114}",assets/img/pc-evidence/ecosystem_alt.png,"{""data-disabled"":""true"",""data-show"":""false"",""data-pc_id"":114}",assets/img/pc-evidence/positioning_alt.png,"{""data-disabled"":""true"",""data-show"":""false"",""data-pc_id"":114}",assets/img/pc-evidence/key-strengths_alt.png,"{""data-disabled"":""true"",""data-show"":""false"",""data-pc_id"":114}",assets/img/pc-evidence/considerations_alt.png,"{""data-disabled"":""true"",""data-show"":""false"",""data-pc_id"":114}",assets/img/pc-evidence/relative-variety-perf_alt.png,"{""data-disabled"":""true"",""data-show"":""false"",""data-pc_id"":114}",assets/img/pc-evidence/producibility_alt.png,"{""data-disabled"":""true"",""data-show"":""false"",""data-pc_id"":114}",114
NSIC Rc 352,IR79604/IR72870-19-2-2-3,Inbred,Philippines,-,https://glomip.cgiar.org/uploads/product_catalog,,,-,Recommended,Not Recommended,Recommended,Not Recommended,Not Recommended,,,,,,,<tr><td>Biotic stress</td><td>Bacterial blight</td><td>Leaf blight</td></tr><tr><td>Biotic stress</td><td>Other</td><td>Whiteheads (yellow stemborer)</td></tr><tr><td>Maturity</td><td>Maturity duration</td><td>Early maturing</td></tr><tr><td>Cooking quality</td><td>Cooked quality (grain texture)</td><td>Soft</td></tr><tr><td>Biotic stress</td><td>Leaf blast</td><td>Moderate Leaf blast</td></tr>,<tr><td>Biotic stress</td><td>Green leafhopper</td><td>-</td></tr><tr><td>Biotic stress</td><td>Tungro</td><td>-</td></tr><tr><td>Biotic stress</td><td>Sheath blight</td><td>-</td></tr><tr><td>Biotic stress</td><td>Brown planthopper</td><td>-</td></tr>,"<tr><th rowspan=""2"">Variety</th>
                    <th colspan=""2"">Grain Yield</th>
                    <th rowspan=""2"">Maturity (days)</th>
                    <th rowspan=""2"">Plant height (cm)</th>
                    <th rowspan=""2"">Lodging</th>
                    <th rowspan=""2"">Shattering</th>
                    <th rowspan=""2"">1000 grain weight (g)</th>
                    <th rowspan=""2"">Panicle Threshability</th>
                    <th rowspan=""2"">HRR (%)</th>
                    <th rowspan=""2"">Amylose content (%)</th>
                    <th rowspan=""2"">Special Trait</th>
                    <th rowspan=""2"">Tillering</th></tr><tr><th>(kg/ha)</th><th>(% Adv)</th></tr>","<tr><td class=""must-variety-value"">NSIC Rc 352</td><td>5100 - 10700</td><td></td><td>Early (109-112 days)</td><td></td><td></td><td></td><td></td><td></td><td></td><td></td><td></td><td></td></tr><tr><td class=""must-benchmark1-value""></td><td>3500 - 5100</td><td></td><td></td><td></td><td></td><td></td><td></td><td></td><td></td><td></td><td></td><td></td></tr>",<th>Variety</th><th>Leaf blast</th><th>Bacterial leaf blight</th><th>Brown plant hopper</th><td>Salinity</td><td>Submergence</td><td>Drought</td>,"<tr><td class=""must-variety-value"">NSIC Rc 352</td><td></td><td></td><td></td><td></td><td></td><td></td></tr><tr><td class=""must-benchmark1-value""></td><td></td><td></td><td></td><td></td><td></td><td></td></tr>",,,,Not Data,,assets/img/pc-evidence/planting-method_alt.png,"{""data-disabled"":""true"",""data-show"":""false"",""data-pc_id"":115}",assets/img/pc-evidence/ecosystem_alt.png,"{""data-disabled"":""true"",""data-show"":""false"",""data-pc_id"":115}",assets/img/pc-evidence/positioning_alt.png,"{""data-disabled"":""true"",""data-show"":""false"",""data-pc_id"":115}",assets/img/pc-evidence/key-strengths_alt.png,"{""data-disabled"":""true"",""data-show"":""false"",""data-pc_id"":115}",assets/img/pc-evidence/considerations_alt.png,"{""data-disabled"":""true"",""data-show"":""false"",""data-pc_id"":115}",assets/img/pc-evidence/relative-variety-perf_alt.png,"{""data-disabled"":""true"",""data-show"":""false"",""data-pc_id"":115}",assets/img/pc-evidence/producibility_alt.png,"{""data-disabled"":""true"",""data-show"":""false"",""data-pc_id"":115}",115
NSIC Rc 354,NSIC Rc106/AR32-11-63-3,Inbred,Philippines,-,https://glomip.cgiar.org/uploads/product_catalog,,,-,Recommended,Not Recommended,Recommended,Not Recommended,Not Recommended,,,,,,,<tr><td>Maturity</td><td>Maturity duration</td><td>Early maturing</td></tr><tr><td>Biotic stress</td><td>Stemborer</td><td>Yellow Stemborer</td></tr><tr><td>Biotic stress</td><td>Green leafhopper</td><td>-</td></tr><tr><td>Biotic stress</td><td>Bacterial blight</td><td>Leaf blight</td></tr><tr><td>Biotic stress</td><td>Leaf blast</td><td>Moderate Leaf blast</td></tr><tr><td>Cooking quality</td><td>Cooked quality (grain texture)</td><td>Soft</td></tr>,<tr><td>Biotic stress</td><td>Sheath blight</td><td>-</td></tr><tr><td>Biotic stress</td><td>Tungro</td><td>-</td></tr>,"<tr><th rowspan=""2"">Variety</th>
                    <th colspan=""2"">Grain Yield</th>
                    <th rowspan=""2"">Maturity (days)</th>
                    <th rowspan=""2"">Plant height (cm)</th>
                    <th rowspan=""2"">Lodging</th>
                    <th rowspan=""2"">Shattering</th>
                    <th rowspan=""2"">1000 grain weight (g)</th>
                    <th rowspan=""2"">Panicle Threshability</th>
                    <th rowspan=""2"">HRR (%)</th>
                    <th rowspan=""2"">Amylose content (%)</th>
                    <th rowspan=""2"">Special Trait</th>
                    <th rowspan=""2"">Tillering</th></tr><tr><th>(kg/ha)</th><th>(% Adv)</th></tr>","<tr><td class=""must-variety-value"">NSIC Rc 354</td><td>5400 - 9000</td><td></td><td>Early (110-113 days)</td><td></td><td></td><td></td><td></td><td></td><td></td><td></td><td></td><td></td></tr><tr><td class=""must-benchmark1-value""></td><td>4110</td><td></td><td></td><td></td><td></td><td></td><td></td><td></td><td></td><td></td><td></td><td></td></tr>",<th>Variety</th><th>Leaf blast</th><th>Bacterial leaf blight</th><th>Brown plant hopper</th><td>Salinity</td><td>Submergence</td><td>Drought</td>,"<tr><td class=""must-variety-value"">NSIC Rc 354</td><td></td><td></td><td></td><td></td><td></td><td></td></tr><tr><td class=""must-benchmark1-value""></td><td></td><td></td><td></td><td></td><td></td><td></td></tr>",,,,Not Data,,assets/img/pc-evidence/planting-method_alt.png,"{""data-disabled"":""true"",""data-show"":""false"",""data-pc_id"":116}",assets/img/pc-evidence/ecosystem_alt.png,"{""data-disabled"":""true"",""data-show"":""false"",""data-pc_id"":116}",assets/img/pc-evidence/positioning_alt.png,"{""data-disabled"":""true"",""data-show"":""false"",""data-pc_id"":116}",assets/img/pc-evidence/key-strengths_alt.png,"{""data-disabled"":""true"",""data-show"":""false"",""data-pc_id"":116}",assets/img/pc-evidence/considerations_alt.png,"{""data-disabled"":""true"",""data-show"":""false"",""data-pc_id"":116}",assets/img/pc-evidence/relative-variety-perf_alt.png,"{""data-disabled"":""true"",""data-show"":""false"",""data-pc_id"":116}",assets/img/pc-evidence/producibility_alt.png,"{""data-disabled"":""true"",""data-show"":""false"",""data-pc_id"":116}",116
NSIC Rc 356,IR73718-1-2-1-3/PSB Rc10,Inbred,Philippines,-,https://glomip.cgiar.org/uploads/product_catalog,,,-,Recommended,Not Recommended,Recommended,Not Recommended,Not Recommended,,,,,,,<tr><td>Biotic stress</td><td>Bacterial blight</td><td>Moderate Leaf blight</td></tr><tr><td>Biotic stress</td><td>Brown planthopper</td><td>Moderate Brown planthopper</td></tr><tr><td>Maturity</td><td>Maturity duration</td><td>Medium maturing</td></tr><tr><td>Grain Quality traits</td><td>Other</td><td>Good grain and eating quality</td></tr><tr><td>Cooking quality</td><td>Cooked quality (grain texture)</td><td>Soft</td></tr>,<tr><td>Biotic stress</td><td>Stemborer</td><td>Yellow stemborer</td></tr><tr><td>Biotic stress</td><td>Leaf blast</td><td>-</td></tr><tr><td>Biotic stress</td><td>Tungro</td><td>-</td></tr><tr><td>Biotic stress</td><td>Sheath blight</td><td>-</td></tr><tr><td>Biotic stress</td><td>Green leafhopper</td><td>-</td></tr>,"<tr><th rowspan=""2"">Variety</th>
                    <th colspan=""2"">Grain Yield</th>
                    <th rowspan=""2"">Maturity (days)</th>
                    <th rowspan=""2"">Plant height (cm)</th>
                    <th rowspan=""2"">Lodging</th>
                    <th rowspan=""2"">Shattering</th>
                    <th rowspan=""2"">1000 grain weight (g)</th>
                    <th rowspan=""2"">Panicle Threshability</th>
                    <th rowspan=""2"">HRR (%)</th>
                    <th rowspan=""2"">Amylose content (%)</th>
                    <th rowspan=""2"">Special Trait</th>
                    <th rowspan=""2"">Tillering</th></tr><tr><th>(kg/ha)</th><th>(% Adv)</th></tr>","<tr><td class=""must-variety-value"">NSIC Rc 356</td><td>5000 - 9000</td><td></td><td>Medium (114-117 days)</td><td></td><td></td><td></td><td></td><td></td><td></td><td></td><td></td><td></td></tr><tr><td class=""must-benchmark1-value""></td><td>3150 - 4540</td><td></td><td></td><td></td><td></td><td></td><td></td><td></td><td></td><td></td><td></td><td></td></tr>",<th>Variety</th><th>Leaf blast</th><th>Bacterial leaf blight</th><th>Brown plant hopper</th><td>Salinity</td><td>Submergence</td><td>Drought</td>,"<tr><td class=""must-variety-value"">NSIC Rc 356</td><td></td><td></td><td></td><td></td><td></td><td></td></tr><tr><td class=""must-benchmark1-value""></td><td></td><td></td><td></td><td></td><td></td><td></td></tr>",,,,Not Data,,assets/img/pc-evidence/planting-method_alt.png,"{""data-disabled"":""true"",""data-show"":""false"",""data-pc_id"":117}",assets/img/pc-evidence/ecosystem_alt.png,"{""data-disabled"":""true"",""data-show"":""false"",""data-pc_id"":117}",assets/img/pc-evidence/positioning_alt.png,"{""data-disabled"":""true"",""data-show"":""false"",""data-pc_id"":117}",assets/img/pc-evidence/key-strengths_alt.png,"{""data-disabled"":""true"",""data-show"":""false"",""data-pc_id"":117}",assets/img/pc-evidence/considerations_alt.png,"{""data-disabled"":""true"",""data-show"":""false"",""data-pc_id"":117}",assets/img/pc-evidence/relative-variety-perf_alt.png,"{""data-disabled"":""true"",""data-show"":""false"",""data-pc_id"":117}",assets/img/pc-evidence/producibility_alt.png,"{""data-disabled"":""true"",""data-show"":""false"",""data-pc_id"":117}",117
NSIC Rc 358,PR30975-2-1/AR32-19-3-3,Inbred,Philippines,-,https://glomip.cgiar.org/uploads/product_catalog,,,-,Recommended,Not Recommended,Recommended,Not Recommended,Not Recommended,,,,,,,<tr><td>Cooking quality</td><td>Cooked quality (grain texture)</td><td>Soft</td></tr><tr><td>Grain Quality traits</td><td>Other</td><td>Good grain quality</td></tr><tr><td>Maturity</td><td>Maturity duration</td><td>Early maturing</td></tr><tr><td>Biotic stress</td><td>Stemborer</td><td>Yellow Stemborer</td></tr><tr><td>Biotic stress</td><td>Brown planthopper</td><td>Moderate Brown planthopper</td></tr><tr><td>Biotic stress</td><td>Bacterial blight</td><td>Moderate Leaf blight</td></tr><tr><td>Grain Quality traits</td><td>Head Rice Recovery</td><td>Good HRR</td></tr>,<tr><td>Biotic stress</td><td>Sheath blight</td><td>-</td></tr><tr><td>Biotic stress</td><td>Tungro</td><td>-</td></tr><tr><td>Biotic stress</td><td>Leaf blast</td><td>-</td></tr><tr><td>Biotic stress</td><td>Green leafhopper</td><td>-</td></tr>,"<tr><th rowspan=""2"">Variety</th>
                    <th colspan=""2"">Grain Yield</th>
                    <th rowspan=""2"">Maturity (days)</th>
                    <th rowspan=""2"">Plant height (cm)</th>
                    <th rowspan=""2"">Lodging</th>
                    <th rowspan=""2"">Shattering</th>
                    <th rowspan=""2"">1000 grain weight (g)</th>
                    <th rowspan=""2"">Panicle Threshability</th>
                    <th rowspan=""2"">HRR (%)</th>
                    <th rowspan=""2"">Amylose content (%)</th>
                    <th rowspan=""2"">Special Trait</th>
                    <th rowspan=""2"">Tillering</th></tr><tr><th>(kg/ha)</th><th>(% Adv)</th></tr>","<tr><td class=""must-variety-value"">NSIC Rc 358</td><td>5400 - 9100</td><td></td><td>Early (113-115 days)</td><td></td><td></td><td></td><td></td><td></td><td></td><td></td><td></td><td></td></tr><tr><td class=""must-benchmark1-value""></td><td>3470 - 5100</td><td></td><td></td><td></td><td></td><td></td><td></td><td></td><td></td><td></td><td></td><td></td></tr>",<th>Variety</th><th>Leaf blast</th><th>Bacterial leaf blight</th><th>Brown plant hopper</th><td>Salinity</td><td>Submergence</td><td>Drought</td>,"<tr><td class=""must-variety-value"">NSIC Rc 358</td><td></td><td></td><td></td><td></td><td></td><td></td></tr><tr><td class=""must-benchmark1-value""></td><td></td><td></td><td></td><td></td><td></td><td></td></tr>",,,,Not Data,,assets/img/pc-evidence/planting-method_alt.png,"{""data-disabled"":""true"",""data-show"":""false"",""data-pc_id"":118}",assets/img/pc-evidence/ecosystem_alt.png,"{""data-disabled"":""true"",""data-show"":""false"",""data-pc_id"":118}",assets/img/pc-evidence/positioning_alt.png,"{""data-disabled"":""true"",""data-show"":""false"",""data-pc_id"":118}",assets/img/pc-evidence/key-strengths_alt.png,"{""data-disabled"":""true"",""data-show"":""false"",""data-pc_id"":118}",assets/img/pc-evidence/considerations_alt.png,"{""data-disabled"":""true"",""data-show"":""false"",""data-pc_id"":118}",assets/img/pc-evidence/relative-variety-perf_alt.png,"{""data-disabled"":""true"",""data-show"":""false"",""data-pc_id"":118}",assets/img/pc-evidence/producibility_alt.png,"{""data-disabled"":""true"",""data-show"":""false"",""data-pc_id"":118}",118
NSIC Rc 360,IR75287-19-3-3-3/Janaki,Inbred,Philippines,-,https://glomip.cgiar.org/uploads/product_catalog,,,-,Recommended,Not Recommended,Recommended,Not Recommended,Not Recommended,,,,,,,<tr><td>Cooking quality</td><td>Cooked quality (grain texture)</td><td>Soft</td></tr><tr><td>Biotic stress</td><td>Stemborer</td><td>Moderate Yellow stemborer</td></tr><tr><td>Biotic stress</td><td>Green leafhopper</td><td>-</td></tr><tr><td>Maturity</td><td>Maturity duration</td><td>Medium maturing</td></tr><tr><td>Grain Quality traits</td><td>Other</td><td>Good eating quality</td></tr>,<tr><td>Biotic stress</td><td>Leaf blast</td><td>-</td></tr><tr><td>Biotic stress</td><td>Bacterial blight</td><td>Leaf blight</td></tr><tr><td>Biotic stress</td><td>Tungro</td><td>-</td></tr><tr><td>Biotic stress</td><td>Brown planthopper</td><td>-</td></tr><tr><td>Biotic stress</td><td>Sheath blight</td><td>-</td></tr>,"<tr><th rowspan=""2"">Variety</th>
                    <th colspan=""2"">Grain Yield</th>
                    <th rowspan=""2"">Maturity (days)</th>
                    <th rowspan=""2"">Plant height (cm)</th>
                    <th rowspan=""2"">Lodging</th>
                    <th rowspan=""2"">Shattering</th>
                    <th rowspan=""2"">1000 grain weight (g)</th>
                    <th rowspan=""2"">Panicle Threshability</th>
                    <th rowspan=""2"">HRR (%)</th>
                    <th rowspan=""2"">Amylose content (%)</th>
                    <th rowspan=""2"">Special Trait</th>
                    <th rowspan=""2"">Tillering</th></tr><tr><th>(kg/ha)</th><th>(% Adv)</th></tr>","<tr><td class=""must-variety-value"">NSIC Rc 360</td><td>5200 - 8200</td><td></td><td>Medium (117-119 days)</td><td></td><td></td><td></td><td></td><td></td><td></td><td></td><td></td><td></td></tr><tr><td class=""must-benchmark1-value""></td><td>3470 - 4000</td><td></td><td></td><td></td><td></td><td></td><td></td><td></td><td></td><td></td><td></td><td></td></tr>",<th>Variety</th><th>Leaf blast</th><th>Bacterial leaf blight</th><th>Brown plant hopper</th><td>Salinity</td><td>Submergence</td><td>Drought</td>,"<tr><td class=""must-variety-value"">NSIC Rc 360</td><td></td><td></td><td></td><td></td><td></td><td></td></tr><tr><td class=""must-benchmark1-value""></td><td></td><td></td><td></td><td></td><td></td><td></td></tr>",,,,Not Data,,assets/img/pc-evidence/planting-method_alt.png,"{""data-disabled"":""true"",""data-show"":""false"",""data-pc_id"":119}",assets/img/pc-evidence/ecosystem_alt.png,"{""data-disabled"":""true"",""data-show"":""false"",""data-pc_id"":119}",assets/img/pc-evidence/positioning_alt.png,"{""data-disabled"":""true"",""data-show"":""false"",""data-pc_id"":119}",assets/img/pc-evidence/key-strengths_alt.png,"{""data-disabled"":""true"",""data-show"":""false"",""data-pc_id"":119}",assets/img/pc-evidence/considerations_alt.png,"{""data-disabled"":""true"",""data-show"":""false"",""data-pc_id"":119}",assets/img/pc-evidence/relative-variety-perf_alt.png,"{""data-disabled"":""true"",""data-show"":""false"",""data-pc_id"":119}",assets/img/pc-evidence/producibility_alt.png,"{""data-disabled"":""true"",""data-show"":""false"",""data-pc_id"":119}",119
NSIC Rc 394,Angelica/Zhong 99-76,Inbred,Philippines,-,https://glomip.cgiar.org/uploads/product_catalog,,,-,Recommended,Recommended,Recommended,Not Recommended,Not Recommended,,,,,,,"<tr><td>Cooking quality</td><td>Cooked quality (grain texture)</td><td>Soft</td></tr><tr><td>Biotic stress</td><td>Bacterial blight</td><td>Moderate Leaf blight</td></tr><tr><td>Biotic stress</td><td>Stemborer</td><td>Yellow stemborer</td></tr><tr><td>Agronomic traits</td><td>Lodging</td><td>Strong stems, Non-lodging</td></tr><tr><td>Maturity</td><td>Maturity duration</td><td>Very early maturing</td></tr><tr><td>Grain Quality traits</td><td>Head Rice Recovery</td><td>Good HRR</td></tr><tr><td>Grain Quality traits</td><td>Other</td><td>Good grain and eating quality</td></tr>",<tr><td>Biotic stress</td><td>Green leafhopper</td><td>-</td></tr><tr><td>Biotic stress</td><td>Tungro</td><td>-</td></tr><tr><td>Biotic stress</td><td>Sheath blight</td><td>-</td></tr><tr><td>Biotic stress</td><td>Leaf blast</td><td>-</td></tr><tr><td>Biotic stress</td><td>Brown planthopper</td><td>Moderate Brown planthopper</td></tr>,"<tr><th rowspan=""2"">Variety</th>
                    <th colspan=""2"">Grain Yield</th>
                    <th rowspan=""2"">Maturity (days)</th>
                    <th rowspan=""2"">Plant height (cm)</th>
                    <th rowspan=""2"">Lodging</th>
                    <th rowspan=""2"">Shattering</th>
                    <th rowspan=""2"">1000 grain weight (g)</th>
                    <th rowspan=""2"">Panicle Threshability</th>
                    <th rowspan=""2"">HRR (%)</th>
                    <th rowspan=""2"">Amylose content (%)</th>
                    <th rowspan=""2"">Special Trait</th>
                    <th rowspan=""2"">Tillering</th></tr><tr><th>(kg/ha)</th><th>(% Adv)</th></tr>","<tr><td class=""must-variety-value"">NSIC Rc 394</td><td>5200 - 10000</td><td></td><td>Transplanted Early (112 days)Direct wet seeded Ea</td><td></td><td></td><td></td><td></td><td></td><td></td><td></td><td></td><td></td></tr><tr><td class=""must-benchmark1-value""></td><td>4620 - 5100</td><td></td><td></td><td></td><td></td><td></td><td></td><td></td><td></td><td></td><td></td><td></td></tr>",<th>Variety</th><th>Leaf blast</th><th>Bacterial leaf blight</th><th>Brown plant hopper</th><td>Salinity</td><td>Submergence</td><td>Drought</td>,"<tr><td class=""must-variety-value"">NSIC Rc 394</td><td></td><td></td><td></td><td></td><td></td><td></td></tr><tr><td class=""must-benchmark1-value""></td><td></td><td></td><td></td><td></td><td></td><td></td></tr>",,,,Not Data,,assets/img/pc-evidence/planting-method_alt.png,"{""data-disabled"":""true"",""data-show"":""false"",""data-pc_id"":120}",assets/img/pc-evidence/ecosystem_alt.png,"{""data-disabled"":""true"",""data-show"":""false"",""data-pc_id"":120}",assets/img/pc-evidence/positioning_alt.png,"{""data-disabled"":""true"",""data-show"":""false"",""data-pc_id"":120}",assets/img/pc-evidence/key-strengths_alt.png,"{""data-disabled"":""true"",""data-show"":""false"",""data-pc_id"":120}",assets/img/pc-evidence/considerations_alt.png,"{""data-disabled"":""true"",""data-show"":""false"",""data-pc_id"":120}",assets/img/pc-evidence/relative-variety-perf_alt.png,"{""data-disabled"":""true"",""data-show"":""false"",""data-pc_id"":120}",assets/img/pc-evidence/producibility_alt.png,"{""data-disabled"":""true"",""data-show"":""false"",""data-pc_id"":120}",120
NSIC Rc 396,PSB Rc14/PR31561-AR32-11-63-3,Inbred,Philippines,-,https://glomip.cgiar.org/uploads/product_catalog,,,-,Recommended,Recommended,Recommended,Not Recommended,Not Recommended,,,,,,,"<tr><td>Grain Quality traits</td><td>Head Rice Recovery</td><td>High HRR</td></tr><tr><td>Cooking quality</td><td>Cooked quality (grain texture)</td><td>Very soft</td></tr><tr><td>Biotic stress</td><td>Bacterial blight</td><td>Moderate Leaf blight</td></tr><tr><td>Maturity</td><td>Maturity duration</td><td>Early maturing</td></tr><tr><td>Biotic stress</td><td>Stemborer</td><td>Yellow stemborer</td></tr><tr><td>Agronomic traits</td><td>Lodging</td><td>Strong stems, Non-lodging</td></tr><tr><td>Grain Quality traits</td><td>Other</td><td>Good grain quality</td></tr>",<tr><td>Biotic stress</td><td>Tungro</td><td>-</td></tr><tr><td>Biotic stress</td><td>Sheath blight</td><td>-</td></tr><tr><td>Biotic stress</td><td>Leaf blast</td><td>-</td></tr>,"<tr><th rowspan=""2"">Variety</th>
                    <th colspan=""2"">Grain Yield</th>
                    <th rowspan=""2"">Maturity (days)</th>
                    <th rowspan=""2"">Plant height (cm)</th>
                    <th rowspan=""2"">Lodging</th>
                    <th rowspan=""2"">Shattering</th>
                    <th rowspan=""2"">1000 grain weight (g)</th>
                    <th rowspan=""2"">Panicle Threshability</th>
                    <th rowspan=""2"">HRR (%)</th>
                    <th rowspan=""2"">Amylose content (%)</th>
                    <th rowspan=""2"">Special Trait</th>
                    <th rowspan=""2"">Tillering</th></tr><tr><th>(kg/ha)</th><th>(% Adv)</th></tr>","<tr><td class=""must-variety-value"">NSIC Rc 396</td><td>5100 - 10300</td><td></td><td>Transplanted Early (114 days)Direct wet seeded Ea</td><td></td><td></td><td></td><td></td><td></td><td></td><td></td><td></td><td></td></tr><tr><td class=""must-benchmark1-value""></td><td>3150 - 4540</td><td></td><td></td><td></td><td></td><td></td><td></td><td></td><td></td><td></td><td></td><td></td></tr>",<th>Variety</th><th>Leaf blast</th><th>Bacterial leaf blight</th><th>Brown plant hopper</th><td>Salinity</td><td>Submergence</td><td>Drought</td>,"<tr><td class=""must-variety-value"">NSIC Rc 396</td><td></td><td></td><td></td><td></td><td></td><td></td></tr><tr><td class=""must-benchmark1-value""></td><td></td><td></td><td></td><td></td><td></td><td></td></tr>",,,,Not Data,,assets/img/pc-evidence/planting-method_alt.png,"{""data-disabled"":""true"",""data-show"":""false"",""data-pc_id"":121}",assets/img/pc-evidence/ecosystem_alt.png,"{""data-disabled"":""true"",""data-show"":""false"",""data-pc_id"":121}",assets/img/pc-evidence/positioning_alt.png,"{""data-disabled"":""true"",""data-show"":""false"",""data-pc_id"":121}",assets/img/pc-evidence/key-strengths_alt.png,"{""data-disabled"":""true"",""data-show"":""false"",""data-pc_id"":121}",assets/img/pc-evidence/considerations_alt.png,"{""data-disabled"":""true"",""data-show"":""false"",""data-pc_id"":121}",assets/img/pc-evidence/relative-variety-perf_alt.png,"{""data-disabled"":""true"",""data-show"":""false"",""data-pc_id"":121}",assets/img/pc-evidence/producibility_alt.png,"{""data-disabled"":""true"",""data-show"":""false"",""data-pc_id"":121}",121
NSIC Rc 398,C5649-2B-5-2-2-1/IR69710-7-2-1-2-2,Inbred,Philippines,-,https://glomip.cgiar.org/uploads/product_catalog,,,-,Recommended,Recommended,Recommended,Not Recommended,Not Recommended,,,,,,,"<tr><td>Grain Quality traits</td><td>Head Rice Recovery</td><td>High HRR</td></tr><tr><td>Cooking quality</td><td>Cooked quality (grain texture)</td><td>Soft</td></tr><tr><td>Biotic stress</td><td>Bacterial blight</td><td>Moderate Leaf blight</td></tr><tr><td>Maturity</td><td>Maturity duration</td><td>Early maturing</td></tr><tr><td>Biotic stress</td><td>Stemborer</td><td>Yellow stemborer</td></tr><tr><td>Agronomic traits</td><td>Lodging</td><td>Strong stems, Non-lodging</td></tr><tr><td>Grain Quality traits</td><td>Other</td><td>Good grain quality</td></tr>",<tr><td>Biotic stress</td><td>Tungro</td><td>-</td></tr><tr><td>Biotic stress</td><td>Sheath blight</td><td>-</td></tr><tr><td>Biotic stress</td><td>Leaf blast</td><td>-</td></tr>,"<tr><th rowspan=""2"">Variety</th>
                    <th colspan=""2"">Grain Yield</th>
                    <th rowspan=""2"">Maturity (days)</th>
                    <th rowspan=""2"">Plant height (cm)</th>
                    <th rowspan=""2"">Lodging</th>
                    <th rowspan=""2"">Shattering</th>
                    <th rowspan=""2"">1000 grain weight (g)</th>
                    <th rowspan=""2"">Panicle Threshability</th>
                    <th rowspan=""2"">HRR (%)</th>
                    <th rowspan=""2"">Amylose content (%)</th>
                    <th rowspan=""2"">Special Trait</th>
                    <th rowspan=""2"">Tillering</th></tr><tr><th>(kg/ha)</th><th>(% Adv)</th></tr>","<tr><td class=""must-variety-value"">NSIC Rc 398</td><td>5300 - 11300</td><td></td><td>Transplanted Early (113 days)Direct wet seeded Ea</td><td></td><td></td><td></td><td></td><td></td><td></td><td></td><td></td><td></td></tr><tr><td class=""must-benchmark1-value""></td><td>3500 - 5970</td><td></td><td></td><td></td><td></td><td></td><td></td><td></td><td></td><td></td><td></td><td></td></tr>",<th>Variety</th><th>Leaf blast</th><th>Bacterial leaf blight</th><th>Brown plant hopper</th><td>Salinity</td><td>Submergence</td><td>Drought</td>,"<tr><td class=""must-variety-value"">NSIC Rc 398</td><td></td><td></td><td></td><td></td><td></td><td></td></tr><tr><td class=""must-benchmark1-value""></td><td></td><td></td><td></td><td></td><td></td><td></td></tr>",,,,Not Data,,assets/img/pc-evidence/planting-method_alt.png,"{""data-disabled"":""true"",""data-show"":""false"",""data-pc_id"":122}",assets/img/pc-evidence/ecosystem_alt.png,"{""data-disabled"":""true"",""data-show"":""false"",""data-pc_id"":122}",assets/img/pc-evidence/positioning_alt.png,"{""data-disabled"":""true"",""data-show"":""false"",""data-pc_id"":122}",assets/img/pc-evidence/key-strengths_alt.png,"{""data-disabled"":""true"",""data-show"":""false"",""data-pc_id"":122}",assets/img/pc-evidence/considerations_alt.png,"{""data-disabled"":""true"",""data-show"":""false"",""data-pc_id"":122}",assets/img/pc-evidence/relative-variety-perf_alt.png,"{""data-disabled"":""true"",""data-show"":""false"",""data-pc_id"":122}",assets/img/pc-evidence/producibility_alt.png,"{""data-disabled"":""true"",""data-show"":""false"",""data-pc_id"":122}",122
NSIC Rc 402,PR25218-9-3-5-1-2-1/ANGELICA,Inbred,Philippines,-,https://glomip.cgiar.org/uploads/product_catalog,,,-,Recommended,Recommended,Recommended,Not Recommended,Not Recommended,,,,,,,"<tr><td>Grain Quality traits</td><td>Head Rice Recovery</td><td>High HRR</td></tr><tr><td>Maturity</td><td>Maturity duration</td><td>Early maturing</td></tr><tr><td>Biotic stress</td><td>Stemborer</td><td>Yellow stemborer</td></tr><tr><td>Agronomic traits</td><td>Lodging</td><td>Strong stems, Non-lodging</td></tr><tr><td>Grain Quality traits</td><td>Other</td><td>Good grain and eating quality</td></tr><tr><td>Cooking quality</td><td>Cooked quality (grain texture)</td><td>Soft</td></tr>",<tr><td>Biotic stress</td><td>Sheath blight</td><td>-</td></tr><tr><td>Biotic stress</td><td>Leaf blast</td><td>-</td></tr><tr><td>Biotic stress</td><td>Bacterial blight</td><td>Leaf blight</td></tr><tr><td>Biotic stress</td><td>Tungro</td><td>-</td></tr>,"<tr><th rowspan=""2"">Variety</th>
                    <th colspan=""2"">Grain Yield</th>
                    <th rowspan=""2"">Maturity (days)</th>
                    <th rowspan=""2"">Plant height (cm)</th>
                    <th rowspan=""2"">Lodging</th>
                    <th rowspan=""2"">Shattering</th>
                    <th rowspan=""2"">1000 grain weight (g)</th>
                    <th rowspan=""2"">Panicle Threshability</th>
                    <th rowspan=""2"">HRR (%)</th>
                    <th rowspan=""2"">Amylose content (%)</th>
                    <th rowspan=""2"">Special Trait</th>
                    <th rowspan=""2"">Tillering</th></tr><tr><th>(kg/ha)</th><th>(% Adv)</th></tr>","<tr><td class=""must-variety-value"">NSIC Rc 402</td><td>5500 - 14000</td><td></td><td>Transplanted Early (114 days)Direct wet seeded  E</td><td></td><td></td><td></td><td></td><td></td><td></td><td></td><td></td><td></td></tr><tr><td class=""must-benchmark1-value""></td><td>3770 - 5970</td><td></td><td></td><td></td><td></td><td></td><td></td><td></td><td></td><td></td><td></td><td></td></tr>",<th>Variety</th><th>Leaf blast</th><th>Bacterial leaf blight</th><th>Brown plant hopper</th><td>Salinity</td><td>Submergence</td><td>Drought</td>,"<tr><td class=""must-variety-value"">NSIC Rc 402</td><td></td><td></td><td></td><td></td><td></td><td></td></tr><tr><td class=""must-benchmark1-value""></td><td></td><td></td><td></td><td></td><td></td><td></td></tr>",,,,Not Data,,assets/img/pc-evidence/planting-method_alt.png,"{""data-disabled"":""true"",""data-show"":""false"",""data-pc_id"":123}",assets/img/pc-evidence/ecosystem_alt.png,"{""data-disabled"":""true"",""data-show"":""false"",""data-pc_id"":123}",assets/img/pc-evidence/positioning_alt.png,"{""data-disabled"":""true"",""data-show"":""false"",""data-pc_id"":123}",assets/img/pc-evidence/key-strengths_alt.png,"{""data-disabled"":""true"",""data-show"":""false"",""data-pc_id"":123}",assets/img/pc-evidence/considerations_alt.png,"{""data-disabled"":""true"",""data-show"":""false"",""data-pc_id"":123}",assets/img/pc-evidence/relative-variety-perf_alt.png,"{""data-disabled"":""true"",""data-show"":""false"",""data-pc_id"":123}",assets/img/pc-evidence/producibility_alt.png,"{""data-disabled"":""true"",""data-show"":""false"",""data-pc_id"":123}",123
NSIC Rc 436,Huang-Hua-Zhan/OM1723//Huang-Hua-zhan,Inbred,Philippines,-,https://glomip.cgiar.org/uploads/product_catalog,,,-,Recommended,Not Recommended,Recommended,Not Recommended,Not Recommended,,,,,,,"<tr><td>Grain Quality traits</td><td>Other</td><td>Good eating quality</td></tr><tr><td>Cooking quality</td><td>Cooked quality (grain texture)</td><td>Very soft</td></tr><tr><td>Biotic stress</td><td>Brown planthopper</td><td>Moderate Brown planthopper</td></tr><tr><td>Biotic stress</td><td>Leaf blast</td><td>Moderate Leaf blast</td></tr><tr><td>Biotic stress</td><td>Green leafhopper</td><td>-</td></tr><tr><td>Maturity</td><td>Maturity duration</td><td>Early maturing</td></tr><tr><td>Agronomic traits</td><td>Lodging</td><td>Strong stems, Non-lodging</td></tr>",<tr><td>Biotic stress</td><td>Sheath blight</td><td>-</td></tr><tr><td>Biotic stress</td><td>Stemborer</td><td>Yellow stemborer</td></tr><tr><td>Biotic stress</td><td>Tungro</td><td>-</td></tr>,"<tr><th rowspan=""2"">Variety</th>
                    <th colspan=""2"">Grain Yield</th>
                    <th rowspan=""2"">Maturity (days)</th>
                    <th rowspan=""2"">Plant height (cm)</th>
                    <th rowspan=""2"">Lodging</th>
                    <th rowspan=""2"">Shattering</th>
                    <th rowspan=""2"">1000 grain weight (g)</th>
                    <th rowspan=""2"">Panicle Threshability</th>
                    <th rowspan=""2"">HRR (%)</th>
                    <th rowspan=""2"">Amylose content (%)</th>
                    <th rowspan=""2"">Special Trait</th>
                    <th rowspan=""2"">Tillering</th></tr><tr><th>(kg/ha)</th><th>(% Adv)</th></tr>","<tr><td class=""must-variety-value"">NSIC Rc 436</td><td>5700 - 10000</td><td></td><td>Early (107 days)</td><td></td><td></td><td></td><td></td><td></td><td></td><td></td><td></td><td></td></tr><tr><td class=""must-benchmark1-value""></td><td>3150 - 5970</td><td></td><td></td><td></td><td></td><td></td><td></td><td></td><td></td><td></td><td></td><td></td></tr>",<th>Variety</th><th>Leaf blast</th><th>Bacterial leaf blight</th><th>Brown plant hopper</th><td>Salinity</td><td>Submergence</td><td>Drought</td>,"<tr><td class=""must-variety-value"">NSIC Rc 436</td><td></td><td></td><td></td><td></td><td></td><td></td></tr><tr><td class=""must-benchmark1-value""></td><td></td><td></td><td></td><td></td><td></td><td></td></tr>",,,,Not Data,,assets/img/pc-evidence/planting-method_alt.png,"{""data-disabled"":""true"",""data-show"":""false"",""data-pc_id"":124}",assets/img/pc-evidence/ecosystem_alt.png,"{""data-disabled"":""true"",""data-show"":""false"",""data-pc_id"":124}",assets/img/pc-evidence/positioning_alt.png,"{""data-disabled"":""true"",""data-show"":""false"",""data-pc_id"":124}",assets/img/pc-evidence/key-strengths_alt.png,"{""data-disabled"":""true"",""data-show"":""false"",""data-pc_id"":124}",assets/img/pc-evidence/considerations_alt.png,"{""data-disabled"":""true"",""data-show"":""false"",""data-pc_id"":124}",assets/img/pc-evidence/relative-variety-perf_alt.png,"{""data-disabled"":""true"",""data-show"":""false"",""data-pc_id"":124}",assets/img/pc-evidence/producibility_alt.png,"{""data-disabled"":""true"",""data-show"":""false"",""data-pc_id"":124}",124
NSIC Rc 438,MS6/AR32-19-3-4,Inbred,Philippines,-,https://glomip.cgiar.org/uploads/product_catalog,,,-,Recommended,Not Recommended,Recommended,Not Recommended,Not Recommended,,,,,,,"<tr><td>Maturity</td><td>Maturity duration</td><td>Early maturing</td></tr><tr><td>Biotic stress</td><td>Stemborer</td><td>Yellow stemborer</td></tr><tr><td>Agronomic traits</td><td>Lodging</td><td>Strong stems, Non-lodging</td></tr><tr><td>Grain Quality traits</td><td>Other</td><td>Good grain quality</td></tr><tr><td>Cooking quality</td><td>Cooked quality (grain texture)</td><td>Soft</td></tr><tr><td>Biotic stress</td><td>Leaf blast</td><td>Moderate Leaf blast</td></tr><tr><td>Grain Quality traits</td><td>Head Rice Recovery</td><td>Good HRR</td></tr>",<tr><td>Biotic stress</td><td>Sheath blight</td><td>-</td></tr><tr><td>Biotic stress</td><td>Tungro</td><td>-</td></tr>,"<tr><th rowspan=""2"">Variety</th>
                    <th colspan=""2"">Grain Yield</th>
                    <th rowspan=""2"">Maturity (days)</th>
                    <th rowspan=""2"">Plant height (cm)</th>
                    <th rowspan=""2"">Lodging</th>
                    <th rowspan=""2"">Shattering</th>
                    <th rowspan=""2"">1000 grain weight (g)</th>
                    <th rowspan=""2"">Panicle Threshability</th>
                    <th rowspan=""2"">HRR (%)</th>
                    <th rowspan=""2"">Amylose content (%)</th>
                    <th rowspan=""2"">Special Trait</th>
                    <th rowspan=""2"">Tillering</th></tr><tr><th>(kg/ha)</th><th>(% Adv)</th></tr>","<tr><td class=""must-variety-value"">NSIC Rc 438</td><td>5400 - 10300</td><td></td><td>Early (106 days)</td><td></td><td></td><td></td><td></td><td></td><td></td><td></td><td></td><td></td></tr><tr><td class=""must-benchmark1-value""></td><td>3150 - 5970</td><td></td><td></td><td></td><td></td><td></td><td></td><td></td><td></td><td></td><td></td><td></td></tr>",<th>Variety</th><th>Leaf blast</th><th>Bacterial leaf blight</th><th>Brown plant hopper</th><td>Salinity</td><td>Submergence</td><td>Drought</td>,"<tr><td class=""must-variety-value"">NSIC Rc 438</td><td></td><td></td><td></td><td></td><td></td><td></td></tr><tr><td class=""must-benchmark1-value""></td><td></td><td></td><td></td><td></td><td></td><td></td></tr>",,,,Not Data,,assets/img/pc-evidence/planting-method_alt.png,"{""data-disabled"":""true"",""data-show"":""false"",""data-pc_id"":125}",assets/img/pc-evidence/ecosystem_alt.png,"{""data-disabled"":""true"",""data-show"":""false"",""data-pc_id"":125}",assets/img/pc-evidence/positioning_alt.png,"{""data-disabled"":""true"",""data-show"":""false"",""data-pc_id"":125}",assets/img/pc-evidence/key-strengths_alt.png,"{""data-disabled"":""true"",""data-show"":""false"",""data-pc_id"":125}",assets/img/pc-evidence/considerations_alt.png,"{""data-disabled"":""true"",""data-show"":""false"",""data-pc_id"":125}",assets/img/pc-evidence/relative-variety-perf_alt.png,"{""data-disabled"":""true"",""data-show"":""false"",""data-pc_id"":125}",assets/img/pc-evidence/producibility_alt.png,"{""data-disabled"":""true"",""data-show"":""false"",""data-pc_id"":125}",125
NSIC Rc 440,PJ27/C6088-B-2-1-3-1,Inbred,Philippines,-,https://glomip.cgiar.org/uploads/product_catalog,,,-,Recommended,Not Recommended,Recommended,Not Recommended,Not Recommended,,,,,,,"<tr><td>Maturity</td><td>Maturity duration</td><td>Early maturing</td></tr><tr><td>Biotic stress</td><td>Stemborer</td><td>Yellow stemborer</td></tr><tr><td>Agronomic traits</td><td>Lodging</td><td>Strong stems, Non-lodging</td></tr><tr><td>Grain Quality traits</td><td>Other</td><td>Good eating quality</td></tr><tr><td>Cooking quality</td><td>Cooked quality (grain texture)</td><td>Soft</td></tr><tr><td>Biotic stress</td><td>Leaf blast</td><td>Moderate Leaf blast</td></tr><tr><td>Grain Quality traits</td><td>Head Rice Recovery</td><td>High HRR</td></tr>",<tr><td>Biotic stress</td><td>Sheath blight</td><td>-</td></tr><tr><td>Biotic stress</td><td>Tungro</td><td>-</td></tr>,"<tr><th rowspan=""2"">Variety</th>
                    <th colspan=""2"">Grain Yield</th>
                    <th rowspan=""2"">Maturity (days)</th>
                    <th rowspan=""2"">Plant height (cm)</th>
                    <th rowspan=""2"">Lodging</th>
                    <th rowspan=""2"">Shattering</th>
                    <th rowspan=""2"">1000 grain weight (g)</th>
                    <th rowspan=""2"">Panicle Threshability</th>
                    <th rowspan=""2"">HRR (%)</th>
                    <th rowspan=""2"">Amylose content (%)</th>
                    <th rowspan=""2"">Special Trait</th>
                    <th rowspan=""2"">Tillering</th></tr><tr><th>(kg/ha)</th><th>(% Adv)</th></tr>","<tr><td class=""must-variety-value"">NSIC Rc 440</td><td>5500 - 10800</td><td></td><td>Early (106 days)</td><td></td><td></td><td></td><td></td><td></td><td></td><td></td><td></td><td></td></tr><tr><td class=""must-benchmark1-value""></td><td>4110</td><td></td><td></td><td></td><td></td><td></td><td></td><td></td><td></td><td></td><td></td><td></td></tr>",<th>Variety</th><th>Leaf blast</th><th>Bacterial leaf blight</th><th>Brown plant hopper</th><td>Salinity</td><td>Submergence</td><td>Drought</td>,"<tr><td class=""must-variety-value"">NSIC Rc 440</td><td></td><td></td><td></td><td></td><td></td><td></td></tr><tr><td class=""must-benchmark1-value""></td><td></td><td></td><td></td><td></td><td></td><td></td></tr>",,,,Not Data,,assets/img/pc-evidence/planting-method_alt.png,"{""data-disabled"":""true"",""data-show"":""false"",""data-pc_id"":126}",assets/img/pc-evidence/ecosystem_alt.png,"{""data-disabled"":""true"",""data-show"":""false"",""data-pc_id"":126}",assets/img/pc-evidence/positioning_alt.png,"{""data-disabled"":""true"",""data-show"":""false"",""data-pc_id"":126}",assets/img/pc-evidence/key-strengths_alt.png,"{""data-disabled"":""true"",""data-show"":""false"",""data-pc_id"":126}",assets/img/pc-evidence/considerations_alt.png,"{""data-disabled"":""true"",""data-show"":""false"",""data-pc_id"":126}",assets/img/pc-evidence/relative-variety-perf_alt.png,"{""data-disabled"":""true"",""data-show"":""false"",""data-pc_id"":126}",assets/img/pc-evidence/producibility_alt.png,"{""data-disabled"":""true"",""data-show"":""false"",""data-pc_id"":126}",126
NSIC Rc 442,IR68077-82-2-2-2-3/IROOA 117,Inbred,Philippines,-,https://glomip.cgiar.org/uploads/product_catalog,,,-,Recommended,Not Recommended,Recommended,Not Recommended,Not Recommended,,,,,,,"<tr><td>Agronomic traits</td><td>Lodging</td><td>Strong stems, Non-lodging</td></tr><tr><td>Maturity</td><td>Maturity duration</td><td>Early maturing</td></tr><tr><td>Biotic stress</td><td>Green leafhopper</td><td>-</td></tr><tr><td>Biotic stress</td><td>Brown planthopper</td><td>Moderate Brown planthopper</td></tr><tr><td>Biotic stress</td><td>Bacterial blight</td><td>Moderate Leaf blight</td></tr><tr><td>Cooking quality</td><td>Cooked quality (grain texture)</td><td>Soft</td></tr><tr><td>Grain Quality traits</td><td>Head Rice Recovery</td><td>Good HRR</td></tr>",<tr><td>Biotic stress</td><td>Sheath blight</td><td>-</td></tr><tr><td>Biotic stress</td><td>Tungro</td><td>-</td></tr><tr><td>Biotic stress</td><td>Leaf blast</td><td>-</td></tr><tr><td>Biotic stress</td><td>Stemborer</td><td>Yellow stemborer</td></tr>,"<tr><th rowspan=""2"">Variety</th>
                    <th colspan=""2"">Grain Yield</th>
                    <th rowspan=""2"">Maturity (days)</th>
                    <th rowspan=""2"">Plant height (cm)</th>
                    <th rowspan=""2"">Lodging</th>
                    <th rowspan=""2"">Shattering</th>
                    <th rowspan=""2"">1000 grain weight (g)</th>
                    <th rowspan=""2"">Panicle Threshability</th>
                    <th rowspan=""2"">HRR (%)</th>
                    <th rowspan=""2"">Amylose content (%)</th>
                    <th rowspan=""2"">Special Trait</th>
                    <th rowspan=""2"">Tillering</th></tr><tr><th>(kg/ha)</th><th>(% Adv)</th></tr>","<tr><td class=""must-variety-value"">NSIC Rc 442</td><td>6100 - 10800</td><td></td><td>Early (113 days)</td><td></td><td></td><td></td><td></td><td></td><td></td><td></td><td></td><td></td></tr><tr><td class=""must-benchmark1-value""></td><td>3170 - 5970</td><td></td><td></td><td></td><td></td><td></td><td></td><td></td><td></td><td></td><td></td><td></td></tr>",<th>Variety</th><th>Leaf blast</th><th>Bacterial leaf blight</th><th>Brown plant hopper</th><td>Salinity</td><td>Submergence</td><td>Drought</td>,"<tr><td class=""must-variety-value"">NSIC Rc 442</td><td></td><td></td><td></td><td></td><td></td><td></td></tr><tr><td class=""must-benchmark1-value""></td><td></td><td></td><td></td><td></td><td></td><td></td></tr>",,,,Not Data,,assets/img/pc-evidence/planting-method_alt.png,"{""data-disabled"":""true"",""data-show"":""false"",""data-pc_id"":127}",assets/img/pc-evidence/ecosystem_alt.png,"{""data-disabled"":""true"",""data-show"":""false"",""data-pc_id"":127}",assets/img/pc-evidence/positioning_alt.png,"{""data-disabled"":""true"",""data-show"":""false"",""data-pc_id"":127}",assets/img/pc-evidence/key-strengths_alt.png,"{""data-disabled"":""true"",""data-show"":""false"",""data-pc_id"":127}",assets/img/pc-evidence/considerations_alt.png,"{""data-disabled"":""true"",""data-show"":""false"",""data-pc_id"":127}",assets/img/pc-evidence/relative-variety-perf_alt.png,"{""data-disabled"":""true"",""data-show"":""false"",""data-pc_id"":127}",assets/img/pc-evidence/producibility_alt.png,"{""data-disabled"":""true"",""data-show"":""false"",""data-pc_id"":127}",127
NSIC Rc 506,C7995-B-5-2-2-2/AZUCENA//C7652-2B-7-4,Inbred,Philippines,-,https://glomip.cgiar.org/uploads/product_catalog,,,-,Recommended,Not Recommended,Recommended,Not Recommended,Not Recommended,,,,,,,"<tr><td>Agronomic traits</td><td>Lodging</td><td>Strong stems, Non-lodging</td></tr><tr><td>Maturity</td><td>Maturity duration</td><td>Early maturing</td></tr><tr><td>Biotic stress</td><td>Stemborer</td><td>Yellow Stemborer</td></tr><tr><td>Biotic stress</td><td>Green leafhopper</td><td>-</td></tr><tr><td>Biotic stress</td><td>Brown planthopper</td><td>Moderate Brown planthopper</td></tr><tr><td>Cooking quality</td><td>Cooked quality (grain texture)</td><td>Soft</td></tr><tr><td>Grain Quality traits</td><td>Head Rice Recovery</td><td>High HRR</td></tr>",<tr><td>Biotic stress</td><td>Sheath blight</td><td>-</td></tr><tr><td>Biotic stress</td><td>Tungro</td><td>-</td></tr><tr><td>Biotic stress</td><td>Leaf blast</td><td>-</td></tr>,"<tr><th rowspan=""2"">Variety</th>
                    <th colspan=""2"">Grain Yield</th>
                    <th rowspan=""2"">Maturity (days)</th>
                    <th rowspan=""2"">Plant height (cm)</th>
                    <th rowspan=""2"">Lodging</th>
                    <th rowspan=""2"">Shattering</th>
                    <th rowspan=""2"">1000 grain weight (g)</th>
                    <th rowspan=""2"">Panicle Threshability</th>
                    <th rowspan=""2"">HRR (%)</th>
                    <th rowspan=""2"">Amylose content (%)</th>
                    <th rowspan=""2"">Special Trait</th>
                    <th rowspan=""2"">Tillering</th></tr><tr><th>(kg/ha)</th><th>(% Adv)</th></tr>","<tr><td class=""must-variety-value"">NSIC Rc 506</td><td>5900 - 10000</td><td></td><td>Early (111 days)</td><td></td><td></td><td></td><td></td><td></td><td></td><td></td><td></td><td></td></tr><tr><td class=""must-benchmark1-value""></td><td>3150 - 4540</td><td></td><td></td><td></td><td></td><td></td><td></td><td></td><td></td><td></td><td></td><td></td></tr>",<th>Variety</th><th>Leaf blast</th><th>Bacterial leaf blight</th><th>Brown plant hopper</th><td>Salinity</td><td>Submergence</td><td>Drought</td>,"<tr><td class=""must-variety-value"">NSIC Rc 506</td><td></td><td></td><td></td><td></td><td></td><td></td></tr><tr><td class=""must-benchmark1-value""></td><td></td><td></td><td></td><td></td><td></td><td></td></tr>",,,,Not Data,,assets/img/pc-evidence/planting-method_alt.png,"{""data-disabled"":""true"",""data-show"":""false"",""data-pc_id"":128}",assets/img/pc-evidence/ecosystem_alt.png,"{""data-disabled"":""true"",""data-show"":""false"",""data-pc_id"":128}",assets/img/pc-evidence/positioning_alt.png,"{""data-disabled"":""true"",""data-show"":""false"",""data-pc_id"":128}",assets/img/pc-evidence/key-strengths_alt.png,"{""data-disabled"":""true"",""data-show"":""false"",""data-pc_id"":128}",assets/img/pc-evidence/considerations_alt.png,"{""data-disabled"":""true"",""data-show"":""false"",""data-pc_id"":128}",assets/img/pc-evidence/relative-variety-perf_alt.png,"{""data-disabled"":""true"",""data-show"":""false"",""data-pc_id"":128}",assets/img/pc-evidence/producibility_alt.png,"{""data-disabled"":""true"",""data-show"":""false"",""data-pc_id"":128}",128
NSIC Rc 508,PR29232-B-17-2-1-1/IR64,Inbred,Philippines,-,https://glomip.cgiar.org/uploads/product_catalog,,,-,Recommended,Not Recommended,Recommended,Not Recommended,Not Recommended,,,,,,,"<tr><td>Grain Quality traits</td><td>Other</td><td>Good grain and eating quality</td></tr><tr><td>Agronomic traits</td><td>Lodging</td><td>Strong stems, Non-lodging</td></tr><tr><td>Maturity</td><td>Maturity duration</td><td>Early maturing</td></tr><tr><td>Biotic stress</td><td>Stemborer</td><td>Yellow Stemborer</td></tr><tr><td>Biotic stress</td><td>Green leafhopper</td><td>-</td></tr><tr><td>Biotic stress</td><td>Brown planthopper</td><td>Moderate Brown planthopper</td></tr><tr><td>Biotic stress</td><td>Leaf blast</td><td>Moderate Leaf blast</td></tr><tr><td>Cooking quality</td><td>Cooked quality (grain texture)</td><td>Soft</td></tr><tr><td>Grain Quality traits</td><td>Head Rice Recovery</td><td>High HRR</td></tr>",<tr><td>Biotic stress</td><td>Sheath blight</td><td>-</td></tr><tr><td>Biotic stress</td><td>Tungro</td><td>-</td></tr>,"<tr><th rowspan=""2"">Variety</th>
                    <th colspan=""2"">Grain Yield</th>
                    <th rowspan=""2"">Maturity (days)</th>
                    <th rowspan=""2"">Plant height (cm)</th>
                    <th rowspan=""2"">Lodging</th>
                    <th rowspan=""2"">Shattering</th>
                    <th rowspan=""2"">1000 grain weight (g)</th>
                    <th rowspan=""2"">Panicle Threshability</th>
                    <th rowspan=""2"">HRR (%)</th>
                    <th rowspan=""2"">Amylose content (%)</th>
                    <th rowspan=""2"">Special Trait</th>
                    <th rowspan=""2"">Tillering</th></tr><tr><th>(kg/ha)</th><th>(% Adv)</th></tr>","<tr><td class=""must-variety-value"">NSIC Rc 508</td><td>6000 - 10400</td><td></td><td>Early (110 days)</td><td></td><td></td><td></td><td></td><td></td><td></td><td></td><td></td><td></td></tr><tr><td class=""must-benchmark1-value""></td><td>3500 - 5970</td><td></td><td></td><td></td><td></td><td></td><td></td><td></td><td></td><td></td><td></td><td></td></tr>",<th>Variety</th><th>Leaf blast</th><th>Bacterial leaf blight</th><th>Brown plant hopper</th><td>Salinity</td><td>Submergence</td><td>Drought</td>,"<tr><td class=""must-variety-value"">NSIC Rc 508</td><td></td><td></td><td></td><td></td><td></td><td></td></tr><tr><td class=""must-benchmark1-value""></td><td></td><td></td><td></td><td></td><td></td><td></td></tr>",,,,Not Data,,assets/img/pc-evidence/planting-method_alt.png,"{""data-disabled"":""true"",""data-show"":""false"",""data-pc_id"":129}",assets/img/pc-evidence/ecosystem_alt.png,"{""data-disabled"":""true"",""data-show"":""false"",""data-pc_id"":129}",assets/img/pc-evidence/positioning_alt.png,"{""data-disabled"":""true"",""data-show"":""false"",""data-pc_id"":129}",assets/img/pc-evidence/key-strengths_alt.png,"{""data-disabled"":""true"",""data-show"":""false"",""data-pc_id"":129}",assets/img/pc-evidence/considerations_alt.png,"{""data-disabled"":""true"",""data-show"":""false"",""data-pc_id"":129}",assets/img/pc-evidence/relative-variety-perf_alt.png,"{""data-disabled"":""true"",""data-show"":""false"",""data-pc_id"":129}",assets/img/pc-evidence/producibility_alt.png,"{""data-disabled"":""true"",""data-show"":""false"",""data-pc_id"":129}",129
NSIC Rc 512,Huang-Hua-Zhan*2/OM 1706,Inbred,Philippines,-,https://glomip.cgiar.org/uploads/product_catalog,,,-,Recommended,Not Recommended,Recommended,Not Recommended,Not Recommended,,,,,,,"<tr><td>Grain Quality traits</td><td>Other</td><td>Good grain quality</td></tr><tr><td>Agronomic traits</td><td>Lodging</td><td>Strong stems, Non-lodging</td></tr><tr><td>Maturity</td><td>Maturity duration</td><td>Early maturing</td></tr><tr><td>Biotic stress</td><td>Stemborer</td><td>Yellow stemborer</td></tr><tr><td>Biotic stress</td><td>Bacterial blight</td><td>Leaf blight</td></tr><tr><td>Biotic stress</td><td>Leaf blast</td><td>Moderate Leaf blast</td></tr><tr><td>Cooking quality</td><td>Cooked quality (grain texture)</td><td>Very soft</td></tr>",<tr><td>Biotic stress</td><td>Sheath blight</td><td>-</td></tr><tr><td>Biotic stress</td><td>Tungro</td><td>-</td></tr>,"<tr><th rowspan=""2"">Variety</th>
                    <th colspan=""2"">Grain Yield</th>
                    <th rowspan=""2"">Maturity (days)</th>
                    <th rowspan=""2"">Plant height (cm)</th>
                    <th rowspan=""2"">Lodging</th>
                    <th rowspan=""2"">Shattering</th>
                    <th rowspan=""2"">1000 grain weight (g)</th>
                    <th rowspan=""2"">Panicle Threshability</th>
                    <th rowspan=""2"">HRR (%)</th>
                    <th rowspan=""2"">Amylose content (%)</th>
                    <th rowspan=""2"">Special Trait</th>
                    <th rowspan=""2"">Tillering</th></tr><tr><th>(kg/ha)</th><th>(% Adv)</th></tr>","<tr><td class=""must-variety-value"">NSIC Rc 512</td><td>5600 - 10200</td><td></td><td>Early (113 days)</td><td></td><td></td><td></td><td></td><td></td><td></td><td></td><td></td><td></td></tr><tr><td class=""must-benchmark1-value""></td><td>4110</td><td></td><td></td><td></td><td></td><td></td><td></td><td></td><td></td><td></td><td></td><td></td></tr>",<th>Variety</th><th>Leaf blast</th><th>Bacterial leaf blight</th><th>Brown plant hopper</th><td>Salinity</td><td>Submergence</td><td>Drought</td>,"<tr><td class=""must-variety-value"">NSIC Rc 512</td><td></td><td></td><td></td><td></td><td></td><td></td></tr><tr><td class=""must-benchmark1-value""></td><td></td><td></td><td></td><td></td><td></td><td></td></tr>",,,,Not Data,,assets/img/pc-evidence/planting-method_alt.png,"{""data-disabled"":""true"",""data-show"":""false"",""data-pc_id"":130}",assets/img/pc-evidence/ecosystem_alt.png,"{""data-disabled"":""true"",""data-show"":""false"",""data-pc_id"":130}",assets/img/pc-evidence/positioning_alt.png,"{""data-disabled"":""true"",""data-show"":""false"",""data-pc_id"":130}",assets/img/pc-evidence/key-strengths_alt.png,"{""data-disabled"":""true"",""data-show"":""false"",""data-pc_id"":130}",assets/img/pc-evidence/considerations_alt.png,"{""data-disabled"":""true"",""data-show"":""false"",""data-pc_id"":130}",assets/img/pc-evidence/relative-variety-perf_alt.png,"{""data-disabled"":""true"",""data-show"":""false"",""data-pc_id"":130}",assets/img/pc-evidence/producibility_alt.png,"{""data-disabled"":""true"",""data-show"":""false"",""data-pc_id"":130}",130
NSIC Rc 514,Huang-Hua-Zhan/Feng-Ai-Zhan//Huang-Hua-Zhan,Inbred,Philippines,-,https://glomip.cgiar.org/uploads/product_catalog,,,-,Recommended,Not Recommended,Recommended,Not Recommended,Not Recommended,,,,,,,"<tr><td>Cooking quality</td><td>Cooked quality (grain texture)</td><td>Firm</td></tr><tr><td>Grain Quality traits</td><td>Head Rice Recovery</td><td>High HRR</td></tr><tr><td>Biotic stress</td><td>Leaf blast</td><td>Moderate Leaf blast</td></tr><tr><td>Biotic stress</td><td>Green leafhopper</td><td>-</td></tr><tr><td>Biotic stress</td><td>Brown planthopper</td><td>Moderate Brown planthopper</td></tr><tr><td>Biotic stress</td><td>Stemborer</td><td>Yellow Stemborer</td></tr><tr><td>Maturity</td><td>Maturity duration</td><td>Early maturing</td></tr><tr><td>Agronomic traits</td><td>Lodging</td><td>Strong stems, Non-lodging</td></tr>",<tr><td>Biotic stress</td><td>Sheath blight</td><td>-</td></tr><tr><td>Biotic stress</td><td>Tungro</td><td>-</td></tr>,"<tr><th rowspan=""2"">Variety</th>
                    <th colspan=""2"">Grain Yield</th>
                    <th rowspan=""2"">Maturity (days)</th>
                    <th rowspan=""2"">Plant height (cm)</th>
                    <th rowspan=""2"">Lodging</th>
                    <th rowspan=""2"">Shattering</th>
                    <th rowspan=""2"">1000 grain weight (g)</th>
                    <th rowspan=""2"">Panicle Threshability</th>
                    <th rowspan=""2"">HRR (%)</th>
                    <th rowspan=""2"">Amylose content (%)</th>
                    <th rowspan=""2"">Special Trait</th>
                    <th rowspan=""2"">Tillering</th></tr><tr><th>(kg/ha)</th><th>(% Adv)</th></tr>","<tr><td class=""must-variety-value"">NSIC Rc 514</td><td>6000 - 9900</td><td></td><td>Early (112 days)</td><td></td><td></td><td></td><td></td><td></td><td></td><td></td><td></td><td></td></tr><tr><td class=""must-benchmark1-value""></td><td>3150 - 5970</td><td></td><td></td><td></td><td></td><td></td><td></td><td></td><td></td><td></td><td></td><td></td></tr>",<th>Variety</th><th>Leaf blast</th><th>Bacterial leaf blight</th><th>Brown plant hopper</th><td>Salinity</td><td>Submergence</td><td>Drought</td>,"<tr><td class=""must-variety-value"">NSIC Rc 514</td><td></td><td></td><td></td><td></td><td></td><td></td></tr><tr><td class=""must-benchmark1-value""></td><td></td><td></td><td></td><td></td><td></td><td></td></tr>",,,,Not Data,,assets/img/pc-evidence/planting-method_alt.png,"{""data-disabled"":""true"",""data-show"":""false"",""data-pc_id"":131}",assets/img/pc-evidence/ecosystem_alt.png,"{""data-disabled"":""true"",""data-show"":""false"",""data-pc_id"":131}",assets/img/pc-evidence/positioning_alt.png,"{""data-disabled"":""true"",""data-show"":""false"",""data-pc_id"":131}",assets/img/pc-evidence/key-strengths_alt.png,"{""data-disabled"":""true"",""data-show"":""false"",""data-pc_id"":131}",assets/img/pc-evidence/considerations_alt.png,"{""data-disabled"":""true"",""data-show"":""false"",""data-pc_id"":131}",assets/img/pc-evidence/relative-variety-perf_alt.png,"{""data-disabled"":""true"",""data-show"":""false"",""data-pc_id"":131}",assets/img/pc-evidence/producibility_alt.png,"{""data-disabled"":""true"",""data-show"":""false"",""data-pc_id"":131}",131
NSIC Rc 128SR,BPI R13/TQDQQ/*2 BPI  Ri 1,Inbred,Philippines,-,https://glomip.cgiar.org/uploads/product_catalog,,,-,Recommended,Not Recommended,Recommended,Not Recommended,Not Recommended,,,,,,,"<tr><td>Biotic stress</td><td>Other</td><td>Deadhearts (Yellow stemborer)</td></tr><tr><td>Cooking quality</td><td>Cooked quality (grain texture)</td><td>Very soft, Slightly sticky</td></tr><tr><td>Agronomic traits</td><td>Other</td><td>Medium, High spikelet fertility</td></tr><tr><td>Grain Quality traits</td><td>Other</td><td>Aromatic</td></tr>",<tr><td>Biotic stress</td><td>Tungro</td><td>-</td></tr><tr><td>Biotic stress</td><td>Leaf blast</td><td>-</td></tr>,"<tr><th rowspan=""2"">Variety</th>
                    <th colspan=""2"">Grain Yield</th>
                    <th rowspan=""2"">Maturity (days)</th>
                    <th rowspan=""2"">Plant height (cm)</th>
                    <th rowspan=""2"">Lodging</th>
                    <th rowspan=""2"">Shattering</th>
                    <th rowspan=""2"">1000 grain weight (g)</th>
                    <th rowspan=""2"">Panicle Threshability</th>
                    <th rowspan=""2"">HRR (%)</th>
                    <th rowspan=""2"">Amylose content (%)</th>
                    <th rowspan=""2"">Special Trait</th>
                    <th rowspan=""2"">Tillering</th></tr><tr><th>(kg/ha)</th><th>(% Adv)</th></tr>","<tr><td class=""must-variety-value"">NSIC Rc 128SR</td><td>5500 - 6200</td><td></td><td>Medium (118 days)</td><td></td><td></td><td></td><td></td><td></td><td></td><td></td><td></td><td></td></tr><tr><td class=""must-benchmark1-value""></td><td>4110</td><td></td><td></td><td></td><td></td><td></td><td></td><td></td><td></td><td></td><td></td><td></td></tr>",<th>Variety</th><th>Leaf blast</th><th>Bacterial leaf blight</th><th>Brown plant hopper</th><td>Salinity</td><td>Submergence</td><td>Drought</td>,"<tr><td class=""must-variety-value"">NSIC Rc 128SR</td><td></td><td></td><td></td><td></td><td></td><td></td></tr><tr><td class=""must-benchmark1-value""></td><td></td><td></td><td></td><td></td><td></td><td></td></tr>",,,,Not Data,,assets/img/pc-evidence/planting-method_alt.png,"{""data-disabled"":""true"",""data-show"":""false"",""data-pc_id"":132}",assets/img/pc-evidence/ecosystem_alt.png,"{""data-disabled"":""true"",""data-show"":""false"",""data-pc_id"":132}",assets/img/pc-evidence/positioning_alt.png,"{""data-disabled"":""true"",""data-show"":""false"",""data-pc_id"":132}",assets/img/pc-evidence/key-strengths_alt.png,"{""data-disabled"":""true"",""data-show"":""false"",""data-pc_id"":132}",assets/img/pc-evidence/considerations_alt.png,"{""data-disabled"":""true"",""data-show"":""false"",""data-pc_id"":132}",assets/img/pc-evidence/relative-variety-perf_alt.png,"{""data-disabled"":""true"",""data-show"":""false"",""data-pc_id"":132}",assets/img/pc-evidence/producibility_alt.png,"{""data-disabled"":""true"",""data-show"":""false"",""data-pc_id"":132}",132
NSIC Rc 218SR,PR29172-2-3-1-1/MS6,Inbred,Philippines,-,https://glomip.cgiar.org/uploads/product_catalog,,,-,Recommended,Not Recommended,Recommended,Not Recommended,Not Recommended,,,,,,,<tr><td>Maturity</td><td>Maturity duration</td><td>Medium maturing</td></tr><tr><td>Grain Quality traits</td><td>Head Rice Recovery</td><td>Very good HRR</td></tr><tr><td>Grain Quality traits</td><td>Other</td><td>Aromatic</td></tr><tr><td>Cooking quality</td><td>Cooked quality (grain texture)</td><td>Very soft</td></tr><tr><td>Grain Quality traits</td><td>Other</td><td>Good grain and eating quality</td></tr>,<tr><td>Biotic stress</td><td>Stemborer</td><td>Yellow stemborer</td></tr><tr><td>Biotic stress</td><td>Green leafhopper</td><td>-</td></tr><tr><td>Biotic stress</td><td>Tungro</td><td>-</td></tr>,"<tr><th rowspan=""2"">Variety</th>
                    <th colspan=""2"">Grain Yield</th>
                    <th rowspan=""2"">Maturity (days)</th>
                    <th rowspan=""2"">Plant height (cm)</th>
                    <th rowspan=""2"">Lodging</th>
                    <th rowspan=""2"">Shattering</th>
                    <th rowspan=""2"">1000 grain weight (g)</th>
                    <th rowspan=""2"">Panicle Threshability</th>
                    <th rowspan=""2"">HRR (%)</th>
                    <th rowspan=""2"">Amylose content (%)</th>
                    <th rowspan=""2"">Special Trait</th>
                    <th rowspan=""2"">Tillering</th></tr><tr><th>(kg/ha)</th><th>(% Adv)</th></tr>","<tr><td class=""must-variety-value"">NSIC Rc 218SR</td><td>3800 - 8000</td><td></td><td>Medium (118-122 days)</td><td></td><td></td><td></td><td></td><td></td><td></td><td></td><td></td><td></td></tr><tr><td class=""must-benchmark1-value""></td><td>3570 - 5970</td><td></td><td></td><td></td><td></td><td></td><td></td><td></td><td></td><td></td><td></td><td></td></tr>",<th>Variety</th><th>Leaf blast</th><th>Bacterial leaf blight</th><th>Brown plant hopper</th><td>Salinity</td><td>Submergence</td><td>Drought</td>,"<tr><td class=""must-variety-value"">NSIC Rc 218SR</td><td></td><td></td><td></td><td></td><td></td><td></td></tr><tr><td class=""must-benchmark1-value""></td><td></td><td></td><td></td><td></td><td></td><td></td></tr>",,,,Not Data,,assets/img/pc-evidence/planting-method_alt.png,"{""data-disabled"":""true"",""data-show"":""false"",""data-pc_id"":133}",assets/img/pc-evidence/ecosystem_alt.png,"{""data-disabled"":""true"",""data-show"":""false"",""data-pc_id"":133}",assets/img/pc-evidence/positioning_alt.png,"{""data-disabled"":""true"",""data-show"":""false"",""data-pc_id"":133}",assets/img/pc-evidence/key-strengths_alt.png,"{""data-disabled"":""true"",""data-show"":""false"",""data-pc_id"":133}",assets/img/pc-evidence/considerations_alt.png,"{""data-disabled"":""true"",""data-show"":""false"",""data-pc_id"":133}",assets/img/pc-evidence/relative-variety-perf_alt.png,"{""data-disabled"":""true"",""data-show"":""false"",""data-pc_id"":133}",assets/img/pc-evidence/producibility_alt.png,"{""data-disabled"":""true"",""data-show"":""false"",""data-pc_id"":133}",133
NSIC Rc 342SR,PR31561-AR32-11-63-3/JASMIN,Inbred,Philippines,-,https://glomip.cgiar.org/uploads/product_catalog,,,-,Recommended,Not Recommended,Recommended,Not Recommended,Not Recommended,,,,,,,<tr><td>Cooking quality</td><td>Cooked quality (grain texture)</td><td>Soft</td></tr><tr><td>Grain Quality traits</td><td>Other</td><td>Good eating quality</td></tr><tr><td>Maturity</td><td>Maturity duration</td><td>Early maturing</td></tr><tr><td>Biotic stress</td><td>Green leafhopper</td><td>-</td></tr><tr><td>Biotic stress</td><td>Bacterial blight</td><td>Moderate Leaf blight</td></tr><tr><td>Grain Quality traits</td><td>Aroma</td><td>Slight aroma</td></tr><tr><td>Grain Quality traits</td><td>Head Rice Recovery</td><td>Good HRR</td></tr>,<tr><td>Biotic stress</td><td>Sheath blight</td><td>-</td></tr><tr><td>Biotic stress</td><td>Tungro</td><td>-</td></tr><tr><td>Biotic stress</td><td>Leaf blast</td><td>-</td></tr>,"<tr><th rowspan=""2"">Variety</th>
                    <th colspan=""2"">Grain Yield</th>
                    <th rowspan=""2"">Maturity (days)</th>
                    <th rowspan=""2"">Plant height (cm)</th>
                    <th rowspan=""2"">Lodging</th>
                    <th rowspan=""2"">Shattering</th>
                    <th rowspan=""2"">1000 grain weight (g)</th>
                    <th rowspan=""2"">Panicle Threshability</th>
                    <th rowspan=""2"">HRR (%)</th>
                    <th rowspan=""2"">Amylose content (%)</th>
                    <th rowspan=""2"">Special Trait</th>
                    <th rowspan=""2"">Tillering</th></tr><tr><th>(kg/ha)</th><th>(% Adv)</th></tr>","<tr><td class=""must-variety-value"">NSIC Rc 342SR</td><td>4300 - 7300</td><td></td><td>Early (113-115 days)</td><td></td><td></td><td></td><td></td><td></td><td></td><td></td><td></td><td></td></tr><tr><td class=""must-benchmark1-value""></td><td>4110</td><td></td><td></td><td></td><td></td><td></td><td></td><td></td><td></td><td></td><td></td><td></td></tr>",<th>Variety</th><th>Leaf blast</th><th>Bacterial leaf blight</th><th>Brown plant hopper</th><td>Salinity</td><td>Submergence</td><td>Drought</td>,"<tr><td class=""must-variety-value"">NSIC Rc 342SR</td><td></td><td></td><td></td><td></td><td></td><td></td></tr><tr><td class=""must-benchmark1-value""></td><td></td><td></td><td></td><td></td><td></td><td></td></tr>",,,,Not Data,,assets/img/pc-evidence/planting-method_alt.png,"{""data-disabled"":""true"",""data-show"":""false"",""data-pc_id"":134}",assets/img/pc-evidence/ecosystem_alt.png,"{""data-disabled"":""true"",""data-show"":""false"",""data-pc_id"":134}",assets/img/pc-evidence/positioning_alt.png,"{""data-disabled"":""true"",""data-show"":""false"",""data-pc_id"":134}",assets/img/pc-evidence/key-strengths_alt.png,"{""data-disabled"":""true"",""data-show"":""false"",""data-pc_id"":134}",assets/img/pc-evidence/considerations_alt.png,"{""data-disabled"":""true"",""data-show"":""false"",""data-pc_id"":134}",assets/img/pc-evidence/relative-variety-perf_alt.png,"{""data-disabled"":""true"",""data-show"":""false"",""data-pc_id"":134}",assets/img/pc-evidence/producibility_alt.png,"{""data-disabled"":""true"",""data-show"":""false"",""data-pc_id"":134}",134
NSIC Rc 344SR,IR00A 117/IR64,Inbred,Philippines,-,https://glomip.cgiar.org/uploads/product_catalog,,,-,Recommended,Not Recommended,Recommended,Not Recommended,Not Recommended,,,,,,,<tr><td>Biotic stress</td><td>Brown planthopper</td><td>-</td></tr><tr><td>Grain Quality traits</td><td>Aroma</td><td>Slight aroma</td></tr><tr><td>Maturity</td><td>Maturity duration</td><td>Medium maturing</td></tr><tr><td>Grain Quality traits</td><td>Other</td><td>Good eating quality</td></tr><tr><td>Cooking quality</td><td>Cooked quality (grain texture)</td><td>Soft</td></tr>,<tr><td>Biotic stress</td><td>Leaf blast</td><td>-</td></tr><tr><td>Biotic stress</td><td>Bacterial blight</td><td>Leaf blight</td></tr><tr><td>Biotic stress</td><td>Tungro</td><td>-</td></tr><tr><td>Biotic stress</td><td>Stemborer</td><td>Yellow stemborer</td></tr><tr><td>Biotic stress</td><td>Sheath blight</td><td>-</td></tr>,"<tr><th rowspan=""2"">Variety</th>
                    <th colspan=""2"">Grain Yield</th>
                    <th rowspan=""2"">Maturity (days)</th>
                    <th rowspan=""2"">Plant height (cm)</th>
                    <th rowspan=""2"">Lodging</th>
                    <th rowspan=""2"">Shattering</th>
                    <th rowspan=""2"">1000 grain weight (g)</th>
                    <th rowspan=""2"">Panicle Threshability</th>
                    <th rowspan=""2"">HRR (%)</th>
                    <th rowspan=""2"">Amylose content (%)</th>
                    <th rowspan=""2"">Special Trait</th>
                    <th rowspan=""2"">Tillering</th></tr><tr><th>(kg/ha)</th><th>(% Adv)</th></tr>","<tr><td class=""must-variety-value"">NSIC Rc 344SR</td><td>5300 - 8200</td><td></td><td>Medium (116-120 days)</td><td></td><td></td><td></td><td></td><td></td><td></td><td></td><td></td><td></td></tr><tr><td class=""must-benchmark1-value""></td><td>4110</td><td></td><td></td><td></td><td></td><td></td><td></td><td></td><td></td><td></td><td></td><td></td></tr>",<th>Variety</th><th>Leaf blast</th><th>Bacterial leaf blight</th><th>Brown plant hopper</th><td>Salinity</td><td>Submergence</td><td>Drought</td>,"<tr><td class=""must-variety-value"">NSIC Rc 344SR</td><td></td><td></td><td></td><td></td><td></td><td></td></tr><tr><td class=""must-benchmark1-value""></td><td></td><td></td><td></td><td></td><td></td><td></td></tr>",,,,Not Data,,assets/img/pc-evidence/planting-method_alt.png,"{""data-disabled"":""true"",""data-show"":""false"",""data-pc_id"":135}",assets/img/pc-evidence/ecosystem_alt.png,"{""data-disabled"":""true"",""data-show"":""false"",""data-pc_id"":135}",assets/img/pc-evidence/positioning_alt.png,"{""data-disabled"":""true"",""data-show"":""false"",""data-pc_id"":135}",assets/img/pc-evidence/key-strengths_alt.png,"{""data-disabled"":""true"",""data-show"":""false"",""data-pc_id"":135}",assets/img/pc-evidence/considerations_alt.png,"{""data-disabled"":""true"",""data-show"":""false"",""data-pc_id"":135}",assets/img/pc-evidence/relative-variety-perf_alt.png,"{""data-disabled"":""true"",""data-show"":""false"",""data-pc_id"":135}",assets/img/pc-evidence/producibility_alt.png,"{""data-disabled"":""true"",""data-show"":""false"",""data-pc_id"":135}",135
NSIC Rc 242SR,IR80091-46-2-1/IR71663-14-2-3-5,Inbred,Philippines,-,https://glomip.cgiar.org/uploads/product_catalog,,,-,Recommended,Not Recommended,Recommended,Not Recommended,Not Recommended,,,,,,,<tr><td>Biotic stress</td><td>Bacterial blight</td><td>Leaf blight</td></tr><tr><td>Biotic stress</td><td>Leaf blast</td><td>-</td></tr><tr><td>Maturity</td><td>Maturity duration</td><td>Early maturing</td></tr><tr><td>Grain Quality traits</td><td>Other</td><td>Good eating quality</td></tr><tr><td>Grain Quality traits</td><td>Head Rice Recovery</td><td>Good HRR</td></tr><tr><td>Cooking quality</td><td>Cooked quality (grain texture)</td><td>Very soft</td></tr>,<tr><td>Biotic stress</td><td>Green leafhopper</td><td>-</td></tr><tr><td>Biotic stress</td><td>Tungro</td><td>-</td></tr><tr><td>Biotic stress</td><td>Sheath blight</td><td>-</td></tr><tr><td>Biotic stress</td><td>Brown planthopper</td><td>-</td></tr>,"<tr><th rowspan=""2"">Variety</th>
                    <th colspan=""2"">Grain Yield</th>
                    <th rowspan=""2"">Maturity (days)</th>
                    <th rowspan=""2"">Plant height (cm)</th>
                    <th rowspan=""2"">Lodging</th>
                    <th rowspan=""2"">Shattering</th>
                    <th rowspan=""2"">1000 grain weight (g)</th>
                    <th rowspan=""2"">Panicle Threshability</th>
                    <th rowspan=""2"">HRR (%)</th>
                    <th rowspan=""2"">Amylose content (%)</th>
                    <th rowspan=""2"">Special Trait</th>
                    <th rowspan=""2"">Tillering</th></tr><tr><th>(kg/ha)</th><th>(% Adv)</th></tr>","<tr><td class=""must-variety-value"">NSIC Rc 242SR</td><td>3700 - 6000</td><td></td><td>Early (109 days)</td><td></td><td></td><td></td><td></td><td></td><td></td><td></td><td></td><td></td></tr><tr><td class=""must-benchmark1-value""></td><td>4110</td><td></td><td></td><td></td><td></td><td></td><td></td><td></td><td></td><td></td><td></td><td></td></tr>",<th>Variety</th><th>Leaf blast</th><th>Bacterial leaf blight</th><th>Brown plant hopper</th><td>Salinity</td><td>Submergence</td><td>Drought</td>,"<tr><td class=""must-variety-value"">NSIC Rc 242SR</td><td></td><td></td><td></td><td></td><td></td><td></td></tr><tr><td class=""must-benchmark1-value""></td><td></td><td></td><td></td><td></td><td></td><td></td></tr>",,,,Not Data,,assets/img/pc-evidence/planting-method_alt.png,"{""data-disabled"":""true"",""data-show"":""false"",""data-pc_id"":136}",assets/img/pc-evidence/ecosystem_alt.png,"{""data-disabled"":""true"",""data-show"":""false"",""data-pc_id"":136}",assets/img/pc-evidence/positioning_alt.png,"{""data-disabled"":""true"",""data-show"":""false"",""data-pc_id"":136}",assets/img/pc-evidence/key-strengths_alt.png,"{""data-disabled"":""true"",""data-show"":""false"",""data-pc_id"":136}",assets/img/pc-evidence/considerations_alt.png,"{""data-disabled"":""true"",""data-show"":""false"",""data-pc_id"":136}",assets/img/pc-evidence/relative-variety-perf_alt.png,"{""data-disabled"":""true"",""data-show"":""false"",""data-pc_id"":136}",assets/img/pc-evidence/producibility_alt.png,"{""data-disabled"":""true"",""data-show"":""false"",""data-pc_id"":136}",136
NSIC Rc 460,IR69428-6-1-1-3-3/PSB Rc82//PSB Rc82,Inbred,Philippines,-,https://glomip.cgiar.org/uploads/product_catalog,,,-,Recommended,Not Recommended,Recommended,Not Recommended,Not Recommended,,,,,,,"<tr><td>Grain Quality traits</td><td>Other</td><td>Good grain and eating quality</td></tr><tr><td>Grain Quality traits</td><td>Grain zinc content (polished rice)</td><td>High zinc rice</td></tr><tr><td>Agronomic traits</td><td>Lodging</td><td>Strong stems, Non-lodging</td></tr><tr><td>Maturity</td><td>Maturity duration</td><td>Early maturing</td></tr><tr><td>Biotic stress</td><td>Stemborer</td><td>Yellow stemborer</td></tr><tr><td>Biotic stress</td><td>Leaf blast</td><td>Moderate Leaf blast</td></tr><tr><td>Cooking quality</td><td>Cooked quality (grain texture)</td><td>Soft</td></tr><tr><td>Grain Quality traits</td><td>Head Rice Recovery</td><td>High HRR</td></tr>",<tr><td>Biotic stress</td><td>Sheath blight</td><td>-</td></tr><tr><td>Biotic stress</td><td>Tungro</td><td>-</td></tr>,"<tr><th rowspan=""2"">Variety</th>
                    <th colspan=""2"">Grain Yield</th>
                    <th rowspan=""2"">Maturity (days)</th>
                    <th rowspan=""2"">Plant height (cm)</th>
                    <th rowspan=""2"">Lodging</th>
                    <th rowspan=""2"">Shattering</th>
                    <th rowspan=""2"">1000 grain weight (g)</th>
                    <th rowspan=""2"">Panicle Threshability</th>
                    <th rowspan=""2"">HRR (%)</th>
                    <th rowspan=""2"">Amylose content (%)</th>
                    <th rowspan=""2"">Special Trait</th>
                    <th rowspan=""2"">Tillering</th></tr><tr><th>(kg/ha)</th><th>(% Adv)</th></tr>","<tr><td class=""must-variety-value"">NSIC Rc 460</td><td>4700 - 8700</td><td></td><td>Early (115 days)</td><td></td><td></td><td></td><td></td><td></td><td></td><td></td><td></td><td></td></tr><tr><td class=""must-benchmark1-value""></td><td>4110</td><td></td><td></td><td></td><td></td><td></td><td></td><td></td><td></td><td></td><td></td><td></td></tr>",<th>Variety</th><th>Leaf blast</th><th>Bacterial leaf blight</th><th>Brown plant hopper</th><td>Salinity</td><td>Submergence</td><td>Drought</td>,"<tr><td class=""must-variety-value"">NSIC Rc 460</td><td></td><td></td><td></td><td></td><td></td><td></td></tr><tr><td class=""must-benchmark1-value""></td><td></td><td></td><td></td><td></td><td></td><td></td></tr>",,,,Not Data,,assets/img/pc-evidence/planting-method_alt.png,"{""data-disabled"":""true"",""data-show"":""false"",""data-pc_id"":137}",assets/img/pc-evidence/ecosystem_alt.png,"{""data-disabled"":""true"",""data-show"":""false"",""data-pc_id"":137}",assets/img/pc-evidence/positioning_alt.png,"{""data-disabled"":""true"",""data-show"":""false"",""data-pc_id"":137}",assets/img/pc-evidence/key-strengths_alt.png,"{""data-disabled"":""true"",""data-show"":""false"",""data-pc_id"":137}",assets/img/pc-evidence/considerations_alt.png,"{""data-disabled"":""true"",""data-show"":""false"",""data-pc_id"":137}",assets/img/pc-evidence/relative-variety-perf_alt.png,"{""data-disabled"":""true"",""data-show"":""false"",""data-pc_id"":137}",assets/img/pc-evidence/producibility_alt.png,"{""data-disabled"":""true"",""data-show"":""false"",""data-pc_id"":137}",137
NSIC Rc 194,IR40931-33-1-3-2/3*IR64,Inbred,Philippines,-,https://glomip.cgiar.org/uploads/product_catalog,,,-,Recommended,Not Recommended,Not Recommended,Recommended,Not Recommended,,,,,,,<tr><td>Grain Quality traits</td><td>Other</td><td>Good eating quality</td></tr><tr><td>Cooking quality</td><td>Cooked quality (grain texture)</td><td>Firm</td></tr><tr><td>Abiotic stress</td><td>Submergence</td><td>-</td></tr><tr><td>Biotic stress</td><td>Bacterial blight</td><td>Moderate Leaf blight</td></tr><tr><td>Biotic stress</td><td>Green leafhopper</td><td>Moderate Green leafhopper</td></tr><tr><td>Agronomic traits</td><td>Other</td><td>% Grain Fertility (Normal: 85; Submerged: 80)</td></tr>,"<tr><td colspan=""3"">No Considerations data.</td></tr>","<tr><th rowspan=""2"">Variety</th>
                    <th colspan=""2"">Grain Yield</th>
                    <th rowspan=""2"">Maturity (days)</th>
                    <th rowspan=""2"">Plant height (cm)</th>
                    <th rowspan=""2"">Lodging</th>
                    <th rowspan=""2"">Shattering</th>
                    <th rowspan=""2"">1000 grain weight (g)</th>
                    <th rowspan=""2"">Panicle Threshability</th>
                    <th rowspan=""2"">HRR (%)</th>
                    <th rowspan=""2"">Amylose content (%)</th>
                    <th rowspan=""2"">Special Trait</th>
                    <th rowspan=""2"">Tillering</th></tr><tr><th>(kg/ha)</th><th>(% Adv)</th></tr>","<tr><td class=""must-variety-value"">NSIC Rc 194</td><td>Normal: 3500Submerged: 2500</td><td></td><td>Normal Early (112 days)Submerged Medium (125 days</td><td></td><td></td><td></td><td></td><td></td><td></td><td></td><td></td><td></td></tr><tr><td class=""must-benchmark1-value""></td><td>3222</td><td></td><td></td><td></td><td></td><td></td><td></td><td></td><td></td><td></td><td></td><td></td></tr>",<th>Variety</th><th>Leaf blast</th><th>Bacterial leaf blight</th><th>Brown plant hopper</th><td>Salinity</td><td>Submergence</td><td>Drought</td>,"<tr><td class=""must-variety-value"">NSIC Rc 194</td><td></td><td></td><td></td><td></td><td></td><td></td></tr><tr><td class=""must-benchmark1-value""></td><td></td><td></td><td></td><td></td><td></td><td></td></tr>",,,,Not Data,,assets/img/pc-evidence/planting-method_alt.png,"{""data-disabled"":""true"",""data-show"":""false"",""data-pc_id"":138}",assets/img/pc-evidence/ecosystem_alt.png,"{""data-disabled"":""true"",""data-show"":""false"",""data-pc_id"":138}",assets/img/pc-evidence/positioning_alt.png,"{""data-disabled"":""true"",""data-show"":""false"",""data-pc_id"":138}",assets/img/pc-evidence/key-strengths_alt.png,"{""data-disabled"":""true"",""data-show"":""false"",""data-pc_id"":138}",assets/img/pc-evidence/considerations_alt.png,"{""data-disabled"":""true"",""data-show"":""false"",""data-pc_id"":138}",assets/img/pc-evidence/relative-variety-perf_alt.png,"{""data-disabled"":""true"",""data-show"":""false"",""data-pc_id"":138}",assets/img/pc-evidence/producibility_alt.png,"{""data-disabled"":""true"",""data-show"":""false"",""data-pc_id"":138}",138
PSB Rc 68,IR43581-57-3-3-6/IR26940-20-3-3-3-1//KDM105,Inbred,Philippines,-,https://glomip.cgiar.org/uploads/product_catalog,,,-,Recommended,Not Recommended,Not Recommended,Recommended,Not Recommended,,,,,,,<tr><td>Cooking quality</td><td>Cooked quality (grain texture)</td><td>Firm</td></tr><tr><td>Grain Quality traits</td><td>Other</td><td>Good grain quality</td></tr><tr><td>Abiotic stress</td><td>Drought</td><td>-</td></tr><tr><td>Biotic stress</td><td>Leaf blast</td><td>Moderate Leaf blast</td></tr><tr><td>Abiotic stress</td><td>Submergence</td><td>Moderate Submergence</td></tr><tr><td>Biotic stress</td><td>Bacterial blight</td><td>Leaf blight</td></tr><tr><td>Biotic stress</td><td>Stemborer</td><td>Moderate Stemborer</td></tr><tr><td>Maturity</td><td>Maturity duration</td><td>Early maturing</td></tr>,<tr><td>Grain Quality traits</td><td>Head Rice Recovery</td><td>Very low HRR</td></tr><tr><td>Biotic stress</td><td>Tungro</td><td>-</td></tr>,"<tr><th rowspan=""2"">Variety</th>
                    <th colspan=""2"">Grain Yield</th>
                    <th rowspan=""2"">Maturity (days)</th>
                    <th rowspan=""2"">Plant height (cm)</th>
                    <th rowspan=""2"">Lodging</th>
                    <th rowspan=""2"">Shattering</th>
                    <th rowspan=""2"">1000 grain weight (g)</th>
                    <th rowspan=""2"">Panicle Threshability</th>
                    <th rowspan=""2"">HRR (%)</th>
                    <th rowspan=""2"">Amylose content (%)</th>
                    <th rowspan=""2"">Special Trait</th>
                    <th rowspan=""2"">Tillering</th></tr><tr><th>(kg/ha)</th><th>(% Adv)</th></tr>","<tr><td class=""must-variety-value"">PSB Rc 68</td><td>3400 - 4400</td><td></td><td>Early (116 days)</td><td></td><td></td><td></td><td></td><td></td><td></td><td></td><td></td><td></td></tr><tr><td class=""must-benchmark1-value""></td><td>3222</td><td></td><td></td><td></td><td></td><td></td><td></td><td></td><td></td><td></td><td></td><td></td></tr>",<th>Variety</th><th>Leaf blast</th><th>Bacterial leaf blight</th><th>Brown plant hopper</th><td>Salinity</td><td>Submergence</td><td>Drought</td>,"<tr><td class=""must-variety-value"">PSB Rc 68</td><td></td><td></td><td></td><td></td><td></td><td></td></tr><tr><td class=""must-benchmark1-value""></td><td></td><td></td><td></td><td></td><td></td><td></td></tr>",,,,Not Data,,assets/img/pc-evidence/planting-method_alt.png,"{""data-disabled"":""true"",""data-show"":""false"",""data-pc_id"":139}",assets/img/pc-evidence/ecosystem_alt.png,"{""data-disabled"":""true"",""data-show"":""false"",""data-pc_id"":139}",assets/img/pc-evidence/positioning_alt.png,"{""data-disabled"":""true"",""data-show"":""false"",""data-pc_id"":139}",assets/img/pc-evidence/key-strengths_alt.png,"{""data-disabled"":""true"",""data-show"":""false"",""data-pc_id"":139}",assets/img/pc-evidence/considerations_alt.png,"{""data-disabled"":""true"",""data-show"":""false"",""data-pc_id"":139}",assets/img/pc-evidence/relative-variety-perf_alt.png,"{""data-disabled"":""true"",""data-show"":""false"",""data-pc_id"":139}",assets/img/pc-evidence/producibility_alt.png,"{""data-disabled"":""true"",""data-show"":""false"",""data-pc_id"":139}",139
NSIC Rc 282,C5649-2B-5-2-2-1/C6518-2B-5-1-1,Inbred,Philippines,-,https://glomip.cgiar.org/uploads/product_catalog,,,-,Recommended,Not Recommended,Not Recommended,Recommended,Not Recommended,,,,,,,<tr><td>Cooking quality</td><td>Cooked quality (grain texture)</td><td>Firm</td></tr><tr><td>Maturity</td><td>Maturity duration</td><td>Medium maturing</td></tr><tr><td>Biotic stress</td><td>Stemborer</td><td>Yellow stemborer</td></tr><tr><td>Biotic stress</td><td>Leaf blast</td><td>Moderate leaf blast</td></tr><tr><td>Grain Quality traits</td><td>Head Rice Recovery</td><td>Very good HRR</td></tr>,<tr><td>Biotic stress</td><td>Sheath blight</td><td>-</td></tr><tr><td>Biotic stress</td><td>Bacterial blight</td><td>Leaf blight</td></tr><tr><td>Biotic stress</td><td>Tungro</td><td>-</td></tr>,"<tr><th rowspan=""2"">Variety</th>
                    <th colspan=""2"">Grain Yield</th>
                    <th rowspan=""2"">Maturity (days)</th>
                    <th rowspan=""2"">Plant height (cm)</th>
                    <th rowspan=""2"">Lodging</th>
                    <th rowspan=""2"">Shattering</th>
                    <th rowspan=""2"">1000 grain weight (g)</th>
                    <th rowspan=""2"">Panicle Threshability</th>
                    <th rowspan=""2"">HRR (%)</th>
                    <th rowspan=""2"">Amylose content (%)</th>
                    <th rowspan=""2"">Special Trait</th>
                    <th rowspan=""2"">Tillering</th></tr><tr><th>(kg/ha)</th><th>(% Adv)</th></tr>","<tr><td class=""must-variety-value"">NSIC Rc 282</td><td>2900 - 6400</td><td></td><td>Medium (120 days)</td><td></td><td></td><td></td><td></td><td></td><td></td><td></td><td></td><td></td></tr><tr><td class=""must-benchmark1-value""></td><td>3222</td><td></td><td></td><td></td><td></td><td></td><td></td><td></td><td></td><td></td><td></td><td></td></tr>",<th>Variety</th><th>Leaf blast</th><th>Bacterial leaf blight</th><th>Brown plant hopper</th><td>Salinity</td><td>Submergence</td><td>Drought</td>,"<tr><td class=""must-variety-value"">NSIC Rc 282</td><td></td><td></td><td></td><td></td><td></td><td></td></tr><tr><td class=""must-benchmark1-value""></td><td></td><td></td><td></td><td></td><td></td><td></td></tr>",,,,Not Data,,assets/img/pc-evidence/planting-method_alt.png,"{""data-disabled"":""true"",""data-show"":""false"",""data-pc_id"":140}",assets/img/pc-evidence/ecosystem_alt.png,"{""data-disabled"":""true"",""data-show"":""false"",""data-pc_id"":140}",assets/img/pc-evidence/positioning_alt.png,"{""data-disabled"":""true"",""data-show"":""false"",""data-pc_id"":140}",assets/img/pc-evidence/key-strengths_alt.png,"{""data-disabled"":""true"",""data-show"":""false"",""data-pc_id"":140}",assets/img/pc-evidence/considerations_alt.png,"{""data-disabled"":""true"",""data-show"":""false"",""data-pc_id"":140}",assets/img/pc-evidence/relative-variety-perf_alt.png,"{""data-disabled"":""true"",""data-show"":""false"",""data-pc_id"":140}",assets/img/pc-evidence/producibility_alt.png,"{""data-disabled"":""true"",""data-show"":""false"",""data-pc_id"":140}",140
NSIC Rc 284,IR43/IR65564-22-2-3//IR68,Inbred,Philippines,-,https://glomip.cgiar.org/uploads/product_catalog,,,-,Recommended,Not Recommended,Not Recommended,Recommended,Not Recommended,,,,,,,"<tr><td>Cooking quality</td><td>Cooked quality (grain texture)</td><td>Soft</td></tr><tr><td>Grain Quality traits</td><td>Other</td><td>Good grain and eating quality</td></tr><tr><td>Maturity</td><td>Maturity duration</td><td>Early maturing</td></tr><tr><td>Biotic stress</td><td>Stemborer</td><td>Yellow, White stemborer</td></tr><tr><td>Biotic stress</td><td>Leaf blast</td><td>-</td></tr><tr><td>Grain Quality traits</td><td>Head Rice Recovery</td><td>High HRR</td></tr>","<tr><td colspan=""3"">No Considerations data.</td></tr>","<tr><th rowspan=""2"">Variety</th>
                    <th colspan=""2"">Grain Yield</th>
                    <th rowspan=""2"">Maturity (days)</th>
                    <th rowspan=""2"">Plant height (cm)</th>
                    <th rowspan=""2"">Lodging</th>
                    <th rowspan=""2"">Shattering</th>
                    <th rowspan=""2"">1000 grain weight (g)</th>
                    <th rowspan=""2"">Panicle Threshability</th>
                    <th rowspan=""2"">HRR (%)</th>
                    <th rowspan=""2"">Amylose content (%)</th>
                    <th rowspan=""2"">Special Trait</th>
                    <th rowspan=""2"">Tillering</th></tr><tr><th>(kg/ha)</th><th>(% Adv)</th></tr>","<tr><td class=""must-variety-value"">NSIC Rc 284</td><td>3700 - 5700</td><td></td><td>Early (114 days)</td><td></td><td></td><td></td><td></td><td></td><td></td><td></td><td></td><td></td></tr><tr><td class=""must-benchmark1-value""></td><td>3222</td><td></td><td></td><td></td><td></td><td></td><td></td><td></td><td></td><td></td><td></td><td></td></tr>",<th>Variety</th><th>Leaf blast</th><th>Bacterial leaf blight</th><th>Brown plant hopper</th><td>Salinity</td><td>Submergence</td><td>Drought</td>,"<tr><td class=""must-variety-value"">NSIC Rc 284</td><td></td><td></td><td></td><td></td><td></td><td></td></tr><tr><td class=""must-benchmark1-value""></td><td></td><td></td><td></td><td></td><td></td><td></td></tr>",,,,Not Data,,assets/img/pc-evidence/planting-method_alt.png,"{""data-disabled"":""true"",""data-show"":""false"",""data-pc_id"":141}",assets/img/pc-evidence/ecosystem_alt.png,"{""data-disabled"":""true"",""data-show"":""false"",""data-pc_id"":141}",assets/img/pc-evidence/positioning_alt.png,"{""data-disabled"":""true"",""data-show"":""false"",""data-pc_id"":141}",assets/img/pc-evidence/key-strengths_alt.png,"{""data-disabled"":""true"",""data-show"":""false"",""data-pc_id"":141}",assets/img/pc-evidence/considerations_alt.png,"{""data-disabled"":""true"",""data-show"":""false"",""data-pc_id"":141}",assets/img/pc-evidence/relative-variety-perf_alt.png,"{""data-disabled"":""true"",""data-show"":""false"",""data-pc_id"":141}",assets/img/pc-evidence/producibility_alt.png,"{""data-disabled"":""true"",""data-show"":""false"",""data-pc_id"":141}",141
NSIC Rc 286,TOX 4004-36-2-3-2/Katsuri 1 (MS4),Inbred,Philippines,-,https://glomip.cgiar.org/uploads/product_catalog,,,-,Recommended,Not Recommended,Not Recommended,Recommended,Not Recommended,,,,,,,<tr><td>Grain Quality traits</td><td>Head Rice Recovery</td><td>High HRR</td></tr><tr><td>Biotic stress</td><td>Bacterial blight</td><td>Leaf blight</td></tr><tr><td>Biotic stress</td><td>Leaf blast</td><td>Moderate Leaf blast</td></tr><tr><td>Biotic stress</td><td>Stemborer</td><td>Yellow stemborer</td></tr><tr><td>Maturity</td><td>Maturity duration</td><td>Early maturing</td></tr><tr><td>Grain Quality traits</td><td>Other</td><td>Good grain quality</td></tr><tr><td>Cooking quality</td><td>Cooked quality (grain texture)</td><td>Firm</td></tr>,<tr><td>Biotic stress</td><td>Sheath blight</td><td>-</td></tr><tr><td>Biotic stress</td><td>Tungro</td><td>-</td></tr>,"<tr><th rowspan=""2"">Variety</th>
                    <th colspan=""2"">Grain Yield</th>
                    <th rowspan=""2"">Maturity (days)</th>
                    <th rowspan=""2"">Plant height (cm)</th>
                    <th rowspan=""2"">Lodging</th>
                    <th rowspan=""2"">Shattering</th>
                    <th rowspan=""2"">1000 grain weight (g)</th>
                    <th rowspan=""2"">Panicle Threshability</th>
                    <th rowspan=""2"">HRR (%)</th>
                    <th rowspan=""2"">Amylose content (%)</th>
                    <th rowspan=""2"">Special Trait</th>
                    <th rowspan=""2"">Tillering</th></tr><tr><th>(kg/ha)</th><th>(% Adv)</th></tr>","<tr><td class=""must-variety-value"">NSIC Rc 286</td><td>3500 - 5000</td><td></td><td>Early (115 days)</td><td></td><td></td><td></td><td></td><td></td><td></td><td></td><td></td><td></td></tr><tr><td class=""must-benchmark1-value""></td><td>3222</td><td></td><td></td><td></td><td></td><td></td><td></td><td></td><td></td><td></td><td></td><td></td></tr>",<th>Variety</th><th>Leaf blast</th><th>Bacterial leaf blight</th><th>Brown plant hopper</th><td>Salinity</td><td>Submergence</td><td>Drought</td>,"<tr><td class=""must-variety-value"">NSIC Rc 286</td><td></td><td></td><td></td><td></td><td></td><td></td></tr><tr><td class=""must-benchmark1-value""></td><td></td><td></td><td></td><td></td><td></td><td></td></tr>",,,,Not Data,,assets/img/pc-evidence/planting-method_alt.png,"{""data-disabled"":""true"",""data-show"":""false"",""data-pc_id"":142}",assets/img/pc-evidence/ecosystem_alt.png,"{""data-disabled"":""true"",""data-show"":""false"",""data-pc_id"":142}",assets/img/pc-evidence/positioning_alt.png,"{""data-disabled"":""true"",""data-show"":""false"",""data-pc_id"":142}",assets/img/pc-evidence/key-strengths_alt.png,"{""data-disabled"":""true"",""data-show"":""false"",""data-pc_id"":142}",assets/img/pc-evidence/considerations_alt.png,"{""data-disabled"":""true"",""data-show"":""false"",""data-pc_id"":142}",assets/img/pc-evidence/relative-variety-perf_alt.png,"{""data-disabled"":""true"",""data-show"":""false"",""data-pc_id"":142}",assets/img/pc-evidence/producibility_alt.png,"{""data-disabled"":""true"",""data-show"":""false"",""data-pc_id"":142}",142
NSIC Rc 346,Pokkali/AC24,Inbred,Philippines,-,https://glomip.cgiar.org/uploads/product_catalog,,,-,Not Recommended,Recommended,Not Recommended,Recommended,Not Recommended,,,,,,,<tr><td>Maturity</td><td>Maturity duration</td><td>Very early maturing</td></tr><tr><td>Grain Quality traits</td><td>Other</td><td>Good grain quality</td></tr><tr><td>Cooking quality</td><td>Cooked quality (grain texture)</td><td>Soft</td></tr><tr><td>Biotic stress</td><td>Stemborer</td><td>Yellow stemborer</td></tr>,<tr><td>Biotic stress</td><td>Tungro</td><td>-</td></tr><tr><td>Biotic stress</td><td>Sheath blight</td><td>-</td></tr><tr><td>Biotic stress</td><td>Leaf blast</td><td>-</td></tr>,"<tr><th rowspan=""2"">Variety</th>
                    <th colspan=""2"">Grain Yield</th>
                    <th rowspan=""2"">Maturity (days)</th>
                    <th rowspan=""2"">Plant height (cm)</th>
                    <th rowspan=""2"">Lodging</th>
                    <th rowspan=""2"">Shattering</th>
                    <th rowspan=""2"">1000 grain weight (g)</th>
                    <th rowspan=""2"">Panicle Threshability</th>
                    <th rowspan=""2"">HRR (%)</th>
                    <th rowspan=""2"">Amylose content (%)</th>
                    <th rowspan=""2"">Special Trait</th>
                    <th rowspan=""2"">Tillering</th></tr><tr><th>(kg/ha)</th><th>(% Adv)</th></tr>","<tr><td class=""must-variety-value"">NSIC Rc 346</td><td>3300 - 6200</td><td></td><td>Very Early (105 days)</td><td></td><td></td><td></td><td></td><td></td><td></td><td></td><td></td><td></td></tr><tr><td class=""must-benchmark1-value""></td><td>3222</td><td></td><td></td><td></td><td></td><td></td><td></td><td></td><td></td><td></td><td></td><td></td></tr>",<th>Variety</th><th>Leaf blast</th><th>Bacterial leaf blight</th><th>Brown plant hopper</th><td>Salinity</td><td>Submergence</td><td>Drought</td>,"<tr><td class=""must-variety-value"">NSIC Rc 346</td><td></td><td></td><td></td><td></td><td></td><td></td></tr><tr><td class=""must-benchmark1-value""></td><td></td><td></td><td></td><td></td><td></td><td></td></tr>",,,,Not Data,,assets/img/pc-evidence/planting-method_alt.png,"{""data-disabled"":""true"",""data-show"":""false"",""data-pc_id"":143}",assets/img/pc-evidence/ecosystem_alt.png,"{""data-disabled"":""true"",""data-show"":""false"",""data-pc_id"":143}",assets/img/pc-evidence/positioning_alt.png,"{""data-disabled"":""true"",""data-show"":""false"",""data-pc_id"":143}",assets/img/pc-evidence/key-strengths_alt.png,"{""data-disabled"":""true"",""data-show"":""false"",""data-pc_id"":143}",assets/img/pc-evidence/considerations_alt.png,"{""data-disabled"":""true"",""data-show"":""false"",""data-pc_id"":143}",assets/img/pc-evidence/relative-variety-perf_alt.png,"{""data-disabled"":""true"",""data-show"":""false"",""data-pc_id"":143}",assets/img/pc-evidence/producibility_alt.png,"{""data-disabled"":""true"",""data-show"":""false"",""data-pc_id"":143}",143
NSIC Rc 348,IR77298-12-7/CT 6510-24-1-2,Inbred,Philippines,-,https://glomip.cgiar.org/uploads/product_catalog,,,-,Not Recommended,Recommended,Not Recommended,Recommended,Not Recommended,,,,,,,<tr><td>Maturity</td><td>Maturity duration</td><td>Very early maturing</td></tr><tr><td>Grain Quality traits</td><td>Other</td><td>Good grain quality</td></tr><tr><td>Cooking quality</td><td>Cooked quality (grain texture)</td><td>Soft</td></tr><tr><td>Biotic stress</td><td>Stemborer</td><td>Yellow stemborer</td></tr>,<tr><td>Biotic stress</td><td>Tungro</td><td>-</td></tr><tr><td>Biotic stress</td><td>Sheath blight</td><td>-</td></tr><tr><td>Biotic stress</td><td>Leaf blast</td><td>-</td></tr>,"<tr><th rowspan=""2"">Variety</th>
                    <th colspan=""2"">Grain Yield</th>
                    <th rowspan=""2"">Maturity (days)</th>
                    <th rowspan=""2"">Plant height (cm)</th>
                    <th rowspan=""2"">Lodging</th>
                    <th rowspan=""2"">Shattering</th>
                    <th rowspan=""2"">1000 grain weight (g)</th>
                    <th rowspan=""2"">Panicle Threshability</th>
                    <th rowspan=""2"">HRR (%)</th>
                    <th rowspan=""2"">Amylose content (%)</th>
                    <th rowspan=""2"">Special Trait</th>
                    <th rowspan=""2"">Tillering</th></tr><tr><th>(kg/ha)</th><th>(% Adv)</th></tr>","<tr><td class=""must-variety-value"">NSIC Rc 348</td><td>3000 - 5000</td><td></td><td>Very Early (103 days)</td><td></td><td></td><td></td><td></td><td></td><td></td><td></td><td></td><td></td></tr><tr><td class=""must-benchmark1-value""></td><td>3222</td><td></td><td></td><td></td><td></td><td></td><td></td><td></td><td></td><td></td><td></td><td></td></tr>",<th>Variety</th><th>Leaf blast</th><th>Bacterial leaf blight</th><th>Brown plant hopper</th><td>Salinity</td><td>Submergence</td><td>Drought</td>,"<tr><td class=""must-variety-value"">NSIC Rc 348</td><td></td><td></td><td></td><td></td><td></td><td></td></tr><tr><td class=""must-benchmark1-value""></td><td></td><td></td><td></td><td></td><td></td><td></td></tr>",,,,Not Data,,assets/img/pc-evidence/planting-method_alt.png,"{""data-disabled"":""true"",""data-show"":""false"",""data-pc_id"":144}",assets/img/pc-evidence/ecosystem_alt.png,"{""data-disabled"":""true"",""data-show"":""false"",""data-pc_id"":144}",assets/img/pc-evidence/positioning_alt.png,"{""data-disabled"":""true"",""data-show"":""false"",""data-pc_id"":144}",assets/img/pc-evidence/key-strengths_alt.png,"{""data-disabled"":""true"",""data-show"":""false"",""data-pc_id"":144}",assets/img/pc-evidence/considerations_alt.png,"{""data-disabled"":""true"",""data-show"":""false"",""data-pc_id"":144}",assets/img/pc-evidence/relative-variety-perf_alt.png,"{""data-disabled"":""true"",""data-show"":""false"",""data-pc_id"":144}",assets/img/pc-evidence/producibility_alt.png,"{""data-disabled"":""true"",""data-show"":""false"",""data-pc_id"":144}",144
NSIC Rc 418,C7652-2B-7-4/C8212-B-1-2,Inbred,Philippines,-,https://glomip.cgiar.org/uploads/product_catalog,,,-,Recommended,Not Recommended,Not Recommended,Recommended,Not Recommended,,,,,,,"<tr><td>Cooking quality</td><td>Cooked quality (grain texture)</td><td>Soft</td></tr><tr><td>Grain Quality traits</td><td>Other</td><td>Good grain and eating quality</td></tr><tr><td>Agronomic traits</td><td>Lodging</td><td>Strong stems, Non-lodging</td></tr><tr><td>Maturity</td><td>Maturity duration</td><td>Early maturing</td></tr><tr><td>Biotic stress</td><td>Green leafhopper</td><td>-</td></tr><tr><td>Biotic stress</td><td>Leaf blast</td><td>Moderate Leaf blast</td></tr><tr><td>Grain Quality traits</td><td>Head Rice Recovery</td><td>Good HRR</td></tr>",<tr><td>Biotic stress</td><td>Sheath blight</td><td>-</td></tr><tr><td>Biotic stress</td><td>Tungro</td><td>-</td></tr>,"<tr><th rowspan=""2"">Variety</th>
                    <th colspan=""2"">Grain Yield</th>
                    <th rowspan=""2"">Maturity (days)</th>
                    <th rowspan=""2"">Plant height (cm)</th>
                    <th rowspan=""2"">Lodging</th>
                    <th rowspan=""2"">Shattering</th>
                    <th rowspan=""2"">1000 grain weight (g)</th>
                    <th rowspan=""2"">Panicle Threshability</th>
                    <th rowspan=""2"">HRR (%)</th>
                    <th rowspan=""2"">Amylose content (%)</th>
                    <th rowspan=""2"">Special Trait</th>
                    <th rowspan=""2"">Tillering</th></tr><tr><th>(kg/ha)</th><th>(% Adv)</th></tr>","<tr><td class=""must-variety-value"">NSIC Rc 418</td><td>3800 - 5700</td><td></td><td>Early (113 days)</td><td></td><td></td><td></td><td></td><td></td><td></td><td></td><td></td><td></td></tr><tr><td class=""must-benchmark1-value""></td><td>3222</td><td></td><td></td><td></td><td></td><td></td><td></td><td></td><td></td><td></td><td></td><td></td></tr>",<th>Variety</th><th>Leaf blast</th><th>Bacterial leaf blight</th><th>Brown plant hopper</th><td>Salinity</td><td>Submergence</td><td>Drought</td>,"<tr><td class=""must-variety-value"">NSIC Rc 418</td><td></td><td></td><td></td><td></td><td></td><td></td></tr><tr><td class=""must-benchmark1-value""></td><td></td><td></td><td></td><td></td><td></td><td></td></tr>",,,,Not Data,,assets/img/pc-evidence/planting-method_alt.png,"{""data-disabled"":""true"",""data-show"":""false"",""data-pc_id"":145}",assets/img/pc-evidence/ecosystem_alt.png,"{""data-disabled"":""true"",""data-show"":""false"",""data-pc_id"":145}",assets/img/pc-evidence/positioning_alt.png,"{""data-disabled"":""true"",""data-show"":""false"",""data-pc_id"":145}",assets/img/pc-evidence/key-strengths_alt.png,"{""data-disabled"":""true"",""data-show"":""false"",""data-pc_id"":145}",assets/img/pc-evidence/considerations_alt.png,"{""data-disabled"":""true"",""data-show"":""false"",""data-pc_id"":145}",assets/img/pc-evidence/relative-variety-perf_alt.png,"{""data-disabled"":""true"",""data-show"":""false"",""data-pc_id"":145}",assets/img/pc-evidence/producibility_alt.png,"{""data-disabled"":""true"",""data-show"":""false"",""data-pc_id"":145}",145
NSIC Rc 420,IR72022-46-2-3-3-2/IR57514-PMI-5-B-1-2,Inbred,Philippines,-,https://glomip.cgiar.org/uploads/product_catalog,,,-,Recommended,Not Recommended,Not Recommended,Recommended,Not Recommended,,,,,,,"<tr><td>Grain Quality traits</td><td>Other</td><td>Good grain quality</td></tr><tr><td>Agronomic traits</td><td>Lodging</td><td>Strong stems, Non-lodging</td></tr><tr><td>Maturity</td><td>Maturity duration</td><td>Early maturing</td></tr><tr><td>Biotic stress</td><td>Green leafhopper</td><td>-</td></tr><tr><td>Cooking quality</td><td>Cooked quality (grain texture)</td><td>Soft</td></tr><tr><td>Grain Quality traits</td><td>Head Rice Recovery</td><td>Good HRR</td></tr>",<tr><td>Biotic stress</td><td>Sheath blight</td><td>-</td></tr><tr><td>Biotic stress</td><td>Tungro</td><td>-</td></tr><tr><td>Biotic stress</td><td>Leaf blast</td><td>-</td></tr>,"<tr><th rowspan=""2"">Variety</th>
                    <th colspan=""2"">Grain Yield</th>
                    <th rowspan=""2"">Maturity (days)</th>
                    <th rowspan=""2"">Plant height (cm)</th>
                    <th rowspan=""2"">Lodging</th>
                    <th rowspan=""2"">Shattering</th>
                    <th rowspan=""2"">1000 grain weight (g)</th>
                    <th rowspan=""2"">Panicle Threshability</th>
                    <th rowspan=""2"">HRR (%)</th>
                    <th rowspan=""2"">Amylose content (%)</th>
                    <th rowspan=""2"">Special Trait</th>
                    <th rowspan=""2"">Tillering</th></tr><tr><th>(kg/ha)</th><th>(% Adv)</th></tr>","<tr><td class=""must-variety-value"">NSIC Rc 420</td><td>3700 - 6000</td><td></td><td>Early (108 days)</td><td></td><td></td><td></td><td></td><td></td><td></td><td></td><td></td><td></td></tr><tr><td class=""must-benchmark1-value""></td><td>3222</td><td></td><td></td><td></td><td></td><td></td><td></td><td></td><td></td><td></td><td></td><td></td></tr>",<th>Variety</th><th>Leaf blast</th><th>Bacterial leaf blight</th><th>Brown plant hopper</th><td>Salinity</td><td>Submergence</td><td>Drought</td>,"<tr><td class=""must-variety-value"">NSIC Rc 420</td><td></td><td></td><td></td><td></td><td></td><td></td></tr><tr><td class=""must-benchmark1-value""></td><td></td><td></td><td></td><td></td><td></td><td></td></tr>",,,,Not Data,,assets/img/pc-evidence/planting-method_alt.png,"{""data-disabled"":""true"",""data-show"":""false"",""data-pc_id"":146}",assets/img/pc-evidence/ecosystem_alt.png,"{""data-disabled"":""true"",""data-show"":""false"",""data-pc_id"":146}",assets/img/pc-evidence/positioning_alt.png,"{""data-disabled"":""true"",""data-show"":""false"",""data-pc_id"":146}",assets/img/pc-evidence/key-strengths_alt.png,"{""data-disabled"":""true"",""data-show"":""false"",""data-pc_id"":146}",assets/img/pc-evidence/considerations_alt.png,"{""data-disabled"":""true"",""data-show"":""false"",""data-pc_id"":146}",assets/img/pc-evidence/relative-variety-perf_alt.png,"{""data-disabled"":""true"",""data-show"":""false"",""data-pc_id"":146}",assets/img/pc-evidence/producibility_alt.png,"{""data-disabled"":""true"",""data-show"":""false"",""data-pc_id"":146}",146
NSIC Rc 422,IR64-AC97WP-135,Inbred,Philippines,-,https://glomip.cgiar.org/uploads/product_catalog,,,-,Recommended,Not Recommended,Not Recommended,Recommended,Not Recommended,,,,,,,"<tr><td>Cooking quality</td><td>Cooked quality (grain texture)</td><td>Soft</td></tr><tr><td>Grain Quality traits</td><td>Other</td><td>Good grain and eating quality</td></tr><tr><td>Agronomic traits</td><td>Lodging</td><td>Strong stems, Non-lodging</td></tr><tr><td>Maturity</td><td>Maturity duration</td><td>Early maturing</td></tr><tr><td>Biotic stress</td><td>Green leafhopper</td><td>-</td></tr><tr><td>Grain Quality traits</td><td>Head Rice Recovery</td><td>High HRR</td></tr>",<tr><td>Biotic stress</td><td>Sheath blight</td><td>-</td></tr><tr><td>Biotic stress</td><td>Tungro</td><td>-</td></tr><tr><td>Biotic stress</td><td>Leaf blast</td><td>-</td></tr>,"<tr><th rowspan=""2"">Variety</th>
                    <th colspan=""2"">Grain Yield</th>
                    <th rowspan=""2"">Maturity (days)</th>
                    <th rowspan=""2"">Plant height (cm)</th>
                    <th rowspan=""2"">Lodging</th>
                    <th rowspan=""2"">Shattering</th>
                    <th rowspan=""2"">1000 grain weight (g)</th>
                    <th rowspan=""2"">Panicle Threshability</th>
                    <th rowspan=""2"">HRR (%)</th>
                    <th rowspan=""2"">Amylose content (%)</th>
                    <th rowspan=""2"">Special Trait</th>
                    <th rowspan=""2"">Tillering</th></tr><tr><th>(kg/ha)</th><th>(% Adv)</th></tr>","<tr><td class=""must-variety-value"">NSIC Rc 422</td><td>3400 - 5300</td><td></td><td>Early (112 days)</td><td></td><td></td><td></td><td></td><td></td><td></td><td></td><td></td><td></td></tr><tr><td class=""must-benchmark1-value""></td><td>3222</td><td></td><td></td><td></td><td></td><td></td><td></td><td></td><td></td><td></td><td></td><td></td></tr>",<th>Variety</th><th>Leaf blast</th><th>Bacterial leaf blight</th><th>Brown plant hopper</th><td>Salinity</td><td>Submergence</td><td>Drought</td>,"<tr><td class=""must-variety-value"">NSIC Rc 422</td><td></td><td></td><td></td><td></td><td></td><td></td></tr><tr><td class=""must-benchmark1-value""></td><td></td><td></td><td></td><td></td><td></td><td></td></tr>",,,,Not Data,,assets/img/pc-evidence/planting-method_alt.png,"{""data-disabled"":""true"",""data-show"":""false"",""data-pc_id"":147}",assets/img/pc-evidence/ecosystem_alt.png,"{""data-disabled"":""true"",""data-show"":""false"",""data-pc_id"":147}",assets/img/pc-evidence/positioning_alt.png,"{""data-disabled"":""true"",""data-show"":""false"",""data-pc_id"":147}",assets/img/pc-evidence/key-strengths_alt.png,"{""data-disabled"":""true"",""data-show"":""false"",""data-pc_id"":147}",assets/img/pc-evidence/considerations_alt.png,"{""data-disabled"":""true"",""data-show"":""false"",""data-pc_id"":147}",assets/img/pc-evidence/relative-variety-perf_alt.png,"{""data-disabled"":""true"",""data-show"":""false"",""data-pc_id"":147}",assets/img/pc-evidence/producibility_alt.png,"{""data-disabled"":""true"",""data-show"":""false"",""data-pc_id"":147}",147
NSIC Rc 424,PR29264-AC-10/IR64,Inbred,Philippines,-,https://glomip.cgiar.org/uploads/product_catalog,,,-,Recommended,Not Recommended,Not Recommended,Recommended,Not Recommended,,,,,,,"<tr><td>Cooking quality</td><td>Cooked quality (grain texture)</td><td>Soft</td></tr><tr><td>Grain Quality traits</td><td>Other</td><td>Good grain and eating quality</td></tr><tr><td>Agronomic traits</td><td>Lodging</td><td>Strong stems, Non-lodging</td></tr><tr><td>Maturity</td><td>Maturity duration</td><td>Early maturing</td></tr><tr><td>Biotic stress</td><td>Green leafhopper</td><td>-</td></tr><tr><td>Grain Quality traits</td><td>Head Rice Recovery</td><td>High HRR</td></tr>",<tr><td>Biotic stress</td><td>Sheath blight</td><td>-</td></tr><tr><td>Biotic stress</td><td>Tungro</td><td>-</td></tr><tr><td>Biotic stress</td><td>Leaf blast</td><td>-</td></tr>,"<tr><th rowspan=""2"">Variety</th>
                    <th colspan=""2"">Grain Yield</th>
                    <th rowspan=""2"">Maturity (days)</th>
                    <th rowspan=""2"">Plant height (cm)</th>
                    <th rowspan=""2"">Lodging</th>
                    <th rowspan=""2"">Shattering</th>
                    <th rowspan=""2"">1000 grain weight (g)</th>
                    <th rowspan=""2"">Panicle Threshability</th>
                    <th rowspan=""2"">HRR (%)</th>
                    <th rowspan=""2"">Amylose content (%)</th>
                    <th rowspan=""2"">Special Trait</th>
                    <th rowspan=""2"">Tillering</th></tr><tr><th>(kg/ha)</th><th>(% Adv)</th></tr>","<tr><td class=""must-variety-value"">NSIC Rc 424</td><td>3600 - 5400</td><td></td><td>Early (110 days)</td><td></td><td></td><td></td><td></td><td></td><td></td><td></td><td></td><td></td></tr><tr><td class=""must-benchmark1-value""></td><td>3222</td><td></td><td></td><td></td><td></td><td></td><td></td><td></td><td></td><td></td><td></td><td></td></tr>",<th>Variety</th><th>Leaf blast</th><th>Bacterial leaf blight</th><th>Brown plant hopper</th><td>Salinity</td><td>Submergence</td><td>Drought</td>,"<tr><td class=""must-variety-value"">NSIC Rc 424</td><td></td><td></td><td></td><td></td><td></td><td></td></tr><tr><td class=""must-benchmark1-value""></td><td></td><td></td><td></td><td></td><td></td><td></td></tr>",,,,Not Data,,assets/img/pc-evidence/planting-method_alt.png,"{""data-disabled"":""true"",""data-show"":""false"",""data-pc_id"":148}",assets/img/pc-evidence/ecosystem_alt.png,"{""data-disabled"":""true"",""data-show"":""false"",""data-pc_id"":148}",assets/img/pc-evidence/positioning_alt.png,"{""data-disabled"":""true"",""data-show"":""false"",""data-pc_id"":148}",assets/img/pc-evidence/key-strengths_alt.png,"{""data-disabled"":""true"",""data-show"":""false"",""data-pc_id"":148}",assets/img/pc-evidence/considerations_alt.png,"{""data-disabled"":""true"",""data-show"":""false"",""data-pc_id"":148}",assets/img/pc-evidence/relative-variety-perf_alt.png,"{""data-disabled"":""true"",""data-show"":""false"",""data-pc_id"":148}",assets/img/pc-evidence/producibility_alt.png,"{""data-disabled"":""true"",""data-show"":""false"",""data-pc_id"":148}",148
NSIC Rc 430,Wagwag V2/IR64-1-1-4//PSB Rc82/IR67518-B-11-2-8,Inbred,Philippines,-,https://glomip.cgiar.org/uploads/product_catalog,,,-,Recommended,Not Recommended,Not Recommended,Recommended,Not Recommended,,,,,,,"<tr><td>Grain Quality traits</td><td>Other</td><td>Good grain and eating quality</td></tr><tr><td>Agronomic traits</td><td>Lodging</td><td>Strong stems, Non-lodging</td></tr><tr><td>Maturity</td><td>Maturity duration</td><td>Early maturing</td></tr><tr><td>Biotic stress</td><td>Green leafhopper</td><td>-</td></tr><tr><td>Biotic stress</td><td>Sheath blight</td><td>-</td></tr><tr><td>Biotic stress</td><td>Leaf blast</td><td>Moderate Leaf blast</td></tr><tr><td>Cooking quality</td><td>Cooked quality (grain texture)</td><td>Soft</td></tr><tr><td>Grain Quality traits</td><td>Head Rice Recovery</td><td>High HRR</td></tr>",<tr><td>Biotic stress</td><td>Leaf blast</td><td>-</td></tr><tr><td>Biotic stress</td><td>Tungro</td><td>-</td></tr>,"<tr><th rowspan=""2"">Variety</th>
                    <th colspan=""2"">Grain Yield</th>
                    <th rowspan=""2"">Maturity (days)</th>
                    <th rowspan=""2"">Plant height (cm)</th>
                    <th rowspan=""2"">Lodging</th>
                    <th rowspan=""2"">Shattering</th>
                    <th rowspan=""2"">1000 grain weight (g)</th>
                    <th rowspan=""2"">Panicle Threshability</th>
                    <th rowspan=""2"">HRR (%)</th>
                    <th rowspan=""2"">Amylose content (%)</th>
                    <th rowspan=""2"">Special Trait</th>
                    <th rowspan=""2"">Tillering</th></tr><tr><th>(kg/ha)</th><th>(% Adv)</th></tr>","<tr><td class=""must-variety-value"">NSIC Rc 430</td><td>3500 - 5400</td><td></td><td>Early (111 days)</td><td></td><td></td><td></td><td></td><td></td><td></td><td></td><td></td><td></td></tr><tr><td class=""must-benchmark1-value""></td><td>3222</td><td></td><td></td><td></td><td></td><td></td><td></td><td></td><td></td><td></td><td></td><td></td></tr>",<th>Variety</th><th>Leaf blast</th><th>Bacterial leaf blight</th><th>Brown plant hopper</th><td>Salinity</td><td>Submergence</td><td>Drought</td>,"<tr><td class=""must-variety-value"">NSIC Rc 430</td><td></td><td></td><td></td><td></td><td></td><td></td></tr><tr><td class=""must-benchmark1-value""></td><td></td><td></td><td></td><td></td><td></td><td></td></tr>",,,,Not Data,,assets/img/pc-evidence/planting-method_alt.png,"{""data-disabled"":""true"",""data-show"":""false"",""data-pc_id"":149}",assets/img/pc-evidence/ecosystem_alt.png,"{""data-disabled"":""true"",""data-show"":""false"",""data-pc_id"":149}",assets/img/pc-evidence/positioning_alt.png,"{""data-disabled"":""true"",""data-show"":""false"",""data-pc_id"":149}",assets/img/pc-evidence/key-strengths_alt.png,"{""data-disabled"":""true"",""data-show"":""false"",""data-pc_id"":149}",assets/img/pc-evidence/considerations_alt.png,"{""data-disabled"":""true"",""data-show"":""false"",""data-pc_id"":149}",assets/img/pc-evidence/relative-variety-perf_alt.png,"{""data-disabled"":""true"",""data-show"":""false"",""data-pc_id"":149}",assets/img/pc-evidence/producibility_alt.png,"{""data-disabled"":""true"",""data-show"":""false"",""data-pc_id"":149}",149
NSIC Rc 476,C7999-B-6-1-1-2/DS-4311//C5392-2B-14-2,Inbred,Philippines,-,https://glomip.cgiar.org/uploads/product_catalog,,,-,Recommended,Not Recommended,Not Recommended,Recommended,Not Recommended,,,,,,,<tr><td>Cooking quality</td><td>Cooked quality (grain texture)</td><td>Soft</td></tr><tr><td>Agronomic traits</td><td>Lodging</td><td>Moderate strong stems</td></tr><tr><td>Maturity</td><td>Maturity duration</td><td>Early maturing</td></tr><tr><td>Biotic stress</td><td>Brown planthopper</td><td>Moderate Brown planthopper</td></tr><tr><td>Abiotic stress</td><td>Drought</td><td>-</td></tr><tr><td>Grain Quality traits</td><td>Head Rice Recovery</td><td>Good HRR</td></tr>,<tr><td>Biotic stress</td><td>Sheath blight</td><td>-</td></tr><tr><td>Biotic stress</td><td>Tungro</td><td>-</td></tr><tr><td>Biotic stress</td><td>Leaf blast</td><td>-</td></tr>,"<tr><th rowspan=""2"">Variety</th>
                    <th colspan=""2"">Grain Yield</th>
                    <th rowspan=""2"">Maturity (days)</th>
                    <th rowspan=""2"">Plant height (cm)</th>
                    <th rowspan=""2"">Lodging</th>
                    <th rowspan=""2"">Shattering</th>
                    <th rowspan=""2"">1000 grain weight (g)</th>
                    <th rowspan=""2"">Panicle Threshability</th>
                    <th rowspan=""2"">HRR (%)</th>
                    <th rowspan=""2"">Amylose content (%)</th>
                    <th rowspan=""2"">Special Trait</th>
                    <th rowspan=""2"">Tillering</th></tr><tr><th>(kg/ha)</th><th>(% Adv)</th></tr>","<tr><td class=""must-variety-value"">NSIC Rc 476</td><td>3600 - 4700</td><td></td><td>Early (113 days)</td><td></td><td></td><td></td><td></td><td></td><td></td><td></td><td></td><td></td></tr><tr><td class=""must-benchmark1-value""></td><td>3222</td><td></td><td></td><td></td><td></td><td></td><td></td><td></td><td></td><td></td><td></td><td></td></tr>",<th>Variety</th><th>Leaf blast</th><th>Bacterial leaf blight</th><th>Brown plant hopper</th><td>Salinity</td><td>Submergence</td><td>Drought</td>,"<tr><td class=""must-variety-value"">NSIC Rc 476</td><td></td><td></td><td></td><td></td><td></td><td></td></tr><tr><td class=""must-benchmark1-value""></td><td></td><td></td><td></td><td></td><td></td><td></td></tr>",,,,Not Data,,assets/img/pc-evidence/planting-method_alt.png,"{""data-disabled"":""true"",""data-show"":""false"",""data-pc_id"":150}",assets/img/pc-evidence/ecosystem_alt.png,"{""data-disabled"":""true"",""data-show"":""false"",""data-pc_id"":150}",assets/img/pc-evidence/positioning_alt.png,"{""data-disabled"":""true"",""data-show"":""false"",""data-pc_id"":150}",assets/img/pc-evidence/key-strengths_alt.png,"{""data-disabled"":""true"",""data-show"":""false"",""data-pc_id"":150}",assets/img/pc-evidence/considerations_alt.png,"{""data-disabled"":""true"",""data-show"":""false"",""data-pc_id"":150}",assets/img/pc-evidence/relative-variety-perf_alt.png,"{""data-disabled"":""true"",""data-show"":""false"",""data-pc_id"":150}",assets/img/pc-evidence/producibility_alt.png,"{""data-disabled"":""true"",""data-show"":""false"",""data-pc_id"":150}",150
NSIC Rc 478,IR71700-247-1-1/IRRI 123,Inbred,Philippines,-,https://glomip.cgiar.org/uploads/product_catalog,,,-,Recommended,Not Recommended,Not Recommended,Recommended,Not Recommended,,,,,,,<tr><td>Cooking quality</td><td>Cooked quality (grain texture)</td><td>Soft</td></tr><tr><td>Grain Quality traits</td><td>Other</td><td>Good grain quality</td></tr><tr><td>Agronomic traits</td><td>Lodging</td><td>Moderate strong stems</td></tr><tr><td>Maturity</td><td>Maturity duration</td><td>Early maturing</td></tr><tr><td>Biotic stress</td><td>Stemborer</td><td>Moderate Yellow stemborer</td></tr><tr><td>Biotic stress</td><td>Leaf blast</td><td>Moderate Leaf blast</td></tr><tr><td>Abiotic stress</td><td>Drought</td><td>-</td></tr><tr><td>Grain Quality traits</td><td>Head Rice Recovery</td><td>Good HRR</td></tr>,<tr><td>Biotic stress</td><td>Sheath blight</td><td>-</td></tr><tr><td>Biotic stress</td><td>Tungro</td><td>-</td></tr>,"<tr><th rowspan=""2"">Variety</th>
                    <th colspan=""2"">Grain Yield</th>
                    <th rowspan=""2"">Maturity (days)</th>
                    <th rowspan=""2"">Plant height (cm)</th>
                    <th rowspan=""2"">Lodging</th>
                    <th rowspan=""2"">Shattering</th>
                    <th rowspan=""2"">1000 grain weight (g)</th>
                    <th rowspan=""2"">Panicle Threshability</th>
                    <th rowspan=""2"">HRR (%)</th>
                    <th rowspan=""2"">Amylose content (%)</th>
                    <th rowspan=""2"">Special Trait</th>
                    <th rowspan=""2"">Tillering</th></tr><tr><th>(kg/ha)</th><th>(% Adv)</th></tr>","<tr><td class=""must-variety-value"">NSIC Rc 478</td><td>3800 - 5800</td><td></td><td>Early (113 days)</td><td></td><td></td><td></td><td></td><td></td><td></td><td></td><td></td><td></td></tr><tr><td class=""must-benchmark1-value""></td><td>3222</td><td></td><td></td><td></td><td></td><td></td><td></td><td></td><td></td><td></td><td></td><td></td></tr>",<th>Variety</th><th>Leaf blast</th><th>Bacterial leaf blight</th><th>Brown plant hopper</th><td>Salinity</td><td>Submergence</td><td>Drought</td>,"<tr><td class=""must-variety-value"">NSIC Rc 478</td><td></td><td></td><td></td><td></td><td></td><td></td></tr><tr><td class=""must-benchmark1-value""></td><td></td><td></td><td></td><td></td><td></td><td></td></tr>",,,,Not Data,,assets/img/pc-evidence/planting-method_alt.png,"{""data-disabled"":""true"",""data-show"":""false"",""data-pc_id"":151}",assets/img/pc-evidence/ecosystem_alt.png,"{""data-disabled"":""true"",""data-show"":""false"",""data-pc_id"":151}",assets/img/pc-evidence/positioning_alt.png,"{""data-disabled"":""true"",""data-show"":""false"",""data-pc_id"":151}",assets/img/pc-evidence/key-strengths_alt.png,"{""data-disabled"":""true"",""data-show"":""false"",""data-pc_id"":151}",assets/img/pc-evidence/considerations_alt.png,"{""data-disabled"":""true"",""data-show"":""false"",""data-pc_id"":151}",assets/img/pc-evidence/relative-variety-perf_alt.png,"{""data-disabled"":""true"",""data-show"":""false"",""data-pc_id"":151}",assets/img/pc-evidence/producibility_alt.png,"{""data-disabled"":""true"",""data-show"":""false"",""data-pc_id"":151}",151
NSIC Rc 480,Huang-Hua-Zhan/Phalguna//Huang-Hua-Zhan,Inbred,Philippines,-,https://glomip.cgiar.org/uploads/product_catalog,,,-,Recommended,Not Recommended,Not Recommended,Recommended,Not Recommended,,,,,,,<tr><td>Agronomic traits</td><td>Lodging</td><td>Drought: Moderate strong stems; Saline: Strong stems; With Salinity: Non-lodging</td></tr><tr><td>Biotic stress</td><td>Green leafhopper</td><td>-</td></tr><tr><td>Biotic stress</td><td>Leaf blast</td><td>Moderate Leaf blast</td></tr><tr><td>Biotic stress</td><td>Brown planthopper</td><td>Moderate Brown planthopper</td></tr><tr><td>Abiotic stress</td><td>Salinity</td><td>-</td></tr><tr><td>Abiotic stress</td><td>Drought</td><td>-</td></tr><tr><td>Cooking quality</td><td>Cooked quality (grain texture)</td><td>Very Soft</td></tr><tr><td>Grain Quality traits</td><td>Head Rice Recovery</td><td>Good HRR</td></tr>,<tr><td>Biotic stress</td><td>Stemborer</td><td>Yellow stemborer</td></tr><tr><td>Biotic stress</td><td>Sheath blight</td><td>-</td></tr><tr><td>Biotic stress</td><td>Tungro</td><td>-</td></tr>,"<tr><th rowspan=""2"">Variety</th>
                    <th colspan=""2"">Grain Yield</th>
                    <th rowspan=""2"">Maturity (days)</th>
                    <th rowspan=""2"">Plant height (cm)</th>
                    <th rowspan=""2"">Lodging</th>
                    <th rowspan=""2"">Shattering</th>
                    <th rowspan=""2"">1000 grain weight (g)</th>
                    <th rowspan=""2"">Panicle Threshability</th>
                    <th rowspan=""2"">HRR (%)</th>
                    <th rowspan=""2"">Amylose content (%)</th>
                    <th rowspan=""2"">Special Trait</th>
                    <th rowspan=""2"">Tillering</th></tr><tr><th>(kg/ha)</th><th>(% Adv)</th></tr>","<tr><td class=""must-variety-value"">NSIC Rc 480</td><td>Drought: 3224Saline: 3442</td><td></td><td>Drought Early (107 days)Saline Medium (121 days)</td><td></td><td></td><td></td><td></td><td></td><td></td><td></td><td></td><td></td></tr><tr><td class=""must-benchmark1-value""></td><td>3222</td><td></td><td></td><td></td><td></td><td></td><td></td><td></td><td></td><td></td><td></td><td></td></tr>",<th>Variety</th><th>Leaf blast</th><th>Bacterial leaf blight</th><th>Brown plant hopper</th><td>Salinity</td><td>Submergence</td><td>Drought</td>,"<tr><td class=""must-variety-value"">NSIC Rc 480</td><td></td><td></td><td></td><td></td><td></td><td></td></tr><tr><td class=""must-benchmark1-value""></td><td></td><td></td><td></td><td></td><td></td><td></td></tr>",,,,Not Data,,assets/img/pc-evidence/planting-method_alt.png,"{""data-disabled"":""true"",""data-show"":""false"",""data-pc_id"":152}",assets/img/pc-evidence/ecosystem_alt.png,"{""data-disabled"":""true"",""data-show"":""false"",""data-pc_id"":152}",assets/img/pc-evidence/positioning_alt.png,"{""data-disabled"":""true"",""data-show"":""false"",""data-pc_id"":152}",assets/img/pc-evidence/key-strengths_alt.png,"{""data-disabled"":""true"",""data-show"":""false"",""data-pc_id"":152}",assets/img/pc-evidence/considerations_alt.png,"{""data-disabled"":""true"",""data-show"":""false"",""data-pc_id"":152}",assets/img/pc-evidence/relative-variety-perf_alt.png,"{""data-disabled"":""true"",""data-show"":""false"",""data-pc_id"":152}",assets/img/pc-evidence/producibility_alt.png,"{""data-disabled"":""true"",""data-show"":""false"",""data-pc_id"":152}",152
NSIC Rc 27,IR80461-B-7-1/IR80508-B-57-3-B,Inbred,Philippines,-,https://glomip.cgiar.org/uploads/product_catalog,,,-,Not Recommended,Recommended,Not Recommended,Not Recommended,Recommended,,,,,,,<tr><td>Cooking quality</td><td>Cooked quality (grain texture)</td><td>Soft</td></tr><tr><td>Abiotic stress</td><td>Drought</td><td>-</td></tr><tr><td>Biotic stress</td><td>Stemborer</td><td>Yellow stemborer</td></tr><tr><td>Maturity</td><td>Maturity duration</td><td>Early maturing</td></tr><tr><td>Grain Quality traits</td><td>Other</td><td>Good eating quality</td></tr>,<tr><td>Biotic stress</td><td>Sheath blight</td><td>-</td></tr><tr><td>Biotic stress</td><td>Leaf blast</td><td>-</td></tr><tr><td>Biotic stress</td><td>Bacterial blight</td><td>Leaf blight</td></tr><tr><td>Biotic stress</td><td>Tungro</td><td>-</td></tr>,"<tr><th rowspan=""2"">Variety</th>
                    <th colspan=""2"">Grain Yield</th>
                    <th rowspan=""2"">Maturity (days)</th>
                    <th rowspan=""2"">Plant height (cm)</th>
                    <th rowspan=""2"">Lodging</th>
                    <th rowspan=""2"">Shattering</th>
                    <th rowspan=""2"">1000 grain weight (g)</th>
                    <th rowspan=""2"">Panicle Threshability</th>
                    <th rowspan=""2"">HRR (%)</th>
                    <th rowspan=""2"">Amylose content (%)</th>
                    <th rowspan=""2"">Special Trait</th>
                    <th rowspan=""2"">Tillering</th></tr><tr><th>(kg/ha)</th><th>(% Adv)</th></tr>","<tr><td class=""must-variety-value"">NSIC Rc 27</td><td>2700 - 4300</td><td></td><td>Early (107 days)</td><td></td><td></td><td></td><td></td><td></td><td></td><td></td><td></td><td></td></tr><tr><td class=""must-benchmark1-value""></td><td>2699</td><td></td><td></td><td></td><td></td><td></td><td></td><td></td><td></td><td></td><td></td><td></td></tr>",<th>Variety</th><th>Leaf blast</th><th>Bacterial leaf blight</th><th>Brown plant hopper</th><td>Salinity</td><td>Submergence</td><td>Drought</td>,"<tr><td class=""must-variety-value"">NSIC Rc 27</td><td></td><td></td><td></td><td></td><td></td><td></td></tr><tr><td class=""must-benchmark1-value""></td><td></td><td></td><td></td><td></td><td></td><td></td></tr>",,,,Not Data,,assets/img/pc-evidence/planting-method_alt.png,"{""data-disabled"":""true"",""data-show"":""false"",""data-pc_id"":153}",assets/img/pc-evidence/ecosystem_alt.png,"{""data-disabled"":""true"",""data-show"":""false"",""data-pc_id"":153}",assets/img/pc-evidence/positioning_alt.png,"{""data-disabled"":""true"",""data-show"":""false"",""data-pc_id"":153}",assets/img/pc-evidence/key-strengths_alt.png,"{""data-disabled"":""true"",""data-show"":""false"",""data-pc_id"":153}",assets/img/pc-evidence/considerations_alt.png,"{""data-disabled"":""true"",""data-show"":""false"",""data-pc_id"":153}",assets/img/pc-evidence/relative-variety-perf_alt.png,"{""data-disabled"":""true"",""data-show"":""false"",""data-pc_id"":153}",assets/img/pc-evidence/producibility_alt.png,"{""data-disabled"":""true"",""data-show"":""false"",""data-pc_id"":153}",153
NSIC Rc 29,IR82969-11/IR82870-48,Inbred,Philippines,-,https://glomip.cgiar.org/uploads/product_catalog,,,-,Not Recommended,Recommended,Not Recommended,Not Recommended,Not Recommended,,,,,,,<tr><td>Grain Quality traits</td><td>Head Rice Recovery</td><td>Good HRR</td></tr><tr><td>Cooking quality</td><td>Cooked quality (grain texture)</td><td>Soft</td></tr><tr><td>Biotic stress</td><td>Leaf blast</td><td>Moderate resistance to Leaf blast</td></tr><tr><td>Biotic stress</td><td>Stemborer</td><td>White Stemborer</td></tr><tr><td>Biotic stress</td><td>Green leafhopper</td><td>Moderate resistance to Green leafhopper</td></tr><tr><td>Maturity</td><td>Maturity duration</td><td>Very early maturing</td></tr><tr><td>Grain Quality traits</td><td>Other</td><td>Good grain quality</td></tr>,"<tr><td colspan=""3"">No Considerations data.</td></tr>","<tr><th rowspan=""2"">Variety</th>
                    <th colspan=""2"">Grain Yield</th>
                    <th rowspan=""2"">Maturity (days)</th>
                    <th rowspan=""2"">Plant height (cm)</th>
                    <th rowspan=""2"">Lodging</th>
                    <th rowspan=""2"">Shattering</th>
                    <th rowspan=""2"">1000 grain weight (g)</th>
                    <th rowspan=""2"">Panicle Threshability</th>
                    <th rowspan=""2"">HRR (%)</th>
                    <th rowspan=""2"">Amylose content (%)</th>
                    <th rowspan=""2"">Special Trait</th>
                    <th rowspan=""2"">Tillering</th></tr><tr><th>(kg/ha)</th><th>(% Adv)</th></tr>","<tr><td class=""must-variety-value"">NSIC Rc 29</td><td>2300 - 3900</td><td></td><td>Early (108 days)</td><td></td><td></td><td></td><td></td><td></td><td></td><td></td><td></td><td></td></tr><tr><td class=""must-benchmark1-value""></td><td>2699</td><td></td><td></td><td></td><td></td><td></td><td></td><td></td><td></td><td></td><td></td><td></td></tr>",<th>Variety</th><th>Leaf blast</th><th>Bacterial leaf blight</th><th>Brown plant hopper</th><td>Salinity</td><td>Submergence</td><td>Drought</td>,"<tr><td class=""must-variety-value"">NSIC Rc 29</td><td></td><td></td><td></td><td></td><td></td><td></td></tr><tr><td class=""must-benchmark1-value""></td><td></td><td></td><td></td><td></td><td></td><td></td></tr>",,,,Not Data,,assets/img/pc-evidence/planting-method_alt.png,"{""data-disabled"":""true"",""data-show"":""false"",""data-pc_id"":154}",assets/img/pc-evidence/ecosystem_alt.png,"{""data-disabled"":""true"",""data-show"":""false"",""data-pc_id"":154}",assets/img/pc-evidence/positioning_alt.png,"{""data-disabled"":""true"",""data-show"":""false"",""data-pc_id"":154}",assets/img/pc-evidence/key-strengths_alt.png,"{""data-disabled"":""true"",""data-show"":""false"",""data-pc_id"":154}",assets/img/pc-evidence/considerations_alt.png,"{""data-disabled"":""true"",""data-show"":""false"",""data-pc_id"":154}",assets/img/pc-evidence/relative-variety-perf_alt.png,"{""data-disabled"":""true"",""data-show"":""false"",""data-pc_id"":154}",assets/img/pc-evidence/producibility_alt.png,"{""data-disabled"":""true"",""data-show"":""false"",""data-pc_id"":154}",154
NSIC Rc 294,PSB Rc50/IR64,Inbred,Philippines,-,https://glomip.cgiar.org/uploads/product_catalog,,,-,Recommended,Not Recommended,Not Recommended,Not Recommended,Not Recommended,,,,,,,<tr><td>Biotic stress</td><td>Bacterial blight</td><td>Moderate Leaf blight</td></tr><tr><td>Grain Quality traits</td><td>Other</td><td>Good grain and eating quality</td></tr><tr><td>Cooking quality</td><td>Cooked quality (grain texture)</td><td>Soft</td></tr><tr><td>Grain Quality traits</td><td>Head Rice Recovery</td><td>High HRR</td></tr><tr><td>Abiotic stress</td><td>Salinity</td><td>Moderate Salinity</td></tr>,<tr><td>Biotic stress</td><td>Green leafhopper</td><td>-</td></tr><tr><td>Biotic stress</td><td>Tungro</td><td>-</td></tr><tr><td>Biotic stress</td><td>Leaf blast</td><td>-</td></tr><tr><td>Biotic stress</td><td>Sheath blight</td><td>-</td></tr><tr><td>Biotic stress</td><td>Brown planthopper</td><td>-</td></tr>,"<tr><th rowspan=""2"">Variety</th>
                    <th colspan=""2"">Grain Yield</th>
                    <th rowspan=""2"">Maturity (days)</th>
                    <th rowspan=""2"">Plant height (cm)</th>
                    <th rowspan=""2"">Lodging</th>
                    <th rowspan=""2"">Shattering</th>
                    <th rowspan=""2"">1000 grain weight (g)</th>
                    <th rowspan=""2"">Panicle Threshability</th>
                    <th rowspan=""2"">HRR (%)</th>
                    <th rowspan=""2"">Amylose content (%)</th>
                    <th rowspan=""2"">Special Trait</th>
                    <th rowspan=""2"">Tillering</th></tr><tr><th>(kg/ha)</th><th>(% Adv)</th></tr>","<tr><td class=""must-variety-value"">NSIC Rc 294</td><td>2900 - 3500</td><td></td><td>Medium (117 days)</td><td></td><td></td><td></td><td></td><td></td><td></td><td></td><td></td><td></td></tr><tr><td class=""must-benchmark1-value""></td><td>1700</td><td></td><td></td><td></td><td></td><td></td><td></td><td></td><td></td><td></td><td></td><td></td></tr>",<th>Variety</th><th>Leaf blast</th><th>Bacterial leaf blight</th><th>Brown plant hopper</th><td>Salinity</td><td>Submergence</td><td>Drought</td>,"<tr><td class=""must-variety-value"">NSIC Rc 294</td><td></td><td></td><td></td><td></td><td></td><td></td></tr><tr><td class=""must-benchmark1-value""></td><td></td><td></td><td></td><td></td><td></td><td></td></tr>",,,,Not Data,,assets/img/pc-evidence/planting-method_alt.png,"{""data-disabled"":""true"",""data-show"":""false"",""data-pc_id"":155}",assets/img/pc-evidence/ecosystem_alt.png,"{""data-disabled"":""true"",""data-show"":""false"",""data-pc_id"":155}",assets/img/pc-evidence/positioning_alt.png,"{""data-disabled"":""true"",""data-show"":""false"",""data-pc_id"":155}",assets/img/pc-evidence/key-strengths_alt.png,"{""data-disabled"":""true"",""data-show"":""false"",""data-pc_id"":155}",assets/img/pc-evidence/considerations_alt.png,"{""data-disabled"":""true"",""data-show"":""false"",""data-pc_id"":155}",assets/img/pc-evidence/relative-variety-perf_alt.png,"{""data-disabled"":""true"",""data-show"":""false"",""data-pc_id"":155}",assets/img/pc-evidence/producibility_alt.png,"{""data-disabled"":""true"",""data-show"":""false"",""data-pc_id"":155}",155
NSIC Rc 328,IR8192-200-3-3-1-1/BG 367-4//SUAKOKO 8,Inbred,Philippines,-,https://glomip.cgiar.org/uploads/product_catalog,,,-,Recommended,Not Recommended,Not Recommended,Not Recommended,Not Recommended,,,,,,,<tr><td>Maturity</td><td>Maturity duration</td><td>Early maturing</td></tr><tr><td>Biotic stress</td><td>Green leafhopper</td><td>-</td></tr><tr><td>Biotic stress</td><td>Bacterial blight</td><td>Moderate Leaf blight</td></tr><tr><td>Abiotic stress</td><td>Salinity</td><td>Moderate Salinity</td></tr><tr><td>Cooking quality</td><td>Cooked quality (grain texture)</td><td>Soft</td></tr>,<tr><td>Biotic stress</td><td>Sheath blight</td><td>-</td></tr><tr><td>Biotic stress</td><td>Tungro</td><td>-</td></tr><tr><td>Biotic stress</td><td>Leaf blast</td><td>-</td></tr>,"<tr><th rowspan=""2"">Variety</th>
                    <th colspan=""2"">Grain Yield</th>
                    <th rowspan=""2"">Maturity (days)</th>
                    <th rowspan=""2"">Plant height (cm)</th>
                    <th rowspan=""2"">Lodging</th>
                    <th rowspan=""2"">Shattering</th>
                    <th rowspan=""2"">1000 grain weight (g)</th>
                    <th rowspan=""2"">Panicle Threshability</th>
                    <th rowspan=""2"">HRR (%)</th>
                    <th rowspan=""2"">Amylose content (%)</th>
                    <th rowspan=""2"">Special Trait</th>
                    <th rowspan=""2"">Tillering</th></tr><tr><th>(kg/ha)</th><th>(% Adv)</th></tr>","<tr><td class=""must-variety-value"">NSIC Rc 328</td><td>2400 - 5700</td><td></td><td>Early (112-114 days)</td><td></td><td></td><td></td><td></td><td></td><td></td><td></td><td></td><td></td></tr><tr><td class=""must-benchmark1-value""></td><td>1700</td><td></td><td></td><td></td><td></td><td></td><td></td><td></td><td></td><td></td><td></td><td></td></tr>",<th>Variety</th><th>Leaf blast</th><th>Bacterial leaf blight</th><th>Brown plant hopper</th><td>Salinity</td><td>Submergence</td><td>Drought</td>,"<tr><td class=""must-variety-value"">NSIC Rc 328</td><td></td><td></td><td></td><td></td><td></td><td></td></tr><tr><td class=""must-benchmark1-value""></td><td></td><td></td><td></td><td></td><td></td><td></td></tr>",,,,Not Data,,assets/img/pc-evidence/planting-method_alt.png,"{""data-disabled"":""true"",""data-show"":""false"",""data-pc_id"":156}",assets/img/pc-evidence/ecosystem_alt.png,"{""data-disabled"":""true"",""data-show"":""false"",""data-pc_id"":156}",assets/img/pc-evidence/positioning_alt.png,"{""data-disabled"":""true"",""data-show"":""false"",""data-pc_id"":156}",assets/img/pc-evidence/key-strengths_alt.png,"{""data-disabled"":""true"",""data-show"":""false"",""data-pc_id"":156}",assets/img/pc-evidence/considerations_alt.png,"{""data-disabled"":""true"",""data-show"":""false"",""data-pc_id"":156}",assets/img/pc-evidence/relative-variety-perf_alt.png,"{""data-disabled"":""true"",""data-show"":""false"",""data-pc_id"":156}",assets/img/pc-evidence/producibility_alt.png,"{""data-disabled"":""true"",""data-show"":""false"",""data-pc_id"":156}",156
NSIC Rc 330,PSB Rc90/PR29264-AC10//IR64-1-14/IR70030-7-2-2-1-2,Inbred,Philippines,-,https://glomip.cgiar.org/uploads/product_catalog,,,-,Recommended,Not Recommended,Not Recommended,Not Recommended,Not Recommended,,,,,,,<tr><td>Cooking quality</td><td>Cooked quality (grain texture)</td><td>Very soft</td></tr><tr><td>Abiotic stress</td><td>Salinity</td><td>Moderate Salinity</td></tr><tr><td>Biotic stress</td><td>Green leafhopper</td><td>-</td></tr><tr><td>Maturity</td><td>Maturity duration</td><td>Early maturing</td></tr><tr><td>Grain Quality traits</td><td>Other</td><td>Good eating quality</td></tr>,<tr><td>Biotic stress</td><td>Tungro</td><td>-</td></tr><tr><td>Biotic stress</td><td>Leaf blast</td><td>-</td></tr>,"<tr><th rowspan=""2"">Variety</th>
                    <th colspan=""2"">Grain Yield</th>
                    <th rowspan=""2"">Maturity (days)</th>
                    <th rowspan=""2"">Plant height (cm)</th>
                    <th rowspan=""2"">Lodging</th>
                    <th rowspan=""2"">Shattering</th>
                    <th rowspan=""2"">1000 grain weight (g)</th>
                    <th rowspan=""2"">Panicle Threshability</th>
                    <th rowspan=""2"">HRR (%)</th>
                    <th rowspan=""2"">Amylose content (%)</th>
                    <th rowspan=""2"">Special Trait</th>
                    <th rowspan=""2"">Tillering</th></tr><tr><th>(kg/ha)</th><th>(% Adv)</th></tr>","<tr><td class=""must-variety-value"">NSIC Rc 330</td><td>2700 - 5600</td><td></td><td>Early (114-115 days)</td><td></td><td></td><td></td><td></td><td></td><td></td><td></td><td></td><td></td></tr><tr><td class=""must-benchmark1-value""></td><td>1700</td><td></td><td></td><td></td><td></td><td></td><td></td><td></td><td></td><td></td><td></td><td></td></tr>",<th>Variety</th><th>Leaf blast</th><th>Bacterial leaf blight</th><th>Brown plant hopper</th><td>Salinity</td><td>Submergence</td><td>Drought</td>,"<tr><td class=""must-variety-value"">NSIC Rc 330</td><td></td><td></td><td></td><td></td><td></td><td></td></tr><tr><td class=""must-benchmark1-value""></td><td></td><td></td><td></td><td></td><td></td><td></td></tr>",,,,Not Data,,assets/img/pc-evidence/planting-method_alt.png,"{""data-disabled"":""true"",""data-show"":""false"",""data-pc_id"":157}",assets/img/pc-evidence/ecosystem_alt.png,"{""data-disabled"":""true"",""data-show"":""false"",""data-pc_id"":157}",assets/img/pc-evidence/positioning_alt.png,"{""data-disabled"":""true"",""data-show"":""false"",""data-pc_id"":157}",assets/img/pc-evidence/key-strengths_alt.png,"{""data-disabled"":""true"",""data-show"":""false"",""data-pc_id"":157}",assets/img/pc-evidence/considerations_alt.png,"{""data-disabled"":""true"",""data-show"":""false"",""data-pc_id"":157}",assets/img/pc-evidence/relative-variety-perf_alt.png,"{""data-disabled"":""true"",""data-show"":""false"",""data-pc_id"":157}",assets/img/pc-evidence/producibility_alt.png,"{""data-disabled"":""true"",""data-show"":""false"",""data-pc_id"":157}",157
NSIC Rc 334,PSB Rc88/IR64680-81-2-2-1-3,Inbred,Philippines,-,https://glomip.cgiar.org/uploads/product_catalog,,,-,Recommended,Not Recommended,Not Recommended,Not Recommended,Not Recommended,,,,,,,<tr><td>Grain Quality traits</td><td>Other</td><td>Good grain and eating quality</td></tr><tr><td>Maturity</td><td>Maturity duration</td><td>Early maturing</td></tr><tr><td>Biotic stress</td><td>Green leafhopper</td><td>-</td></tr><tr><td>Biotic stress</td><td>Brown planthopper</td><td>Moderate Brown planthopper</td></tr><tr><td>Biotic stress</td><td>Bacterial blight</td><td>Leaf blight</td></tr><tr><td>Biotic stress</td><td>Leaf blast</td><td>Moderate Leaf blast</td></tr><tr><td>Abiotic stress</td><td>Salinity</td><td>Moderate Salinity</td></tr><tr><td>Cooking quality</td><td>Cooked quality (grain texture)</td><td>Soft</td></tr>,<tr><td>Biotic stress</td><td>Sheath blight</td><td>-</td></tr><tr><td>Biotic stress</td><td>Tungro</td><td>-</td></tr>,"<tr><th rowspan=""2"">Variety</th>
                    <th colspan=""2"">Grain Yield</th>
                    <th rowspan=""2"">Maturity (days)</th>
                    <th rowspan=""2"">Plant height (cm)</th>
                    <th rowspan=""2"">Lodging</th>
                    <th rowspan=""2"">Shattering</th>
                    <th rowspan=""2"">1000 grain weight (g)</th>
                    <th rowspan=""2"">Panicle Threshability</th>
                    <th rowspan=""2"">HRR (%)</th>
                    <th rowspan=""2"">Amylose content (%)</th>
                    <th rowspan=""2"">Special Trait</th>
                    <th rowspan=""2"">Tillering</th></tr><tr><th>(kg/ha)</th><th>(% Adv)</th></tr>","<tr><td class=""must-variety-value"">NSIC Rc 334</td><td>2500 - 4700</td><td></td><td>Early (114-116 days)</td><td></td><td></td><td></td><td></td><td></td><td></td><td></td><td></td><td></td></tr><tr><td class=""must-benchmark1-value""></td><td>1700</td><td></td><td></td><td></td><td></td><td></td><td></td><td></td><td></td><td></td><td></td><td></td></tr>",<th>Variety</th><th>Leaf blast</th><th>Bacterial leaf blight</th><th>Brown plant hopper</th><td>Salinity</td><td>Submergence</td><td>Drought</td>,"<tr><td class=""must-variety-value"">NSIC Rc 334</td><td></td><td></td><td></td><td></td><td></td><td></td></tr><tr><td class=""must-benchmark1-value""></td><td></td><td></td><td></td><td></td><td></td><td></td></tr>",,,,Not Data,,assets/img/pc-evidence/planting-method_alt.png,"{""data-disabled"":""true"",""data-show"":""false"",""data-pc_id"":158}",assets/img/pc-evidence/ecosystem_alt.png,"{""data-disabled"":""true"",""data-show"":""false"",""data-pc_id"":158}",assets/img/pc-evidence/positioning_alt.png,"{""data-disabled"":""true"",""data-show"":""false"",""data-pc_id"":158}",assets/img/pc-evidence/key-strengths_alt.png,"{""data-disabled"":""true"",""data-show"":""false"",""data-pc_id"":158}",assets/img/pc-evidence/considerations_alt.png,"{""data-disabled"":""true"",""data-show"":""false"",""data-pc_id"":158}",assets/img/pc-evidence/relative-variety-perf_alt.png,"{""data-disabled"":""true"",""data-show"":""false"",""data-pc_id"":158}",assets/img/pc-evidence/producibility_alt.png,"{""data-disabled"":""true"",""data-show"":""false"",""data-pc_id"":158}",158
NSIC Rc 338,PR39455-1-B (+)/POKKALI,Inbred,Philippines,-,https://glomip.cgiar.org/uploads/product_catalog,,,-,Recommended,Not Recommended,Not Recommended,Not Recommended,Not Recommended,,,,,,,<tr><td>Grain Quality traits</td><td>Other</td><td>Good grain quality</td></tr><tr><td>Maturity</td><td>Maturity duration</td><td>Early maturing</td></tr><tr><td>Biotic stress</td><td>Green leafhopper</td><td>-</td></tr><tr><td>Biotic stress</td><td>Bacterial blight</td><td>Moderate Leaf blight</td></tr><tr><td>Abiotic stress</td><td>Salinity</td><td>Moderate Salinity</td></tr><tr><td>Cooking quality</td><td>Cooked quality (grain texture)</td><td>Soft</td></tr>,<tr><td>Biotic stress</td><td>Sheath blight</td><td>-</td></tr><tr><td>Biotic stress</td><td>Tungro</td><td>-</td></tr><tr><td>Biotic stress</td><td>Leaf blast</td><td>-</td></tr>,"<tr><th rowspan=""2"">Variety</th>
                    <th colspan=""2"">Grain Yield</th>
                    <th rowspan=""2"">Maturity (days)</th>
                    <th rowspan=""2"">Plant height (cm)</th>
                    <th rowspan=""2"">Lodging</th>
                    <th rowspan=""2"">Shattering</th>
                    <th rowspan=""2"">1000 grain weight (g)</th>
                    <th rowspan=""2"">Panicle Threshability</th>
                    <th rowspan=""2"">HRR (%)</th>
                    <th rowspan=""2"">Amylose content (%)</th>
                    <th rowspan=""2"">Special Trait</th>
                    <th rowspan=""2"">Tillering</th></tr><tr><th>(kg/ha)</th><th>(% Adv)</th></tr>","<tr><td class=""must-variety-value"">NSIC Rc 338</td><td>2500 - 5100</td><td></td><td>Early (114-115 days)</td><td></td><td></td><td></td><td></td><td></td><td></td><td></td><td></td><td></td></tr><tr><td class=""must-benchmark1-value""></td><td>1700</td><td></td><td></td><td></td><td></td><td></td><td></td><td></td><td></td><td></td><td></td><td></td></tr>",<th>Variety</th><th>Leaf blast</th><th>Bacterial leaf blight</th><th>Brown plant hopper</th><td>Salinity</td><td>Submergence</td><td>Drought</td>,"<tr><td class=""must-variety-value"">NSIC Rc 338</td><td></td><td></td><td></td><td></td><td></td><td></td></tr><tr><td class=""must-benchmark1-value""></td><td></td><td></td><td></td><td></td><td></td><td></td></tr>",,,,Not Data,,assets/img/pc-evidence/planting-method_alt.png,"{""data-disabled"":""true"",""data-show"":""false"",""data-pc_id"":159}",assets/img/pc-evidence/ecosystem_alt.png,"{""data-disabled"":""true"",""data-show"":""false"",""data-pc_id"":159}",assets/img/pc-evidence/positioning_alt.png,"{""data-disabled"":""true"",""data-show"":""false"",""data-pc_id"":159}",assets/img/pc-evidence/key-strengths_alt.png,"{""data-disabled"":""true"",""data-show"":""false"",""data-pc_id"":159}",assets/img/pc-evidence/considerations_alt.png,"{""data-disabled"":""true"",""data-show"":""false"",""data-pc_id"":159}",assets/img/pc-evidence/relative-variety-perf_alt.png,"{""data-disabled"":""true"",""data-show"":""false"",""data-pc_id"":159}",assets/img/pc-evidence/producibility_alt.png,"{""data-disabled"":""true"",""data-show"":""false"",""data-pc_id"":159}",159
NSIC Rc 390,IR82869-11/IR82870-11,Inbred,Philippines,-,https://glomip.cgiar.org/uploads/product_catalog,,,-,Recommended,Not Recommended,Not Recommended,Not Recommended,Not Recommended,,,,,,,<tr><td>Cooking quality</td><td>Cooked quality (grain texture)</td><td>Soft</td></tr><tr><td>Grain Quality traits</td><td>Other</td><td>Good grain and eating quality</td></tr><tr><td>Maturity</td><td>Maturity duration</td><td>Early maturing</td></tr><tr><td>Biotic stress</td><td>Brown planthopper</td><td>Moderate Brown planthopper</td></tr><tr><td>Abiotic stress</td><td>Salinity</td><td>Moderate Salinity</td></tr><tr><td>Grain Quality traits</td><td>Head Rice Recovery</td><td>Good HRR</td></tr>,<tr><td>Biotic stress</td><td>Sheath blight</td><td>-</td></tr><tr><td>Biotic stress</td><td>Tungro</td><td>-</td></tr><tr><td>Biotic stress</td><td>Bacterial blight</td><td>Leaf blight</td></tr><tr><td>Biotic stress</td><td>Leaf blast</td><td>-</td></tr><tr><td>Biotic stress</td><td>Green leafhopper</td><td>Green leafhopper</td></tr>,"<tr><th rowspan=""2"">Variety</th>
                    <th colspan=""2"">Grain Yield</th>
                    <th rowspan=""2"">Maturity (days)</th>
                    <th rowspan=""2"">Plant height (cm)</th>
                    <th rowspan=""2"">Lodging</th>
                    <th rowspan=""2"">Shattering</th>
                    <th rowspan=""2"">1000 grain weight (g)</th>
                    <th rowspan=""2"">Panicle Threshability</th>
                    <th rowspan=""2"">HRR (%)</th>
                    <th rowspan=""2"">Amylose content (%)</th>
                    <th rowspan=""2"">Special Trait</th>
                    <th rowspan=""2"">Tillering</th></tr><tr><th>(kg/ha)</th><th>(% Adv)</th></tr>","<tr><td class=""must-variety-value"">NSIC Rc 390</td><td>4000 - 5500</td><td></td><td>Early (108-114 days)</td><td></td><td></td><td></td><td></td><td></td><td></td><td></td><td></td><td></td></tr><tr><td class=""must-benchmark1-value""></td><td>1700</td><td></td><td></td><td></td><td></td><td></td><td></td><td></td><td></td><td></td><td></td><td></td></tr>",<th>Variety</th><th>Leaf blast</th><th>Bacterial leaf blight</th><th>Brown plant hopper</th><td>Salinity</td><td>Submergence</td><td>Drought</td>,"<tr><td class=""must-variety-value"">NSIC Rc 390</td><td></td><td></td><td></td><td></td><td></td><td></td></tr><tr><td class=""must-benchmark1-value""></td><td></td><td></td><td></td><td></td><td></td><td></td></tr>",,,,Not Data,,assets/img/pc-evidence/planting-method_alt.png,"{""data-disabled"":""true"",""data-show"":""false"",""data-pc_id"":160}",assets/img/pc-evidence/ecosystem_alt.png,"{""data-disabled"":""true"",""data-show"":""false"",""data-pc_id"":160}",assets/img/pc-evidence/positioning_alt.png,"{""data-disabled"":""true"",""data-show"":""false"",""data-pc_id"":160}",assets/img/pc-evidence/key-strengths_alt.png,"{""data-disabled"":""true"",""data-show"":""false"",""data-pc_id"":160}",assets/img/pc-evidence/considerations_alt.png,"{""data-disabled"":""true"",""data-show"":""false"",""data-pc_id"":160}",assets/img/pc-evidence/relative-variety-perf_alt.png,"{""data-disabled"":""true"",""data-show"":""false"",""data-pc_id"":160}",assets/img/pc-evidence/producibility_alt.png,"{""data-disabled"":""true"",""data-show"":""false"",""data-pc_id"":160}",160
NSIC Rc 392,IR84674/IR82855,Inbred,Philippines,-,https://glomip.cgiar.org/uploads/product_catalog,,,-,Recommended,Not Recommended,Not Recommended,Not Recommended,Not Recommended,,,,,,,<tr><td>Grain Quality traits</td><td>Other</td><td>Good grain and eating quality</td></tr><tr><td>Maturity</td><td>Maturity duration</td><td>Early maturing</td></tr><tr><td>Biotic stress</td><td>Green leafhopper</td><td>-</td></tr><tr><td>Biotic stress</td><td>Brown planthopper</td><td>Moderate Brown planthopper</td></tr><tr><td>Abiotic stress</td><td>Salinity</td><td>Moderate Salinity</td></tr><tr><td>Cooking quality</td><td>Cooked quality (grain texture)</td><td>Soft</td></tr><tr><td>Grain Quality traits</td><td>Head Rice Recovery</td><td>Good HRR</td></tr>,<tr><td>Biotic stress</td><td>Tungro</td><td>-</td></tr><tr><td>Biotic stress</td><td>Bacterial blight</td><td>Leaf blight</td></tr><tr><td>Biotic stress</td><td>Leaf blast</td><td>-</td></tr><tr><td>Biotic stress</td><td>Sheath blight</td><td>-</td></tr>,"<tr><th rowspan=""2"">Variety</th>
                    <th colspan=""2"">Grain Yield</th>
                    <th rowspan=""2"">Maturity (days)</th>
                    <th rowspan=""2"">Plant height (cm)</th>
                    <th rowspan=""2"">Lodging</th>
                    <th rowspan=""2"">Shattering</th>
                    <th rowspan=""2"">1000 grain weight (g)</th>
                    <th rowspan=""2"">Panicle Threshability</th>
                    <th rowspan=""2"">HRR (%)</th>
                    <th rowspan=""2"">Amylose content (%)</th>
                    <th rowspan=""2"">Special Trait</th>
                    <th rowspan=""2"">Tillering</th></tr><tr><th>(kg/ha)</th><th>(% Adv)</th></tr>","<tr><td class=""must-variety-value"">NSIC Rc 392</td><td>3200 - 5000</td><td></td><td>Early (109-116 days)</td><td></td><td></td><td></td><td></td><td></td><td></td><td></td><td></td><td></td></tr><tr><td class=""must-benchmark1-value""></td><td>1700</td><td></td><td></td><td></td><td></td><td></td><td></td><td></td><td></td><td></td><td></td><td></td></tr>",<th>Variety</th><th>Leaf blast</th><th>Bacterial leaf blight</th><th>Brown plant hopper</th><td>Salinity</td><td>Submergence</td><td>Drought</td>,"<tr><td class=""must-variety-value"">NSIC Rc 392</td><td></td><td></td><td></td><td></td><td></td><td></td></tr><tr><td class=""must-benchmark1-value""></td><td></td><td></td><td></td><td></td><td></td><td></td></tr>",,,,Not Data,,assets/img/pc-evidence/planting-method_alt.png,"{""data-disabled"":""true"",""data-show"":""false"",""data-pc_id"":161}",assets/img/pc-evidence/ecosystem_alt.png,"{""data-disabled"":""true"",""data-show"":""false"",""data-pc_id"":161}",assets/img/pc-evidence/positioning_alt.png,"{""data-disabled"":""true"",""data-show"":""false"",""data-pc_id"":161}",assets/img/pc-evidence/key-strengths_alt.png,"{""data-disabled"":""true"",""data-show"":""false"",""data-pc_id"":161}",assets/img/pc-evidence/considerations_alt.png,"{""data-disabled"":""true"",""data-show"":""false"",""data-pc_id"":161}",assets/img/pc-evidence/relative-variety-perf_alt.png,"{""data-disabled"":""true"",""data-show"":""false"",""data-pc_id"":161}",assets/img/pc-evidence/producibility_alt.png,"{""data-disabled"":""true"",""data-show"":""false"",""data-pc_id"":161}",161
NSIC Rc 464,IRRI 149/IRRI 128,Inbred,Philippines,-,https://glomip.cgiar.org/uploads/product_catalog,,,-,Recommended,Not Recommended,Not Recommended,Not Recommended,Not Recommended,,,,,,,"<tr><td>Grain Quality traits</td><td>Other</td><td>Good eating quality</td></tr><tr><td>Maturity</td><td>Maturity duration</td><td>Early maturing</td></tr><tr><td>Agronomic traits</td><td>Lodging</td><td>Strong stems, Non-lodging</td></tr><tr><td>Biotic stress</td><td>Other</td><td>Whiteheads (Yellow stemborer)</td></tr><tr><td>Biotic stress</td><td>Leaf blast</td><td>Moderate Leaf blast</td></tr><tr><td>Abiotic stress</td><td>Salinity</td><td>Moderate Salinity</td></tr><tr><td>Cooking quality</td><td>Cooked quality (grain texture)</td><td>Soft</td></tr>",<tr><td>Biotic stress</td><td>Sheath blight</td><td>-</td></tr><tr><td>Biotic stress</td><td>Tungro</td><td>-</td></tr>,"<tr><th rowspan=""2"">Variety</th>
                    <th colspan=""2"">Grain Yield</th>
                    <th rowspan=""2"">Maturity (days)</th>
                    <th rowspan=""2"">Plant height (cm)</th>
                    <th rowspan=""2"">Lodging</th>
                    <th rowspan=""2"">Shattering</th>
                    <th rowspan=""2"">1000 grain weight (g)</th>
                    <th rowspan=""2"">Panicle Threshability</th>
                    <th rowspan=""2"">HRR (%)</th>
                    <th rowspan=""2"">Amylose content (%)</th>
                    <th rowspan=""2"">Special Trait</th>
                    <th rowspan=""2"">Tillering</th></tr><tr><th>(kg/ha)</th><th>(% Adv)</th></tr>","<tr><td class=""must-variety-value"">NSIC Rc 464</td><td>3000 - 4100</td><td></td><td>Early (111 days)</td><td></td><td></td><td></td><td></td><td></td><td></td><td></td><td></td><td></td></tr><tr><td class=""must-benchmark1-value""></td><td>1700</td><td></td><td></td><td></td><td></td><td></td><td></td><td></td><td></td><td></td><td></td><td></td></tr>",<th>Variety</th><th>Leaf blast</th><th>Bacterial leaf blight</th><th>Brown plant hopper</th><td>Salinity</td><td>Submergence</td><td>Drought</td>,"<tr><td class=""must-variety-value"">NSIC Rc 464</td><td></td><td></td><td></td><td></td><td></td><td></td></tr><tr><td class=""must-benchmark1-value""></td><td></td><td></td><td></td><td></td><td></td><td></td></tr>",,,,Not Data,,assets/img/pc-evidence/planting-method_alt.png,"{""data-disabled"":""true"",""data-show"":""false"",""data-pc_id"":162}",assets/img/pc-evidence/ecosystem_alt.png,"{""data-disabled"":""true"",""data-show"":""false"",""data-pc_id"":162}",assets/img/pc-evidence/positioning_alt.png,"{""data-disabled"":""true"",""data-show"":""false"",""data-pc_id"":162}",assets/img/pc-evidence/key-strengths_alt.png,"{""data-disabled"":""true"",""data-show"":""false"",""data-pc_id"":162}",assets/img/pc-evidence/considerations_alt.png,"{""data-disabled"":""true"",""data-show"":""false"",""data-pc_id"":162}",assets/img/pc-evidence/relative-variety-perf_alt.png,"{""data-disabled"":""true"",""data-show"":""false"",""data-pc_id"":162}",assets/img/pc-evidence/producibility_alt.png,"{""data-disabled"":""true"",""data-show"":""false"",""data-pc_id"":162}",162
NSIC Rc 532,IR72593-B-2-3-3/IR72875-94-3-3-2//IR66946-3R-156-1-1,Inbred,Philippines,-,https://glomip.cgiar.org/uploads/product_catalog,,,-,Recommended,Not Recommended,Not Recommended,Not Recommended,Not Recommended,,,,,,,"<tr><td>Cooking quality</td><td>Cooked quality (grain texture)</td><td>Firm</td></tr><tr><td>Biotic stress</td><td>Leaf blast</td><td>Moderate Leaf blast</td></tr><tr><td>Abiotic stress</td><td>Salinity</td><td>Moderate Salinity</td></tr><tr><td>Biotic stress</td><td>Tungro</td><td>-</td></tr><tr><td>Biotic stress</td><td>Green leafhopper</td><td>Moderate Green leafhopper</td></tr><tr><td>Grain Quality traits</td><td>Head Rice Recovery</td><td>Good HRR</td></tr><tr><td>Biotic stress</td><td>Stemborer</td><td>Yellow Stemborer</td></tr><tr><td>Agronomic traits</td><td>Lodging</td><td>Strong stems, Non-lodging</td></tr>",<tr><td>Biotic stress</td><td>Sheath blight</td><td>-</td></tr>,"<tr><th rowspan=""2"">Variety</th>
                    <th colspan=""2"">Grain Yield</th>
                    <th rowspan=""2"">Maturity (days)</th>
                    <th rowspan=""2"">Plant height (cm)</th>
                    <th rowspan=""2"">Lodging</th>
                    <th rowspan=""2"">Shattering</th>
                    <th rowspan=""2"">1000 grain weight (g)</th>
                    <th rowspan=""2"">Panicle Threshability</th>
                    <th rowspan=""2"">HRR (%)</th>
                    <th rowspan=""2"">Amylose content (%)</th>
                    <th rowspan=""2"">Special Trait</th>
                    <th rowspan=""2"">Tillering</th></tr><tr><th>(kg/ha)</th><th>(% Adv)</th></tr>","<tr><td class=""must-variety-value"">NSIC Rc 532</td><td>2900 - 4700</td><td></td><td>Late (132 days)</td><td></td><td></td><td></td><td></td><td></td><td></td><td></td><td></td><td></td></tr><tr><td class=""must-benchmark1-value""></td><td>1700</td><td></td><td></td><td></td><td></td><td></td><td></td><td></td><td></td><td></td><td></td><td></td></tr>",<th>Variety</th><th>Leaf blast</th><th>Bacterial leaf blight</th><th>Brown plant hopper</th><td>Salinity</td><td>Submergence</td><td>Drought</td>,"<tr><td class=""must-variety-value"">NSIC Rc 532</td><td></td><td></td><td></td><td></td><td></td><td></td></tr><tr><td class=""must-benchmark1-value""></td><td></td><td></td><td></td><td></td><td></td><td></td></tr>",,,,Not Data,,assets/img/pc-evidence/planting-method_alt.png,"{""data-disabled"":""true"",""data-show"":""false"",""data-pc_id"":163}",assets/img/pc-evidence/ecosystem_alt.png,"{""data-disabled"":""true"",""data-show"":""false"",""data-pc_id"":163}",assets/img/pc-evidence/positioning_alt.png,"{""data-disabled"":""true"",""data-show"":""false"",""data-pc_id"":163}",assets/img/pc-evidence/key-strengths_alt.png,"{""data-disabled"":""true"",""data-show"":""false"",""data-pc_id"":163}",assets/img/pc-evidence/considerations_alt.png,"{""data-disabled"":""true"",""data-show"":""false"",""data-pc_id"":163}",assets/img/pc-evidence/relative-variety-perf_alt.png,"{""data-disabled"":""true"",""data-show"":""false"",""data-pc_id"":163}",assets/img/pc-evidence/producibility_alt.png,"{""data-disabled"":""true"",""data-show"":""false"",""data-pc_id"":163}",163
PSB Rc 10,IR33021-39-2-2/IR32429-47-3-2-2,Inbred,Philippines,-,https://glomip.cgiar.org/uploads/product_catalog,,,-,Not Recommended,Not Recommended,Not Recommended,Not Recommended,Not Recommended,,,,,,,"<tr><td>Maturity</td><td>Other</td><td>Very early maturing, Short</td></tr><tr><td>Biotic stress</td><td>Green leaf hopper  (vegetative to maturity stage)</td><td>-</td></tr><tr><td>Biotic stress</td><td>Brown Plant Hopper  (vegetative to maturity stage)</td><td>-</td></tr><tr><td>Biotic stress</td><td>Leaf blast</td><td>-</td></tr><tr><td>Cooking quality</td><td>Cooked quality (grain texture)</td><td>Firm</td></tr>",<tr><td>Biotic stress</td><td>Stem borer (Dead heart % 10 days after flowering)</td><td>Yellow stemborer</td></tr><tr><td>Biotic stress</td><td>Tungro</td><td>-</td></tr><tr><td>Biotic stress</td><td>Bacterial blight</td><td>Leaf blight</td></tr>,"<tr><th rowspan=""2"">Variety</th>
                    <th colspan=""2"">Grain Yield</th>
                    <th rowspan=""2"">Maturity (days)</th>
                    <th rowspan=""2"">Plant height (cm)</th>
                    <th rowspan=""2"">Lodging</th>
                    <th rowspan=""2"">Shattering</th>
                    <th rowspan=""2"">1000 grain weight (g)</th>
                    <th rowspan=""2"">Panicle Threshability</th>
                    <th rowspan=""2"">HRR (%)</th>
                    <th rowspan=""2"">Amylose content (%)</th>
                    <th rowspan=""2"">Special Trait</th>
                    <th rowspan=""2"">Tillering</th></tr><tr><th>(kg/ha)</th><th>(% Adv)</th></tr>","<tr><td class=""must-variety-value"">PSB Rc 10</td><td>4800 - 7500</td><td></td><td>Transplanted Very Early (103-105 days) Direct wet </td><td></td><td></td><td></td><td></td><td></td><td></td><td></td><td></td><td></td></tr><tr><td class=""must-benchmark1-value""></td><td>3930 - 5970</td><td></td><td></td><td></td><td></td><td></td><td></td><td></td><td></td><td></td><td></td><td></td></tr>",<th>Variety</th><th>Leaf blast</th><th>Bacterial leaf blight</th><th>Brown plant hopper</th><td>Salinity</td><td>Submergence</td><td>Drought</td>,"<tr><td class=""must-variety-value"">PSB Rc 10</td><td></td><td></td><td></td><td></td><td></td><td></td></tr><tr><td class=""must-benchmark1-value""></td><td></td><td></td><td></td><td></td><td></td><td></td></tr>",,,,Not Applicable,,assets/img/pc-evidence/planting-method_alt.png,"{""data-disabled"":""true"",""data-show"":""false"",""data-pc_id"":178}",assets/img/pc-evidence/ecosystem_alt.png,"{""data-disabled"":""true"",""data-show"":""false"",""data-pc_id"":178}",assets/img/pc-evidence/positioning_alt.png,"{""data-disabled"":""true"",""data-show"":""false"",""data-pc_id"":178}",assets/img/pc-evidence/key-strengths_alt.png,"{""data-disabled"":""true"",""data-show"":""false"",""data-pc_id"":178}",assets/img/pc-evidence/considerations_alt.png,"{""data-disabled"":""true"",""data-show"":""false"",""data-pc_id"":178}",assets/img/pc-evidence/relative-variety-perf_alt.png,"{""data-disabled"":""true"",""data-show"":""false"",""data-pc_id"":178}",assets/img/pc-evidence/producibility_alt.png,"{""data-disabled"":""true"",""data-show"":""false"",""data-pc_id"":178}",178
NSIC Rc 400,IR02A27/IR64,Inbred,Philippines,-,https://glomip.cgiar.org/uploads/product_catalog,,,-,Not Recommended,Not Recommended,Not Recommended,Not Recommended,Not Recommended,,,,,,,"<tr><td>Maturity</td><td>Maturity duration</td><td>Medium maturity</td></tr><tr><td>Agronomic traits</td><td>Lodging</td><td>Strong items, Non-lodging</td></tr><tr><td>Biotic stress</td><td>Stem borer (Dead heart % 10 days after flowering)</td><td>Yellow stemborer</td></tr><tr><td>Biotic stress</td><td>Green leaf hopper  (vegetative to maturity stage)</td><td>-</td></tr><tr><td>Biotic stress</td><td>Brown Plant Hopper  (vegetative to maturity stage)</td><td>Moderate Brown planthopper</td></tr><tr><td>Biotic stress</td><td>Bacterial blight</td><td>Moderate Leaf blight</td></tr><tr><td>Cooking quality</td><td>Cooked quality (grain texture)</td><td>Very soft</td></tr><tr><td>Grain Quality traits</td><td>Other</td><td>Slight aroma</td></tr><tr><td>Grain Quality traits</td><td>Head Rice Recovery</td><td>Good HRR</td></tr>",<tr><td>Biotic stress</td><td>Sheath blight</td><td>-</td></tr><tr><td>Biotic stress</td><td>Leaf blast</td><td>-</td></tr>,"<tr><th rowspan=""2"">Variety</th>
                    <th colspan=""2"">Grain Yield</th>
                    <th rowspan=""2"">Maturity (days)</th>
                    <th rowspan=""2"">Plant height (cm)</th>
                    <th rowspan=""2"">Lodging</th>
                    <th rowspan=""2"">Shattering</th>
                    <th rowspan=""2"">1000 grain weight (g)</th>
                    <th rowspan=""2"">Panicle Threshability</th>
                    <th rowspan=""2"">HRR (%)</th>
                    <th rowspan=""2"">Amylose content (%)</th>
                    <th rowspan=""2"">Special Trait</th>
                    <th rowspan=""2"">Tillering</th></tr><tr><th>(kg/ha)</th><th>(% Adv)</th></tr>","<tr><td class=""must-variety-value"">NSIC Rc 400</td><td>5800-9500</td><td></td><td>Medium (120 days)</td><td></td><td></td><td></td><td></td><td></td><td></td><td></td><td></td><td></td></tr><tr><td class=""must-benchmark1-value""></td><td>3170-4870</td><td></td><td></td><td></td><td></td><td></td><td></td><td></td><td></td><td></td><td></td><td></td></tr>",<th>Variety</th><th>Leaf blast</th><th>Bacterial leaf blight</th><th>Brown plant hopper</th><td>Salinity</td><td>Submergence</td><td>Drought</td>,"<tr><td class=""must-variety-value"">NSIC Rc 400</td><td></td><td></td><td></td><td></td><td></td><td></td></tr><tr><td class=""must-benchmark1-value""></td><td></td><td></td><td></td><td></td><td></td><td></td></tr>",,,,Not Data,,assets/img/pc-evidence/planting-method_alt.png,"{""data-disabled"":""true"",""data-show"":""false"",""data-pc_id"":179}",assets/img/pc-evidence/ecosystem_alt.png,"{""data-disabled"":""true"",""data-show"":""false"",""data-pc_id"":179}",assets/img/pc-evidence/positioning_alt.png,"{""data-disabled"":""true"",""data-show"":""false"",""data-pc_id"":179}",assets/img/pc-evidence/key-strengths_alt.png,"{""data-disabled"":""true"",""data-show"":""false"",""data-pc_id"":179}",assets/img/pc-evidence/considerations_alt.png,"{""data-disabled"":""true"",""data-show"":""false"",""data-pc_id"":179}",assets/img/pc-evidence/relative-variety-perf_alt.png,"{""data-disabled"":""true"",""data-show"":""false"",""data-pc_id"":179}",assets/img/pc-evidence/producibility_alt.png,"{""data-disabled"":""true"",""data-show"":""false"",""data-pc_id"":179}",179
NSIC Rc 13,RP1125-606/IR45131-59-2-3-2-3,Inbred,Philippines,-,https://glomip.cgiar.org/uploads/product_catalog,,,-,Recommended,Not Recommended,Recommended,Not Recommended,Not Recommended,,,,,,,"<tr><td>Grain Quality traits</td><td>Head Rice Recovery</td><td>Good HRR</td></tr><tr><td>Cooking quality</td><td>Cooked quality (grain texture)</td><td>Very soft, Sticky</td></tr><tr><td>Maturity</td><td>Maturity duration</td><td>Medium maturity</td></tr>",<tr><td>Biotic stress</td><td>Green leaf hopper  (vegetative to maturity stage)</td><td>-</td></tr><tr><td>Biotic stress</td><td>Tungro</td><td>-</td></tr><tr><td>Biotic stress</td><td>Sheath blight</td><td>-</td></tr><tr><td>Biotic stress</td><td>Leaf blast</td><td>-</td></tr><tr><td>Biotic stress</td><td>Brown Plant Hopper  (vegetative to maturity stage)</td><td>-</td></tr>,"<tr><th rowspan=""2"">Variety</th>
                    <th colspan=""2"">Grain Yield</th>
                    <th rowspan=""2"">Maturity (days)</th>
                    <th rowspan=""2"">Plant height (cm)</th>
                    <th rowspan=""2"">Lodging</th>
                    <th rowspan=""2"">Shattering</th>
                    <th rowspan=""2"">1000 grain weight (g)</th>
                    <th rowspan=""2"">Panicle Threshability</th>
                    <th rowspan=""2"">HRR (%)</th>
                    <th rowspan=""2"">Amylose content (%)</th>
                    <th rowspan=""2"">Special Trait</th>
                    <th rowspan=""2"">Tillering</th></tr><tr><th>(kg/ha)</th><th>(% Adv)</th></tr>","<tr><td class=""must-variety-value"">NSIC Rc 13</td><td>4700-6100</td><td></td><td>Medium (119-121 days)</td><td></td><td></td><td></td><td></td><td></td><td></td><td></td><td></td><td></td></tr><tr><td class=""must-benchmark1-value""></td><td>4110</td><td></td><td></td><td></td><td></td><td></td><td></td><td></td><td></td><td></td><td></td><td></td></tr>",<th>Variety</th><th>Leaf blast</th><th>Bacterial leaf blight</th><th>Brown plant hopper</th><td>Salinity</td><td>Submergence</td><td>Drought</td>,"<tr><td class=""must-variety-value"">NSIC Rc 13</td><td></td><td></td><td></td><td></td><td></td><td></td></tr><tr><td class=""must-benchmark1-value""></td><td></td><td></td><td></td><td></td><td></td><td></td></tr>",,,,Not Data,,assets/img/pc-evidence/planting-method_alt.png,"{""data-disabled"":""true"",""data-show"":""false"",""data-pc_id"":180}",assets/img/pc-evidence/ecosystem_alt.png,"{""data-disabled"":""true"",""data-show"":""false"",""data-pc_id"":180}",assets/img/pc-evidence/positioning_alt.png,"{""data-disabled"":""true"",""data-show"":""false"",""data-pc_id"":180}",assets/img/pc-evidence/key-strengths_alt.png,"{""data-disabled"":""true"",""data-show"":""false"",""data-pc_id"":180}",assets/img/pc-evidence/considerations_alt.png,"{""data-disabled"":""true"",""data-show"":""false"",""data-pc_id"":180}",assets/img/pc-evidence/relative-variety-perf_alt.png,"{""data-disabled"":""true"",""data-show"":""false"",""data-pc_id"":180}",assets/img/pc-evidence/producibility_alt.png,"{""data-disabled"":""true"",""data-show"":""false"",""data-pc_id"":180}",180
NSIC Rc 15,TAICHUNG SEN YU 10/O. RUFIPOGON,Inbred,Philippines,-,https://glomip.cgiar.org/uploads/product_catalog,,,-,Recommended,Not Recommended,Recommended,Not Recommended,Not Recommended,,,,,,,"<tr><td>Cooking quality</td><td>Cooked quality (grain texture)</td><td>Very soft, Sticky</td></tr><tr><td>Maturity</td><td>Maturity duration</td><td>Medium maturity</td></tr><tr><td>Biotic stress</td><td>Stem borer (Dead heart % 10 days after flowering)</td><td>Yellow stemborer</td></tr><tr><td>Grain Quality traits</td><td>Head Rice Recovery</td><td>Good HRR</td></tr>",<tr><td>Biotic stress</td><td>Tungro</td><td>-</td></tr>,"<tr><th rowspan=""2"">Variety</th>
                    <th colspan=""2"">Grain Yield</th>
                    <th rowspan=""2"">Maturity (days)</th>
                    <th rowspan=""2"">Plant height (cm)</th>
                    <th rowspan=""2"">Lodging</th>
                    <th rowspan=""2"">Shattering</th>
                    <th rowspan=""2"">1000 grain weight (g)</th>
                    <th rowspan=""2"">Panicle Threshability</th>
                    <th rowspan=""2"">HRR (%)</th>
                    <th rowspan=""2"">Amylose content (%)</th>
                    <th rowspan=""2"">Special Trait</th>
                    <th rowspan=""2"">Tillering</th></tr><tr><th>(kg/ha)</th><th>(% Adv)</th></tr>","<tr><td class=""must-variety-value"">NSIC Rc 15</td><td>5400-7600</td><td></td><td>Medium (119-126 days)</td><td></td><td></td><td></td><td></td><td></td><td></td><td></td><td></td><td></td></tr><tr><td class=""must-benchmark1-value""></td><td>4110</td><td></td><td></td><td></td><td></td><td></td><td></td><td></td><td></td><td></td><td></td><td></td></tr>",<th>Variety</th><th>Leaf blast</th><th>Bacterial leaf blight</th><th>Brown plant hopper</th><td>Salinity</td><td>Submergence</td><td>Drought</td>,"<tr><td class=""must-variety-value"">NSIC Rc 15</td><td></td><td></td><td></td><td></td><td></td><td></td></tr><tr><td class=""must-benchmark1-value""></td><td></td><td></td><td></td><td></td><td></td><td></td></tr>",,,,Not Data,,assets/img/pc-evidence/planting-method_alt.png,"{""data-disabled"":""true"",""data-show"":""false"",""data-pc_id"":181}",assets/img/pc-evidence/ecosystem_alt.png,"{""data-disabled"":""true"",""data-show"":""false"",""data-pc_id"":181}",assets/img/pc-evidence/positioning_alt.png,"{""data-disabled"":""true"",""data-show"":""false"",""data-pc_id"":181}",assets/img/pc-evidence/key-strengths_alt.png,"{""data-disabled"":""true"",""data-show"":""false"",""data-pc_id"":181}",assets/img/pc-evidence/considerations_alt.png,"{""data-disabled"":""true"",""data-show"":""false"",""data-pc_id"":181}",assets/img/pc-evidence/relative-variety-perf_alt.png,"{""data-disabled"":""true"",""data-show"":""false"",""data-pc_id"":181}",assets/img/pc-evidence/producibility_alt.png,"{""data-disabled"":""true"",""data-show"":""false"",""data-pc_id"":181}",181
NSIC Rc 17,CT6584/PSB Rc8,Inbred,Philippines,-,https://glomip.cgiar.org/uploads/product_catalog,,,-,Recommended,Not Recommended,Recommended,Not Recommended,Not Recommended,,,,,,,"<tr><td>Grain Quality traits</td><td>Head Rice Recovery</td><td>Good HRR</td></tr><tr><td>Grain Quality traits</td><td>Other</td><td>High grain weight</td></tr><tr><td>Cooking quality</td><td>Cooked quality (grain texture)</td><td>Very soft, Sticky</td></tr><tr><td>Agronomic traits</td><td>Other</td><td>High spikelet fertility</td></tr><tr><td>Maturity</td><td>Maturity duration</td><td>Early maturity</td></tr>","<tr><td colspan=""3"">No Considerations data.</td></tr>","<tr><th rowspan=""2"">Variety</th>
                    <th colspan=""2"">Grain Yield</th>
                    <th rowspan=""2"">Maturity (days)</th>
                    <th rowspan=""2"">Plant height (cm)</th>
                    <th rowspan=""2"">Lodging</th>
                    <th rowspan=""2"">Shattering</th>
                    <th rowspan=""2"">1000 grain weight (g)</th>
                    <th rowspan=""2"">Panicle Threshability</th>
                    <th rowspan=""2"">HRR (%)</th>
                    <th rowspan=""2"">Amylose content (%)</th>
                    <th rowspan=""2"">Special Trait</th>
                    <th rowspan=""2"">Tillering</th></tr><tr><th>(kg/ha)</th><th>(% Adv)</th></tr>","<tr><td class=""must-variety-value"">NSIC Rc 17</td><td>4200-8300</td><td></td><td>Medium (116-118 days)</td><td></td><td></td><td></td><td></td><td></td><td></td><td></td><td></td><td></td></tr><tr><td class=""must-benchmark1-value""></td><td>4110</td><td></td><td></td><td></td><td></td><td></td><td></td><td></td><td></td><td></td><td></td><td></td></tr>",<th>Variety</th><th>Leaf blast</th><th>Bacterial leaf blight</th><th>Brown plant hopper</th><td>Salinity</td><td>Submergence</td><td>Drought</td>,"<tr><td class=""must-variety-value"">NSIC Rc 17</td><td></td><td></td><td></td><td></td><td></td><td></td></tr><tr><td class=""must-benchmark1-value""></td><td></td><td></td><td></td><td></td><td></td><td></td></tr>",,,,Not Data,,assets/img/pc-evidence/planting-method_alt.png,"{""data-disabled"":""true"",""data-show"":""false"",""data-pc_id"":182}",assets/img/pc-evidence/ecosystem_alt.png,"{""data-disabled"":""true"",""data-show"":""false"",""data-pc_id"":182}",assets/img/pc-evidence/positioning_alt.png,"{""data-disabled"":""true"",""data-show"":""false"",""data-pc_id"":182}",assets/img/pc-evidence/key-strengths_alt.png,"{""data-disabled"":""true"",""data-show"":""false"",""data-pc_id"":182}",assets/img/pc-evidence/considerations_alt.png,"{""data-disabled"":""true"",""data-show"":""false"",""data-pc_id"":182}",assets/img/pc-evidence/relative-variety-perf_alt.png,"{""data-disabled"":""true"",""data-show"":""false"",""data-pc_id"":182}",assets/img/pc-evidence/producibility_alt.png,"{""data-disabled"":""true"",""data-show"":""false"",""data-pc_id"":182}",182
NSIC Rc 21SR,MRC22969-130-15/O. Rufipogon//Utri Merah,Inbred,Philippines,-,https://glomip.cgiar.org/uploads/product_catalog,,,-,Recommended,Not Recommended,Recommended,Not Recommended,Not Recommended,,,,,,,<tr><td>Cooking quality</td><td>Cooked quality (grain texture)</td><td>Sticky</td></tr><tr><td>Grain Quality traits</td><td>Other</td><td>Slight aroma</td></tr><tr><td>Maturity</td><td>Maturity duration</td><td>Medium maturity</td></tr><tr><td>Biotic stress</td><td>Stem borer (Dead heart % 10 days after flowering)</td><td>Moderate Yellow stemborer</td></tr><tr><td>Biotic stress</td><td>Bacterial blight</td><td>Leaf blight</td></tr><tr><td>Biotic stress</td><td>Leaf blast</td><td>Moderate Leaf blast</td></tr><tr><td>Grain Quality traits</td><td>Head Rice Recovery</td><td>High HRR</td></tr>,<tr><td>Biotic stress</td><td>Sheath blight</td><td>-</td></tr><tr><td>Biotic stress</td><td>Tungro</td><td>-</td></tr>,"<tr><th rowspan=""2"">Variety</th>
                    <th colspan=""2"">Grain Yield</th>
                    <th rowspan=""2"">Maturity (days)</th>
                    <th rowspan=""2"">Plant height (cm)</th>
                    <th rowspan=""2"">Lodging</th>
                    <th rowspan=""2"">Shattering</th>
                    <th rowspan=""2"">1000 grain weight (g)</th>
                    <th rowspan=""2"">Panicle Threshability</th>
                    <th rowspan=""2"">HRR (%)</th>
                    <th rowspan=""2"">Amylose content (%)</th>
                    <th rowspan=""2"">Special Trait</th>
                    <th rowspan=""2"">Tillering</th></tr><tr><th>(kg/ha)</th><th>(% Adv)</th></tr>","<tr><td class=""must-variety-value"">NSIC Rc 21SR</td><td>4500-7300</td><td></td><td>Medium (122 days)</td><td></td><td></td><td></td><td></td><td></td><td></td><td></td><td></td><td></td></tr><tr><td class=""must-benchmark1-value""></td><td>4110</td><td></td><td></td><td></td><td></td><td></td><td></td><td></td><td></td><td></td><td></td><td></td></tr>",<th>Variety</th><th>Leaf blast</th><th>Bacterial leaf blight</th><th>Brown plant hopper</th><td>Salinity</td><td>Submergence</td><td>Drought</td>,"<tr><td class=""must-variety-value"">NSIC Rc 21SR</td><td></td><td></td><td></td><td></td><td></td><td></td></tr><tr><td class=""must-benchmark1-value""></td><td></td><td></td><td></td><td></td><td></td><td></td></tr>",,,,Not Data,,assets/img/pc-evidence/planting-method_alt.png,"{""data-disabled"":""true"",""data-show"":""false"",""data-pc_id"":183}",assets/img/pc-evidence/ecosystem_alt.png,"{""data-disabled"":""true"",""data-show"":""false"",""data-pc_id"":183}",assets/img/pc-evidence/positioning_alt.png,"{""data-disabled"":""true"",""data-show"":""false"",""data-pc_id"":183}",assets/img/pc-evidence/key-strengths_alt.png,"{""data-disabled"":""true"",""data-show"":""false"",""data-pc_id"":183}",assets/img/pc-evidence/considerations_alt.png,"{""data-disabled"":""true"",""data-show"":""false"",""data-pc_id"":183}",assets/img/pc-evidence/relative-variety-perf_alt.png,"{""data-disabled"":""true"",""data-show"":""false"",""data-pc_id"":183}",assets/img/pc-evidence/producibility_alt.png,"{""data-disabled"":""true"",""data-show"":""false"",""data-pc_id"":183}",183
NSIC Rc 31SR,MS6/Guandong,Inbred,Philippines,-,https://glomip.cgiar.org/uploads/product_catalog,,,-,Recommended,Not Recommended,Recommended,Not Recommended,Not Recommended,,,,,,,"<tr><td>Cooking quality</td><td>Cooked quality (grain texture)</td><td>Waxy</td></tr><tr><td>Grain Quality traits</td><td>Other</td><td>Good grain quality</td></tr><tr><td>Agronomic traits</td><td>Lodging</td><td>Strong stems, Non-lodging</td></tr><tr><td>Biotic stress</td><td>Stem borer (Dead heart % 10 days after flowering)</td><td>Yellow stemborer</td></tr><tr><td>Biotic stress</td><td>Leaf blast</td><td>Moderate Leaf blast</td></tr><tr><td>Grain Quality traits</td><td>Head Rice Recovery</td><td>Good HRR</td></tr>",<tr><td>Biotic stress</td><td>Sheath blight</td><td>-</td></tr><tr><td>Biotic stress</td><td>Tungro</td><td>-</td></tr>,"<tr><th rowspan=""2"">Variety</th>
                    <th colspan=""2"">Grain Yield</th>
                    <th rowspan=""2"">Maturity (days)</th>
                    <th rowspan=""2"">Plant height (cm)</th>
                    <th rowspan=""2"">Lodging</th>
                    <th rowspan=""2"">Shattering</th>
                    <th rowspan=""2"">1000 grain weight (g)</th>
                    <th rowspan=""2"">Panicle Threshability</th>
                    <th rowspan=""2"">HRR (%)</th>
                    <th rowspan=""2"">Amylose content (%)</th>
                    <th rowspan=""2"">Special Trait</th>
                    <th rowspan=""2"">Tillering</th></tr><tr><th>(kg/ha)</th><th>(% Adv)</th></tr>","<tr><td class=""must-variety-value"">NSIC Rc 31SR</td><td>4700-10800</td><td></td><td>Medium (124 days)</td><td></td><td></td><td></td><td></td><td></td><td></td><td></td><td></td><td></td></tr><tr><td class=""must-benchmark1-value""></td><td>4110</td><td></td><td></td><td></td><td></td><td></td><td></td><td></td><td></td><td></td><td></td><td></td></tr>",<th>Variety</th><th>Leaf blast</th><th>Bacterial leaf blight</th><th>Brown plant hopper</th><td>Salinity</td><td>Submergence</td><td>Drought</td>,"<tr><td class=""must-variety-value"">NSIC Rc 31SR</td><td></td><td></td><td></td><td></td><td></td><td></td></tr><tr><td class=""must-benchmark1-value""></td><td></td><td></td><td></td><td></td><td></td><td></td></tr>",,,,Not Data,,assets/img/pc-evidence/planting-method_alt.png,"{""data-disabled"":""true"",""data-show"":""false"",""data-pc_id"":184}",assets/img/pc-evidence/ecosystem_alt.png,"{""data-disabled"":""true"",""data-show"":""false"",""data-pc_id"":184}",assets/img/pc-evidence/positioning_alt.png,"{""data-disabled"":""true"",""data-show"":""false"",""data-pc_id"":184}",assets/img/pc-evidence/key-strengths_alt.png,"{""data-disabled"":""true"",""data-show"":""false"",""data-pc_id"":184}",assets/img/pc-evidence/considerations_alt.png,"{""data-disabled"":""true"",""data-show"":""false"",""data-pc_id"":184}",assets/img/pc-evidence/relative-variety-perf_alt.png,"{""data-disabled"":""true"",""data-show"":""false"",""data-pc_id"":184}",assets/img/pc-evidence/producibility_alt.png,"{""data-disabled"":""true"",""data-show"":""false"",""data-pc_id"":184}",184
NSIC Rc 192,IR55419-4/WAY RAREM/IR55419-4,Inbred,Philippines,-,https://glomip.cgiar.org/uploads/product_catalog,,,-,Recommended,Not Recommended,Not Recommended,Recommended,Not Recommended,,,,,,,<tr><td>Grain Quality traits</td><td>Other</td><td>Good grain and eating quality</td></tr><tr><td>Maturity</td><td>Maturity duration</td><td>Early maturity</td></tr><tr><td>Biotic stress</td><td>Stem borer (Dead heart % 10 days after flowering)</td><td>Yellow stemborer</td></tr><tr><td>Biotic stress</td><td>Leaf blast</td><td>Moderate Leaf blast</td></tr><tr><td>Abiotic stress</td><td>Drought (seedling/ vegetative)</td><td>-</td></tr><tr><td>Cooking quality</td><td>Cooked quality (grain texture)</td><td>Firm</td></tr><tr><td>Grain Quality traits</td><td>Head Rice Recovery</td><td>Good HRR</td></tr>,<tr><td>Biotic stress</td><td>Tungro</td><td>-</td></tr><tr><td>Biotic stress</td><td>Sheath blight</td><td>-</td></tr><tr><td>Biotic stress</td><td>Bacterial blight</td><td>Leaf blight</td></tr><tr><td>Biotic stress</td><td>Green leaf hopper  (vegetative to maturity stage)</td><td>-</td></tr>,"<tr><th rowspan=""2"">Variety</th>
                    <th colspan=""2"">Grain Yield</th>
                    <th rowspan=""2"">Maturity (days)</th>
                    <th rowspan=""2"">Plant height (cm)</th>
                    <th rowspan=""2"">Lodging</th>
                    <th rowspan=""2"">Shattering</th>
                    <th rowspan=""2"">1000 grain weight (g)</th>
                    <th rowspan=""2"">Panicle Threshability</th>
                    <th rowspan=""2"">HRR (%)</th>
                    <th rowspan=""2"">Amylose content (%)</th>
                    <th rowspan=""2"">Special Trait</th>
                    <th rowspan=""2"">Tillering</th></tr><tr><th>(kg/ha)</th><th>(% Adv)</th></tr>","<tr><td class=""must-variety-value"">NSIC Rc 192</td><td>3700-5500</td><td></td><td>Early (106 days)</td><td></td><td></td><td></td><td></td><td></td><td></td><td></td><td></td><td></td></tr><tr><td class=""must-benchmark1-value""></td><td>3222</td><td></td><td></td><td></td><td></td><td></td><td></td><td></td><td></td><td></td><td></td><td></td></tr>",<th>Variety</th><th>Leaf blast</th><th>Bacterial leaf blight</th><th>Brown plant hopper</th><td>Salinity</td><td>Submergence</td><td>Drought</td>,"<tr><td class=""must-variety-value"">NSIC Rc 192</td><td></td><td></td><td></td><td></td><td></td><td></td></tr><tr><td class=""must-benchmark1-value""></td><td></td><td></td><td></td><td></td><td></td><td></td></tr>",,,,Not Data,,assets/img/pc-evidence/planting-method_alt.png,"{""data-disabled"":""true"",""data-show"":""false"",""data-pc_id"":185}",assets/img/pc-evidence/ecosystem_alt.png,"{""data-disabled"":""true"",""data-show"":""false"",""data-pc_id"":185}",assets/img/pc-evidence/positioning_alt.png,"{""data-disabled"":""true"",""data-show"":""false"",""data-pc_id"":185}",assets/img/pc-evidence/key-strengths_alt.png,"{""data-disabled"":""true"",""data-show"":""false"",""data-pc_id"":185}",assets/img/pc-evidence/considerations_alt.png,"{""data-disabled"":""true"",""data-show"":""false"",""data-pc_id"":185}",assets/img/pc-evidence/relative-variety-perf_alt.png,"{""data-disabled"":""true"",""data-show"":""false"",""data-pc_id"":185}",assets/img/pc-evidence/producibility_alt.png,"{""data-disabled"":""true"",""data-show"":""false"",""data-pc_id"":185}",185
NSIC Rc 288,M9-33B/IR53236-218-3,Inbred,Philippines,-,https://glomip.cgiar.org/uploads/product_catalog,,,-,Recommended,Not Recommended,Not Recommended,Recommended,Not Recommended,,,,,,,<tr><td>Grain Quality traits</td><td>Other</td><td>Good eating quality</td></tr><tr><td>Biotic stress</td><td>Stem borer (Dead heart % 10 days after flowering)</td><td>Yellow stemborer</td></tr><tr><td>Biotic stress</td><td>Bacterial blight</td><td>Leaf blight</td></tr><tr><td>Biotic stress</td><td>Leaf blast</td><td>-</td></tr><tr><td>Cooking quality</td><td>Cooked quality (grain texture)</td><td>Very soft</td></tr><tr><td>Grain Quality traits</td><td>Head Rice Recovery</td><td>High HRR</td></tr>,"<tr><td colspan=""3"">No Considerations data.</td></tr>","<tr><th rowspan=""2"">Variety</th>
                    <th colspan=""2"">Grain Yield</th>
                    <th rowspan=""2"">Maturity (days)</th>
                    <th rowspan=""2"">Plant height (cm)</th>
                    <th rowspan=""2"">Lodging</th>
                    <th rowspan=""2"">Shattering</th>
                    <th rowspan=""2"">1000 grain weight (g)</th>
                    <th rowspan=""2"">Panicle Threshability</th>
                    <th rowspan=""2"">HRR (%)</th>
                    <th rowspan=""2"">Amylose content (%)</th>
                    <th rowspan=""2"">Special Trait</th>
                    <th rowspan=""2"">Tillering</th></tr><tr><th>(kg/ha)</th><th>(% Adv)</th></tr>","<tr><td class=""must-variety-value"">NSIC Rc 288</td><td>3600-6600</td><td></td><td>Medium (118 days)</td><td></td><td></td><td></td><td></td><td></td><td></td><td></td><td></td><td></td></tr><tr><td class=""must-benchmark1-value""></td><td>3222</td><td></td><td></td><td></td><td></td><td></td><td></td><td></td><td></td><td></td><td></td><td></td></tr>",<th>Variety</th><th>Leaf blast</th><th>Bacterial leaf blight</th><th>Brown plant hopper</th><td>Salinity</td><td>Submergence</td><td>Drought</td>,"<tr><td class=""must-variety-value"">NSIC Rc 288</td><td></td><td></td><td></td><td></td><td></td><td></td></tr><tr><td class=""must-benchmark1-value""></td><td></td><td></td><td></td><td></td><td></td><td></td></tr>",,,,Not Data,,assets/img/pc-evidence/planting-method_alt.png,"{""data-disabled"":""true"",""data-show"":""false"",""data-pc_id"":186}",assets/img/pc-evidence/ecosystem_alt.png,"{""data-disabled"":""true"",""data-show"":""false"",""data-pc_id"":186}",assets/img/pc-evidence/positioning_alt.png,"{""data-disabled"":""true"",""data-show"":""false"",""data-pc_id"":186}",assets/img/pc-evidence/key-strengths_alt.png,"{""data-disabled"":""true"",""data-show"":""false"",""data-pc_id"":186}",assets/img/pc-evidence/considerations_alt.png,"{""data-disabled"":""true"",""data-show"":""false"",""data-pc_id"":186}",assets/img/pc-evidence/relative-variety-perf_alt.png,"{""data-disabled"":""true"",""data-show"":""false"",""data-pc_id"":186}",assets/img/pc-evidence/producibility_alt.png,"{""data-disabled"":""true"",""data-show"":""false"",""data-pc_id"":186}",186
NSIC Rc 416,PSB Rc14/Matatag 6,Inbred,Philippines,-,https://glomip.cgiar.org/uploads/product_catalog,,,-,Recommended,Not Recommended,Not Recommended,Recommended,Not Recommended,,,,,,,"<tr><td>Grain Quality traits</td><td>Other</td><td>Good eating quality</td></tr><tr><td>Agronomic traits</td><td>Lodging</td><td>Strong stems, Non-lodging</td></tr><tr><td>Maturity</td><td>Maturity duration</td><td>Early maturity</td></tr><tr><td>Biotic stress</td><td>Stem borer (Dead heart % 10 days after flowering)</td><td>Yellow stemborer</td></tr><tr><td>Biotic stress</td><td>Green leaf hopper  (vegetative to maturity stage)</td><td>-</td></tr><tr><td>Biotic stress</td><td>Brown Plant Hopper  (vegetative to maturity stage)</td><td>-</td></tr><tr><td>Biotic stress</td><td>Sheath blight</td><td>Moderate Sheath blight</td></tr><tr><td>Cooking quality</td><td>Cooked quality (grain texture)</td><td>Soft</td></tr><tr><td>Grain Quality traits</td><td>Head Rice Recovery</td><td>High HRR</td></tr>",<tr><td>Biotic stress</td><td>Bacterial blight</td><td>Leaf blight</td></tr><tr><td>Biotic stress</td><td>Tungro</td><td>-</td></tr><tr><td>Biotic stress</td><td>Leaf blast</td><td>-</td></tr>,"<tr><th rowspan=""2"">Variety</th>
                    <th colspan=""2"">Grain Yield</th>
                    <th rowspan=""2"">Maturity (days)</th>
                    <th rowspan=""2"">Plant height (cm)</th>
                    <th rowspan=""2"">Lodging</th>
                    <th rowspan=""2"">Shattering</th>
                    <th rowspan=""2"">1000 grain weight (g)</th>
                    <th rowspan=""2"">Panicle Threshability</th>
                    <th rowspan=""2"">HRR (%)</th>
                    <th rowspan=""2"">Amylose content (%)</th>
                    <th rowspan=""2"">Special Trait</th>
                    <th rowspan=""2"">Tillering</th></tr><tr><th>(kg/ha)</th><th>(% Adv)</th></tr>","<tr><td class=""must-variety-value"">NSIC Rc 416</td><td>3400-5000</td><td></td><td>Early (116 days)</td><td></td><td></td><td></td><td></td><td></td><td></td><td></td><td></td><td></td></tr><tr><td class=""must-benchmark1-value""></td><td>3222</td><td></td><td></td><td></td><td></td><td></td><td></td><td></td><td></td><td></td><td></td><td></td></tr>",<th>Variety</th><th>Leaf blast</th><th>Bacterial leaf blight</th><th>Brown plant hopper</th><td>Salinity</td><td>Submergence</td><td>Drought</td>,"<tr><td class=""must-variety-value"">NSIC Rc 416</td><td></td><td></td><td></td><td></td><td></td><td></td></tr><tr><td class=""must-benchmark1-value""></td><td></td><td></td><td></td><td></td><td></td><td></td></tr>",,,,Not Data,,assets/img/pc-evidence/planting-method_alt.png,"{""data-disabled"":""true"",""data-show"":""false"",""data-pc_id"":187}",assets/img/pc-evidence/ecosystem_alt.png,"{""data-disabled"":""true"",""data-show"":""false"",""data-pc_id"":187}",assets/img/pc-evidence/positioning_alt.png,"{""data-disabled"":""true"",""data-show"":""false"",""data-pc_id"":187}",assets/img/pc-evidence/key-strengths_alt.png,"{""data-disabled"":""true"",""data-show"":""false"",""data-pc_id"":187}",assets/img/pc-evidence/considerations_alt.png,"{""data-disabled"":""true"",""data-show"":""false"",""data-pc_id"":187}",assets/img/pc-evidence/relative-variety-perf_alt.png,"{""data-disabled"":""true"",""data-show"":""false"",""data-pc_id"":187}",assets/img/pc-evidence/producibility_alt.png,"{""data-disabled"":""true"",""data-show"":""false"",""data-pc_id"":187}",187
NSIC Rc 11,TIATE/AZUCENA,Inbred,Philippines,-,https://glomip.cgiar.org/uploads/product_catalog,,,-,Not Recommended,Recommended,Not Recommended,Not Recommended,Recommended,,,,,,,<tr><td>Biotic stress</td><td>Leaf blast</td><td>Moderate Leaf blast</td></tr><tr><td>Abiotic stress</td><td>Drought (seedling/ vegetative)</td><td>-</td></tr><tr><td>Biotic stress</td><td>Bacterial blight</td><td>Leaf blight</td></tr><tr><td>Biotic stress</td><td>Stem borer (Dead heart % 10 days after flowering)</td><td>-</td></tr><tr><td>Agronomic traits</td><td>Other</td><td>Very long panicles</td></tr><tr><td>Cooking quality</td><td>Cooked quality (grain texture)</td><td>Soft</td></tr><tr><td>Grain Quality traits</td><td>Head Rice Recovery</td><td>High HRR</td></tr>,<tr><td>Biotic stress</td><td>Tungro</td><td>-</td></tr>,"<tr><th rowspan=""2"">Variety</th>
                    <th colspan=""2"">Grain Yield</th>
                    <th rowspan=""2"">Maturity (days)</th>
                    <th rowspan=""2"">Plant height (cm)</th>
                    <th rowspan=""2"">Lodging</th>
                    <th rowspan=""2"">Shattering</th>
                    <th rowspan=""2"">1000 grain weight (g)</th>
                    <th rowspan=""2"">Panicle Threshability</th>
                    <th rowspan=""2"">HRR (%)</th>
                    <th rowspan=""2"">Amylose content (%)</th>
                    <th rowspan=""2"">Special Trait</th>
                    <th rowspan=""2"">Tillering</th></tr><tr><th>(kg/ha)</th><th>(% Adv)</th></tr>","<tr><td class=""must-variety-value"">NSIC Rc 11</td><td>2600-4900</td><td></td><td>Medium (125 days)</td><td></td><td></td><td></td><td></td><td></td><td></td><td></td><td></td><td></td></tr><tr><td class=""must-benchmark1-value""></td><td>2699</td><td></td><td></td><td></td><td></td><td></td><td></td><td></td><td></td><td></td><td></td><td></td></tr>",<th>Variety</th><th>Leaf blast</th><th>Bacterial leaf blight</th><th>Brown plant hopper</th><td>Salinity</td><td>Submergence</td><td>Drought</td>,"<tr><td class=""must-variety-value"">NSIC Rc 11</td><td></td><td></td><td></td><td></td><td></td><td></td></tr><tr><td class=""must-benchmark1-value""></td><td></td><td></td><td></td><td></td><td></td><td></td></tr>",,,,Not Data,,assets/img/pc-evidence/planting-method_alt.png,"{""data-disabled"":""true"",""data-show"":""false"",""data-pc_id"":188}",assets/img/pc-evidence/ecosystem_alt.png,"{""data-disabled"":""true"",""data-show"":""false"",""data-pc_id"":188}",assets/img/pc-evidence/positioning_alt.png,"{""data-disabled"":""true"",""data-show"":""false"",""data-pc_id"":188}",assets/img/pc-evidence/key-strengths_alt.png,"{""data-disabled"":""true"",""data-show"":""false"",""data-pc_id"":188}",assets/img/pc-evidence/considerations_alt.png,"{""data-disabled"":""true"",""data-show"":""false"",""data-pc_id"":188}",assets/img/pc-evidence/relative-variety-perf_alt.png,"{""data-disabled"":""true"",""data-show"":""false"",""data-pc_id"":188}",assets/img/pc-evidence/producibility_alt.png,"{""data-disabled"":""true"",""data-show"":""false"",""data-pc_id"":188}",188
NSIC Rc 23,IR55419-04/WAY RAREM,Inbred,Philippines,-,https://glomip.cgiar.org/uploads/product_catalog,,,-,Not Recommended,Recommended,Not Recommended,Not Recommended,Recommended,,,,,,,"<tr><td>Biotic stress</td><td>Leaf blast</td><td>-</td></tr><tr><td>Biotic stress</td><td>Other</td><td>Whiteheads (Yellow, White stemborer)</td></tr><tr><td>Maturity</td><td>Maturity duration</td><td>Very early maturity</td></tr><tr><td>Grain Quality traits</td><td>Head Rice Recovery</td><td>Good HRR</td></tr><tr><td>Cooking quality</td><td>Cooked quality (grain texture)</td><td>Soft</td></tr>","<tr><td colspan=""3"">No Considerations data.</td></tr>","<tr><th rowspan=""2"">Variety</th>
                    <th colspan=""2"">Grain Yield</th>
                    <th rowspan=""2"">Maturity (days)</th>
                    <th rowspan=""2"">Plant height (cm)</th>
                    <th rowspan=""2"">Lodging</th>
                    <th rowspan=""2"">Shattering</th>
                    <th rowspan=""2"">1000 grain weight (g)</th>
                    <th rowspan=""2"">Panicle Threshability</th>
                    <th rowspan=""2"">HRR (%)</th>
                    <th rowspan=""2"">Amylose content (%)</th>
                    <th rowspan=""2"">Special Trait</th>
                    <th rowspan=""2"">Tillering</th></tr><tr><th>(kg/ha)</th><th>(% Adv)</th></tr>","<tr><td class=""must-variety-value"">NSIC Rc 23</td><td>3000-7600</td><td></td><td>Early (108 days)</td><td></td><td></td><td></td><td></td><td></td><td></td><td></td><td></td><td></td></tr><tr><td class=""must-benchmark1-value""></td><td>2699</td><td></td><td></td><td></td><td></td><td></td><td></td><td></td><td></td><td></td><td></td><td></td></tr>",<th>Variety</th><th>Leaf blast</th><th>Bacterial leaf blight</th><th>Brown plant hopper</th><td>Salinity</td><td>Submergence</td><td>Drought</td>,"<tr><td class=""must-variety-value"">NSIC Rc 23</td><td></td><td></td><td></td><td></td><td></td><td></td></tr><tr><td class=""must-benchmark1-value""></td><td></td><td></td><td></td><td></td><td></td><td></td></tr>",,,,Not Data,,assets/img/pc-evidence/planting-method_alt.png,"{""data-disabled"":""true"",""data-show"":""false"",""data-pc_id"":189}",assets/img/pc-evidence/ecosystem_alt.png,"{""data-disabled"":""true"",""data-show"":""false"",""data-pc_id"":189}",assets/img/pc-evidence/positioning_alt.png,"{""data-disabled"":""true"",""data-show"":""false"",""data-pc_id"":189}",assets/img/pc-evidence/key-strengths_alt.png,"{""data-disabled"":""true"",""data-show"":""false"",""data-pc_id"":189}",assets/img/pc-evidence/considerations_alt.png,"{""data-disabled"":""true"",""data-show"":""false"",""data-pc_id"":189}",assets/img/pc-evidence/relative-variety-perf_alt.png,"{""data-disabled"":""true"",""data-show"":""false"",""data-pc_id"":189}",assets/img/pc-evidence/producibility_alt.png,"{""data-disabled"":""true"",""data-show"":""false"",""data-pc_id"":189}",189
NSIC Rc 25,IR78875-176-B-2/IR78875-207-B-3,Inbred,Philippines,-,https://glomip.cgiar.org/uploads/product_catalog,,,-,Not Recommended,Recommended,Not Recommended,Not Recommended,Recommended,,,,,,,<tr><td>Biotic stress</td><td>Stem borer (Dead heart % 10 days after flowering)</td><td>Yellow stemborer</td></tr><tr><td>Maturity</td><td>Maturity duration</td><td>Early maturity</td></tr><tr><td>Grain Quality traits</td><td>Other</td><td>Good grain and eating quality</td></tr><tr><td>Biotic stress</td><td>Leaf blast</td><td>Moderate Leaf blast</td></tr><tr><td>Cooking quality</td><td>Cooked quality (grain texture)</td><td>Soft</td></tr><tr><td>Grain Quality traits</td><td>Head Rice Recovery</td><td>Good HRR</td></tr>,<tr><td>Biotic stress</td><td>Brown Plant Hopper  (vegetative to maturity stage)</td><td>-</td></tr><tr><td>Biotic stress</td><td>Bacterial blight</td><td>Leaf blight</td></tr><tr><td>Biotic stress</td><td>Tungro</td><td>-</td></tr><tr><td>Biotic stress</td><td>Sheath blight</td><td>-</td></tr>,"<tr><th rowspan=""2"">Variety</th>
                    <th colspan=""2"">Grain Yield</th>
                    <th rowspan=""2"">Maturity (days)</th>
                    <th rowspan=""2"">Plant height (cm)</th>
                    <th rowspan=""2"">Lodging</th>
                    <th rowspan=""2"">Shattering</th>
                    <th rowspan=""2"">1000 grain weight (g)</th>
                    <th rowspan=""2"">Panicle Threshability</th>
                    <th rowspan=""2"">HRR (%)</th>
                    <th rowspan=""2"">Amylose content (%)</th>
                    <th rowspan=""2"">Special Trait</th>
                    <th rowspan=""2"">Tillering</th></tr><tr><th>(kg/ha)</th><th>(% Adv)</th></tr>","<tr><td class=""must-variety-value"">NSIC Rc 25</td><td>3000-5300</td><td></td><td>Early (107 days)</td><td></td><td></td><td></td><td></td><td></td><td></td><td></td><td></td><td></td></tr><tr><td class=""must-benchmark1-value""></td><td>2699</td><td></td><td></td><td></td><td></td><td></td><td></td><td></td><td></td><td></td><td></td><td></td></tr>",<th>Variety</th><th>Leaf blast</th><th>Bacterial leaf blight</th><th>Brown plant hopper</th><td>Salinity</td><td>Submergence</td><td>Drought</td>,"<tr><td class=""must-variety-value"">NSIC Rc 25</td><td></td><td></td><td></td><td></td><td></td><td></td></tr><tr><td class=""must-benchmark1-value""></td><td></td><td></td><td></td><td></td><td></td><td></td></tr>",,,,Not Data,,assets/img/pc-evidence/planting-method_alt.png,"{""data-disabled"":""true"",""data-show"":""false"",""data-pc_id"":190}",assets/img/pc-evidence/ecosystem_alt.png,"{""data-disabled"":""true"",""data-show"":""false"",""data-pc_id"":190}",assets/img/pc-evidence/positioning_alt.png,"{""data-disabled"":""true"",""data-show"":""false"",""data-pc_id"":190}",assets/img/pc-evidence/key-strengths_alt.png,"{""data-disabled"":""true"",""data-show"":""false"",""data-pc_id"":190}",assets/img/pc-evidence/considerations_alt.png,"{""data-disabled"":""true"",""data-show"":""false"",""data-pc_id"":190}",assets/img/pc-evidence/relative-variety-perf_alt.png,"{""data-disabled"":""true"",""data-show"":""false"",""data-pc_id"":190}",assets/img/pc-evidence/producibility_alt.png,"{""data-disabled"":""true"",""data-show"":""false"",""data-pc_id"":190}",190
NSIC Rc 27,IR80461-B-7-1/IR80508-B-57-3-B,Inbred,Philippines,-,https://glomip.cgiar.org/uploads/product_catalog,,,-,Not Recommended,Recommended,Not Recommended,Not Recommended,Recommended,,,,,,,<tr><td>Abiotic stress</td><td>Drought (seedling/ vegetative)</td><td>-</td></tr><tr><td>Biotic stress</td><td>Stem borer (Dead heart % 10 days after flowering)</td><td>Yellow stemborer</td></tr><tr><td>Maturity</td><td>Maturity duration</td><td>Early maturity</td></tr><tr><td>Grain Quality traits</td><td>Other</td><td>Good eating quality</td></tr><tr><td>Cooking quality</td><td>Cooked quality (grain texture)</td><td>Soft</td></tr>,<tr><td>Biotic stress</td><td>Leaf blast</td><td>-</td></tr><tr><td>Biotic stress</td><td>Bacterial blight</td><td>Leaf blight</td></tr><tr><td>Biotic stress</td><td>Tungro</td><td>-</td></tr><tr><td>Biotic stress</td><td>Sheath blight</td><td>-</td></tr>,"<tr><th rowspan=""2"">Variety</th>
                    <th colspan=""2"">Grain Yield</th>
                    <th rowspan=""2"">Maturity (days)</th>
                    <th rowspan=""2"">Plant height (cm)</th>
                    <th rowspan=""2"">Lodging</th>
                    <th rowspan=""2"">Shattering</th>
                    <th rowspan=""2"">1000 grain weight (g)</th>
                    <th rowspan=""2"">Panicle Threshability</th>
                    <th rowspan=""2"">HRR (%)</th>
                    <th rowspan=""2"">Amylose content (%)</th>
                    <th rowspan=""2"">Special Trait</th>
                    <th rowspan=""2"">Tillering</th></tr><tr><th>(kg/ha)</th><th>(% Adv)</th></tr>","<tr><td class=""must-variety-value"">NSIC Rc 27</td><td>2700-4300</td><td></td><td>Early (107 days)</td><td></td><td></td><td></td><td></td><td></td><td></td><td></td><td></td><td></td></tr><tr><td class=""must-benchmark1-value""></td><td>2699</td><td></td><td></td><td></td><td></td><td></td><td></td><td></td><td></td><td></td><td></td><td></td></tr>",<th>Variety</th><th>Leaf blast</th><th>Bacterial leaf blight</th><th>Brown plant hopper</th><td>Salinity</td><td>Submergence</td><td>Drought</td>,"<tr><td class=""must-variety-value"">NSIC Rc 27</td><td></td><td></td><td></td><td></td><td></td><td></td></tr><tr><td class=""must-benchmark1-value""></td><td></td><td></td><td></td><td></td><td></td><td></td></tr>",,,,Not Data,,assets/img/pc-evidence/planting-method_alt.png,"{""data-disabled"":""true"",""data-show"":""false"",""data-pc_id"":191}",assets/img/pc-evidence/ecosystem_alt.png,"{""data-disabled"":""true"",""data-show"":""false"",""data-pc_id"":191}",assets/img/pc-evidence/positioning_alt.png,"{""data-disabled"":""true"",""data-show"":""false"",""data-pc_id"":191}",assets/img/pc-evidence/key-strengths_alt.png,"{""data-disabled"":""true"",""data-show"":""false"",""data-pc_id"":191}",assets/img/pc-evidence/considerations_alt.png,"{""data-disabled"":""true"",""data-show"":""false"",""data-pc_id"":191}",assets/img/pc-evidence/relative-variety-perf_alt.png,"{""data-disabled"":""true"",""data-show"":""false"",""data-pc_id"":191}",assets/img/pc-evidence/producibility_alt.png,"{""data-disabled"":""true"",""data-show"":""false"",""data-pc_id"":191}",191
NSIC Rc 29,IR82969-11/IR82870-48,Inbred,Philippines,-,https://glomip.cgiar.org/uploads/product_catalog,,,-,Not Recommended,Recommended,Not Recommended,Not Recommended,Recommended,,,,,,,<tr><td>Biotic stress</td><td>Leaf blast</td><td>Moderate resistance to Leaf blast</td></tr><tr><td>Biotic stress</td><td>Green leaf hopper  (vegetative to maturity stage)</td><td>Moderate resistance to Green leafhopper</td></tr><tr><td>Biotic stress</td><td>Stem borer (Dead heart % 10 days after flowering)</td><td>White stemborer</td></tr><tr><td>Maturity</td><td>Maturity duration</td><td>Very early maturity</td></tr><tr><td>Grain Quality traits</td><td>Other</td><td>Good grain quality</td></tr><tr><td>Cooking quality</td><td>Cooked quality (grain texture)</td><td>Soft</td></tr><tr><td>Grain Quality traits</td><td>Head Rice Recovery</td><td>Good HRR</td></tr>,"<tr><td colspan=""3"">No Considerations data.</td></tr>","<tr><th rowspan=""2"">Variety</th>
                    <th colspan=""2"">Grain Yield</th>
                    <th rowspan=""2"">Maturity (days)</th>
                    <th rowspan=""2"">Plant height (cm)</th>
                    <th rowspan=""2"">Lodging</th>
                    <th rowspan=""2"">Shattering</th>
                    <th rowspan=""2"">1000 grain weight (g)</th>
                    <th rowspan=""2"">Panicle Threshability</th>
                    <th rowspan=""2"">HRR (%)</th>
                    <th rowspan=""2"">Amylose content (%)</th>
                    <th rowspan=""2"">Special Trait</th>
                    <th rowspan=""2"">Tillering</th></tr><tr><th>(kg/ha)</th><th>(% Adv)</th></tr>","<tr><td class=""must-variety-value"">NSIC Rc 29</td><td>2300-3900</td><td></td><td>Early (108 days)</td><td></td><td></td><td></td><td></td><td></td><td></td><td></td><td></td><td></td></tr><tr><td class=""must-benchmark1-value""></td><td>2699</td><td></td><td></td><td></td><td></td><td></td><td></td><td></td><td></td><td></td><td></td><td></td></tr>",<th>Variety</th><th>Leaf blast</th><th>Bacterial leaf blight</th><th>Brown plant hopper</th><td>Salinity</td><td>Submergence</td><td>Drought</td>,"<tr><td class=""must-variety-value"">NSIC Rc 29</td><td></td><td></td><td></td><td></td><td></td><td></td></tr><tr><td class=""must-benchmark1-value""></td><td></td><td></td><td></td><td></td><td></td><td></td></tr>",,,,Not Data,,assets/img/pc-evidence/planting-method_alt.png,"{""data-disabled"":""true"",""data-show"":""false"",""data-pc_id"":192}",assets/img/pc-evidence/ecosystem_alt.png,"{""data-disabled"":""true"",""data-show"":""false"",""data-pc_id"":192}",assets/img/pc-evidence/positioning_alt.png,"{""data-disabled"":""true"",""data-show"":""false"",""data-pc_id"":192}",assets/img/pc-evidence/key-strengths_alt.png,"{""data-disabled"":""true"",""data-show"":""false"",""data-pc_id"":192}",assets/img/pc-evidence/considerations_alt.png,"{""data-disabled"":""true"",""data-show"":""false"",""data-pc_id"":192}",assets/img/pc-evidence/relative-variety-perf_alt.png,"{""data-disabled"":""true"",""data-show"":""false"",""data-pc_id"":192}",assets/img/pc-evidence/producibility_alt.png,"{""data-disabled"":""true"",""data-show"":""false"",""data-pc_id"":192}",192
NSIC Rc 296,IR55182-3B-14-3-2/IR65195-3B-13-2-3,Inbred,Philippines,-,https://glomip.cgiar.org/uploads/product_catalog,,,-,Recommended,Not Recommended,Not Recommended,Not Recommended,Not Recommended,,,,,,,<tr><td>Cooking quality</td><td>Cooked quality (grain texture)</td><td>Soft</td></tr><tr><td>Grain Quality traits</td><td>Other</td><td>Good grain and eating quality</td></tr><tr><td>Abiotic stress</td><td>Salinity (Reproductive)</td><td>Moderate salinity</td></tr><tr><td>Grain Quality traits</td><td>Head Rice Recovery</td><td>High HRR</td></tr>,<tr><td>Biotic stress</td><td>Brown Plant Hopper  (vegetative to maturity stage)</td><td>-</td></tr><tr><td>Biotic stress</td><td>Tungro</td><td>-</td></tr><tr><td>Biotic stress</td><td>Leaf blast</td><td>-</td></tr><tr><td>Biotic stress</td><td>Green leaf hopper  (vegetative to maturity stage)</td><td>-</td></tr>,"<tr><th rowspan=""2"">Variety</th>
                    <th colspan=""2"">Grain Yield</th>
                    <th rowspan=""2"">Maturity (days)</th>
                    <th rowspan=""2"">Plant height (cm)</th>
                    <th rowspan=""2"">Lodging</th>
                    <th rowspan=""2"">Shattering</th>
                    <th rowspan=""2"">1000 grain weight (g)</th>
                    <th rowspan=""2"">Panicle Threshability</th>
                    <th rowspan=""2"">HRR (%)</th>
                    <th rowspan=""2"">Amylose content (%)</th>
                    <th rowspan=""2"">Special Trait</th>
                    <th rowspan=""2"">Tillering</th></tr><tr><th>(kg/ha)</th><th>(% Adv)</th></tr>","<tr><td class=""must-variety-value"">NSIC Rc 296</td><td>3200-4600</td><td></td><td>Medium (117 days)</td><td></td><td></td><td></td><td></td><td></td><td></td><td></td><td></td><td></td></tr><tr><td class=""must-benchmark1-value""></td><td>1700</td><td></td><td></td><td></td><td></td><td></td><td></td><td></td><td></td><td></td><td></td><td></td></tr>",<th>Variety</th><th>Leaf blast</th><th>Bacterial leaf blight</th><th>Brown plant hopper</th><td>Salinity</td><td>Submergence</td><td>Drought</td>,"<tr><td class=""must-variety-value"">NSIC Rc 296</td><td></td><td></td><td></td><td></td><td></td><td></td></tr><tr><td class=""must-benchmark1-value""></td><td></td><td></td><td></td><td></td><td></td><td></td></tr>",,,,Not Data,,assets/img/pc-evidence/planting-method_alt.png,"{""data-disabled"":""true"",""data-show"":""false"",""data-pc_id"":193}",assets/img/pc-evidence/ecosystem_alt.png,"{""data-disabled"":""true"",""data-show"":""false"",""data-pc_id"":193}",assets/img/pc-evidence/positioning_alt.png,"{""data-disabled"":""true"",""data-show"":""false"",""data-pc_id"":193}",assets/img/pc-evidence/key-strengths_alt.png,"{""data-disabled"":""true"",""data-show"":""false"",""data-pc_id"":193}",assets/img/pc-evidence/considerations_alt.png,"{""data-disabled"":""true"",""data-show"":""false"",""data-pc_id"":193}",assets/img/pc-evidence/relative-variety-perf_alt.png,"{""data-disabled"":""true"",""data-show"":""false"",""data-pc_id"":193}",assets/img/pc-evidence/producibility_alt.png,"{""data-disabled"":""true"",""data-show"":""false"",""data-pc_id"":193}",193
NSIC Rc 528,IVC 167/NSIC Rc134 (R121)//Raeline 3,Inbred,Philippines,-,https://glomip.cgiar.org/uploads/product_catalog,,,-,Recommended,Not Recommended,Not Recommended,Not Recommended,Not Recommended,,,,,,,"<tr><td>Grain Quality traits</td><td>Other</td><td>Good grain and eating quality</td></tr><tr><td>Agronomic traits</td><td>Lodging</td><td>Strong stems, Non-lodging</td></tr><tr><td>Biotic stress</td><td>Stem borer (Dead heart % 10 days after flowering)</td><td>Yellow stemborer</td></tr><tr><td>Biotic stress</td><td>Green leaf hopper  (vegetative to maturity stage)</td><td>-</td></tr><tr><td>Biotic stress</td><td>Brown Plant Hopper  (vegetative to maturity stage)</td><td>Moderate Brown planthopper</td></tr><tr><td>Abiotic stress</td><td>Salinity (Reproductive)</td><td>Moderate salinity</td></tr><tr><td>Cooking quality</td><td>Cooked quality (grain texture)</td><td>Soft</td></tr><tr><td>Grain Quality traits</td><td>Head Rice Recovery</td><td>High HRR</td></tr>",<tr><td>Biotic stress</td><td>Sheath blight</td><td>-</td></tr><tr><td>Biotic stress</td><td>Tungro</td><td>-</td></tr><tr><td>Biotic stress</td><td>Leaf blast</td><td>-</td></tr>,"<tr><th rowspan=""2"">Variety</th>
                    <th colspan=""2"">Grain Yield</th>
                    <th rowspan=""2"">Maturity (days)</th>
                    <th rowspan=""2"">Plant height (cm)</th>
                    <th rowspan=""2"">Lodging</th>
                    <th rowspan=""2"">Shattering</th>
                    <th rowspan=""2"">1000 grain weight (g)</th>
                    <th rowspan=""2"">Panicle Threshability</th>
                    <th rowspan=""2"">HRR (%)</th>
                    <th rowspan=""2"">Amylose content (%)</th>
                    <th rowspan=""2"">Special Trait</th>
                    <th rowspan=""2"">Tillering</th></tr><tr><th>(kg/ha)</th><th>(% Adv)</th></tr>","<tr><td class=""must-variety-value"">NSIC Rc 528</td><td>2900-4900</td><td></td><td>Late (133 days)</td><td></td><td></td><td></td><td></td><td></td><td></td><td></td><td></td><td></td></tr><tr><td class=""must-benchmark1-value""></td><td>1700</td><td></td><td></td><td></td><td></td><td></td><td></td><td></td><td></td><td></td><td></td><td></td></tr>",<th>Variety</th><th>Leaf blast</th><th>Bacterial leaf blight</th><th>Brown plant hopper</th><td>Salinity</td><td>Submergence</td><td>Drought</td>,"<tr><td class=""must-variety-value"">NSIC Rc 528</td><td></td><td></td><td></td><td></td><td></td><td></td></tr><tr><td class=""must-benchmark1-value""></td><td></td><td></td><td></td><td></td><td></td><td></td></tr>",,,,Not Data,,assets/img/pc-evidence/planting-method_alt.png,"{""data-disabled"":""true"",""data-show"":""false"",""data-pc_id"":194}",assets/img/pc-evidence/ecosystem_alt.png,"{""data-disabled"":""true"",""data-show"":""false"",""data-pc_id"":194}",assets/img/pc-evidence/positioning_alt.png,"{""data-disabled"":""true"",""data-show"":""false"",""data-pc_id"":194}",assets/img/pc-evidence/key-strengths_alt.png,"{""data-disabled"":""true"",""data-show"":""false"",""data-pc_id"":194}",assets/img/pc-evidence/considerations_alt.png,"{""data-disabled"":""true"",""data-show"":""false"",""data-pc_id"":194}",assets/img/pc-evidence/relative-variety-perf_alt.png,"{""data-disabled"":""true"",""data-show"":""false"",""data-pc_id"":194}",assets/img/pc-evidence/producibility_alt.png,"{""data-disabled"":""true"",""data-show"":""false"",""data-pc_id"":194}",194
NSIC Rc 534,X21,Inbred,Philippines,-,https://glomip.cgiar.org/uploads/product_catalog,,,-,Recommended,Not Recommended,Not Recommended,Not Recommended,Not Recommended,,,,,,,<tr><td>Grain Quality traits</td><td>Other</td><td>Good grain and eating quality</td></tr><tr><td>Biotic stress</td><td>Stem borer (Dead heart % 10 days after flowering)</td><td>Yellow stemborer</td></tr><tr><td>Biotic stress</td><td>Green leaf hopper  (vegetative to maturity stage)</td><td>Moderate Green leafhopper</td></tr><tr><td>Biotic stress</td><td>Leaf blast</td><td>Moderate Leaf blast</td></tr><tr><td>Abiotic stress</td><td>Salinity (Reproductive)</td><td>Moderate salinity</td></tr><tr><td>Cooking quality</td><td>Cooked quality (grain texture)</td><td>Very soft</td></tr><tr><td>Grain Quality traits</td><td>Other</td><td>Slight aroma</td></tr><tr><td>Grain Quality traits</td><td>Head Rice Recovery</td><td>High HRR</td></tr>,<tr><td>Biotic stress</td><td>Sheath blight</td><td>-</td></tr><tr><td>Biotic stress</td><td>Tungro</td><td>-</td></tr>,"<tr><th rowspan=""2"">Variety</th>
                    <th colspan=""2"">Grain Yield</th>
                    <th rowspan=""2"">Maturity (days)</th>
                    <th rowspan=""2"">Plant height (cm)</th>
                    <th rowspan=""2"">Lodging</th>
                    <th rowspan=""2"">Shattering</th>
                    <th rowspan=""2"">1000 grain weight (g)</th>
                    <th rowspan=""2"">Panicle Threshability</th>
                    <th rowspan=""2"">HRR (%)</th>
                    <th rowspan=""2"">Amylose content (%)</th>
                    <th rowspan=""2"">Special Trait</th>
                    <th rowspan=""2"">Tillering</th></tr><tr><th>(kg/ha)</th><th>(% Adv)</th></tr>","<tr><td class=""must-variety-value"">NSIC Rc 534</td><td>3100-6700</td><td></td><td>Late (131 days)</td><td></td><td></td><td></td><td></td><td></td><td></td><td></td><td></td><td></td></tr><tr><td class=""must-benchmark1-value""></td><td>1700</td><td></td><td></td><td></td><td></td><td></td><td></td><td></td><td></td><td></td><td></td><td></td></tr>",<th>Variety</th><th>Leaf blast</th><th>Bacterial leaf blight</th><th>Brown plant hopper</th><td>Salinity</td><td>Submergence</td><td>Drought</td>,"<tr><td class=""must-variety-value"">NSIC Rc 534</td><td></td><td></td><td></td><td></td><td></td><td></td></tr><tr><td class=""must-benchmark1-value""></td><td></td><td></td><td></td><td></td><td></td><td></td></tr>",,,,Not Data,,assets/img/pc-evidence/planting-method_alt.png,"{""data-disabled"":""true"",""data-show"":""false"",""data-pc_id"":195}",assets/img/pc-evidence/ecosystem_alt.png,"{""data-disabled"":""true"",""data-show"":""false"",""data-pc_id"":195}",assets/img/pc-evidence/positioning_alt.png,"{""data-disabled"":""true"",""data-show"":""false"",""data-pc_id"":195}",assets/img/pc-evidence/key-strengths_alt.png,"{""data-disabled"":""true"",""data-show"":""false"",""data-pc_id"":195}",assets/img/pc-evidence/considerations_alt.png,"{""data-disabled"":""true"",""data-show"":""false"",""data-pc_id"":195}",assets/img/pc-evidence/relative-variety-perf_alt.png,"{""data-disabled"":""true"",""data-show"":""false"",""data-pc_id"":195}",assets/img/pc-evidence/producibility_alt.png,"{""data-disabled"":""true"",""data-show"":""false"",""data-pc_id"":195}",195
PSB Rc 10,IR33021-39-2-2/IR32429-47-3-2-2,Inbred,Philippines,-,https://glomip.cgiar.org/uploads/product_catalog,,,-,Recommended,Recommended,Recommended,Not Recommended,Not Recommended,,,,,,,"<tr><td>Biotic stress</td><td>Leaf blast</td><td> </td></tr><tr><td>Biotic stress</td><td>Brown Plant Hopper  (vegetative to maturity stage)</td><td> </td></tr><tr><td>Biotic stress</td><td>Green leaf hopper  (vegetative to maturity stage)</td><td> </td></tr><tr><td>Maturity</td><td>Other</td><td>Very early maturing, Short</td></tr><tr><td>Cooking quality</td><td>Cooked quality (grain texture)</td><td>Firm</td></tr>",<tr><td>Biotic stress</td><td>Bacterial blight</td><td> </td></tr><tr><td>Biotic stress</td><td>Tungro</td><td> </td></tr><tr><td>Biotic stress</td><td>Stem borer (Dead heart % 10 days after flowering)</td><td> Yellow stemborer</td></tr>,"<tr><th rowspan=""2"">Variety</th>
                    <th colspan=""2"">Grain Yield</th>
                    <th rowspan=""2"">Maturity (days)</th>
                    <th rowspan=""2"">Plant height (cm)</th>
                    <th rowspan=""2"">Lodging</th>
                    <th rowspan=""2"">Shattering</th>
                    <th rowspan=""2"">1000 grain weight (g)</th>
                    <th rowspan=""2"">Panicle Threshability</th>
                    <th rowspan=""2"">HRR (%)</th>
                    <th rowspan=""2"">Amylose content (%)</th>
                    <th rowspan=""2"">Special Trait</th>
                    <th rowspan=""2"">Tillering</th></tr><tr><th>(kg/ha)</th><th>(% Adv)</th></tr>","<tr><td class=""must-variety-value"">PSB Rc 10</td><td>4800 - 7500</td><td></td><td>Transplanted Very Early (103-105 days); Direct wet</td><td></td><td></td><td></td><td></td><td></td><td></td><td></td><td></td><td></td></tr><tr><td class=""must-benchmark1-value""></td><td>3930 - 5970</td><td></td><td></td><td></td><td></td><td></td><td></td><td></td><td></td><td></td><td></td><td></td></tr>",<th>Variety</th><th>Leaf blast</th><th>Bacterial leaf blight</th><th>Brown plant hopper</th><td>Salinity</td><td>Submergence</td><td>Drought</td>,"<tr><td class=""must-variety-value"">PSB Rc 10</td><td></td><td></td><td></td><td></td><td></td><td></td></tr><tr><td class=""must-benchmark1-value""></td><td></td><td></td><td></td><td></td><td></td><td></td></tr>",,,,Not Applicable,,assets/img/pc-evidence/planting-method_alt.png,"{""data-disabled"":""true"",""data-show"":""false"",""data-pc_id"":196}",assets/img/pc-evidence/ecosystem_alt.png,"{""data-disabled"":""true"",""data-show"":""false"",""data-pc_id"":196}",assets/img/pc-evidence/positioning_alt.png,"{""data-disabled"":""true"",""data-show"":""false"",""data-pc_id"":196}",assets/img/pc-evidence/key-strengths_alt.png,"{""data-disabled"":""true"",""data-show"":""false"",""data-pc_id"":196}",assets/img/pc-evidence/considerations_alt.png,"{""data-disabled"":""true"",""data-show"":""false"",""data-pc_id"":196}",assets/img/pc-evidence/relative-variety-perf_alt.png,"{""data-disabled"":""true"",""data-show"":""false"",""data-pc_id"":196}",assets/img/pc-evidence/producibility_alt.png,"{""data-disabled"":""true"",""data-show"":""false"",""data-pc_id"":196}",196
NSIC Rc 130,Traditional Wagwag (Anther Culture),Inbred,Philippines,-,https://glomip.cgiar.org/uploads/product_catalog,,,-,Recommended,Recommended,Recommended,Not Recommended,Not Recommended,,,,,,,<tr><td>Maturity</td><td>Maturity duration</td><td>Early maturing</td></tr><tr><td>Biotic stress</td><td>Stem borer (Dead heart % 10 days after flowering)</td><td> </td></tr><tr><td>Biotic stress</td><td>Bacterial blight</td><td> </td></tr><tr><td>Biotic stress</td><td>Leaf blast</td><td>Moderate Blast</td></tr><tr><td>Grain Quality traits</td><td>Amylose content</td><td>Low amylose (18.3%)</td></tr>,<tr><td>Biotic stress</td><td>Brown Plant Hopper  (vegetative to maturity stage)</td><td> </td></tr><tr><td>Biotic stress</td><td>Tungro</td><td> </td></tr>,"<tr><th rowspan=""2"">Variety</th>
                    <th colspan=""2"">Grain Yield</th>
                    <th rowspan=""2"">Maturity (days)</th>
                    <th rowspan=""2"">Plant height (cm)</th>
                    <th rowspan=""2"">Lodging</th>
                    <th rowspan=""2"">Shattering</th>
                    <th rowspan=""2"">1000 grain weight (g)</th>
                    <th rowspan=""2"">Panicle Threshability</th>
                    <th rowspan=""2"">HRR (%)</th>
                    <th rowspan=""2"">Amylose content (%)</th>
                    <th rowspan=""2"">Special Trait</th>
                    <th rowspan=""2"">Tillering</th></tr><tr><th>(kg/ha)</th><th>(% Adv)</th></tr>","<tr><td class=""must-variety-value"">NSIC Rc 130</td><td>4800 - 7900</td><td></td><td>Early (104 days)</td><td></td><td></td><td></td><td></td><td></td><td></td><td></td><td></td><td></td></tr><tr><td class=""must-benchmark1-value""></td><td>4110</td><td></td><td></td><td></td><td></td><td></td><td></td><td></td><td></td><td></td><td></td><td></td></tr>",<th>Variety</th><th>Leaf blast</th><th>Bacterial leaf blight</th><th>Brown plant hopper</th><td>Salinity</td><td>Submergence</td><td>Drought</td>,"<tr><td class=""must-variety-value"">NSIC Rc 130</td><td></td><td></td><td></td><td></td><td></td><td></td></tr><tr><td class=""must-benchmark1-value""></td><td></td><td></td><td></td><td></td><td></td><td></td></tr>",,,,Not Applicable,,assets/img/pc-evidence/planting-method_alt.png,"{""data-disabled"":""true"",""data-show"":""false"",""data-pc_id"":197}",assets/img/pc-evidence/ecosystem_alt.png,"{""data-disabled"":""true"",""data-show"":""false"",""data-pc_id"":197}",assets/img/pc-evidence/positioning_alt.png,"{""data-disabled"":""true"",""data-show"":""false"",""data-pc_id"":197}",assets/img/pc-evidence/key-strengths_alt.png,"{""data-disabled"":""true"",""data-show"":""false"",""data-pc_id"":197}",assets/img/pc-evidence/considerations_alt.png,"{""data-disabled"":""true"",""data-show"":""false"",""data-pc_id"":197}",assets/img/pc-evidence/relative-variety-perf_alt.png,"{""data-disabled"":""true"",""data-show"":""false"",""data-pc_id"":197}",assets/img/pc-evidence/producibility_alt.png,"{""data-disabled"":""true"",""data-show"":""false"",""data-pc_id"":197}",197
FACAGRO904,FACAGRO904,OPV,Burundi,"A high yielding, late maturity, semi-dwarf, medium grain variety released in Burundi in 2015. Variety is suitable for transplanting in upland ecosystems. It is tolerant to cold, and resistant to blast and sheathe rot. Has moderate threshability and with tolerance to lodging at maturity.",https://glomip.cgiar.org/uploads/product_catalog/172413584283.png,Rice Indica SAF MS00317,Rice - Indica | Non-Hybrid | SAF | Medium Firm; Food | White | Lowlands | Transplanted; Irrigated | Late,TLaMS-I(HE),Recommended,Not Recommended,Not Recommended,Not Recommended,Recommended,NIL,NIL,YUN YIN,NIL,NIL,NIL,<tr><td>Agronomic traits</td><td>Yield Potential</td><td>High Yield</td></tr><tr><td>Abiotic stress</td><td>Cold (reproductive)</td><td>Tolerant to cold</td></tr><tr><td>Agronomic traits</td><td>Lodging</td><td>No lodging at maturity</td></tr><tr><td>Biotic stress</td><td>Sheath Rot</td><td>Resistant to Sheathe Rot</td></tr><tr><td>Biotic stress</td><td>Leaf blast</td><td>Resistant to Blast</td></tr><tr><td>Other key traits</td><td>Panicle Threshability</td><td>Moderate Threshability</td></tr>,<tr><td>Other key traits</td><td>Other</td><td>Medium Tillering</td></tr>,"<tr><th rowspan=""2"">Variety</th>
                    <th colspan=""2"">Grain Yield</th>
                    <th rowspan=""2"">Maturity (days)</th>
                    <th rowspan=""2"">Plant height (cm)</th>
                    <th rowspan=""2"">Lodging</th>
                    <th rowspan=""2"">Shattering</th>
                    <th rowspan=""2"">1000 grain weight (g)</th>
                    <th rowspan=""2"">Panicle Threshability</th>
                    <th rowspan=""2"">HRR (%)</th>
                    <th rowspan=""2"">Amylose content (%)</th>
                    <th rowspan=""2"">Special Trait</th>
                    <th rowspan=""2"">Tillering</th><th rowspan=""2"">Ratoonability</th></tr><tr><th>(kg/ha)</th><th>(% Adv)</th></tr>","<tr><td class=""must-variety-value"">FACAGRO904</td><td>6500</td><td>62</td><td>>130</td><td>80-90</td><td>Tolerant</td><td></td><td></td><td>Moderate</td><td>ND</td><td>ND</td><td></td><td>Medium</td><td>ND</td></tr><tr><td class=""must-benchmark1-value"">YUN YIN</td><td>4000</td><td></td><td>168</td><td>80-90</td><td>Tolerant</td><td></td><td></td><td>Moderate</td><td>ND</td><td>ND</td><td></td><td>Medium</td><td>ND</td></tr>",<th>Variety</th><th>Leaf blast</th><th>Bacterial leaf blight</th><th>Brown plant hopper</th><th>Sheath rot</th><th>Brown spot</th><th>RYMV</th><td>Salinity</td><td>Submergence</td><td>Drought</td>,"<tr><td class=""must-variety-value"">FACAGRO904</td><td>Resistant</td><td></td><td></td><td>Resistant</td><td>Resistant</td><td>Resistant</td><td>ND</td><td></td><td>ND</td></tr><tr><td class=""must-benchmark1-value"">YUN YIN</td><td>Susceptible</td><td></td><td></td><td>Tolerant</td><td>Resistant</td><td>Resistant</td><td>ND</td><td></td><td>ND</td></tr>",,,,Not Applicable,Recommended for upland ecosystems of Burundi,assets/img/pc-evidence/planting-method_alt.png,"{""data-disabled"":""true"",""data-show"":""false"",""data-pc_id"":211}",assets/img/pc-evidence/ecosystem_alt.png,"{""data-disabled"":""true"",""data-show"":""false"",""data-pc_id"":211}",assets/img/pc-evidence/positioning_alt.png,"{""data-disabled"":""true"",""data-show"":""false"",""data-pc_id"":211}",assets/img/pc-evidence/key-strengths_alt.png,"{""data-disabled"":""true"",""data-show"":""false"",""data-pc_id"":211}",assets/img/pc-evidence/considerations_alt.png,"{""data-disabled"":""true"",""data-show"":""false"",""data-pc_id"":211}",assets/img/pc-evidence/relative-variety-perf_alt.png,"{""data-disabled"":""true"",""data-show"":""false"",""data-pc_id"":211}",assets/img/pc-evidence/producibility_alt.png,"{""data-disabled"":""true"",""data-show"":""false"",""data-pc_id"":211}",211
[Test] FACAGRO904,FACAGRO904,OPV,Burundi,"A high yielding, late maturity, semi-dwarf, medium grain variety released in Burundi in 2015. Variety is suitable for transplanting in upland ecosystems. It is tolerant to cold, and resistant to blast and sheathe rot. Has moderate threshability and with tolerance to lodging at maturity.",https://glomip.cgiar.org/uploads/product_catalog,Rice Indica SAF MS00317,Rice - Indica | Non-Hybrid | SAF | Medium Firm; Food | White | Lowlands | Transplanted; Irrigated | Late,TLaMS-I(HE),Recommended,Not Recommended,Not Recommended,Not Recommended,Recommended,NIL,NIL,NIL,NIL,NIL,NIL,<tr><td>Agronomic traits</td><td>Yield Potential</td><td>High yielding</td></tr><tr><td>Abiotic stress</td><td>Cold (reproductive)</td><td>Tolerant to cold</td></tr><tr><td>Maturity</td><td>Maturity duration</td><td>No lodging at maturity</td></tr><tr><td>Biotic stress</td><td>Sheath Rot</td><td>Resistant to sheathe rot</td></tr><tr><td>Biotic stress</td><td>Leaf blast</td><td>Resistant to blast</td></tr><tr><td>Other key traits</td><td>Panicle Threshability</td><td>Moderate threshability</td></tr>,<tr><td>Agronomic traits</td><td>Plant height</td><td>Medium tillering</td></tr>,"<tr><th rowspan=""2"">Variety</th>
                    <th colspan=""2"">Grain Yield</th>
                    <th rowspan=""2"">Maturity (days)</th>
                    <th rowspan=""2"">Plant height (cm)</th>
                    <th rowspan=""2"">Lodging</th>
                    <th rowspan=""2"">Shattering</th>
                    <th rowspan=""2"">1000 grain weight (g)</th>
                    <th rowspan=""2"">Panicle Threshability</th>
                    <th rowspan=""2"">HRR (%)</th>
                    <th rowspan=""2"">Amylose content (%)</th>
                    <th rowspan=""2"">Special Trait</th>
                    <th rowspan=""2"">Tillering</th><th rowspan=""2"">Ratoonability</th></tr><tr><th>(kg/ha)</th><th>(% Adv)</th></tr>","<tr><td class=""must-variety-value"">[Test] FACAGRO904</td><td>6500</td><td>62</td><td>>130</td><td>80-90</td><td>Tolerant</td><td></td><td></td><td>Moderate</td><td>ND</td><td>ND</td><td></td><td>Medium</td><td>ND</td></tr><tr><td class=""must-benchmark1-value"">YUN YIN</td><td>4000</td><td></td><td>168</td><td>80-90</td><td>Tolerant</td><td></td><td></td><td>Moderate</td><td>ND</td><td>ND</td><td></td><td>Medium</td><td>ND</td></tr>",<th>Variety</th><th>Leaf blast</th><th>Bacterial leaf blight</th><th>Brown plant hopper</th><th>Sheathe rot</th><th>Brown spot</th><th>RYMV</th><td>Salinity</td><td>Submergence</td><td>Drought</td>,"<tr><td class=""must-variety-value"">[Test] FACAGRO904</td><td>Resistant</td><td></td><td></td><td>Resistant</td><td>Resistant</td><td>Resistant</td><td>ND</td><td></td><td>ND</td></tr><tr><td class=""must-benchmark1-value"">YUN YIN</td><td>Resistant</td><td></td><td></td><td>Tolerant</td><td>Resistant</td><td>Resistant</td><td>ND</td><td></td><td>ND</td></tr>",,,,Not Data,Recommended for upland ecosystems of Burundi.,assets/img/pc-evidence/planting-method_alt.png,"{""data-disabled"":""true"",""data-show"":""false"",""data-pc_id"":212}",assets/img/pc-evidence/ecosystem_alt.png,"{""data-disabled"":""true"",""data-show"":""false"",""data-pc_id"":212}",assets/img/pc-evidence/positioning_alt.png,"{""data-disabled"":""true"",""data-show"":""false"",""data-pc_id"":212}",assets/img/pc-evidence/key-strengths_alt.png,"{""data-disabled"":""true"",""data-show"":""false"",""data-pc_id"":212}",assets/img/pc-evidence/considerations_alt.png,"{""data-disabled"":""true"",""data-show"":""false"",""data-pc_id"":212}",assets/img/pc-evidence/relative-variety-perf_alt.png,"{""data-disabled"":""true"",""data-show"":""false"",""data-pc_id"":212}",assets/img/pc-evidence/producibility_alt.png,"{""data-disabled"":""true"",""data-show"":""false"",""data-pc_id"":212}",212
