state,zone,product,estimate_kg_person_year,se,ci_low,ci_high,cv,n_households,n_psu,weighted_population,mean_household_size,precision_flag
1. Abia,4. South East,Agricultural eggs,0.2341778856369441,0.059131981139334815,0.11827920260384787,0.35007656867004033,0.2525088181512136,243,35,4254853.618358143,3.7384436455064947,CV < 10%
1. Abia,4. South East,Animal fat,0,0,0,0,NA,243,35,4254853.618358143,3.7384436455064947,No estimate
1. Abia,4. South East,Apples,0,0,0,0,NA,243,35,4254853.618358143,3.7384436455064947,No estimate
1. Abia,4. South East,Avocado pear,0.2615738700088952,0.12065202955348693,0.025095892084060822,0.4980518479337296,0.461254136544235,243,35,4254853.618358143,3.7384436455064947,CV < 10%
1. Abia,4. South East,Baby milk powder,0,0,0,0,NA,243,35,4254853.618358143,3.7384436455064947,No estimate
1. Abia,4. South East,Bananas,4.71942287802501,0.7396990530964177,3.2696127339560315,6.169233022093988,0.15673506532772666,243,35,4254853.618358143,3.7384436455064947,CV < 10%
1. Abia,4. South East,Beef,4.097722670113908,0.5006362156638402,3.116475687412781,5.078969652815035,0.12217425530408665,243,35,4254853.618358143,3.7384436455064947,CV < 10%
1. Abia,4. South East,Beer,0.4944318913638397,0.29972935987152816,0,1.0819014367120348,0.6062096015788048,243,35,4254853.618358143,3.7384436455064947,CV < 10%
1. Abia,4. South East,Biscuits,0.5123057830061107,0.05892810052177047,0.3968067059834406,0.6278048600287809,0.1150252495218614,243,35,4254853.618358143,3.7384436455064947,CV < 10%
1. Abia,4. South East,Bottled water,0,0,0,0,NA,243,35,4254853.618358143,3.7384436455064947,No estimate
1. Abia,4. South East,Bread,6.7344318173718145,0.4802644832414141,5.793113430218643,7.675750204524986,0.07131477402481781,243,35,4254853.618358143,3.7384436455064947,CV < 10%
1. Abia,4. South East,Brown beans,0.35539897056841807,0.16933602782118945,0.023500356038886783,0.6872975850979494,0.47646741224477035,243,35,4254853.618358143,3.7384436455064947,CV < 10%
1. Abia,4. South East,Buns/Pofpof/Donuts,0.4740792406108144,0.08046287402850834,0.3163720075149381,0.6317864737066907,0.16972452521826975,243,35,4254853.618358143,3.7384436455064947,CV < 10%
1. Abia,4. South East,Butter/Margarine,0,0,0,0,NA,243,35,4254853.618358143,3.7384436455064947,No estimate
1. Abia,4. South East,Cake,0,0,0,0,NA,243,35,4254853.618358143,3.7384436455064947,No estimate
1. Abia,4. South East,Canned fish/seafood,0,0,0,0,NA,243,35,4254853.618358143,3.7384436455064947,No estimate
1. Abia,4. South East,Cashew nut,0.058316790274245404,0.03418493271826511,0,0.12531925840204503,0.5861936597934179,243,35,4254853.618358143,3.7384436455064947,CV < 10%
1. Abia,4. South East,Cassava flour,0.06623699792167369,0.045820122420636475,0,0.15604443786612118,0.691760252703776,243,35,4254853.618358143,3.7384436455064947,CV < 10%
1. Abia,4. South East,Cassava roots,2.9296339702537675,1.838406590095827,0,6.532910886841588,0.6275209151594398,243,35,4254853.618358143,3.7384436455064947,CV < 10%
1. Abia,4. South East,Cheese/wara,0,0,0,0,NA,243,35,4254853.618358143,3.7384436455064947,No estimate
1. Abia,4. South East,Chicken,0.16738124965091147,0.11483576968173564,0,0.3924593582271133,0.6860730811918054,243,35,4254853.618358143,3.7384436455064947,CV < 10%
1. Abia,4. South East,Chocolate drinks,0.8375504497556826,0.1431281242769399,0.5570193261728804,1.1180815733384848,0.1708889587710102,243,35,4254853.618358143,3.7384436455064947,CV < 10%
1. Abia,4. South East,Coconut,0.6843515428736977,0.18804535266196418,0.3157826516562479,1.0529204340911476,0.27477888319259536,243,35,4254853.618358143,3.7384436455064947,CV < 10%
1. Abia,4. South East,Cocoyam,0.5795349068955088,0.28272260546740713,0.025398600179390884,1.1336712136116267,0.4878439626387898,243,35,4254853.618358143,3.7384436455064947,CV < 10%
1. Abia,4. South East,Coffee,0.0037640153581485884,0.0013497996914757938,0.0011184079628560328,0.006409622753441144,0.35860631879560706,243,35,4254853.618358143,3.7384436455064947,CV < 10%
1. Abia,4. South East,Dry pepper,0.08667460013905907,0.01730402172184865,0.052758717564235724,0.12059048271388242,0.19964351371781822,243,35,4254853.618358143,3.7384436455064947,CV < 10%
1. Abia,4. South East,Duck,0,0,0,0,NA,243,35,4254853.618358143,3.7384436455064947,No estimate
1. Abia,4. South East,Fish - dried,1.6900651287604762,0.23201934708530256,1.2353072084732832,2.144823049047669,0.1372842638647125,243,35,4254853.618358143,3.7384436455064947,CV < 10%
1. Abia,4. South East,Fish - fresh,0.2683011199712856,0.1337102836018444,0.006228964111670565,0.5303732758309005,0.49835902144633043,243,35,4254853.618358143,3.7384436455064947,CV < 10%
1. Abia,4. South East,Fish - frozen,2.584630198943311,0.5564457860183571,1.4939964583473309,3.675263939539291,0.2152902903656593,243,35,4254853.618358143,3.7384436455064947,CV < 10%
1. Abia,4. South East,Fish - smoked,2.1901396395000705,0.3250335006466321,1.5530739782326717,2.8272053007674693,0.14840766076487502,243,35,4254853.618358143,3.7384436455064947,CV < 10%
1. Abia,4. South East,Fresh milk,0,0,0,0,NA,243,35,4254853.618358143,3.7384436455064947,No estimate
1. Abia,4. South East,Fresh pepper,3.135908105991698,0.18338057115932685,2.7764821865194174,3.495334025463978,0.05847766100318641,243,35,4254853.618358143,3.7384436455064947,CV < 10%
1. Abia,4. South East,Fruit juice,0.6726525182911687,0.6402438480981177,0,1.9275304605634793,0.951819595836223,243,35,4254853.618358143,3.7384436455064947,CV < 10%
1. Abia,4. South East,Garden eggs/Eggplant,0.7824525500667054,0.21400157323366728,0.3630094665287176,1.2018956336046933,0.273501023436403,243,35,4254853.618358143,3.7384436455064947,CV < 10%
1. Abia,4. South East,Gari - white,9.055377692951556,1.646597724609136,5.828046152717649,12.282709233185463,0.181836449062837,243,35,4254853.618358143,3.7384436455064947,CV < 10%
1. Abia,4. South East,Gari - yellow,19.416143981043657,1.287475079892764,16.89269282445384,21.939595137633475,0.06630951445095123,243,35,4254853.618358143,3.7384436455064947,CV < 10%
1. Abia,4. South East,Gin,0.11396967983574556,0.07936248473324352,0,0.26952014991290285,0.6963473517484796,243,35,4254853.618358143,3.7384436455064947,CV < 10%
1. Abia,4. South East,Goat,0.08653170389496438,0.08487268120127961,0,0.2528821590494724,0.9808275739525647,243,35,4254853.618358143,3.7384436455064947,CV < 10%
1. Abia,4. South East,Ground pepper,0.07604547034076872,0.023127072203594022,0.03071640882172444,0.121374531859813,0.30412162749416743,243,35,4254853.618358143,3.7384436455064947,CV < 10%
1. Abia,4. South East,Groundnut oil,2.5049004721315278,0.2741017585518982,1.9676610253698072,3.0421399188932483,0.10942620738885214,243,35,4254853.618358143,3.7384436455064947,CV < 10%
1. Abia,4. South East,Groundnuts - shelled,1.050562183297392,0.16414595506895086,0.7288361113622482,1.3722882552325357,0.15624582502460457,243,35,4254853.618358143,3.7384436455064947,CV < 10%
1. Abia,4. South East,Groundnuts - unshelled,0.21384870558656524,0.1276335123070147,0,0.464010389708314,0.5968402378538087,243,35,4254853.618358143,3.7384436455064947,CV < 10%
1. Abia,4. South East,Guava,1.5541827518787885,0.3921576509516847,0.7855537560134865,2.3228117477440904,0.25232402719539976,243,35,4254853.618358143,3.7384436455064947,CV < 10%
1. Abia,4. South East,Guinea corn / sorghum,0,0,0,0,NA,243,35,4254853.618358143,3.7384436455064947,No estimate
1. Abia,4. South East,Honey,0.010626067649221735,0.00913660078091074,0,0.028533805179806786,0.8598289680171494,243,35,4254853.618358143,3.7384436455064947,CV < 10%
1. Abia,4. South East,Kola nut,0.06698736636914139,0.041908729808917335,0,0.14912847679461938,0.6256213981898405,243,35,4254853.618358143,3.7384436455064947,CV < 10%
1. Abia,4. South East,Leaves,1.646873502227536,0.2887040187792,1.081013625420304,2.212733379034768,0.17530430745816442,243,35,4254853.618358143,3.7384436455064947,CV < 10%
1. Abia,4. South East,Local eggs,0,0,0,0,NA,243,35,4254853.618358143,3.7384436455064947,No estimate
1. Abia,4. South East,Maize - shelled/off cob,0,0,0,0,NA,243,35,4254853.618358143,3.7384436455064947,No estimate
1. Abia,4. South East,Maize - unshelled/on cob,0,0,0,0,NA,243,35,4254853.618358143,3.7384436455064947,No estimate
1. Abia,4. South East,Maize flour,0,0,0,0,NA,243,35,4254853.618358143,3.7384436455064947,No estimate
1. Abia,4. South East,Malt drinks,2.470650001667945,0.5798640294632482,1.3341165039199785,3.6071834994159113,0.23470100138497152,243,35,4254853.618358143,3.7384436455064947,CV < 10%
1. Abia,4. South East,Mangoes,1.616682339284159,0.7456171996198357,0.15527262802928088,3.078092050539037,0.4612020441504811,243,35,4254853.618358143,3.7384436455064947,CV < 10%
1. Abia,4. South East,Meat pie/Sausage roll,0.12340837249602717,0.04903038206968005,0.027308823639454263,0.21950792135260005,0.3973019097327328,243,35,4254853.618358143,3.7384436455064947,CV < 10%
1. Abia,4. South East,Melon - ground,0.10565835987346289,0.023385698310920192,0.05982239118405932,0.15149432856286646,0.22133315659004218,243,35,4254853.618358143,3.7384436455064947,CV < 10%
1. Abia,4. South East,Melon - shelled,1.7466749931666048,0.15223313053748147,1.4482980573131412,2.0450519290200684,0.08715595696569343,243,35,4254853.618358143,3.7384436455064947,CV < 10%
1. Abia,4. South East,Melon - unshelled,0.0556834832976178,0.033249789694168905,0,0.12085307109818885,0.5971212238367883,243,35,4254853.618358143,3.7384436455064947,CV < 10%
1. Abia,4. South East,Milk - tinned,0.04739744890053438,0.03042694425717112,0,0.10703425964458976,0.6419532055622528,243,35,4254853.618358143,3.7384436455064947,CV < 10%
1. Abia,4. South East,Milk powder,0.9184227607696859,0.16967713343446997,0.5858555792381248,1.250989942301247,0.18474839766848955,243,35,4254853.618358143,3.7384436455064947,CV < 10%
1. Abia,4. South East,Millet,0.10043901782786027,0.10011981760393107,0,0.2966738603315652,0.9968219499669315,243,35,4254853.618358143,3.7384436455064947,CV < 10%
1. Abia,4. South East,Mutton,0,0,0,0,NA,243,35,4254853.618358143,3.7384436455064947,No estimate
1. Abia,4. South East,Ogbono - ground,8.693709083978046e-4,8.758975239918937e-4,0,0.002586130055421916,1.00750728547625,243,35,4254853.618358143,3.7384436455064947,CV < 10%
1. Abia,4. South East,Ogbono - unground,0.13447899295241267,0.031651496221240874,0.07244206035878056,0.19651592554604477,0.2353638700465374,243,35,4254853.618358143,3.7384436455064947,CV < 10%
1. Abia,4. South East,Okra - dried,0.004995117571840735,0.004896413667166388,0,0.014592088359486855,0.9802399236344753,243,35,4254853.618358143,3.7384436455064947,CV < 10%
1. Abia,4. South East,Okra - fresh,2.8577339229287833,0.21170286576052277,2.442796306038159,3.2726715398194077,0.07408067772228302,243,35,4254853.618358143,3.7384436455064947,CV < 10%
1. Abia,4. South East,Onions,7.764176549051374,0.33979360065494085,7.09818109176769,8.430172006335058,0.043764280540021565,243,35,4254853.618358143,3.7384436455064947,CV < 10%
1. Abia,4. South East,Orange/Tangerine,0.7161624407393273,0.22173225949300118,0.28156721213304503,1.1507576693456096,0.30961168427668,243,35,4254853.618358143,3.7384436455064947,CV < 10%
1. Abia,4. South East,Other alcoholic beverages,0,0,0,0,NA,243,35,4254853.618358143,3.7384436455064947,No estimate
1. Abia,4. South East,Other domestic poultry,0,0,0,0,NA,243,35,4254853.618358143,3.7384436455064947,No estimate
1. Abia,4. South East,Other eggs,0,0,0,0,NA,243,35,4254853.618358143,3.7384436455064947,No estimate
1. Abia,4. South East,Other fish/seafood,0,0,0,0,NA,243,35,4254853.618358143,3.7384436455064947,No estimate
1. Abia,4. South East,Other fruits,0,0,0,0,NA,243,35,4254853.618358143,3.7384436455064947,No estimate
1. Abia,4. South East,Other grains/flour,0.12664001849695458,0.12782352678119419,0,0.37717413098809516,1.0093454525535155,243,35,4254853.618358143,3.7384436455064947,CV < 10%
1. Abia,4. South East,Other meat,0,0,0,0,NA,243,35,4254853.618358143,3.7384436455064947,No estimate
1. Abia,4. South East,Other non-alcoholic drinks,0,0,0,0,NA,243,35,4254853.618358143,3.7384436455064947,No estimate
1. Abia,4. South East,Other nuts/seeds/pulses,0,0,0,0,NA,243,35,4254853.618358143,3.7384436455064947,No estimate
1. Abia,4. South East,Other oil/fat,0,0,0,0,NA,243,35,4254853.618358143,3.7384436455064947,No estimate
1. Abia,4. South East,Other spices,0.19333219281554145,0.016862247507320346,0.16028218770119357,0.22638219792988934,0.08721903611473875,243,35,4254853.618358143,3.7384436455064947,CV < 10%
1. Abia,4. South East,Other vegetables,0,0,0,0,NA,243,35,4254853.618358143,3.7384436455064947,No estimate
1. Abia,4. South East,Palm oil,4.675046021701608,0.24282526887277112,4.199108494710976,5.150983548692239,0.05194072266787833,243,35,4254853.618358143,3.7384436455064947,CV < 10%
1. Abia,4. South East,Palm wine,0.14778109649154836,0.08319059890200807,0,0.3108346703394842,0.5629312603372499,243,35,4254853.618358143,3.7384436455064947,CV < 10%
1. Abia,4. South East,Pawpaw,12.833072632071787,2.3816464226551237,8.165045643667744,17.501099620475827,0.18558660820659814,243,35,4254853.618358143,3.7384436455064947,CV < 10%
1. Abia,4. South East,Pineapples,1.1255020839254921,0.36595402429766877,0.4082321963020613,1.842771971548923,0.32514735381147,243,35,4254853.618358143,3.7384436455064947,CV < 10%
1. Abia,4. South East,Pito,0,0,0,0,NA,243,35,4254853.618358143,3.7384436455064947,No estimate
1. Abia,4. South East,Plantains,8.47361712691663,1.4466222694358348,5.6382374788223935,11.308996775010865,0.17072074980123986,243,35,4254853.618358143,3.7384436455064947,CV < 10%
1. Abia,4. South East,Pork,0.07678044673552445,0.07526325924465137,0,0.22429643485504114,0.9802399236344751,243,35,4254853.618358143,3.7384436455064947,CV < 10%
1. Abia,4. South East,Potatoes,0,0,0,0,NA,243,35,4254853.618358143,3.7384436455064947,No estimate
1. Abia,4. South East,Rice - imported,0.8933916645042702,0.23376419778492954,0.43521383684580833,1.3515694921627321,0.2616592554785496,243,35,4254853.618358143,3.7384436455064947,CV < 10%
1. Abia,4. South East,Rice - local,26.01870204559349,1.0188085242223082,24.021837338117766,28.015566753069212,0.03915677739946497,243,35,4254853.618358143,3.7384436455064947,CV < 10%
1. Abia,4. South East,Sachet water,31.876065254652904,6.4164577034719015,19.299808155847977,44.45232235345783,0.20129390664160784,243,35,4254853.618358143,3.7384436455064947,CV < 10%
1. Abia,4. South East,Salt,1.3346313946287491,0.11408840563282481,1.1110181195884126,1.5582446696690857,0.08548308251400041,243,35,4254853.618358143,3.7384436455064947,CV < 10%
1. Abia,4. South East,Seafood,0.24679019280088266,0.03431728870557502,0.17952830693795563,0.3140520786638097,0.13905450745874326,243,35,4254853.618358143,3.7384436455064947,CV < 10%
1. Abia,4. South East,Snails,0,0,0,0,NA,243,35,4254853.618358143,3.7384436455064947,No estimate
1. Abia,4. South East,Soft drinks,5.545438416456065,0.5833509830012019,4.40207048977371,6.68880634313842,0.10519474551734455,243,35,4254853.618358143,3.7384436455064947,CV < 10%
1. Abia,4. South East,Soya beans,0.008772380916579175,0.008763264541181225,0,0.025948379417294373,0.9989607866456505,243,35,4254853.618358143,3.7384436455064947,CV < 10%
1. Abia,4. South East,Sugar,1.067924458331807,0.11265909104057695,0.8471126398922763,1.288736276771338,0.10549350205590427,243,35,4254853.618358143,3.7384436455064947,CV < 10%
1. Abia,4. South East,Sweet potatoes,0.8925319422610556,0.43986584816506774,0.030394879857522872,1.7546690046645883,0.49282925051483695,243,35,4254853.618358143,3.7384436455064947,CV < 10%
1. Abia,4. South East,Tea,0.02338982899879892,0.006373589408731809,0.010897593757684575,0.03588206423991326,0.2724940575264187,243,35,4254853.618358143,3.7384436455064947,CV < 10%
1. Abia,4. South East,Tomato puree - canned,2.939096480910796,0.14971372168136535,2.64565758641532,3.232535375406272,0.050938689033770884,243,35,4254853.618358143,3.7384436455064947,CV < 10%
1. Abia,4. South East,Tomatoes,7.28559382037684,0.47979482450330163,6.345195964350369,8.22599167640331,0.06585528047986687,243,35,4254853.618358143,3.7384436455064947,CV < 10%
1. Abia,4. South East,Watermelon,1.4768488667196948,0.5218875148021851,0.45394933770741197,2.4997483957319777,0.35337909420709807,243,35,4254853.618358143,3.7384436455064947,CV < 10%
1. Abia,4. South East,Wheat flour,0.16809219206552792,0.10958228104199899,0,0.38287346290784596,0.6519177345208288,243,35,4254853.618358143,3.7384436455064947,CV < 10%
1. Abia,4. South East,White beans,13.77710268420781,0.6763650960326322,12.451427095983851,15.102778272431769,0.0490934205497303,243,35,4254853.618358143,3.7384436455064947,CV < 10%
1. Abia,4. South East,Wild game/Bush meat,0.08964453056792325,0.08932244570734842,0,0.2647165241543261,0.9964070885470163,243,35,4254853.618358143,3.7384436455064947,CV < 10%
1. Abia,4. South East,Yam flour,0,0,0,0,NA,243,35,4254853.618358143,3.7384436455064947,No estimate
1. Abia,4. South East,Yam roots,50.639590808638026,3.025903837272217,44.70881928758448,56.57036232969157,0.05975371816701297,243,35,4254853.618358143,3.7384436455064947,CV < 10%
10. Delta,5. South South,Agricultural eggs,2.0328781100814677,0.4106610470769617,1.2279824578106227,2.8377737623523127,0.2020096753663723,146,28,5737314,4.4255490999551474,CV < 10%
10. Delta,5. South South,Animal fat,0,0,0,0,NA,146,28,5737314,4.4255490999551474,No estimate
10. Delta,5. South South,Apples,0.11526333379788774,0.05661219791455634,0.004303425885357301,0.2262232417104182,0.4911553054141645,146,28,5737314,4.4255490999551474,CV < 10%
10. Delta,5. South South,Avocado pear,0.12499081751022847,0.11620470668611971,0,0.35275204261502313,0.9297059496119404,146,28,5737314,4.4255490999551474,CV < 10%
10. Delta,5. South South,Baby milk powder,0.1487109162745767,0.07781205300320172,0,0.30122254016085204,0.5232437197786556,146,28,5737314,4.4255490999551474,CV < 10%
10. Delta,5. South South,Bananas,1.67253108461525,0.43870363421211983,0.8126719615594951,2.5323902076710048,0.26229924110082503,146,28,5737314,4.4255490999551474,CV < 10%
10. Delta,5. South South,Beef,4.560400596116243,0.6412092850672795,3.3036303973843753,5.817170794848111,0.14060371924636406,146,28,5737314,4.4255490999551474,CV < 10%
10. Delta,5. South South,Beer,2.0376781974669713,1.0202344624803565,0.038018651005472526,4.03733774392847,0.5006847812125612,146,28,5737314,4.4255490999551474,CV < 10%
10. Delta,5. South South,Biscuits,0.4105283454796253,0.09486770097067977,0.22458765157709296,0.5964690393821577,0.23108684702354637,146,28,5737314,4.4255490999551474,CV < 10%
10. Delta,5. South South,Bottled water,1.555699741901271,1.020788729496034,0,3.5564456517134975,0.6561605057853227,146,28,5737314,4.4255490999551474,CV < 10%
10. Delta,5. South South,Bread,11.690252248321803,1.7480396607440212,8.264094513263522,15.116409983380084,0.14952967854008123,146,28,5737314,4.4255490999551474,CV < 10%
10. Delta,5. South South,Brown beans,2.263785841993934,0.5218586928649123,1.240942803978706,3.286628880009162,0.23052476218565846,146,28,5737314,4.4255490999551474,CV < 10%
10. Delta,5. South South,Buns/Pofpof/Donuts,0.032608768153767724,0.01629312869692708,6.742359077906504e-4,0.06454330039974479,0.49965483578209063,146,28,5737314,4.4255490999551474,CV < 10%
10. Delta,5. South South,Butter/Margarine,0.054912921554904216,0.037045406643118915,0,0.12752191857541728,0.6746209379167594,146,28,5737314,4.4255490999551474,CV < 10%
10. Delta,5. South South,Cake,0.09330233557068665,0.060363061481593615,0,0.21161393607461015,0.6469619555864391,146,28,5737314,4.4255490999551474,CV < 10%
10. Delta,5. South South,Canned fish/seafood,0,0,0,0,NA,146,28,5737314,4.4255490999551474,No estimate
10. Delta,5. South South,Cashew nut,0,0,0,0,NA,146,28,5737314,4.4255490999551474,No estimate
10. Delta,5. South South,Cassava flour,0.45389994160860037,0.22937535936656148,0.004324237250139862,0.9034756459670609,0.5053434432127615,146,28,5737314,4.4255490999551474,CV < 10%
10. Delta,5. South South,Cassava roots,21.12051614840816,9.640453704830822,2.225226886939751,40.01580540987657,0.4564497210716802,146,28,5737314,4.4255490999551474,CV < 10%
10. Delta,5. South South,Cheese/wara,0,0,0,0,NA,146,28,5737314,4.4255490999551474,No estimate
10. Delta,5. South South,Chicken,0.5281666405461712,0.2744008319868237,0,1.0659922712403458,0.5195345766310967,146,28,5737314,4.4255490999551474,CV < 10%
10. Delta,5. South South,Chocolate drinks,0.5426467240204829,0.10592645894871315,0.33503086448100505,0.7502625835599607,0.19520335101979686,146,28,5737314,4.4255490999551474,CV < 10%
10. Delta,5. South South,Coconut,1.7431483995936337,0.9520229783264531,0,3.6091134371134816,0.5461514226490359,146,28,5737314,4.4255490999551474,CV < 10%
10. Delta,5. South South,Cocoyam,0.8404356418648091,0.4395378103248484,0,1.7019297501015118,0.522988065272405,146,28,5737314,4.4255490999551474,CV < 10%
10. Delta,5. South South,Coffee,0.004505562649755637,0.002770721251328907,0,0.009936176302360294,0.6149556596397966,146,28,5737314,4.4255490999551474,CV < 10%
10. Delta,5. South South,Dry pepper,0.07907483890874016,0.03383078711866216,0.012766496156162335,0.14538318166131797,0.4278325139265359,146,28,5737314,4.4255490999551474,CV < 10%
10. Delta,5. South South,Duck,0,0,0,0,NA,146,28,5737314,4.4255490999551474,No estimate
10. Delta,5. South South,Fish - dried,1.0672736367037392,0.16101693690158542,0.7516804403766317,1.3828668330308467,0.15086752952961918,146,28,5737314,4.4255490999551474,CV < 10%
10. Delta,5. South South,Fish - fresh,10.60902020836635,3.918950676633924,2.927876882163858,18.29016353456884,0.3693979839479815,146,28,5737314,4.4255490999551474,CV < 10%
10. Delta,5. South South,Fish - frozen,2.933668779404577,0.5662723626191418,1.8237749486710588,4.043562610138094,0.19302532262489208,146,28,5737314,4.4255490999551474,CV < 10%
10. Delta,5. South South,Fish - smoked,1.9169894104475997,0.349665308690345,1.2316454054145236,2.602333415480676,0.1824033595515279,146,28,5737314,4.4255490999551474,CV < 10%
10. Delta,5. South South,Fresh milk,0,0,0,0,NA,146,28,5737314,4.4255490999551474,No estimate
10. Delta,5. South South,Fresh pepper,3.15841085686886,0.3663271546031132,2.440409633846758,3.8764120798909616,0.11598464265864303,146,28,5737314,4.4255490999551474,CV < 10%
10. Delta,5. South South,Fruit juice,0.03246110586003117,0.03296523968951109,0,0.09707297565147291,1.0155303960269773,146,28,5737314,4.4255490999551474,CV < 10%
10. Delta,5. South South,Garden eggs/Eggplant,0.2076706271325492,0.08991930298218885,0.03142879328745904,0.3839124609776393,0.4329899910438291,146,28,5737314,4.4255490999551474,CV < 10%
10. Delta,5. South South,Gari - white,2.5028413632629434,0.9274053087659422,0.6851269580816968,4.32055576844419,0.37054098688735426,146,28,5737314,4.4255490999551474,CV < 10%
10. Delta,5. South South,Gari - yellow,25.196629711781217,2.077177773086946,21.125361276530803,29.26789814703163,0.08243871489351282,146,28,5737314,4.4255490999551474,CV < 10%
10. Delta,5. South South,Gin,0.1392131476821063,0.1002732372921378,0,0.3357486927746964,0.7202856839435315,146,28,5737314,4.4255490999551474,CV < 10%
10. Delta,5. South South,Goat,0.7605776394380067,0.3829285670682182,0.01003764798429907,1.5111176308917145,0.503470713852652,146,28,5737314,4.4255490999551474,CV < 10%
10. Delta,5. South South,Ground pepper,0.5198162405029292,0.14345578903121176,0.23864289400175415,0.8009895870041042,0.2759740420815178,146,28,5737314,4.4255490999551474,CV < 10%
10. Delta,5. South South,Groundnut oil,2.9444951977832936,0.4166344593868006,2.1278916573851645,3.7610987381814227,0.14149605667567597,146,28,5737314,4.4255490999551474,CV < 10%
10. Delta,5. South South,Groundnuts - shelled,1.2597298686168639,0.28643076408330526,0.6983255710135856,1.8211341662201421,0.22737475011035144,146,28,5737314,4.4255490999551474,CV < 10%
10. Delta,5. South South,Groundnuts - unshelled,0.7705728147267757,0.4005634378588305,0,1.5556771529300835,0.5198255508155442,146,28,5737314,4.4255490999551474,CV < 10%
10. Delta,5. South South,Guava,0.900756416257634,0.5809444280596257,0,2.0394074952545003,0.6449517511884857,146,28,5737314,4.4255490999551474,CV < 10%
10. Delta,5. South South,Guinea corn / sorghum,0.13521418727689596,0.09712330173975688,0,0.32557585868681943,0.7182922420771176,146,28,5737314,4.4255490999551474,CV < 10%
10. Delta,5. South South,Honey,0.028229461736288836,0.016015310156953212,0,0.059619469643917136,0.5673260902585899,146,28,5737314,4.4255490999551474,CV < 10%
10. Delta,5. South South,Kola nut,0.030574433406168583,0.011593925492029169,0.007850339441791414,0.05329852737054575,0.3792032819712048,146,28,5737314,4.4255490999551474,CV < 10%
10. Delta,5. South South,Leaves,5.459221704817927,1.59162484202654,2.3396370144459087,8.578806395189945,0.2915479399969932,146,28,5737314,4.4255490999551474,CV < 10%
10. Delta,5. South South,Local eggs,0,0,0,0,NA,146,28,5737314,4.4255490999551474,No estimate
10. Delta,5. South South,Maize - shelled/off cob,0.6465680589646242,0.37243351278149595,0,1.3765377440163562,0.5760159469954159,146,28,5737314,4.4255490999551474,CV < 10%
10. Delta,5. South South,Maize - unshelled/on cob,0,0,0,0,NA,146,28,5737314,4.4255490999551474,No estimate
10. Delta,5. South South,Maize flour,0.01344766622434957,0.013656513806452386,0,0.04021443328499624,1.0155303960269817,146,28,5737314,4.4255490999551474,CV < 10%
10. Delta,5. South South,Malt drinks,1.2821038888367902,0.3925347231564154,0.512735831450216,2.0514719462233644,0.30616452112359555,146,28,5737314,4.4255490999551474,CV < 10%
10. Delta,5. South South,Mangoes,0.3836417205827859,0.2821056972406107,0,0.9365688871743828,0.735336336235973,146,28,5737314,4.4255490999551474,CV < 10%
10. Delta,5. South South,Meat pie/Sausage roll,0.038182644926996065,0.024060632382071345,0,0.0853414843958559,0.6301457750785591,146,28,5737314,4.4255490999551474,CV < 10%
10. Delta,5. South South,Melon - ground,0.5617815297081082,0.10858001966573068,0.3489646911632761,0.7745983682529404,0.19327801631738753,146,28,5737314,4.4255490999551474,CV < 10%
10. Delta,5. South South,Melon - shelled,1.1400222458319753,0.21912808692249386,0.7105311954638873,1.5695132962000633,0.19221386926759193,146,28,5737314,4.4255490999551474,CV < 10%
10. Delta,5. South South,Melon - unshelled,0.08687575000365615,0.06558312315314767,0,0.2154186713838256,0.7549071305903847,146,28,5737314,4.4255490999551474,CV < 10%
10. Delta,5. South South,Milk - tinned,0.09762108293303191,0.08718494712783256,0,0.2685035793035837,0.8930954718832761,146,28,5737314,4.4255490999551474,CV < 10%
10. Delta,5. South South,Milk powder,0.48792687404671875,0.051745866274363096,0.38650497614896706,0.5893487719444704,0.10605250300152243,146,28,5737314,4.4255490999551474,CV < 10%
10. Delta,5. South South,Millet,0,0,0,0,NA,146,28,5737314,4.4255490999551474,No estimate
10. Delta,5. South South,Mutton,0,0,0,0,NA,146,28,5737314,4.4255490999551474,No estimate
10. Delta,5. South South,Ogbono - ground,0.15024175693136615,0.05120174280408123,0.049886341035366946,0.2505971728273654,0.34079568723009107,146,28,5737314,4.4255490999551474,CV < 10%
10. Delta,5. South South,Ogbono - unground,0.2548416095530281,0.05265656126292436,0.15163474947769634,0.35804846962835984,0.20662466131523727,146,28,5737314,4.4255490999551474,CV < 10%
10. Delta,5. South South,Okra - dried,0,0,0,0,NA,146,28,5737314,4.4255490999551474,No estimate
10. Delta,5. South South,Okra - fresh,2.710110516619838,0.6675507841074577,1.4017109797692207,4.018510053470455,0.24631865749152354,146,28,5737314,4.4255490999551474,CV < 10%
10. Delta,5. South South,Onions,8.935750112794405,0.8261702433843806,7.31645643576102,10.555043789827792,0.09245673087942015,146,28,5737314,4.4255490999551474,CV < 10%
10. Delta,5. South South,Orange/Tangerine,4.0347444663379815,0.7117885211379071,2.6396389649076832,5.42984996776828,0.17641477101620298,146,28,5737314,4.4255490999551474,CV < 10%
10. Delta,5. South South,Other alcoholic beverages,0,0,0,0,NA,146,28,5737314,4.4255490999551474,No estimate
10. Delta,5. South South,Other domestic poultry,0,0,0,0,NA,146,28,5737314,4.4255490999551474,No estimate
10. Delta,5. South South,Other eggs,0,0,0,0,NA,146,28,5737314,4.4255490999551474,No estimate
10. Delta,5. South South,Other fish/seafood,0,0,0,0,NA,146,28,5737314,4.4255490999551474,No estimate
10. Delta,5. South South,Other fruits,0,0,0,0,NA,146,28,5737314,4.4255490999551474,No estimate
10. Delta,5. South South,Other grains/flour,0,0,0,0,NA,146,28,5737314,4.4255490999551474,No estimate
10. Delta,5. South South,Other meat,0,0,0,0,NA,146,28,5737314,4.4255490999551474,No estimate
10. Delta,5. South South,Other non-alcoholic drinks,0.21653777654062753,0.2199006939651048,0,0.647543136712233,1.0155303960269784,146,28,5737314,4.4255490999551474,CV < 10%
10. Delta,5. South South,Other nuts/seeds/pulses,0.07676367658860843,0.07581500137966429,0,0.22536107929275045,0.9876416131808241,146,28,5737314,4.4255490999551474,CV < 10%
10. Delta,5. South South,Other oil/fat,0.02890547377740343,0.029611977784291366,0,0.0869449502346145,1.0244418760380338,146,28,5737314,4.4255490999551474,CV < 10%
10. Delta,5. South South,Other spices,0.3786628502758307,0.03346654688088979,0.3130684183892867,0.4442572821623747,0.08838085610064901,146,28,5737314,4.4255490999551474,CV < 10%
10. Delta,5. South South,Other vegetables,0,0,0,0,NA,146,28,5737314,4.4255490999551474,No estimate
10. Delta,5. South South,Palm oil,6.929888449387141,0.38007811670889624,6.184935340637704,7.674841558136578,0.05484620993322183,146,28,5737314,4.4255490999551474,CV < 10%
10. Delta,5. South South,Palm wine,0.5007330648757805,0.266707153213843,0,1.0234790851749127,0.532633396758024,146,28,5737314,4.4255490999551474,CV < 10%
10. Delta,5. South South,Pawpaw,4.42936876377944,0.8799894535201368,2.7045894348799715,6.154148092678908,0.1986715264522861,146,28,5737314,4.4255490999551474,CV < 10%
10. Delta,5. South South,Pineapples,4.041686941534859,1.631879192289751,0.8432037246469473,7.240170158422771,0.40376189840919086,146,28,5737314,4.4255490999551474,CV < 10%
10. Delta,5. South South,Pito,0,0,0,0,NA,146,28,5737314,4.4255490999551474,No estimate
10. Delta,5. South South,Plantains,17.000773183115225,2.527775639446654,12.046332929799783,21.955213436430668,0.14868592223541824,146,28,5737314,4.4255490999551474,CV < 10%
10. Delta,5. South South,Pork,0.6662284533929504,0.2842169229437474,0.10916328442320555,1.2232936223626953,0.4266058009025208,146,28,5737314,4.4255490999551474,CV < 10%
10. Delta,5. South South,Potatoes,0,0,0,0,NA,146,28,5737314,4.4255490999551474,No estimate
10. Delta,5. South South,Rice - imported,0.32598491870640356,0.273895172338701,0,0.8628194564902575,0.8402081097051703,146,28,5737314,4.4255490999551474,CV < 10%
10. Delta,5. South South,Rice - local,34.025580843804654,3.5043811741275235,27.156993742514707,40.8941679450946,0.10299254523279058,146,28,5737314,4.4255490999551474,CV < 10%
10. Delta,5. South South,Sachet water,117.8971457165344,26.277232738685896,66.39376954871004,169.40052188435874,0.22288268794789545,146,28,5737314,4.4255490999551474,CV < 10%
10. Delta,5. South South,Salt,1.0519561607794026,0.09908995907064715,0.8577398410009341,1.2461724805578709,0.09419590165927696,146,28,5737314,4.4255490999551474,CV < 10%
10. Delta,5. South South,Seafood,0.3715215902495928,0.2180634599534328,0,0.798925971758321,0.5869469384186665,146,28,5737314,4.4255490999551474,CV < 10%
10. Delta,5. South South,Snails,0.10307417875021457,0.09519953411020522,0,0.2896652656062168,0.9236021597698836,146,28,5737314,4.4255490999551474,CV < 10%
10. Delta,5. South South,Soft drinks,4.73438293074279,0.8548530794161243,3.058870895087186,6.409894966398394,0.18056272420744052,146,28,5737314,4.4255490999551474,CV < 10%
10. Delta,5. South South,Soya beans,0,0,0,0,NA,146,28,5737314,4.4255490999551474,No estimate
10. Delta,5. South South,Sugar,0.5953355359324389,0.13290327825713905,0.3348451105484464,0.8558259613164314,0.22324096284455872,146,28,5737314,4.4255490999551474,CV < 10%
10. Delta,5. South South,Sweet potatoes,2.9758836573491823,1.7595437976893207,0,6.42458950082025,0.5912676704762926,146,28,5737314,4.4255490999551474,CV < 10%
10. Delta,5. South South,Tea,0.014354195266025535,0.0059870666653837265,0.002619544601873431,0.02608884593017764,0.4170952501638538,146,28,5737314,4.4255490999551474,CV < 10%
10. Delta,5. South South,Tomato puree - canned,1.390229002853178,0.21067673952332894,0.9773025933874533,1.8031554123189029,0.1515410332333417,146,28,5737314,4.4255490999551474,CV < 10%
10. Delta,5. South South,Tomatoes,9.093317911070729,0.8686851641792018,7.390694989279494,10.795940832861964,0.09553005544011768,146,28,5737314,4.4255490999551474,CV < 10%
10. Delta,5. South South,Watermelon,8.602550619641626,3.9548166260018625,0.8511100326779752,16.353991206605276,0.45972605112861475,146,28,5737314,4.4255490999551474,CV < 10%
10. Delta,5. South South,Wheat flour,0.4333368582966133,0.30224193059230997,0,1.025731042257541,0.6974757046524517,146,28,5737314,4.4255490999551474,CV < 10%
10. Delta,5. South South,White beans,12.662341545249284,2.688243695757246,7.393383901565081,17.931299188933487,0.21230225753670606,146,28,5737314,4.4255490999551474,CV < 10%
10. Delta,5. South South,Wild game/Bush meat,0.8333647158420955,0.5374639010506341,0,1.8867939619013385,0.6449323937449637,146,28,5737314,4.4255490999551474,CV < 10%
10. Delta,5. South South,Yam flour,0,0,0,0,NA,146,28,5737314,4.4255490999551474,No estimate
10. Delta,5. South South,Yam roots,39.02223539965313,4.590826127393506,30.024216189961855,48.0202546093444,0.11764641570058067,146,28,5737314,4.4255490999551474,CV < 10%
11. Ebonyi,4. South East,Agricultural eggs,0.20450023277924137,0.08805450032570371,0.0319134121408621,0.3770870534176206,0.43058386354385625,108,13,3347679.7669383064,5.576309164128805,CV < 10%
11. Ebonyi,4. South East,Animal fat,0,0,0,0,NA,108,13,3347679.7669383064,5.576309164128805,No estimate
11. Ebonyi,4. South East,Apples,0.012199762835639704,0.012043881783466269,0,0.035805771131233594,0.9872226161874186,108,13,3347679.7669383064,5.576309164128805,CV < 10%
11. Ebonyi,4. South East,Avocado pear,0.011916516083606275,0.012319739767179594,0,0.03606320602727828,1.033837380048355,108,13,3347679.7669383064,5.576309164128805,CV < 10%
11. Ebonyi,4. South East,Baby milk powder,0.07320958670015616,0.07227415971212814,0,0.2148669397359273,0.987222616187423,108,13,3347679.7669383064,5.576309164128805,CV < 10%
11. Ebonyi,4. South East,Bananas,3.4274263609475337,0.4442140804813958,2.556766763203998,4.29808595869107,0.12960572560881806,108,13,3347679.7669383064,5.576309164128805,CV < 10%
11. Ebonyi,4. South East,Beef,2.2297673434587257,0.3261718484906054,1.5904705204171392,2.869064166500312,0.1462806644143692,108,13,3347679.7669383064,5.576309164128805,CV < 10%
11. Ebonyi,4. South East,Beer,0,0,0,0,NA,108,13,3347679.7669383064,5.576309164128805,No estimate
11. Ebonyi,4. South East,Biscuits,0.15433365278749028,0.03852923280071435,0.07881635649809016,0.2298509490768904,0.2496489398444238,108,13,3347679.7669383064,5.576309164128805,CV < 10%
11. Ebonyi,4. South East,Bottled water,0,0,0,0,NA,108,13,3347679.7669383064,5.576309164128805,No estimate
11. Ebonyi,4. South East,Bread,1.0975594935233963,0.3456859289905467,0.42001507270192484,1.775103914344868,0.31495871616109145,108,13,3347679.7669383064,5.576309164128805,CV < 10%
11. Ebonyi,4. South East,Brown beans,0.8021669885177619,0.355805270162591,0.10478865899908352,1.4995453180364402,0.4435551141540308,108,13,3347679.7669383064,5.576309164128805,CV < 10%
11. Ebonyi,4. South East,Buns/Pofpof/Donuts,0,0,0,0,NA,108,13,3347679.7669383064,5.576309164128805,No estimate
11. Ebonyi,4. South East,Butter/Margarine,0,0,0,0,NA,108,13,3347679.7669383064,5.576309164128805,No estimate
11. Ebonyi,4. South East,Cake,0,0,0,0,NA,108,13,3347679.7669383064,5.576309164128805,No estimate
11. Ebonyi,4. South East,Canned fish/seafood,0,0,0,0,NA,108,13,3347679.7669383064,5.576309164128805,No estimate
11. Ebonyi,4. South East,Cashew nut,0.05748289131715565,0.024438538308980892,0.009583356231553104,0.10538242640275819,0.4251445560409252,108,13,3347679.7669383064,5.576309164128805,CV < 10%
11. Ebonyi,4. South East,Cassava flour,2.001320754924985,0.9189554836783506,0.20016800691541792,3.8024735029345518,0.4591745133392151,108,13,3347679.7669383064,5.576309164128805,CV < 10%
11. Ebonyi,4. South East,Cassava roots,84.34988035859163,11.275298505697712,62.250295287424116,106.44946542975916,0.13367296382358465,108,13,3347679.7669383064,5.576309164128805,CV < 10%
11. Ebonyi,4. South East,Cheese/wara,0,0,0,0,NA,108,13,3347679.7669383064,5.576309164128805,No estimate
11. Ebonyi,4. South East,Chicken,0.873913855021911,0.35916932807765023,0.1699419719897165,1.5778857380541056,0.41098939673939033,108,13,3347679.7669383064,5.576309164128805,CV < 10%
11. Ebonyi,4. South East,Chocolate drinks,0.1448467730648482,0.08425566259408888,0,0.3099878717492624,0.5816882268848851,108,13,3347679.7669383064,5.576309164128805,CV < 10%
11. Ebonyi,4. South East,Coconut,1.829545356791909,0.31971536330540606,1.2029032447133132,2.456187468870505,0.17475126381453807,108,13,3347679.7669383064,5.576309164128805,CV < 10%
11. Ebonyi,4. South East,Cocoyam,6.3926608711447,1.4772859445921727,3.4971804197440415,9.288141322545357,0.2310909297973823,108,13,3347679.7669383064,5.576309164128805,CV < 10%
11. Ebonyi,4. South East,Coffee,0,0,0,0,NA,108,13,3347679.7669383064,5.576309164128805,No estimate
11. Ebonyi,4. South East,Dry pepper,0.3633736426028794,0.060906509360499544,0.2439968842563003,0.48275040094945854,0.16761399897972928,108,13,3347679.7669383064,5.576309164128805,CV < 10%
11. Ebonyi,4. South East,Duck,0,0,0,0,NA,108,13,3347679.7669383064,5.576309164128805,No estimate
11. Ebonyi,4. South East,Fish - dried,2.25140515173788,0.515644697929808,1.2407415437954563,3.2620687596803037,0.22903238785421504,108,13,3347679.7669383064,5.576309164128805,CV < 10%
11. Ebonyi,4. South East,Fish - fresh,0.7931167326730272,0.5328759034700729,0,1.83755350347437,0.6718757548767514,108,13,3347679.7669383064,5.576309164128805,CV < 10%
11. Ebonyi,4. South East,Fish - frozen,2.184963457632485,0.7841545898862968,0.6480204614553433,3.721906453809627,0.35888682126334814,108,13,3347679.7669383064,5.576309164128805,CV < 10%
11. Ebonyi,4. South East,Fish - smoked,0.25099814144607485,0.16569626856712458,0,0.575762827837639,0.6601493844237218,108,13,3347679.7669383064,5.576309164128805,CV < 10%
11. Ebonyi,4. South East,Fresh milk,0,0,0,0,NA,108,13,3347679.7669383064,5.576309164128805,No estimate
11. Ebonyi,4. South East,Fresh pepper,0.9345116925928516,0.2853247742647638,0.3752751350339145,1.4937482501517887,0.3053196407560352,108,13,3347679.7669383064,5.576309164128805,CV < 10%
11. Ebonyi,4. South East,Fruit juice,0,0,0,0,NA,108,13,3347679.7669383064,5.576309164128805,No estimate
11. Ebonyi,4. South East,Garden eggs/Eggplant,0.29146106436891767,0.15158643078368758,0,0.5885704687049453,0.5200915295904383,108,13,3347679.7669383064,5.576309164128805,CV < 10%
11. Ebonyi,4. South East,Gari - white,16.035382454158775,1.9035224485212343,12.304478455057156,19.766286453260395,0.11870764255002574,108,13,3347679.7669383064,5.576309164128805,CV < 10%
11. Ebonyi,4. South East,Gari - yellow,4.716005250310156,1.3904416519213325,1.9907396125443442,7.441270888075968,0.2948346276395447,108,13,3347679.7669383064,5.576309164128805,CV < 10%
11. Ebonyi,4. South East,Gin,0,0,0,0,NA,108,13,3347679.7669383064,5.576309164128805,No estimate
11. Ebonyi,4. South East,Goat,0.23057389796716457,0.14196745171481936,0,0.5088301033282105,0.6157134565814409,108,13,3347679.7669383064,5.576309164128805,CV < 10%
11. Ebonyi,4. South East,Ground pepper,0.2850433201114545,0.07737222530387403,0.1333937585158614,0.43669288170704756,0.2714402332726857,108,13,3347679.7669383064,5.576309164128805,CV < 10%
11. Ebonyi,4. South East,Groundnut oil,2.095447221620501,0.5273699988904715,1.0618020237951769,3.1290924194458256,0.25167419797031837,108,13,3347679.7669383064,5.576309164128805,CV < 10%
11. Ebonyi,4. South East,Groundnuts - shelled,1.8713024133848295,0.275029462097691,1.332244667673355,2.410360159096304,0.14697221578430775,108,13,3347679.7669383064,5.576309164128805,CV < 10%
11. Ebonyi,4. South East,Groundnuts - unshelled,1.2388512567783083,0.2853487594409953,0.6795676882739575,1.7981348252826592,0.23033334944750214,108,13,3347679.7669383064,5.576309164128805,CV < 10%
11. Ebonyi,4. South East,Guava,0.32574992165197564,0.1863582954215071,0,0.6910121806781295,0.5720900698192903,108,13,3347679.7669383064,5.576309164128805,CV < 10%
11. Ebonyi,4. South East,Guinea corn / sorghum,0.8220830947325921,0.8115790235053606,0,2.412777980803099,0.9872226161874205,108,13,3347679.7669383064,5.576309164128805,CV < 10%
11. Ebonyi,4. South East,Honey,0,0,0,0,NA,108,13,3347679.7669383064,5.576309164128805,No estimate
11. Ebonyi,4. South East,Kola nut,0.01349760934944629,0.0072496070256820675,0,0.027706839119783142,0.5371030408417818,108,13,3347679.7669383064,5.576309164128805,CV < 10%
11. Ebonyi,4. South East,Leaves,11.077179771334398,1.2089763923497832,8.707586042328824,13.446773500339972,0.10914117287130977,108,13,3347679.7669383064,5.576309164128805,CV < 10%
11. Ebonyi,4. South East,Local eggs,0.19057921788716164,0.06786045767305442,0.05757272084797499,0.3235857149263483,0.3560748040913533,108,13,3347679.7669383064,5.576309164128805,CV < 10%
11. Ebonyi,4. South East,Maize - shelled/off cob,0.6774357869416895,0.5311164943231054,0,1.718424115814976,0.7840100930021009,108,13,3347679.7669383064,5.576309164128805,CV < 10%
11. Ebonyi,4. South East,Maize - unshelled/on cob,0,0,0,0,NA,108,13,3347679.7669383064,5.576309164128805,No estimate
11. Ebonyi,4. South East,Maize flour,1.1662481604294923,0.6414656057051956,0,2.4235207476116756,0.5500249667866264,108,13,3347679.7669383064,5.576309164128805,CV < 10%
11. Ebonyi,4. South East,Malt drinks,0.3569924180613102,0.08853031357051946,0.18347300346309206,0.5305118326595284,0.247989338404703,108,13,3347679.7669383064,5.576309164128805,CV < 10%
11. Ebonyi,4. South East,Mangoes,0.6544993622007745,0.6809834071535782,0,1.9892268402217876,1.0404645848144913,108,13,3347679.7669383064,5.576309164128805,CV < 10%
11. Ebonyi,4. South East,Meat pie/Sausage roll,0,0,0,0,NA,108,13,3347679.7669383064,5.576309164128805,No estimate
11. Ebonyi,4. South East,Melon - ground,0.04530461455844266,0.03294262707579817,0,0.10987216362700707,0.7271362398040577,108,13,3347679.7669383064,5.576309164128805,CV < 10%
11. Ebonyi,4. South East,Melon - shelled,0.6420213094097681,0.09832213178899839,0.4493099311033313,0.8347326877162049,0.15314465477694073,108,13,3347679.7669383064,5.576309164128805,CV < 10%
11. Ebonyi,4. South East,Melon - unshelled,0.3024995266669981,0.07818709662984707,0.1492528172724978,0.45574623606149833,0.2584701453629649,108,13,3347679.7669383064,5.576309164128805,CV < 10%
11. Ebonyi,4. South East,Milk - tinned,0.023271993158710494,0.022974637970038056,0,0.06830228357998508,0.9872226161874261,108,13,3347679.7669383064,5.576309164128805,CV < 10%
11. Ebonyi,4. South East,Milk powder,0.25911342317925723,0.09269639679410073,0.0774284854628198,0.4407983608956947,0.35774447983720414,108,13,3347679.7669383064,5.576309164128805,CV < 10%
11. Ebonyi,4. South East,Millet,0,0,0,0,NA,108,13,3347679.7669383064,5.576309164128805,No estimate
11. Ebonyi,4. South East,Mutton,0,0,0,0,NA,108,13,3347679.7669383064,5.576309164128805,No estimate
11. Ebonyi,4. South East,Ogbono - ground,0.036180117963778374,0.02075504909023973,0,0.07686001418064825,0.5736589668120649,108,13,3347679.7669383064,5.576309164128805,CV < 10%
11. Ebonyi,4. South East,Ogbono - unground,0.70606823623652,0.095089413232736,0.5196929863003574,0.8924434861726827,0.13467453760500672,108,13,3347679.7669383064,5.576309164128805,CV < 10%
11. Ebonyi,4. South East,Okra - dried,0.52810005653632,0.18033241278277454,0.17464852748208187,0.881551585590558,0.3414739509128839,108,13,3347679.7669383064,5.576309164128805,CV < 10%
11. Ebonyi,4. South East,Okra - fresh,0.7624871709150196,0.2278033496695718,0.3159926055626589,1.2089817362673803,0.2987635180749301,108,13,3347679.7669383064,5.576309164128805,CV < 10%
11. Ebonyi,4. South East,Onions,8.083743415539297,0.726958947062097,6.658903879297587,9.508582951781008,0.08992850337934666,108,13,3347679.7669383064,5.576309164128805,CV < 10%
11. Ebonyi,4. South East,Orange/Tangerine,4.554563857237902,0.592198271904898,3.3938552443043015,5.715272470171502,0.13002304731413614,108,13,3347679.7669383064,5.576309164128805,CV < 10%
11. Ebonyi,4. South East,Other alcoholic beverages,0,0,0,0,NA,108,13,3347679.7669383064,5.576309164128805,No estimate
11. Ebonyi,4. South East,Other domestic poultry,0,0,0,0,NA,108,13,3347679.7669383064,5.576309164128805,No estimate
11. Ebonyi,4. South East,Other eggs,0,0,0,0,NA,108,13,3347679.7669383064,5.576309164128805,No estimate
11. Ebonyi,4. South East,Other fish/seafood,0,0,0,0,NA,108,13,3347679.7669383064,5.576309164128805,No estimate
11. Ebonyi,4. South East,Other fruits,0,0,0,0,NA,108,13,3347679.7669383064,5.576309164128805,No estimate
11. Ebonyi,4. South East,Other grains/flour,0,0,0,0,NA,108,13,3347679.7669383064,5.576309164128805,No estimate
11. Ebonyi,4. South East,Other meat,0,0,0,0,NA,108,13,3347679.7669383064,5.576309164128805,No estimate
11. Ebonyi,4. South East,Other non-alcoholic drinks,0,0,0,0,NA,108,13,3347679.7669383064,5.576309164128805,No estimate
11. Ebonyi,4. South East,Other nuts/seeds/pulses,0,0,0,0,NA,108,13,3347679.7669383064,5.576309164128805,No estimate
11. Ebonyi,4. South East,Other oil/fat,0,0,0,0,NA,108,13,3347679.7669383064,5.576309164128805,No estimate
11. Ebonyi,4. South East,Other spices,0.757587621789561,0.2110780076387491,0.3438747268176127,1.1713005167615091,0.278618606703399,108,13,3347679.7669383064,5.576309164128805,CV < 10%
11. Ebonyi,4. South East,Other vegetables,0,0,0,0,NA,108,13,3347679.7669383064,5.576309164128805,No estimate
11. Ebonyi,4. South East,Palm oil,4.620350271698039,0.3231885654148227,3.9869006834849867,5.2537998599110916,0.06994893166315,108,13,3347679.7669383064,5.576309164128805,CV < 10%
11. Ebonyi,4. South East,Palm wine,0.3139929162920114,0.2685139379271564,0,0.840280234629238,0.8551592217368373,108,13,3347679.7669383064,5.576309164128805,CV < 10%
11. Ebonyi,4. South East,Pawpaw,4.958852432846423,0.7053230878167834,3.5764191807255274,6.3412856849673185,0.14223514358783249,108,13,3347679.7669383064,5.576309164128805,CV < 10%
11. Ebonyi,4. South East,Pineapples,0.9499356989653222,0.5438993873409398,0,2.0159784981535642,0.5725644250798865,108,13,3347679.7669383064,5.576309164128805,CV < 10%
11. Ebonyi,4. South East,Pito,0,0,0,0,NA,108,13,3347679.7669383064,5.576309164128805,No estimate
11. Ebonyi,4. South East,Plantains,4.3854538103198735,1.3055697318212904,1.826537135950144,6.944370484689603,0.2977045907424716,108,13,3347679.7669383064,5.576309164128805,CV < 10%
11. Ebonyi,4. South East,Pork,0,0,0,0,NA,108,13,3347679.7669383064,5.576309164128805,No estimate
11. Ebonyi,4. South East,Potatoes,0,0,0,0,NA,108,13,3347679.7669383064,5.576309164128805,No estimate
11. Ebonyi,4. South East,Rice - imported,0,0,0,0,NA,108,13,3347679.7669383064,5.576309164128805,No estimate
11. Ebonyi,4. South East,Rice - local,21.82313433416725,1.445646538077038,18.989667119536257,24.656601548798243,0.0662437629691749,108,13,3347679.7669383064,5.576309164128805,CV < 10%
11. Ebonyi,4. South East,Sachet water,5.869365618088174,5.097207751865788,0,15.85989281174512,0.8684427046352754,108,13,3347679.7669383064,5.576309164128805,CV < 10%
11. Ebonyi,4. South East,Salt,1.1570274358785941,0.06501331137321553,1.0296013455870916,1.2844535261700967,0.05618994792793947,108,13,3347679.7669383064,5.576309164128805,CV < 10%
11. Ebonyi,4. South East,Seafood,0.2214763717516314,0.038493959979514714,0.14602821019178258,0.2969245333114802,0.17380617027031087,108,13,3347679.7669383064,5.576309164128805,CV < 10%
11. Ebonyi,4. South East,Snails,0,0,0,0,NA,108,13,3347679.7669383064,5.576309164128805,No estimate
11. Ebonyi,4. South East,Soft drinks,1.015656412520735,0.32276253127732363,0.3830418512171807,1.6482709738242893,0.3177871249552459,108,13,3347679.7669383064,5.576309164128805,CV < 10%
11. Ebonyi,4. South East,Soya beans,0.16284646024561475,0.1620722781344873,0,0.48050812538920984,0.9952459383522382,108,13,3347679.7669383064,5.576309164128805,CV < 10%
11. Ebonyi,4. South East,Sugar,0.6168389757842063,0.10966463757370215,0.40189628613975015,0.8317816654286625,0.17778487073434704,108,13,3347679.7669383064,5.576309164128805,CV < 10%
11. Ebonyi,4. South East,Sweet potatoes,5.10884587582263,2.026835009810382,1.1362492565942812,9.081442495050979,0.3967305060820649,108,13,3347679.7669383064,5.576309164128805,CV < 10%
11. Ebonyi,4. South East,Tea,0.03846712510403505,0.011484514286543068,0.015957477102410637,0.060976773105659465,0.29855400567323365,108,13,3347679.7669383064,5.576309164128805,CV < 10%
11. Ebonyi,4. South East,Tomato puree - canned,1.844288095668328,0.2612813530669579,1.3321766436570908,2.3563995476795654,0.1416705739632698,108,13,3347679.7669383064,5.576309164128805,CV < 10%
11. Ebonyi,4. South East,Tomatoes,1.4811145204179292,0.6364547962611808,0.23366311974601484,2.7285659210898436,0.42971342694121384,108,13,3347679.7669383064,5.576309164128805,CV < 10%
11. Ebonyi,4. South East,Watermelon,0.28936150524715126,0.2406377937544573,0,0.7610115810058875,0.8316164707151431,108,13,3347679.7669383064,5.576309164128805,CV < 10%
11. Ebonyi,4. South East,Wheat flour,0.06221878682594999,0.0614237935063217,0,0.18260942209834052,0.9872226161874195,108,13,3347679.7669383064,5.576309164128805,CV < 10%
11. Ebonyi,4. South East,White beans,6.5568396359599115,1.179017162120861,4.245965998203024,8.867713273716799,0.17981485404259923,108,13,3347679.7669383064,5.576309164128805,CV < 10%
11. Ebonyi,4. South East,Wild game/Bush meat,0,0,0,0,NA,108,13,3347679.7669383064,5.576309164128805,No estimate
11. Ebonyi,4. South East,Yam flour,0.39898771851287096,0.1881266063378617,0.03025957009066199,0.7677158669350799,0.4715097673659169,108,13,3347679.7669383064,5.576309164128805,CV < 10%
11. Ebonyi,4. South East,Yam roots,148.22390643387308,11.512565153383703,125.65927873324102,170.78853413450514,0.07767009675001237,108,13,3347679.7669383064,5.576309164128805,CV < 10%
12. Edo,5. South South,Agricultural eggs,1.8534385879706285,0.49954442711123026,0.8743315108326173,2.83254566510864,0.2695230531798697,155,25,4909397.141286605,4.917748325303999,CV < 10%
12. Edo,5. South South,Animal fat,0,0,0,0,NA,155,25,4909397.141286605,4.917748325303999,No estimate
12. Edo,5. South South,Apples,0.7541561945777896,0.25050090424014687,0.26317442226710175,1.2451379668884774,0.33216050738718456,155,25,4909397.141286605,4.917748325303999,CV < 10%
12. Edo,5. South South,Avocado pear,0.2443828474675719,0.12053548985234543,0.008133287356974883,0.48063240757816894,0.49322401756669826,155,25,4909397.141286605,4.917748325303999,CV < 10%
12. Edo,5. South South,Baby milk powder,0.27201313644491304,0.11134639804066546,0.05377419628520874,0.49025207660461734,0.4093419880227544,155,25,4909397.141286605,4.917748325303999,CV < 10%
12. Edo,5. South South,Bananas,13.190670759241362,1.3621810553002611,10.52079589085285,15.860545627629874,0.10326852062059994,155,25,4909397.141286605,4.917748325303999,CV < 10%
12. Edo,5. South South,Beef,8.213617515110403,1.2500378555771121,5.763543318179264,10.663691712041544,0.15219090166755952,155,25,4909397.141286605,4.917748325303999,CV < 10%
12. Edo,5. South South,Beer,2.2985054189692984,0.6794299043687337,0.9668228064065802,3.6301880315320165,0.29559639005480587,155,25,4909397.141286605,4.917748325303999,CV < 10%
12. Edo,5. South South,Biscuits,1.9166381305638216,0.33248999022055015,1.2649577497315434,2.5683185113961,0.17347562115063464,155,25,4909397.141286605,4.917748325303999,CV < 10%
12. Edo,5. South South,Bottled water,6.374257472331174,2.451556147069689,1.569207424074584,11.179307520587765,0.38460262355438135,155,25,4909397.141286605,4.917748325303999,CV < 10%
12. Edo,5. South South,Bread,9.95896905361709,0.902474292562135,8.190119440195305,11.727818667038873,0.09061924860930831,155,25,4909397.141286605,4.917748325303999,CV < 10%
12. Edo,5. South South,Brown beans,6.655222154973968,0.9388313295091159,4.815112749136101,8.495331560811834,0.1410668656353498,155,25,4909397.141286605,4.917748325303999,CV < 10%
12. Edo,5. South South,Buns/Pofpof/Donuts,0.5684473503040334,0.2916665438071498,0,1.140113776166047,0.5130933298416331,155,25,4909397.141286605,4.917748325303999,CV < 10%
12. Edo,5. South South,Butter/Margarine,0.31645886515695043,0.1530950073449798,0.01639265076079005,0.6165250795531108,0.48377537873382387,155,25,4909397.141286605,4.917748325303999,CV < 10%
12. Edo,5. South South,Cake,0.6464622691978759,0.2550366334561989,0.14659046762372596,1.1463340707720258,0.39451124312737684,155,25,4909397.141286605,4.917748325303999,CV < 10%
12. Edo,5. South South,Canned fish/seafood,0,0,0,0,NA,155,25,4909397.141286605,4.917748325303999,No estimate
12. Edo,5. South South,Cashew nut,0.03027644996806825,0.015587406402753776,0,0.06082776651746565,0.5148360002309845,155,25,4909397.141286605,4.917748325303999,CV < 10%
12. Edo,5. South South,Cassava flour,2.498302725873648,0.9461690547165892,0.6438113786291333,4.352794073118163,0.378724741768721,155,25,4909397.141286605,4.917748325303999,CV < 10%
12. Edo,5. South South,Cassava roots,12.169740934679572,4.176436420786358,3.983925549938311,20.355556319420835,0.34318203182821677,155,25,4909397.141286605,4.917748325303999,CV < 10%
12. Edo,5. South South,Cheese/wara,0,0,0,0,NA,155,25,4909397.141286605,4.917748325303999,No estimate
12. Edo,5. South South,Chicken,0.8397970098401688,0.2361320396726401,0.3769782120817942,1.3026158075985435,0.28117751897876014,155,25,4909397.141286605,4.917748325303999,CV < 10%
12. Edo,5. South South,Chocolate drinks,0.6486616599330556,0.12387803444020219,0.4058607124302593,0.8914626074358518,0.19097480565289907,155,25,4909397.141286605,4.917748325303999,CV < 10%
12. Edo,5. South South,Coconut,2.244243882171838,0.573438377770445,1.1203046617417656,3.3681831026019102,0.2555151792217464,155,25,4909397.141286605,4.917748325303999,CV < 10%
12. Edo,5. South South,Cocoyam,2.174984781817491,0.9673689522197594,0.27894163546676265,4.07102792816822,0.44477044635291335,155,25,4909397.141286605,4.917748325303999,CV < 10%
12. Edo,5. South South,Coffee,0,0,0,0,NA,155,25,4909397.141286605,4.917748325303999,No estimate
12. Edo,5. South South,Dry pepper,0.3608903635605355,0.10347585930025022,0.15807767933204508,0.5637030477890259,0.2867238079713737,155,25,4909397.141286605,4.917748325303999,CV < 10%
12. Edo,5. South South,Duck,0,0,0,0,NA,155,25,4909397.141286605,4.917748325303999,No estimate
12. Edo,5. South South,Fish - dried,1.8130056731162785,0.3128063116927276,1.1999053021985324,2.4261060440340243,0.17253465685800176,155,25,4909397.141286605,4.917748325303999,CV < 10%
12. Edo,5. South South,Fish - fresh,6.722440441558725,1.15017585159082,4.4680957724407175,8.976785110676733,0.17109498575551976,155,25,4909397.141286605,4.917748325303999,CV < 10%
12. Edo,5. South South,Fish - frozen,7.40142391943243,0.7628342555830682,5.906268778489617,8.896579060375243,0.10306587811843174,155,25,4909397.141286605,4.917748325303999,CV < 10%
12. Edo,5. South South,Fish - smoked,3.203860768595433,0.685408160953441,1.8604607731266884,4.547260764064177,0.2139319435076209,155,25,4909397.141286605,4.917748325303999,CV < 10%
12. Edo,5. South South,Fresh milk,0.9828526579085145,0.2874625158084663,0.41942612692392056,1.5462791888931084,0.29247773152506834,155,25,4909397.141286605,4.917748325303999,CV < 10%
12. Edo,5. South South,Fresh pepper,7.057170754347646,0.4246662410000596,6.224824921987529,7.889516586707763,0.06017514040430996,155,25,4909397.141286605,4.917748325303999,CV < 10%
12. Edo,5. South South,Fruit juice,0.3070812695874038,0.17015872207941937,0,0.6405923648630658,0.5541162517272565,155,25,4909397.141286605,4.917748325303999,CV < 10%
12. Edo,5. South South,Garden eggs/Eggplant,0.5722370525211334,0.2724968742715898,0.03814317894881747,1.1063309260934493,0.47619578821580444,155,25,4909397.141286605,4.917748325303999,CV < 10%
12. Edo,5. South South,Gari - white,14.60900853361348,4.024265367077772,6.721448414141046,22.496568653085912,0.27546464620226946,155,25,4909397.141286605,4.917748325303999,CV < 10%
12. Edo,5. South South,Gari - yellow,12.05624046191079,2.5278014068024195,7.101749704578047,17.01073121924353,0.20966746763126431,155,25,4909397.141286605,4.917748325303999,CV < 10%
12. Edo,5. South South,Gin,0.018675755979784027,0.01839827577806652,0,0.054736376504794404,0.9851422238533277,155,25,4909397.141286605,4.917748325303999,CV < 10%
12. Edo,5. South South,Goat,0.22435516538909475,0.08727089022407289,0.05330422054991188,0.39540611022827765,0.3889854288521537,155,25,4909397.141286605,4.917748325303999,CV < 10%
12. Edo,5. South South,Ground pepper,0.34118585981519967,0.0705576036720917,0.20289295661789994,0.47947876301249936,0.20680107818743898,155,25,4909397.141286605,4.917748325303999,CV < 10%
12. Edo,5. South South,Groundnut oil,6.785022920906232,1.67188596268452,3.5081264340445726,10.061919407767892,0.24640829989432325,155,25,4909397.141286605,4.917748325303999,CV < 10%
12. Edo,5. South South,Groundnuts - shelled,3.594847535254231,0.4248774243597769,2.762087783509068,4.427607286999393,0.11819066599989453,155,25,4909397.141286605,4.917748325303999,CV < 10%
12. Edo,5. South South,Groundnuts - unshelled,0.6615670971794156,0.24265534845511147,0.18596261420739718,1.1371715801514342,0.36678871952621284,155,25,4909397.141286605,4.917748325303999,CV < 10%
12. Edo,5. South South,Guava,0.48727599985950154,0.3304809445340921,0,1.135018651146322,0.6782212639846436,155,25,4909397.141286605,4.917748325303999,CV < 10%
12. Edo,5. South South,Guinea corn / sorghum,2.103044577240949,2.1021687097821067,0,6.223295248413878,0.999583524063959,155,25,4909397.141286605,4.917748325303999,CV < 10%
12. Edo,5. South South,Honey,0.11092172691230526,0.05886040319806273,0,0.2262881171805082,0.5306480960632517,155,25,4909397.141286605,4.917748325303999,CV < 10%
12. Edo,5. South South,Kola nut,0.0852843155412733,0.017439044528614847,0.0511037882651882,0.1194648428173584,0.20448126267924646,155,25,4909397.141286605,4.917748325303999,CV < 10%
12. Edo,5. South South,Leaves,4.824900103736845,0.954385023508397,2.954305457660387,6.695494749813303,0.19780410018628858,155,25,4909397.141286605,4.917748325303999,CV < 10%
12. Edo,5. South South,Local eggs,0.008017609745198778,0.005872575708897756,0,0.01952785813463838,0.7324596601143449,155,25,4909397.141286605,4.917748325303999,CV < 10%
12. Edo,5. South South,Maize - shelled/off cob,0.12788867131139395,0.10243961540284631,0,0.3286703175009727,0.8010061747644389,155,25,4909397.141286605,4.917748325303999,CV < 10%
12. Edo,5. South South,Maize - unshelled/on cob,0.35259231873428154,0.23029461061944256,0,0.8039697555483889,0.6531469869966049,155,25,4909397.141286605,4.917748325303999,CV < 10%
12. Edo,5. South South,Maize flour,0.4436574829605653,0.2153463692845549,0.02157859916283772,0.8657363667582929,0.48538879102755056,155,25,4909397.141286605,4.917748325303999,CV < 10%
12. Edo,5. South South,Malt drinks,4.001556674980649,0.7046615427709221,2.620420051149642,5.382693298811656,0.1760968543009152,155,25,4909397.141286605,4.917748325303999,CV < 10%
12. Edo,5. South South,Mangoes,8.276868992576366,4.268557147733055,0,16.643241002133152,0.5157212409138746,155,25,4909397.141286605,4.917748325303999,CV < 10%
12. Edo,5. South South,Meat pie/Sausage roll,0.7708204687419171,0.19026944370034832,0.3978923590892344,1.1437485783945998,0.24684015463535067,155,25,4909397.141286605,4.917748325303999,CV < 10%
12. Edo,5. South South,Melon - ground,0.35576713652419645,0.12146776053640916,0.11769032587283448,0.5938439471755584,0.34142490428749284,155,25,4909397.141286605,4.917748325303999,CV < 10%
12. Edo,5. South South,Melon - shelled,2.0312407386539864,0.4749807369313085,1.100278494268622,2.962202983039351,0.23383773665649168,155,25,4909397.141286605,4.917748325303999,CV < 10%
12. Edo,5. South South,Melon - unshelled,0.014407215967890269,0.014762791878936444,0,0.04334228805060569,1.0246804040307758,155,25,4909397.141286605,4.917748325303999,CV < 10%
12. Edo,5. South South,Milk - tinned,0.12410611476960307,0.03589471761586931,0.05375246824249923,0.1944597612967069,0.2892260198661935,155,25,4909397.141286605,4.917748325303999,CV < 10%
12. Edo,5. South South,Milk powder,0.7731244681138664,0.11934744951557842,0.5392034670633327,1.0070454691644,0.15437029150912973,155,25,4909397.141286605,4.917748325303999,CV < 10%
12. Edo,5. South South,Millet,0,0,0,0,NA,155,25,4909397.141286605,4.917748325303999,No estimate
12. Edo,5. South South,Mutton,0,0,0,0,NA,155,25,4909397.141286605,4.917748325303999,No estimate
12. Edo,5. South South,Ogbono - ground,0.41192968664573737,0.0651263851086835,0.28428197183271775,0.539577401458757,0.15810073228515012,155,25,4909397.141286605,4.917748325303999,CV < 10%
12. Edo,5. South South,Ogbono - unground,0.3375888982501264,0.08945317860983068,0.16226066817485826,0.5129171283253945,0.26497665969913803,155,25,4909397.141286605,4.917748325303999,CV < 10%
12. Edo,5. South South,Okra - dried,0,0,0,0,NA,155,25,4909397.141286605,4.917748325303999,No estimate
12. Edo,5. South South,Okra - fresh,1.8515395738289526,0.3298674518862622,1.2049993681318787,2.4980797795260266,0.17815846690443773,155,25,4909397.141286605,4.917748325303999,CV < 10%
12. Edo,5. South South,Onions,7.668586885276291,0.6526872403775377,6.389319894136317,8.947853876416264,0.08511180092784748,155,25,4909397.141286605,4.917748325303999,CV < 10%
12. Edo,5. South South,Orange/Tangerine,7.97684460001293,3.246085659618955,1.614516707159778,14.339172492866082,0.40693856059496175,155,25,4909397.141286605,4.917748325303999,CV < 10%
12. Edo,5. South South,Other alcoholic beverages,0,0,0,0,NA,155,25,4909397.141286605,4.917748325303999,No estimate
12. Edo,5. South South,Other domestic poultry,0,0,0,0,NA,155,25,4909397.141286605,4.917748325303999,No estimate
12. Edo,5. South South,Other eggs,0,0,0,0,NA,155,25,4909397.141286605,4.917748325303999,No estimate
12. Edo,5. South South,Other fish/seafood,0,0,0,0,NA,155,25,4909397.141286605,4.917748325303999,No estimate
12. Edo,5. South South,Other fruits,0,0,0,0,NA,155,25,4909397.141286605,4.917748325303999,No estimate
12. Edo,5. South South,Other grains/flour,0.04571481889099806,0.047868762399184556,0,0.13953759319339978,1.0471169647050849,155,25,4909397.141286605,4.917748325303999,CV < 10%
12. Edo,5. South South,Other meat,0,0,0,0,NA,155,25,4909397.141286605,4.917748325303999,No estimate
12. Edo,5. South South,Other non-alcoholic drinks,0,0,0,0,NA,155,25,4909397.141286605,4.917748325303999,No estimate
12. Edo,5. South South,Other nuts/seeds/pulses,0,0,0,0,NA,155,25,4909397.141286605,4.917748325303999,No estimate
12. Edo,5. South South,Other oil/fat,0,0,0,0,NA,155,25,4909397.141286605,4.917748325303999,No estimate
12. Edo,5. South South,Other spices,0.2661290370007617,0.03574046854945311,0.19607771864383358,0.33618035535768975,0.1342975157925019,155,25,4909397.141286605,4.917748325303999,CV < 10%
12. Edo,5. South South,Other vegetables,0,0,0,0,NA,155,25,4909397.141286605,4.917748325303999,No estimate
12. Edo,5. South South,Palm oil,8.426526298770325,1.7937187615587227,4.910837526115229,11.942215071425421,0.21286574063389305,155,25,4909397.141286605,4.917748325303999,CV < 10%
12. Edo,5. South South,Palm wine,0.14343841823971212,0.08606163260980085,0,0.3121192181549218,0.5999901118957959,155,25,4909397.141286605,4.917748325303999,CV < 10%
12. Edo,5. South South,Pawpaw,3.381968339353384,1.0659405117380953,1.2927249363467173,5.471211742360051,0.3151834685542615,155,25,4909397.141286605,4.917748325303999,CV < 10%
12. Edo,5. South South,Pineapples,6.061662508118,1.6019430198756928,2.9218541891616425,9.201470827074358,0.264274531571217,155,25,4909397.141286605,4.917748325303999,CV < 10%
12. Edo,5. South South,Pito,0,0,0,0,NA,155,25,4909397.141286605,4.917748325303999,No estimate
12. Edo,5. South South,Plantains,21.87389940217617,3.5258061300725227,14.963319387234026,28.784479417118316,0.16118781865302675,155,25,4909397.141286605,4.917748325303999,CV < 10%
12. Edo,5. South South,Pork,0,0,0,0,NA,155,25,4909397.141286605,4.917748325303999,No estimate
12. Edo,5. South South,Potatoes,0,0,0,0,NA,155,25,4909397.141286605,4.917748325303999,No estimate
12. Edo,5. South South,Rice - imported,2.8360393107008544,0.9532809271387032,0.9676086935089963,4.7044699278927125,0.33613106967234674,155,25,4909397.141286605,4.917748325303999,CV < 10%
12. Edo,5. South South,Rice - local,26.192271351221464,1.0859231747871987,24.063861928638556,28.320680773804373,0.041459679469018525,155,25,4909397.141286605,4.917748325303999,CV < 10%
12. Edo,5. South South,Sachet water,193.8374523696663,31.622217716702803,131.8579056449288,255.8169990944038,0.16313781124401208,155,25,4909397.141286605,4.917748325303999,CV < 10%
12. Edo,5. South South,Salt,2.604328902843601,1.120857855896957,0.4074475052855653,4.801210300401637,0.430382604391143,155,25,4909397.141286605,4.917748325303999,CV < 10%
12. Edo,5. South South,Seafood,0.49208639270932625,0.08912901609914808,0.31739352115499597,0.6667792642636565,0.18112473220082778,155,25,4909397.141286605,4.917748325303999,CV < 10%
12. Edo,5. South South,Snails,0.060481744789291456,0.057910504034291335,0,0.1739863326965025,0.9574873250770476,155,25,4909397.141286605,4.917748325303999,CV < 10%
12. Edo,5. South South,Soft drinks,6.959626615438228,1.123038489832753,4.758471175366031,9.160782055510424,0.1613647616298218,155,25,4909397.141286605,4.917748325303999,CV < 10%
12. Edo,5. South South,Soya beans,0.008407716698463177,0.008679341623348063,0,0.02541922628022538,1.0323066219553443,155,25,4909397.141286605,4.917748325303999,CV < 10%
12. Edo,5. South South,Sugar,0.6325912655306921,0.14589248944641034,0.34664198621572784,0.9185405448456564,0.23062678445934362,155,25,4909397.141286605,4.917748325303999,CV < 10%
12. Edo,5. South South,Sweet potatoes,3.735523372614433,1.6244241894474527,0.5516519612974253,6.91939478393144,0.43485852648019824,155,25,4909397.141286605,4.917748325303999,CV < 10%
12. Edo,5. South South,Tea,0.007745072182105436,0.004174003610624424,0,0.015926119258929308,0.5389237843732729,155,25,4909397.141286605,4.917748325303999,CV < 10%
12. Edo,5. South South,Tomato puree - canned,1.9525098825563554,0.38109673978705944,1.205560272573719,2.699459492538992,0.19518300173113712,155,25,4909397.141286605,4.917748325303999,CV < 10%
12. Edo,5. South South,Tomatoes,15.687827201482614,0.9013858243990777,13.921110985660421,17.454543417304805,0.05745765891110084,155,25,4909397.141286605,4.917748325303999,CV < 10%
12. Edo,5. South South,Watermelon,8.160373833877733,2.020119251873828,4.200940100205031,12.119807567550435,0.24755229270101786,155,25,4909397.141286605,4.917748325303999,CV < 10%
12. Edo,5. South South,Wheat flour,0.8184298772466824,0.3966107416644385,0.04107282358438291,1.5957869309089818,0.48459953954600843,155,25,4909397.141286605,4.917748325303999,CV < 10%
12. Edo,5. South South,White beans,11.632577690395815,1.135393822891776,9.407205797527933,13.857949583263697,0.09760466279362907,155,25,4909397.141286605,4.917748325303999,CV < 10%
12. Edo,5. South South,Wild game/Bush meat,0.7837357017949397,0.47915887073591956,0,1.722887088437342,0.6113781337746037,155,25,4909397.141286605,4.917748325303999,CV < 10%
12. Edo,5. South South,Yam flour,1.9272900990573538,0.7362269599369076,0.48428525758101504,3.3702949405336926,0.38200111145540544,155,25,4909397.141286605,4.917748325303999,CV < 10%
12. Edo,5. South South,Yam roots,99.73935835684686,7.571765139747533,84.8986986829417,114.58001803075203,0.07591551885322259,155,25,4909397.141286605,4.917748325303999,CV < 10%
13. Ekiti,6. South West,Agricultural eggs,0.29153905430641563,0.10268880410740207,0.09026899825590759,0.49280911035692365,0.35223001032127,127,21,3666447.2437559464,3.8986680991257767,CV < 10%
13. Ekiti,6. South West,Animal fat,0,0,0,0,NA,127,21,3666447.2437559464,3.8986680991257767,No estimate
13. Ekiti,6. South West,Apples,0.12385387371539497,0.0669549944515631,0,0.25508566284045864,0.5405966922392725,127,21,3666447.2437559464,3.8986680991257767,CV < 10%
13. Ekiti,6. South West,Avocado pear,0.13812913865577509,0.09442102160787542,0,0.3231943410072109,0.6835706247555591,127,21,3666447.2437559464,3.8986680991257767,CV < 10%
13. Ekiti,6. South West,Baby milk powder,0.02864149209013797,0.022305386606802053,0,0.07236004983947,0.7787787918522021,127,21,3666447.2437559464,3.8986680991257767,CV < 10%
13. Ekiti,6. South West,Bananas,11.47969252904537,2.424144990558168,6.72836834755136,16.23101671053938,0.21116811137795827,127,21,3666447.2437559464,3.8986680991257767,CV < 10%
13. Ekiti,6. South West,Beef,2.047581575218962,0.45136935471081335,1.1628976399857678,2.932265510452156,0.2204402306474873,127,21,3666447.2437559464,3.8986680991257767,CV < 10%
13. Ekiti,6. South West,Beer,0.287175267519507,0.11025242247751764,0.07108051946357244,0.5032700155754416,0.38392032653030783,127,21,3666447.2437559464,3.8986680991257767,CV < 10%
13. Ekiti,6. South West,Biscuits,0.3994728928532326,0.15833008091688383,0.08914593425614031,0.709799851450325,0.3963474962869501,127,21,3666447.2437559464,3.8986680991257767,CV < 10%
13. Ekiti,6. South West,Bottled water,0.21079213308903216,0.20443154043753298,0,0.6114779523465967,0.9698252844720127,127,21,3666447.2437559464,3.8986680991257767,CV < 10%
13. Ekiti,6. South West,Bread,7.89128144462285,0.8099699286612801,6.303740384446741,9.47882250479896,0.10264111530494162,127,21,3666447.2437559464,3.8986680991257767,CV < 10%
13. Ekiti,6. South West,Brown beans,0.5645495646613633,0.23693699014312353,0.10015306398084117,1.0289460653418854,0.41969209609655206,127,21,3666447.2437559464,3.8986680991257767,CV < 10%
13. Ekiti,6. South West,Buns/Pofpof/Donuts,0.19990194103334785,0.06445536064466824,0.07356943416979811,0.3262344478968976,0.3224348913846501,127,21,3666447.2437559464,3.8986680991257767,CV < 10%
13. Ekiti,6. South West,Butter/Margarine,0.01435760124625084,0.013924364712980945,0,0.041649356083693495,0.9698252844720127,127,21,3666447.2437559464,3.8986680991257767,CV < 10%
13. Ekiti,6. South West,Cake,0,0,0,0,NA,127,21,3666447.2437559464,3.8986680991257767,No estimate
13. Ekiti,6. South West,Canned fish/seafood,0,0,0,0,NA,127,21,3666447.2437559464,3.8986680991257767,No estimate
13. Ekiti,6. South West,Cashew nut,0.013205940785762106,0.009047563635074139,0,0.03093916551050742,0.685113145806977,127,21,3666447.2437559464,3.8986680991257767,CV < 10%
13. Ekiti,6. South West,Cassava flour,7.927953631877974,1.2200396406381835,5.536675936227135,10.319231327528815,0.15389086481692507,127,21,3666447.2437559464,3.8986680991257767,CV < 10%
13. Ekiti,6. South West,Cassava roots,46.33815850770277,16.83819409784746,13.335298075921749,79.3410189394838,0.3633764189193762,127,21,3666447.2437559464,3.8986680991257767,CV < 10%
13. Ekiti,6. South West,Cheese/wara,0.015835086680078124,0.016002424441740312,0,0.04719983858588914,1.0105675305126502,127,21,3666447.2437559464,3.8986680991257767,CV < 10%
13. Ekiti,6. South West,Chicken,0.6354701438531929,0.29107997756267323,0.06495338783035332,1.2059868998760326,0.4580545291989656,127,21,3666447.2437559464,3.8986680991257767,CV < 10%
13. Ekiti,6. South West,Chocolate drinks,0.3177764563865819,0.04003697419162339,0.23930398697100008,0.39624892580216375,0.1259910021242025,127,21,3666447.2437559464,3.8986680991257767,CV < 10%
13. Ekiti,6. South West,Coconut,0.9939161607307732,0.24436931707650936,0.5149522992608149,1.4728800222007314,0.24586512095430435,127,21,3666447.2437559464,3.8986680991257767,CV < 10%
13. Ekiti,6. South West,Cocoyam,10.499026678926045,1.8139475692379452,6.9436894432196725,14.054363914632418,0.17277292693035576,127,21,3666447.2437559464,3.8986680991257767,CV < 10%
13. Ekiti,6. South West,Coffee,0,0,0,0,NA,127,21,3666447.2437559464,3.8986680991257767,No estimate
13. Ekiti,6. South West,Dry pepper,0.37329681737112697,0.1028178491186515,0.17177383309857003,0.5748198016436838,0.2754318931587121,127,21,3666447.2437559464,3.8986680991257767,CV < 10%
13. Ekiti,6. South West,Duck,0,0,0,0,NA,127,21,3666447.2437559464,3.8986680991257767,No estimate
13. Ekiti,6. South West,Fish - dried,1.2424168020880206,0.2892974096715795,0.6753938791317248,1.8094397250443164,0.23285052905384312,127,21,3666447.2437559464,3.8986680991257767,CV < 10%
13. Ekiti,6. South West,Fish - fresh,4.198317160562837,0.9476524396599929,2.340918378829251,6.055715942296423,0.22572197464303725,127,21,3666447.2437559464,3.8986680991257767,CV < 10%
13. Ekiti,6. South West,Fish - frozen,1.4520942244851676,0.39238147422327624,0.6830265350075462,2.221161913962789,0.27021763987966624,127,21,3666447.2437559464,3.8986680991257767,CV < 10%
13. Ekiti,6. South West,Fish - smoked,1.250712227092679,0.43428838612586357,0.39950699028598635,2.1019174638993716,0.3472328619792748,127,21,3666447.2437559464,3.8986680991257767,CV < 10%
13. Ekiti,6. South West,Fresh milk,0,0,0,0,NA,127,21,3666447.2437559464,3.8986680991257767,No estimate
13. Ekiti,6. South West,Fresh pepper,5.733687543463779,0.567577304026801,4.621236027571249,6.846139059356308,0.09898992571958705,127,21,3666447.2437559464,3.8986680991257767,CV < 10%
13. Ekiti,6. South West,Fruit juice,0.2139189816741216,0.216179577040198,0,0.6376309526729096,1.0105675305126505,127,21,3666447.2437559464,3.8986680991257767,CV < 10%
13. Ekiti,6. South West,Garden eggs/Eggplant,0.6784926470411718,0.28796123740399276,0.11408862172934608,1.2428966723529977,0.4244132027955771,127,21,3666447.2437559464,3.8986680991257767,CV < 10%
13. Ekiti,6. South West,Gari - white,16.8185818404407,0.653680057057351,15.537368928608291,18.09979475227311,0.0388665384072729,127,21,3666447.2437559464,3.8986680991257767,CV < 10%
13. Ekiti,6. South West,Gari - yellow,0.43685647752182405,0.2064124794048663,0.032288017888286114,0.8414249371553619,0.4724949497734174,127,21,3666447.2437559464,3.8986680991257767,CV < 10%
13. Ekiti,6. South West,Gin,0,0,0,0,NA,127,21,3666447.2437559464,3.8986680991257767,No estimate
13. Ekiti,6. South West,Goat,0,0,0,0,NA,127,21,3666447.2437559464,3.8986680991257767,No estimate
13. Ekiti,6. South West,Ground pepper,0.019930600983525483,0.01189009800551994,0,0.04323519307434456,0.5965749861405697,127,21,3666447.2437559464,3.8986680991257767,CV < 10%
13. Ekiti,6. South West,Groundnut oil,1.414096176170836,0.29014041088861936,0.845420970829142,1.9827713815125299,0.2051772826896943,127,21,3666447.2437559464,3.8986680991257767,CV < 10%
13. Ekiti,6. South West,Groundnuts - shelled,1.9289469245342157,0.3303872663684337,1.2813878824520857,2.5765059666163457,0.17127856768180003,127,21,3666447.2437559464,3.8986680991257767,CV < 10%
13. Ekiti,6. South West,Groundnuts - unshelled,0.19605427141456455,0.0872714980738069,0.025002135189903046,0.3671064076392261,0.44513948838823225,127,21,3666447.2437559464,3.8986680991257767,CV < 10%
13. Ekiti,6. South West,Guava,0,0,0,0,NA,127,21,3666447.2437559464,3.8986680991257767,No estimate
13. Ekiti,6. South West,Guinea corn / sorghum,0.44939084171924415,0.20960855250692273,0.03855807880567563,0.8602236046328127,0.4664281802117257,127,21,3666447.2437559464,3.8986680991257767,CV < 10%
13. Ekiti,6. South West,Honey,0.2138845155893631,0.06829536181135275,0.08002560643911172,0.3477434247396145,0.3193095190793195,127,21,3666447.2437559464,3.8986680991257767,CV < 10%
13. Ekiti,6. South West,Kola nut,0.061107986735051946,0.028829624590345847,0.00460192253797409,0.1176140509321298,0.47178161367585986,127,21,3666447.2437559464,3.8986680991257767,CV < 10%
13. Ekiti,6. South West,Leaves,6.379158620695215,0.7833052794901192,4.843880272894581,7.914436968495848,0.12279131560530986,127,21,3666447.2437559464,3.8986680991257767,CV < 10%
13. Ekiti,6. South West,Local eggs,0.07775213739998428,0.03836393234827014,0.0025588299973748063,0.15294544480259376,0.4934132183519613,127,21,3666447.2437559464,3.8986680991257767,CV < 10%
13. Ekiti,6. South West,Maize - shelled/off cob,0.2688745215237094,0.1514763346093758,0,0.565768137358086,0.563371842564185,127,21,3666447.2437559464,3.8986680991257767,CV < 10%
13. Ekiti,6. South West,Maize - unshelled/on cob,0.13831465111565003,0.13854352553781904,0,0.4098599611697753,1.0016547373710805,127,21,3666447.2437559464,3.8986680991257767,CV < 10%
13. Ekiti,6. South West,Maize flour,0.8161293488968165,0.31857416908113184,0.19172397749779813,1.440534720295835,0.39034764466166655,127,21,3666447.2437559464,3.8986680991257767,CV < 10%
13. Ekiti,6. South West,Malt drinks,0.7677578390343401,0.22196839204202415,0.3326997906319728,1.2028158874367074,0.2891125049549588,127,21,3666447.2437559464,3.8986680991257767,CV < 10%
13. Ekiti,6. South West,Mangoes,0.11717964119661692,0.11841794063042359,0,0.34927880483224716,1.0105675305126502,127,21,3666447.2437559464,3.8986680991257767,CV < 10%
13. Ekiti,6. South West,Meat pie/Sausage roll,0.10183057455766888,0.05620301968480851,0,0.21198849313989354,0.551926765894653,127,21,3666447.2437559464,3.8986680991257767,CV < 10%
13. Ekiti,6. South West,Melon - ground,0.47532218146397764,0.07672398601466361,0.324943168875237,0.6257011940527183,0.161414697244627,127,21,3666447.2437559464,3.8986680991257767,CV < 10%
13. Ekiti,6. South West,Melon - shelled,0.6426407948429103,0.06960449909568793,0.5062159766153619,0.7790656130704586,0.10831011609324045,127,21,3666447.2437559464,3.8986680991257767,CV < 10%
13. Ekiti,6. South West,Melon - unshelled,0.11046316022340684,0.05501496870247875,0.002633821566548483,0.2182924988802652,0.4980390619932783,127,21,3666447.2437559464,3.8986680991257767,CV < 10%
13. Ekiti,6. South West,Milk - tinned,0.24841072359518995,0.06902958804693189,0.11311273102320346,0.38370871616717644,0.27788489582044973,127,21,3666447.2437559464,3.8986680991257767,CV < 10%
13. Ekiti,6. South West,Milk powder,0.27295734985241,0.053010277112384235,0.1690572067121369,0.3768574929926831,0.19420717977019955,127,21,3666447.2437559464,3.8986680991257767,CV < 10%
13. Ekiti,6. South West,Millet,0,0,0,0,NA,127,21,3666447.2437559464,3.8986680991257767,No estimate
13. Ekiti,6. South West,Mutton,0,0,0,0,NA,127,21,3666447.2437559464,3.8986680991257767,No estimate
13. Ekiti,6. South West,Ogbono - ground,0.010337128862748185,0.007343256448406565,0,0.02472991150162505,0.7103767928123049,127,21,3666447.2437559464,3.8986680991257767,CV < 10%
13. Ekiti,6. South West,Ogbono - unground,0.06826814583641622,0.034911918353908895,0,0.13669550581007767,0.5113939733703132,127,21,3666447.2437559464,3.8986680991257767,CV < 10%
13. Ekiti,6. South West,Okra - dried,0.05621457808565199,0.024763545100122512,0.007678029689411864,0.10475112648189211,0.4405182061918396,127,21,3666447.2437559464,3.8986680991257767,CV < 10%
13. Ekiti,6. South West,Okra - fresh,2.04367972685924,0.19589835023062083,1.659718960407223,2.427640493311257,0.09585569972437931,127,21,3666447.2437559464,3.8986680991257767,CV < 10%
13. Ekiti,6. South West,Onions,6.114485794449292,0.36822553219134724,5.392763751354252,6.8362078375443325,0.06022183133136412,127,21,3666447.2437559464,3.8986680991257767,CV < 10%
13. Ekiti,6. South West,Orange/Tangerine,6.000155881312844,1.1340166752140826,3.777483197893243,8.2228285647324455,0.18899786899635643,127,21,3666447.2437559464,3.8986680991257767,CV < 10%
13. Ekiti,6. South West,Other alcoholic beverages,0,0,0,0,NA,127,21,3666447.2437559464,3.8986680991257767,No estimate
13. Ekiti,6. South West,Other domestic poultry,0,0,0,0,NA,127,21,3666447.2437559464,3.8986680991257767,No estimate
13. Ekiti,6. South West,Other eggs,0,0,0,0,NA,127,21,3666447.2437559464,3.8986680991257767,No estimate
13. Ekiti,6. South West,Other fish/seafood,0,0,0,0,NA,127,21,3666447.2437559464,3.8986680991257767,No estimate
13. Ekiti,6. South West,Other fruits,0,0,0,0,NA,127,21,3666447.2437559464,3.8986680991257767,No estimate
13. Ekiti,6. South West,Other grains/flour,0.2877139327496811,0.19265100884920539,0,0.6653099100941237,0.6695922126816742,127,21,3666447.2437559464,3.8986680991257767,CV < 10%
13. Ekiti,6. South West,Other meat,0.47756755761990843,0.1972009138170495,0.09105376653849145,0.8640813487013255,0.41292778512815115,127,21,3666447.2437559464,3.8986680991257767,CV < 10%
13. Ekiti,6. South West,Other non-alcoholic drinks,0,0,0,0,NA,127,21,3666447.2437559464,3.8986680991257767,No estimate
13. Ekiti,6. South West,Other nuts/seeds/pulses,0.17064375861459796,0.10651172837468434,0,0.3794067462289793,0.6241759396266172,127,21,3666447.2437559464,3.8986680991257767,CV < 10%
13. Ekiti,6. South West,Other oil/fat,0,0,0,0,NA,127,21,3666447.2437559464,3.8986680991257767,No estimate
13. Ekiti,6. South West,Other spices,0.4209320178648657,0.039962690273469124,0.34260514492886623,0.4992588908008652,0.09493858527601619,127,21,3666447.2437559464,3.8986680991257767,CV < 10%
13. Ekiti,6. South West,Other vegetables,1.0181963076490819,0.40055491552185823,0.23310867322623974,1.803283942071924,0.3933965508544235,127,21,3666447.2437559464,3.8986680991257767,CV < 10%
13. Ekiti,6. South West,Palm oil,6.837225036611852,0.3567377251858591,6.138019095247569,7.536430977976136,0.05217580572170818,127,21,3666447.2437559464,3.8986680991257767,CV < 10%
13. Ekiti,6. South West,Palm wine,2.0528439809877326,0.7678104049927865,0.547935587201871,3.557752374773594,0.3740227762576248,127,21,3666447.2437559464,3.8986680991257767,CV < 10%
13. Ekiti,6. South West,Pawpaw,18.464694751469633,1.862160935966734,14.814859316974834,22.11453018596443,0.10084980883957054,127,21,3666447.2437559464,3.8986680991257767,CV < 10%
13. Ekiti,6. South West,Pineapples,4.423103133254428,1.8124131802903014,0.8707732998854376,7.975432966623419,0.4097605517411404,127,21,3666447.2437559464,3.8986680991257767,CV < 10%
13. Ekiti,6. South West,Pito,0,0,0,0,NA,127,21,3666447.2437559464,3.8986680991257767,No estimate
13. Ekiti,6. South West,Plantains,10.921426173073954,2.077289348404814,6.849939050200518,14.992913295947389,0.1902031214134132,127,21,3666447.2437559464,3.8986680991257767,CV < 10%
13. Ekiti,6. South West,Pork,0,0,0,0,NA,127,21,3666447.2437559464,3.8986680991257767,No estimate
13. Ekiti,6. South West,Potatoes,0,0,0,0,NA,127,21,3666447.2437559464,3.8986680991257767,No estimate
13. Ekiti,6. South West,Rice - imported,5.5570221428995,1.4725256317960675,2.670871904579208,8.443172381219792,0.26498466155611616,127,21,3666447.2437559464,3.8986680991257767,CV < 10%
13. Ekiti,6. South West,Rice - local,19.1132485903332,1.246316850219511,16.670467563902957,21.556029616763443,0.06520696072826959,127,21,3666447.2437559464,3.8986680991257767,CV < 10%
13. Ekiti,6. South West,Sachet water,65.58712160915671,17.304303831734853,31.670686098956402,99.50355711935703,0.26383691504032974,127,21,3666447.2437559464,3.8986680991257767,CV < 10%
13. Ekiti,6. South West,Salt,0.9254636175972647,0.04000462024510714,0.8470545619168547,1.0038726732776746,0.04322657258960558,127,21,3666447.2437559464,3.8986680991257767,CV < 10%
13. Ekiti,6. South West,Seafood,0.06709028264042644,0.02661720847267235,0.014920554033988634,0.11926001124686424,0.39673716408870335,127,21,3666447.2437559464,3.8986680991257767,CV < 10%
13. Ekiti,6. South West,Snails,0,0,0,0,NA,127,21,3666447.2437559464,3.8986680991257767,No estimate
13. Ekiti,6. South West,Soft drinks,1.8898205937819685,0.5719940131592579,0.7687123279898231,3.010928859574114,0.3026710657304064,127,21,3666447.2437559464,3.8986680991257767,CV < 10%
13. Ekiti,6. South West,Soya beans,0.1120327591557628,0.09213762981765519,0,0.292622513598367,0.8224168583543786,127,21,3666447.2437559464,3.8986680991257767,CV < 10%
13. Ekiti,6. South West,Sugar,0.39681531630392164,0.0817477555297485,0.23658971546561458,0.5570409171422287,0.20600957717856266,127,21,3666447.2437559464,3.8986680991257767,CV < 10%
13. Ekiti,6. South West,Sweet potatoes,1.5150576915852014,0.6072965381863863,0.3247564767398843,2.7053589064305186,0.4008405366735397,127,21,3666447.2437559464,3.8986680991257767,CV < 10%
13. Ekiti,6. South West,Tea,0.007823318923440304,0.00527899998828104,0,0.01817015890047114,0.6747775515662603,127,21,3666447.2437559464,3.8986680991257767,CV < 10%
13. Ekiti,6. South West,Tomato puree - canned,0.16607365569011406,0.05691333775741176,0.05452351368558701,0.27762379769464113,0.34269937348527735,127,21,3666447.2437559464,3.8986680991257767,CV < 10%
13. Ekiti,6. South West,Tomatoes,8.294382825098433,0.5190236248884633,7.277096520317045,9.31166912987982,0.06257531582915621,127,21,3666447.2437559464,3.8986680991257767,CV < 10%
13. Ekiti,6. South West,Watermelon,1.0030822121228766,0.4786990367682758,0.06483210005705609,1.9413323241886973,0.47722811847613106,127,21,3666447.2437559464,3.8986680991257767,CV < 10%
13. Ekiti,6. South West,Wheat flour,0.3160624285913984,0.2104158994449357,0,0.7284775915034722,0.665741576380022,127,21,3666447.2437559464,3.8986680991257767,CV < 10%
13. Ekiti,6. South West,White beans,11.067961706900746,0.8953552210702163,9.313065473603123,12.82285794019837,0.08089612566259356,127,21,3666447.2437559464,3.8986680991257767,CV < 10%
13. Ekiti,6. South West,Wild game/Bush meat,1.391919657017924,0.46004239977532546,0.4902365534582861,2.2936027605775617,0.3305093059472479,127,21,3666447.2437559464,3.8986680991257767,CV < 10%
13. Ekiti,6. South West,Yam flour,7.334446406844194,0.9136479708029405,5.54369638407043,9.125196429617958,0.124569452160747,127,21,3666447.2437559464,3.8986680991257767,CV < 10%
13. Ekiti,6. South West,Yam roots,91.55479776093269,5.107552775417168,81.54399432111504,101.56560120075034,0.055786839142542566,127,21,3666447.2437559464,3.8986680991257767,CV < 10%
14. Enugu,4. South East,Agricultural eggs,0.5157322822766697,0.31692889860458284,0,1.1369129235416522,0.6145221261029442,165,25,4832562.798374532,3.48926508810381,CV < 10%
14. Enugu,4. South East,Animal fat,0,0,0,0,NA,165,25,4832562.798374532,3.48926508810381,No estimate
14. Enugu,4. South East,Apples,0.1316703058577124,0.09036014203642632,0,0.308776184249108,0.6862605919217102,165,25,4832562.798374532,3.48926508810381,CV < 10%
14. Enugu,4. South East,Avocado pear,0.07092010949033914,0.06951232011400581,0,0.2071642569137905,0.9801496446290018,165,25,4832562.798374532,3.48926508810381,CV < 10%
14. Enugu,4. South East,Baby milk powder,0.02091427282521217,0.015813985783320002,0,0.05190968496051937,0.7561336660128212,165,25,4832562.798374532,3.48926508810381,CV < 10%
14. Enugu,4. South East,Bananas,2.355288163693968,0.6310179488465347,1.11849298395476,3.592083343433176,0.26791539081012655,165,25,4832562.798374532,3.48926508810381,CV < 10%
14. Enugu,4. South East,Beef,2.891174722603593,0.6990437627309696,1.5210489476508926,4.261300497556293,0.24178537438977707,165,25,4832562.798374532,3.48926508810381,CV < 10%
14. Enugu,4. South East,Beer,1.1089007019087513,0.7544699558713021,0,2.5876618154165034,0.6803764796727358,165,25,4832562.798374532,3.48926508810381,CV < 10%
14. Enugu,4. South East,Biscuits,0.21644710275373802,0.07230728134031901,0.07472483132671276,0.3581693741807633,0.3340644454021008,165,25,4832562.798374532,3.48926508810381,CV < 10%
14. Enugu,4. South East,Bottled water,0.4275031542380305,0.30603142427735425,0,1.0273247458216448,0.7158576989281307,165,25,4832562.798374532,3.48926508810381,CV < 10%
14. Enugu,4. South East,Bread,5.006459495433154,1.1916881932304377,2.6707506367014955,7.342168354164812,0.23803012774146776,165,25,4832562.798374532,3.48926508810381,CV < 10%
14. Enugu,4. South East,Brown beans,0.12996278926821916,0.08855111588832262,0,0.3035229764093315,0.6813574592152642,165,25,4832562.798374532,3.48926508810381,CV < 10%
14. Enugu,4. South East,Buns/Pofpof/Donuts,0.1956537357834505,0.07086519455946687,0.05675795444689544,0.3345495171200056,0.362196991924041,165,25,4832562.798374532,3.48926508810381,CV < 10%
14. Enugu,4. South East,Butter/Margarine,0.004401810907675911,0.004201283058677701,0,0.012636325702684205,0.9544442382455529,165,25,4832562.798374532,3.48926508810381,CV < 10%
14. Enugu,4. South East,Cake,0,0,0,0,NA,165,25,4832562.798374532,3.48926508810381,No estimate
14. Enugu,4. South East,Canned fish/seafood,0,0,0,0,NA,165,25,4832562.798374532,3.48926508810381,No estimate
14. Enugu,4. South East,Cashew nut,0.029452679519056633,0.023702417397559593,0,0.07590941761827344,0.8047626832126946,165,25,4832562.798374532,3.48926508810381,CV < 10%
14. Enugu,4. South East,Cassava flour,6.974840505769357,2.3613430613571516,2.3466081055093406,11.603072906029375,0.3385515495879693,165,25,4832562.798374532,3.48926508810381,CV < 10%
14. Enugu,4. South East,Cassava roots,156.10117298578984,40.34718339252392,77.02069353644296,235.18165243513673,0.25846816279975543,165,25,4832562.798374532,3.48926508810381,CV < 10%
14. Enugu,4. South East,Cheese/wara,0,0,0,0,NA,165,25,4832562.798374532,3.48926508810381,No estimate
14. Enugu,4. South East,Chicken,0.7520263705297825,0.3495197905340795,0.06696758108298673,1.4370851599765784,0.4647706572947065,165,25,4832562.798374532,3.48926508810381,CV < 10%
14. Enugu,4. South East,Chocolate drinks,0.13000370740538994,0.06669837621476878,0,0.26073252478633674,0.5130498010090093,165,25,4832562.798374532,3.48926508810381,CV < 10%
14. Enugu,4. South East,Coconut,0.7317184864962402,0.21393078427773027,0.3124141493118888,1.1510228236805915,0.2923676088902935,165,25,4832562.798374532,3.48926508810381,CV < 10%
14. Enugu,4. South East,Cocoyam,6.325839591043158,1.7951553224368346,2.807335159066962,9.844344023019353,0.2837813537002455,165,25,4832562.798374532,3.48926508810381,CV < 10%
14. Enugu,4. South East,Coffee,2.2175285229857444e-4,2.252856425836103e-4,0,6.633127117624506e-4,1.0159312056120893,165,25,4832562.798374532,3.48926508810381,CV < 10%
14. Enugu,4. South East,Dry pepper,0.18466074722344158,0.05097982654599954,0.08474028719328248,0.2845812072536007,0.27607289211449676,165,25,4832562.798374532,3.48926508810381,CV < 10%
14. Enugu,4. South East,Duck,0,0,0,0,NA,165,25,4832562.798374532,3.48926508810381,No estimate
14. Enugu,4. South East,Fish - dried,2.1792620044485442,0.3467349490355773,1.4996615043388126,2.858862504558276,0.15910659128080265,165,25,4832562.798374532,3.48926508810381,CV < 10%
14. Enugu,4. South East,Fish - fresh,1.6684142927795933,0.8530351298366233,0,3.340363147259375,0.5112849569368404,165,25,4832562.798374532,3.48926508810381,CV < 10%
14. Enugu,4. South East,Fish - frozen,1.0249352923403827,0.2660060532018493,0.5035634280647582,1.5463071566160074,0.25953448494727827,165,25,4832562.798374532,3.48926508810381,CV < 10%
14. Enugu,4. South East,Fish - smoked,0.24851285348500604,0.13570673349517684,0,0.5144980511355527,0.5460753099572159,165,25,4832562.798374532,3.48926508810381,CV < 10%
14. Enugu,4. South East,Fresh milk,0,0,0,0,NA,165,25,4832562.798374532,3.48926508810381,No estimate
14. Enugu,4. South East,Fresh pepper,5.585575291846493,0.7768442051676901,4.06296064971782,7.108189933975166,0.13908042852840663,165,25,4832562.798374532,3.48926508810381,CV < 10%
14. Enugu,4. South East,Fruit juice,0,0,0,0,NA,165,25,4832562.798374532,3.48926508810381,No estimate
14. Enugu,4. South East,Garden eggs/Eggplant,0.45630905547176515,0.22927676906530842,0.006926588103760678,0.9056915228397696,0.5024593886883651,165,25,4832562.798374532,3.48926508810381,CV < 10%
14. Enugu,4. South East,Gari - white,7.304066193547843,1.656612111234957,4.057106455527327,10.55102593156836,0.2268068316109115,165,25,4832562.798374532,3.48926508810381,CV < 10%
14. Enugu,4. South East,Gari - yellow,5.015135543652729,2.1820800929150805,0.7382585615391708,9.292012525766287,0.4350989268229792,165,25,4832562.798374532,3.48926508810381,CV < 10%
14. Enugu,4. South East,Gin,0.013825537772346965,0.01405008982038295,0,0.04136371382029755,1.0162418310038632,165,25,4832562.798374532,3.48926508810381,CV < 10%
14. Enugu,4. South East,Goat,0.2365093252838377,0.22573496280850305,0,0.6789498523885037,0.9544442382455567,165,25,4832562.798374532,3.48926508810381,CV < 10%
14. Enugu,4. South East,Ground pepper,0.06539220706783111,0.026234729877926723,0.013972136507094737,0.11681227762856748,0.4011904637308468,165,25,4832562.798374532,3.48926508810381,CV < 10%
14. Enugu,4. South East,Groundnut oil,1.5048813626566218,0.5621385294899037,0.4030898448564104,2.6066728804568333,0.37354341906231076,165,25,4832562.798374532,3.48926508810381,CV < 10%
14. Enugu,4. South East,Groundnuts - shelled,0.4335013129674325,0.10988348350715252,0.21812968529341356,0.6488729406414514,0.25347900968274045,165,25,4832562.798374532,3.48926508810381,CV < 10%
14. Enugu,4. South East,Groundnuts - unshelled,0.18596959166870944,0.1061950569743549,0,0.39411190333844504,0.5710345224800689,165,25,4832562.798374532,3.48926508810381,CV < 10%
14. Enugu,4. South East,Guava,0.4241166672748455,0.23131919716278504,0,0.8775022937139041,0.5454140688436572,165,25,4832562.798374532,3.48926508810381,CV < 10%
14. Enugu,4. South East,Guinea corn / sorghum,0,0,0,0,NA,165,25,4832562.798374532,3.48926508810381,No estimate
14. Enugu,4. South East,Honey,0.027681132238975007,0.02690336089823572,0,0.08041171959951701,0.9719024737129724,165,25,4832562.798374532,3.48926508810381,CV < 10%
14. Enugu,4. South East,Kola nut,0.10111982139875506,0.06891499145674122,0,0.23619320465396784,0.6815181287255485,165,25,4832562.798374532,3.48926508810381,CV < 10%
14. Enugu,4. South East,Leaves,13.554818650405592,1.7443871364634873,10.135819862937156,16.973817437874025,0.128691292849668,165,25,4832562.798374532,3.48926508810381,CV < 10%
14. Enugu,4. South East,Local eggs,0.03661071544523095,0.019111599874482126,0,0.07406945119921592,0.522022026667924,165,25,4832562.798374532,3.48926508810381,CV < 10%
14. Enugu,4. South East,Maize - shelled/off cob,0.5685417560615714,0.4923343098578425,0,1.5335170033829426,0.8659598078923232,165,25,4832562.798374532,3.48926508810381,CV < 10%
14. Enugu,4. South East,Maize - unshelled/on cob,0.100135641631405,0.0950265442674925,0,0.2863876683956903,0.9489782331178457,165,25,4832562.798374532,3.48926508810381,CV < 10%
14. Enugu,4. South East,Maize flour,0.2908664206915891,0.175252735339755,0,0.6343617819575089,0.6025196546341065,165,25,4832562.798374532,3.48926508810381,CV < 10%
14. Enugu,4. South East,Malt drinks,0.28387465181666777,0.11781149584649678,0.052964119957534084,0.5147851836758015,0.41501238343246627,165,25,4832562.798374532,3.48926508810381,CV < 10%
14. Enugu,4. South East,Mangoes,3.1430794069855668,1.6755775439738507,0,6.427211393174314,0.5331006083555639,165,25,4832562.798374532,3.48926508810381,CV < 10%
14. Enugu,4. South East,Meat pie/Sausage roll,0.04306289418111151,0.04110113123333994,0,0.1236211113984578,0.9544442382455554,165,25,4832562.798374532,3.48926508810381,CV < 10%
14. Enugu,4. South East,Melon - ground,0.37096270924801716,0.1327122057572721,0.11084678596376385,0.6310786325322705,0.3577507993358539,165,25,4832562.798374532,3.48926508810381,CV < 10%
14. Enugu,4. South East,Melon - shelled,1.3720419194995261,0.31737995342910974,0.749977210778471,1.9941066282205813,0.23131942903382943,165,25,4832562.798374532,3.48926508810381,CV < 10%
14. Enugu,4. South East,Melon - unshelled,0.09363219282902786,0.037265255045177234,0.020592292940480483,0.16667209271757524,0.3979961797244618,165,25,4832562.798374532,3.48926508810381,CV < 10%
14. Enugu,4. South East,Milk - tinned,0.004938508281898321,0.004713530775185816,0,0.01417702860126252,0.9544442382455568,165,25,4832562.798374532,3.48926508810381,CV < 10%
14. Enugu,4. South East,Milk powder,0.2376460333465901,0.0725617332531317,0.09542503617045198,0.3798670305227282,0.30533534362555714,165,25,4832562.798374532,3.48926508810381,CV < 10%
14. Enugu,4. South East,Millet,0.04956616623622842,0.05013600842386814,0,0.14783274274700997,1.011496595982911,165,25,4832562.798374532,3.48926508810381,CV < 10%
14. Enugu,4. South East,Mutton,0.051922128375579225,0.049272969645575045,0,0.14849714888090632,0.948978233117844,165,25,4832562.798374532,3.48926508810381,CV < 10%
14. Enugu,4. South East,Ogbono - ground,0.10129876290053764,0.03229940665992677,0.03799192584708118,0.1646055999539941,0.3188529231264219,165,25,4832562.798374532,3.48926508810381,CV < 10%
14. Enugu,4. South East,Ogbono - unground,0.42560628757235963,0.07244090954180706,0.28362210487041783,0.5675904702743014,0.17020638946620587,165,25,4832562.798374532,3.48926508810381,CV < 10%
14. Enugu,4. South East,Okra - dried,0.1451025566337167,0.06521540612135318,0.017280360635864467,0.27292475263156896,0.4494435358983842,165,25,4832562.798374532,3.48926508810381,CV < 10%
14. Enugu,4. South East,Okra - fresh,1.7599156480325595,0.41645087970717415,0.9436719238064982,2.576159372258621,0.23663115909716007,165,25,4832562.798374532,3.48926508810381,CV < 10%
14. Enugu,4. South East,Onions,5.478391847643404,0.446244147538666,4.603753318467619,6.353030376819189,0.08145531753640867,165,25,4832562.798374532,3.48926508810381,CV < 10%
14. Enugu,4. South East,Orange/Tangerine,3.1166817295612432,0.9626899721066869,1.229809384232137,5.003554074890349,0.30888299019297405,165,25,4832562.798374532,3.48926508810381,CV < 10%
14. Enugu,4. South East,Other alcoholic beverages,0.00900024856880986,0.009143633379319496,0,0.026921769992276072,1.0159312056120908,165,25,4832562.798374532,3.48926508810381,CV < 10%
14. Enugu,4. South East,Other domestic poultry,0,0,0,0,NA,165,25,4832562.798374532,3.48926508810381,No estimate
14. Enugu,4. South East,Other eggs,0,0,0,0,NA,165,25,4832562.798374532,3.48926508810381,No estimate
14. Enugu,4. South East,Other fish/seafood,0.00220199156434669,0.001880406065788235,0,0.0058875874532916305,0.8539569797789546,165,25,4832562.798374532,3.48926508810381,CV < 10%
14. Enugu,4. South East,Other fruits,0,0,0,0,NA,165,25,4832562.798374532,3.48926508810381,No estimate
14. Enugu,4. South East,Other grains/flour,0.04441179408420093,0.04492237853766323,0,0.13245965601802084,1.0114965959829112,165,25,4832562.798374532,3.48926508810381,CV < 10%
14. Enugu,4. South East,Other meat,0.009188313615539788,0.008719509620207603,0,0.026278552471146688,0.9489782331178468,165,25,4832562.798374532,3.48926508810381,CV < 10%
14. Enugu,4. South East,Other non-alcoholic drinks,0,0,0,0,NA,165,25,4832562.798374532,3.48926508810381,No estimate
14. Enugu,4. South East,Other nuts/seeds/pulses,0.11586619947924424,0.08389769879784789,0,0.2803056891230261,0.7240912291498519,165,25,4832562.798374532,3.48926508810381,CV < 10%
14. Enugu,4. South East,Other oil/fat,0,0,0,0,NA,165,25,4832562.798374532,3.48926508810381,No estimate
14. Enugu,4. South East,Other spices,0.43045122614130127,0.03706907790178793,0.35779583345379695,0.5031066188288056,0.08611679012762184,165,25,4832562.798374532,3.48926508810381,CV < 10%
14. Enugu,4. South East,Other vegetables,0.06047963695574686,0.05853442523486691,0,0.175207110416086,0.9678369147238224,165,25,4832562.798374532,3.48926508810381,CV < 10%
14. Enugu,4. South East,Palm oil,8.186218669790682,0.83728148244845,6.545146964191719,9.827290375389644,0.10227939372524225,165,25,4832562.798374532,3.48926508810381,CV < 10%
14. Enugu,4. South East,Palm wine,0.4727609437214263,0.30562966877397374,0,1.0717950945184147,0.6464782525564666,165,25,4832562.798374532,3.48926508810381,CV < 10%
14. Enugu,4. South East,Pawpaw,17.441168911123874,3.509789866816466,10.5619807721636,24.320357050084148,0.2012359311868107,165,25,4832562.798374532,3.48926508810381,CV < 10%
14. Enugu,4. South East,Pineapples,0.20279660431042176,0.1599688609454833,0,0.516335571763569,0.7888142974061744,165,25,4832562.798374532,3.48926508810381,CV < 10%
14. Enugu,4. South East,Pito,0,0,0,0,NA,165,25,4832562.798374532,3.48926508810381,No estimate
14. Enugu,4. South East,Plantains,4.820195062369186,1.4777056186445345,1.9238920498258985,7.716498074912474,0.30656552266543,165,25,4832562.798374532,3.48926508810381,CV < 10%
14. Enugu,4. South East,Pork,0.36339467827875055,0.15022402931001919,0.06895558083111297,0.6578337757263881,0.41339083450965197,165,25,4832562.798374532,3.48926508810381,CV < 10%
14. Enugu,4. South East,Potatoes,0,0,0,0,NA,165,25,4832562.798374532,3.48926508810381,No estimate
14. Enugu,4. South East,Rice - imported,0.5801336129513915,0.3490346080390811,0,1.2642414447079906,0.601645207667576,165,25,4832562.798374532,3.48926508810381,CV < 10%
14. Enugu,4. South East,Rice - local,31.939573666728045,4.526803145673127,23.06703950120872,40.81210783224737,0.14173023074471308,165,25,4832562.798374532,3.48926508810381,CV < 10%
14. Enugu,4. South East,Sachet water,76.9159758045965,38.885029115428246,0.7013187383571449,153.13063287083585,0.5055520483054767,165,25,4832562.798374532,3.48926508810381,CV < 10%
14. Enugu,4. South East,Salt,0.9819008985113998,0.1533807521917214,0.6812746242156259,1.2825271728071739,0.15620797620641005,165,25,4832562.798374532,3.48926508810381,CV < 10%
14. Enugu,4. South East,Seafood,0.23729284656195765,0.10013507252538371,0.041028104412205585,0.4335575887117097,0.42198942773118214,165,25,4832562.798374532,3.48926508810381,CV < 10%
14. Enugu,4. South East,Snails,0.14353100206267774,0.14068186066497795,0,0.4192674489660345,0.9801496446290007,165,25,4832562.798374532,3.48926508810381,CV < 10%
14. Enugu,4. South East,Soft drinks,1.8813953448151337,0.46789318747987546,0.9643246973545778,2.7984659922756894,0.2486947726161461,165,25,4832562.798374532,3.48926508810381,CV < 10%
14. Enugu,4. South East,Soya beans,0,0,0,0,NA,165,25,4832562.798374532,3.48926508810381,No estimate
14. Enugu,4. South East,Sugar,0.30701537069179785,0.08356929620141162,0.14321955013703108,0.4708111912465646,0.2721990629104494,165,25,4832562.798374532,3.48926508810381,CV < 10%
14. Enugu,4. South East,Sweet potatoes,5.7297118018709146,3.4394972494342206,0,12.471126410761986,0.6002914925513577,165,25,4832562.798374532,3.48926508810381,CV < 10%
14. Enugu,4. South East,Tea,0.08261385585280753,0.03481801930183182,0.014370538021217169,0.15085717368439788,0.4214549598540324,165,25,4832562.798374532,3.48926508810381,CV < 10%
14. Enugu,4. South East,Tomato puree - canned,1.0699238464686767,0.24334693504688845,0.5929638537767753,1.5468838391605781,0.22744322958130528,165,25,4832562.798374532,3.48926508810381,CV < 10%
14. Enugu,4. South East,Tomatoes,5.772019979697009,0.6883605945917515,4.422833214297176,7.121206745096842,0.1192581794610984,165,25,4832562.798374532,3.48926508810381,CV < 10%
14. Enugu,4. South East,Watermelon,2.142667102135548,1.2382631429325706,0,4.569662862283386,0.5779073854722564,165,25,4832562.798374532,3.48926508810381,CV < 10%
14. Enugu,4. South East,Wheat flour,0.013927127140148763,0.014410994847163301,0,0.04217267704058884,1.03474282256099,165,25,4832562.798374532,3.48926508810381,CV < 10%
14. Enugu,4. South East,White beans,8.168927973214377,1.0694273852645413,6.072850298095876,10.265005648332878,0.1309140426713463,165,25,4832562.798374532,3.48926508810381,CV < 10%
14. Enugu,4. South East,Wild game/Bush meat,1.7800352945951077,0.7351533672807335,0.3391346947248699,3.2209358944653452,0.4129993205825471,165,25,4832562.798374532,3.48926508810381,CV < 10%
14. Enugu,4. South East,Yam flour,0,0,0,0,NA,165,25,4832562.798374532,3.48926508810381,No estimate
14. Enugu,4. South East,Yam roots,80.79117429151407,9.341952417504006,62.48094755320622,99.10140102982191,0.11563085323894397,165,25,4832562.798374532,3.48926508810381,CV < 10%
15. Gombe,2. North East,Agricultural eggs,0.18187218519809856,0.10581092867809544,0,0.3892616054071656,0.5817873060844583,133,17,4058199,6.655756916599793,CV < 10%
15. Gombe,2. North East,Animal fat,0,0,0,0,NA,133,17,4058199,6.655756916599793,No estimate
15. Gombe,2. North East,Apples,0,0,0,0,NA,133,17,4058199,6.655756916599793,No estimate
15. Gombe,2. North East,Avocado pear,0,0,0,0,NA,133,17,4058199,6.655756916599793,No estimate
15. Gombe,2. North East,Baby milk powder,0,0,0,0,NA,133,17,4058199,6.655756916599793,No estimate
15. Gombe,2. North East,Bananas,0.8314424961749999,0.3093478220419535,0.225120764972771,1.4377642273772286,0.37206159591924776,133,17,4058199,6.655756916599793,CV < 10%
15. Gombe,2. North East,Beef,1.1719464067813972,0.47708113317837497,0.23686738575178223,2.107025427811012,0.40708442844977705,133,17,4058199,6.655756916599793,CV < 10%
15. Gombe,2. North East,Beer,1.3255825478200292,0.7968078293493228,0,2.887325893344702,0.6011001205920398,133,17,4058199,6.655756916599793,CV < 10%
15. Gombe,2. North East,Biscuits,0.12319868889025895,0.030150312970238055,0.06410407546859237,0.18229330231192553,0.24472917075517656,133,17,4058199,6.655756916599793,CV < 10%
15. Gombe,2. North East,Bottled water,0,0,0,0,NA,133,17,4058199,6.655756916599793,No estimate
15. Gombe,2. North East,Bread,4.261811985794588,0.7398165929680712,2.8117714635771685,5.711852508012008,0.17359202973618207,133,17,4058199,6.655756916599793,CV < 10%
15. Gombe,2. North East,Brown beans,0.3803050175936969,0.19282331864453545,0.002371313050407442,0.7582387221369864,0.5070228099134374,133,17,4058199,6.655756916599793,CV < 10%
15. Gombe,2. North East,Buns/Pofpof/Donuts,0.26954827892267047,0.07308628899005234,0.1262991525021679,0.41279740534317305,0.2711435935787212,133,17,4058199,6.655756916599793,CV < 10%
15. Gombe,2. North East,Butter/Margarine,0.0018283007171155025,0.0018166541752636328,0,0.005388942900632222,0.9936298543544607,133,17,4058199,6.655756916599793,CV < 10%
15. Gombe,2. North East,Cake,0,0,0,0,NA,133,17,4058199,6.655756916599793,No estimate
15. Gombe,2. North East,Canned fish/seafood,0,0,0,0,NA,133,17,4058199,6.655756916599793,No estimate
15. Gombe,2. North East,Cashew nut,0.04187393773393381,0.02448479629074977,0,0.08986413846380337,0.5847263862865177,133,17,4058199,6.655756916599793,CV < 10%
15. Gombe,2. North East,Cassava flour,0.3065025331997175,0.2271807579402742,0,0.7517768187626549,0.7412035247103256,133,17,4058199,6.655756916599793,CV < 10%
15. Gombe,2. North East,Cassava roots,0,0,0,0,NA,133,17,4058199,6.655756916599793,No estimate
15. Gombe,2. North East,Cheese/wara,0,0,0,0,NA,133,17,4058199,6.655756916599793,No estimate
15. Gombe,2. North East,Chicken,1.6489662852379814,0.4383018157657008,0.7898947263372078,2.508037844138755,0.2658039886500435,133,17,4058199,6.655756916599793,CV < 10%
15. Gombe,2. North East,Chocolate drinks,0.009169307293232733,0.006237463772849722,0,0.02139473628801819,0.6802546335701047,133,17,4058199,6.655756916599793,CV < 10%
15. Gombe,2. North East,Coconut,0,0,0,0,NA,133,17,4058199,6.655756916599793,No estimate
15. Gombe,2. North East,Cocoyam,0.12857027929356063,0.12577458077379158,0,0.37508845761019216,0.9782554838090869,133,17,4058199,6.655756916599793,CV < 10%
15. Gombe,2. North East,Coffee,4.2975716971594015e-4,4.392310736274035e-4,0,0.001290650074025651,1.0220447838432234,133,17,4058199,6.655756916599793,CV < 10%
15. Gombe,2. North East,Dry pepper,0.0325279834408552,0.017963083340157008,0,0.06773562678756294,0.5522347664993995,133,17,4058199,6.655756916599793,CV < 10%
15. Gombe,2. North East,Duck,0.006169527165220376,0.006223919402410191,0,0.01836840919394435,1.0088162732302148,133,17,4058199,6.655756916599793,CV < 10%
15. Gombe,2. North East,Fish - dried,0.029255831806302493,0.029043639415685895,0,0.08618136506104684,0.9927470053826709,133,17,4058199,6.655756916599793,CV < 10%
15. Gombe,2. North East,Fish - fresh,0.3094468287526416,0.21671916904549135,0,0.7342164000818047,0.7003438035512306,133,17,4058199,6.655756916599793,CV < 10%
15. Gombe,2. North East,Fish - frozen,0,0,0,0,NA,133,17,4058199,6.655756916599793,No estimate
15. Gombe,2. North East,Fish - smoked,0,0,0,0,NA,133,17,4058199,6.655756916599793,No estimate
15. Gombe,2. North East,Fresh milk,0.5176038103482187,0.2945875306644596,0,1.0949953704505595,0.5691370982494804,133,17,4058199,6.655756916599793,CV < 10%
15. Gombe,2. North East,Fresh pepper,2.165975902363629,0.1865822169084508,1.8002747572230655,2.5316770475041928,0.08614233274933589,133,17,4058199,6.655756916599793,CV < 10%
15. Gombe,2. North East,Fruit juice,0,0,0,0,NA,133,17,4058199,6.655756916599793,No estimate
15. Gombe,2. North East,Garden eggs/Eggplant,0.15392683967406676,0.13021237621209197,0,0.40914309704976703,0.8459367871633751,133,17,4058199,6.655756916599793,CV < 10%
15. Gombe,2. North East,Gari - white,0.3814689115841741,0.1815521343253712,0.025626728306446578,0.7373110948619017,0.47592904378869755,133,17,4058199,6.655756916599793,CV < 10%
15. Gombe,2. North East,Gari - yellow,0,0,0,0,NA,133,17,4058199,6.655756916599793,No estimate
15. Gombe,2. North East,Gin,0,0,0,0,NA,133,17,4058199,6.655756916599793,No estimate
15. Gombe,2. North East,Goat,0.16586119817527709,0.07794087719221347,0.01309707887853867,0.3186253174720155,0.4699162796945909,133,17,4058199,6.655756916599793,CV < 10%
15. Gombe,2. North East,Ground pepper,0.4004640291906848,0.044958067773994255,0.31234621635365606,0.48858184202771354,0.11226493391891394,133,17,4058199,6.655756916599793,CV < 10%
15. Gombe,2. North East,Groundnut oil,2.269319837349481,0.4180299872120653,1.4499810624138332,3.088658612285129,0.184209374250355,133,17,4058199,6.655756916599793,CV < 10%
15. Gombe,2. North East,Groundnuts - shelled,0.5939712961664663,0.1999563543863831,0.20205684156915543,0.985885750763777,0.3366431268260198,133,17,4058199,6.655756916599793,CV < 10%
15. Gombe,2. North East,Groundnuts - unshelled,0.9991907793092231,0.20864209537818484,0.5902522723679808,1.4081292862504653,0.2088110696161815,133,17,4058199,6.655756916599793,CV < 10%
15. Gombe,2. North East,Guava,0,0,0,0,NA,133,17,4058199,6.655756916599793,No estimate
15. Gombe,2. North East,Guinea corn / sorghum,39.53183618228807,8.566585987964446,22.741327645877753,56.32234471869838,0.216700938161902,133,17,4058199,6.655756916599793,CV < 10%
15. Gombe,2. North East,Honey,0.009411485887757422,0.00913635721896906,0,0.027318746036936778,0.9707667129218933,133,17,4058199,6.655756916599793,CV < 10%
15. Gombe,2. North East,Kola nut,0.06792599611389276,0.028796872295701888,0.011484126414317057,0.12436786581346845,0.4239447920265703,133,17,4058199,6.655756916599793,CV < 10%
15. Gombe,2. North East,Leaves,5.642297391980932,1.0789162711835139,3.5276215004612452,7.756973283500619,0.19121932011540452,133,17,4058199,6.655756916599793,CV < 10%
15. Gombe,2. North East,Local eggs,0.059675171905834136,0.0476558246403107,0,0.1530805882008431,0.7985871362969904,133,17,4058199,6.655756916599793,CV < 10%
15. Gombe,2. North East,Maize - shelled/off cob,2.9387629572387244,1.0000059103464414,0.9787513729596993,4.898774541517749,0.34028124244700964,133,17,4058199,6.655756916599793,CV < 10%
15. Gombe,2. North East,Maize - unshelled/on cob,0,0,0,0,NA,133,17,4058199,6.655756916599793,No estimate
15. Gombe,2. North East,Maize flour,21.421820551539962,3.9278721763017885,13.723191085988457,29.120450017091468,0.18335846698236968,133,17,4058199,6.655756916599793,CV < 10%
15. Gombe,2. North East,Malt drinks,0.6226280655270324,0.16270821496562327,0.30371996419441083,0.941536166859654,0.26132489679516224,133,17,4058199,6.655756916599793,CV < 10%
15. Gombe,2. North East,Mangoes,0,0,0,0,NA,133,17,4058199,6.655756916599793,No estimate
15. Gombe,2. North East,Meat pie/Sausage roll,0,0,0,0,NA,133,17,4058199,6.655756916599793,No estimate
15. Gombe,2. North East,Melon - ground,0,0,0,0,NA,133,17,4058199,6.655756916599793,No estimate
15. Gombe,2. North East,Melon - shelled,0,0,0,0,NA,133,17,4058199,6.655756916599793,No estimate
15. Gombe,2. North East,Melon - unshelled,0,0,0,0,NA,133,17,4058199,6.655756916599793,No estimate
15. Gombe,2. North East,Milk - tinned,0,0,0,0,NA,133,17,4058199,6.655756916599793,No estimate
15. Gombe,2. North East,Milk powder,0.06659490730390423,0.034217252953722646,0,0.1336607230932006,0.5138118564768481,133,17,4058199,6.655756916599793,CV < 10%
15. Gombe,2. North East,Millet,6.63315371048059,1.2858174752936522,4.112951458905032,9.153355962056148,0.19384707959684705,133,17,4058199,6.655756916599793,CV < 10%
15. Gombe,2. North East,Mutton,0.45550996121934434,0.12527079150145512,0.2099792098764923,0.7010407125621964,0.2750121889016885,133,17,4058199,6.655756916599793,CV < 10%
15. Gombe,2. North East,Ogbono - ground,0,0,0,0,NA,133,17,4058199,6.655756916599793,No estimate
15. Gombe,2. North East,Ogbono - unground,0,0,0,0,NA,133,17,4058199,6.655756916599793,No estimate
15. Gombe,2. North East,Okra - dried,0.50338195597270885,0.09143489750433834,0.3241695568642057,0.682594355081212,0.18164118999389706,133,17,4058199,6.655756916599793,CV < 10%
15. Gombe,2. North East,Okra - fresh,0.934716646918506,0.1559183837846699,0.6291166147005529,1.240316679136459,0.1668081811730735,133,17,4058199,6.655756916599793,CV < 10%
15. Gombe,2. North East,Onions,5.452351638457108,0.25677532314031404,4.949072005102092,5.955631271812123,0.04709441726560682,133,17,4058199,6.655756916599793,CV < 10%
15. Gombe,2. North East,Orange/Tangerine,1.9615751357263944,0.5073640410084304,0.967141615349871,2.956008656102918,0.2586513418567306,133,17,4058199,6.655756916599793,CV < 10%
15. Gombe,2. North East,Other alcoholic beverages,0,0,0,0,NA,133,17,4058199,6.655756916599793,No estimate
15. Gombe,2. North East,Other domestic poultry,0,0,0,0,NA,133,17,4058199,6.655756916599793,No estimate
15. Gombe,2. North East,Other eggs,0,0,0,0,NA,133,17,4058199,6.655756916599793,No estimate
15. Gombe,2. North East,Other fish/seafood,0,0,0,0,NA,133,17,4058199,6.655756916599793,No estimate
15. Gombe,2. North East,Other fruits,0,0,0,0,NA,133,17,4058199,6.655756916599793,No estimate
15. Gombe,2. North East,Other grains/flour,0,0,0,0,NA,133,17,4058199,6.655756916599793,No estimate
15. Gombe,2. North East,Other meat,0,0,0,0,NA,133,17,4058199,6.655756916599793,No estimate
15. Gombe,2. North East,Other non-alcoholic drinks,0,0,0,0,NA,133,17,4058199,6.655756916599793,No estimate
15. Gombe,2. North East,Other nuts/seeds/pulses,0,0,0,0,NA,133,17,4058199,6.655756916599793,No estimate
15. Gombe,2. North East,Other oil/fat,0,0,0,0,NA,133,17,4058199,6.655756916599793,No estimate
15. Gombe,2. North East,Other spices,1.313647090085605,0.07069239534489344,1.1750899952096139,1.452204184961596,0.05381384077841386,133,17,4058199,6.655756916599793,CV < 10%
15. Gombe,2. North East,Other vegetables,0,0,0,0,NA,133,17,4058199,6.655756916599793,No estimate
15. Gombe,2. North East,Palm oil,5.0494719658380625,0.29061040644480024,4.4798755692062535,5.619068362469871,0.05755263291110629,133,17,4058199,6.655756916599793,CV < 10%
15. Gombe,2. North East,Palm wine,0.042970399504827,0.03965468704889143,0,0.1206935861206542,0.922837290457048,133,17,4058199,6.655756916599793,CV < 10%
15. Gombe,2. North East,Pawpaw,0,0,0,0,NA,133,17,4058199,6.655756916599793,No estimate
15. Gombe,2. North East,Pineapples,0,0,0,0,NA,133,17,4058199,6.655756916599793,No estimate
15. Gombe,2. North East,Pito,0,0,0,0,NA,133,17,4058199,6.655756916599793,No estimate
15. Gombe,2. North East,Plantains,0,0,0,0,NA,133,17,4058199,6.655756916599793,No estimate
15. Gombe,2. North East,Pork,0.04115886718911231,0.039525641581677824,0,0.11862912468920085,0.9603189854587028,133,17,4058199,6.655756916599793,CV < 10%
15. Gombe,2. North East,Potatoes,0.10293493129484413,0.09992580489793676,0,0.29878950889480016,0.9707667129218933,133,17,4058199,6.655756916599793,CV < 10%
15. Gombe,2. North East,Rice - imported,1.505951394282896,1.230293401512056,0,3.9173264612465255,0.8169542564140306,133,17,4058199,6.655756916599793,CV < 10%
15. Gombe,2. North East,Rice - local,33.92926466555013,2.665457855714864,28.704967268348994,39.15356206275126,0.07855925797358114,133,17,4058199,6.655756916599793,CV < 10%
15. Gombe,2. North East,Sachet water,44.77645665759101,13.137497823543441,19.026960923445866,70.52595239173615,0.29340190815023376,133,17,4058199,6.655756916599793,CV < 10%
15. Gombe,2. North East,Salt,1.6261825656707614,0.12542009523093972,1.3803591790181196,1.8720059523234032,0.07712547033684802,133,17,4058199,6.655756916599793,CV < 10%
15. Gombe,2. North East,Seafood,0,0,0,0,NA,133,17,4058199,6.655756916599793,No estimate
15. Gombe,2. North East,Snails,0,0,0,0,NA,133,17,4058199,6.655756916599793,No estimate
15. Gombe,2. North East,Soft drinks,0.7933813900424889,0.29982716407022386,0.2057201484648501,1.3810426316201276,0.37791050790108255,133,17,4058199,6.655756916599793,CV < 10%
15. Gombe,2. North East,Soya beans,3.4025756431720597,0.639977476344184,2.148219789537459,4.65693149680666,0.18808618630666601,133,17,4058199,6.655756916599793,CV < 10%
15. Gombe,2. North East,Sugar,2.3052291283876216,0.2650490594415401,1.785732971882203,2.82472528489304,0.11497731664831386,133,17,4058199,6.655756916599793,CV < 10%
15. Gombe,2. North East,Sweet potatoes,7.528696076175519,0.9307609066107043,5.704404699218539,9.3529874531325,0.12362843408649309,133,17,4058199,6.655756916599793,CV < 10%
15. Gombe,2. North East,Tea,0.20141032056830455,0.06289100517155219,0.07814395043206226,0.32467669070454686,0.3122531407233617,133,17,4058199,6.655756916599793,CV < 10%
15. Gombe,2. North East,Tomato puree - canned,0.018234519347849955,0.016827494427756468,0,0.05121640842625263,0.9228372904570479,133,17,4058199,6.655756916599793,CV < 10%
15. Gombe,2. North East,Tomatoes,5.917579108384695,0.7650285208921893,4.418123207436004,7.417035009333386,0.12928065799884456,133,17,4058199,6.655756916599793,CV < 10%
15. Gombe,2. North East,Watermelon,1.9858008481628597,1.0682348159411827,0,4.079541087407578,0.5379365291990119,133,17,4058199,6.655756916599793,CV < 10%
15. Gombe,2. North East,Wheat flour,1.8762494965841883,0.6620013421749161,0.5787268659213527,3.173772127247024,0.35283225572085414,133,17,4058199,6.655756916599793,CV < 10%
15. Gombe,2. North East,White beans,13.912591347127941,0.5798843672069469,12.776017987402325,15.049164706853558,0.04168054338249904,133,17,4058199,6.655756916599793,CV < 10%
15. Gombe,2. North East,Wild game/Bush meat,0,0,0,0,NA,133,17,4058199,6.655756916599793,No estimate
15. Gombe,2. North East,Yam flour,0,0,0,0,NA,133,17,4058199,6.655756916599793,No estimate
15. Gombe,2. North East,Yam roots,3.704644867889045,1.7338280254560223,0.30634193799524123,7.102947797782849,0.46801463764703044,133,17,4058199,6.655756916599793,CV < 10%
16. Imo,4. South East,Agricultural eggs,0.7556382295655182,0.16388548365325703,0.4344226816051344,1.076853777525902,0.21688352605914205,157,24,5417814.218831354,3.956260930535226,CV < 10%
16. Imo,4. South East,Animal fat,0,0,0,0,NA,157,24,5417814.218831354,3.956260930535226,No estimate
16. Imo,4. South East,Apples,0.3229474091929369,0.14522583370375555,0.03830477513357605,0.6075900432522978,0.449688802479273,157,24,5417814.218831354,3.956260930535226,CV < 10%
16. Imo,4. South East,Avocado pear,2.3391776380388962,0.5721775545569607,1.2177096311072533,3.460645644970539,0.24460628609491114,157,24,5417814.218831354,3.956260930535226,CV < 10%
16. Imo,4. South East,Baby milk powder,0.011765685611094145,0.011851564466346462,0,0.034994751965133214,1.007299094850141,157,24,5417814.218831354,3.956260930535226,CV < 10%
16. Imo,4. South East,Bananas,6.252731966044577,1.4306492688090635,3.4486593991788124,9.056804532910341,0.22880386950507325,157,24,5417814.218831354,3.956260930535226,CV < 10%
16. Imo,4. South East,Beef,3.8388877570920434,0.4435769971928608,2.969476842594036,4.70829867159005,0.1155483111933625,157,24,5417814.218831354,3.956260930535226,CV < 10%
16. Imo,4. South East,Beer,1.9599373276461785,0.6085920857834075,0.7670968395106998,3.152777815781657,0.310516095182649,157,24,5417814.218831354,3.956260930535226,CV < 10%
16. Imo,4. South East,Biscuits,0.8264982226948714,0.09889827258019211,0.6326576084376949,1.0203388369520479,0.11965938929393635,157,24,5417814.218831354,3.956260930535226,CV < 10%
16. Imo,4. South East,Bottled water,6.409335282631407,3.9783613427379327,0,14.206923514397754,0.6207135634671592,157,24,5417814.218831354,3.956260930535226,CV < 10%
16. Imo,4. South East,Bread,13.184269237650874,0.91974068345257,11.381577498083836,14.986960977217912,0.06976045974744112,157,24,5417814.218831354,3.956260930535226,CV < 10%
16. Imo,4. South East,Brown beans,2.2824941996645363,0.7448330371777654,0.8226214467961162,3.742366952532956,0.3263241752321804,157,24,5417814.218831354,3.956260930535226,CV < 10%
16. Imo,4. South East,Buns/Pofpof/Donuts,0.47983677702788274,0.06373416206550932,0.35491781937948447,0.604755734676281,0.13282467104810058,157,24,5417814.218831354,3.956260930535226,CV < 10%
16. Imo,4. South East,Butter/Margarine,0,0,0,0,NA,157,24,5417814.218831354,3.956260930535226,No estimate
16. Imo,4. South East,Cake,0.026345025539039668,0.02649484781053981,0,0.07827492724769769,1.005686928307514,157,24,5417814.218831354,3.956260930535226,CV < 10%
16. Imo,4. South East,Canned fish/seafood,0,0,0,0,NA,157,24,5417814.218831354,3.956260930535226,No estimate
16. Imo,4. South East,Cashew nut,0.0035144041700827084,0.003531571262518009,0,0.010436283844618005,1.0048847803509453,157,24,5417814.218831354,3.956260930535226,CV < 10%
16. Imo,4. South East,Cassava flour,1.7357502733748935,0.9386770517596582,0,3.575557294823824,0.5407903810578397,157,24,5417814.218831354,3.956260930535226,CV < 10%
16. Imo,4. South East,Cassava roots,58.17894000156627,10.075956418784195,38.430065420749244,77.92781458238329,0.17318906838991796,157,24,5417814.218831354,3.956260930535226,CV < 10%
16. Imo,4. South East,Cheese/wara,0,0,0,0,NA,157,24,5417814.218831354,3.956260930535226,No estimate
16. Imo,4. South East,Chicken,0.8208112537722975,0.21996609972222897,0.3896776983167287,1.2519448092278662,0.2679862132875314,157,24,5417814.218831354,3.956260930535226,CV < 10%
16. Imo,4. South East,Chocolate drinks,0.9651821568752571,0.0909779040366051,0.7868654649635111,1.143498848787003,0.09425982793874146,157,24,5417814.218831354,3.956260930535226,CV < 10%
16. Imo,4. South East,Coconut,2.4536274776169704,0.35865190984465395,1.7506697343214488,3.156585220912492,0.1461721117473735,157,24,5417814.218831354,3.956260930535226,CV < 10%
16. Imo,4. South East,Cocoyam,9.922524506636758,1.4964971851745696,6.989390023694602,12.855658989578915,0.15081818988440146,157,24,5417814.218831354,3.956260930535226,CV < 10%
16. Imo,4. South East,Coffee,0.00031049445747203895,3.1002916798698134e-4,0,9.181516267265223e-4,0.9985014563904107,157,24,5417814.218831354,3.956260930535226,CV < 10%
16. Imo,4. South East,Dry pepper,0.3977265810332393,0.09460367508262572,0.21230337787129291,0.5831497841951857,0.23786108244728904,157,24,5417814.218831354,3.956260930535226,CV < 10%
16. Imo,4. South East,Duck,0,0,0,0,NA,157,24,5417814.218831354,3.956260930535226,No estimate
16. Imo,4. South East,Fish - dried,3.10111915817499,0.27987857004500216,2.552557160886786,3.6496811554631945,0.0902508274495685,157,24,5417814.218831354,3.956260930535226,CV < 10%
16. Imo,4. South East,Fish - fresh,0.20680086261679598,0.20699790773023016,0,0.6125167617680471,1.0009528253941538,157,24,5417814.218831354,3.956260930535226,CV < 10%
16. Imo,4. South East,Fish - frozen,3.0626011737226935,0.5865454468916194,1.9129720978151195,4.2122302496302675,0.19151871680982016,157,24,5417814.218831354,3.956260930535226,CV < 10%
16. Imo,4. South East,Fish - smoked,1.6514836431293316,0.3113133948589792,1.0413093892057326,2.2616578970529306,0.18850528502303762,157,24,5417814.218831354,3.956260930535226,CV < 10%
16. Imo,4. South East,Fresh milk,0,0,0,0,NA,157,24,5417814.218831354,3.956260930535226,No estimate
16. Imo,4. South East,Fresh pepper,2.201826597329861,0.16860537313612126,1.8713600659830636,2.532293128676659,0.0765752277407257,157,24,5417814.218831354,3.956260930535226,CV < 10%
16. Imo,4. South East,Fruit juice,0.977777902561041,0.5191201423958338,0,1.9952533816568754,0.5309182596948964,157,24,5417814.218831354,3.956260930535226,CV < 10%
16. Imo,4. South East,Garden eggs/Eggplant,1.651468580210234,0.19733780584406257,1.2646864807558713,2.0382506796645967,0.1194923162382788,157,24,5417814.218831354,3.956260930535226,CV < 10%
16. Imo,4. South East,Gari - white,10.273377943086084,1.5806502233676145,7.17530350528556,13.371452380886609,0.1538588604570303,157,24,5417814.218831354,3.956260930535226,CV < 10%
16. Imo,4. South East,Gari - yellow,11.119520471834042,2.2327496663955744,6.743331125698716,15.495709817969367,0.20079549941485086,157,24,5417814.218831354,3.956260930535226,CV < 10%
16. Imo,4. South East,Gin,0,0,0,0,NA,157,24,5417814.218831354,3.956260930535226,No estimate
16. Imo,4. South East,Goat,0.24782244794335226,0.14552594443820663,0,0.5330532990422372,0.5872185738051915,157,24,5417814.218831354,3.956260930535226,CV < 10%
16. Imo,4. South East,Ground pepper,0.36914325823936367,0.05154340616979284,0.2681181821465697,0.47016833433215766,0.13962981855778747,157,24,5417814.218831354,3.956260930535226,CV < 10%
16. Imo,4. South East,Groundnut oil,12.79488001588484,7.734449996799515,0,27.95440200961189,0.6044957035311935,157,24,5417814.218831354,3.956260930535226,CV < 10%
16. Imo,4. South East,Groundnuts - shelled,1.035537690776339,0.21182770977645907,0.6203553796144792,1.4507200019381987,0.20455818427782438,157,24,5417814.218831354,3.956260930535226,CV < 10%
16. Imo,4. South East,Groundnuts - unshelled,0.6280237226777627,0.28427906285715443,0.07083675947774004,1.1852106858777853,0.4526565678841677,157,24,5417814.218831354,3.956260930535226,CV < 10%
16. Imo,4. South East,Guava,0.8362713311705975,0.3233103722256738,0.2025830016082768,1.4699596607329182,0.3866094175117899,157,24,5417814.218831354,3.956260930535226,CV < 10%
16. Imo,4. South East,Guinea corn / sorghum,0,0,0,0,NA,157,24,5417814.218831354,3.956260930535226,No estimate
16. Imo,4. South East,Honey,0.05873975192279202,0.03522480971523255,0,0.1277803789646478,0.5996758338634509,157,24,5417814.218831354,3.956260930535226,CV < 10%
16. Imo,4. South East,Kola nut,0.09702109186335434,0.03057552129490118,0.03709307012534802,0.15694911360136066,0.3151430344441404,157,24,5417814.218831354,3.956260930535226,CV < 10%
16. Imo,4. South East,Leaves,9.354575076944737,0.8168669179008926,7.753515917858988,10.955634236030487,0.08732271762018788,157,24,5417814.218831354,3.956260930535226,CV < 10%
16. Imo,4. South East,Local eggs,0.01711938366907513,0.01720300809804214,0,0.05083727954123772,1.0048847803509462,157,24,5417814.218831354,3.956260930535226,CV < 10%
16. Imo,4. South East,Maize - shelled/off cob,0,0,0,0,NA,157,24,5417814.218831354,3.956260930535226,No estimate
16. Imo,4. South East,Maize - unshelled/on cob,0,0,0,0,NA,157,24,5417814.218831354,3.956260930535226,No estimate
16. Imo,4. South East,Maize flour,0,0,0,0,NA,157,24,5417814.218831354,3.956260930535226,No estimate
16. Imo,4. South East,Malt drinks,3.0417048096785444,0.3993794541385397,2.2589210795670067,3.824488539790082,0.1313011876983379,157,24,5417814.218831354,3.956260930535226,CV < 10%
16. Imo,4. South East,Mangoes,1.2833081630994425,0.6307187247626148,0.04709946256471742,2.5195168636341676,0.49147877563507786,157,24,5417814.218831354,3.956260930535226,CV < 10%
16. Imo,4. South East,Meat pie/Sausage roll,0.1677796930536377,0.05175699643931659,0.0663359800325772,0.26922340607469825,0.3084818877500886,157,24,5417814.218831354,3.956260930535226,CV < 10%
16. Imo,4. South East,Melon - ground,0.013361736393429009,0.009956806049433517,0,0.0328770762503187,0.7451730640585038,157,24,5417814.218831354,3.956260930535226,CV < 10%
16. Imo,4. South East,Melon - shelled,1.3191710153941352,0.3517442993536604,0.6297521886609607,2.00858984212731,0.2666404092031753,157,24,5417814.218831354,3.956260930535226,CV < 10%
16. Imo,4. South East,Melon - unshelled,0.00832391917566506,0.008184557218439078,0,0.02436565132380565,0.9832576513196565,157,24,5417814.218831354,3.956260930535226,CV < 10%
16. Imo,4. South East,Milk - tinned,0.17770091977143296,0.09373998432370192,0,0.3614312890458887,0.5275154706248824,157,24,5417814.218831354,3.956260930535226,CV < 10%
16. Imo,4. South East,Milk powder,1.1029895778839953,0.1185072778651869,0.870715313268229,1.3352638424997616,0.10744188362371876,157,24,5417814.218831354,3.956260930535226,CV < 10%
16. Imo,4. South East,Millet,0,0,0,0,NA,157,24,5417814.218831354,3.956260930535226,No estimate
16. Imo,4. South East,Mutton,0,0,0,0,NA,157,24,5417814.218831354,3.956260930535226,No estimate
16. Imo,4. South East,Ogbono - ground,0.03091639396225895,0.01271344619874358,0.005998039412721534,0.055834748511796366,0.41122021585905083,157,24,5417814.218831354,3.956260930535226,CV < 10%
16. Imo,4. South East,Ogbono - unground,0.4719309455108824,0.08567241834896647,0.30401300554690813,0.6398488854748566,0.18153591995588034,157,24,5417814.218831354,3.956260930535226,CV < 10%
16. Imo,4. South East,Okra - dried,0,0,0,0,NA,157,24,5417814.218831354,3.956260930535226,No estimate
16. Imo,4. South East,Okra - fresh,1.9768535530243694,0.3480098971258897,1.2947541546576256,2.658952951391113,0.17604232574207263,157,24,5417814.218831354,3.956260930535226,CV < 10%
16. Imo,4. South East,Onions,6.523820133805508,0.36589267057299196,5.806670499482443,7.240969768128572,0.056085646610179854,157,24,5417814.218831354,3.956260930535226,CV < 10%
16. Imo,4. South East,Orange/Tangerine,3.146444485194881,0.8974079709322593,1.3875248621676528,4.905364108222109,0.28521334959344646,157,24,5417814.218831354,3.956260930535226,CV < 10%
16. Imo,4. South East,Other alcoholic beverages,0,0,0,0,NA,157,24,5417814.218831354,3.956260930535226,No estimate
16. Imo,4. South East,Other domestic poultry,0,0,0,0,NA,157,24,5417814.218831354,3.956260930535226,No estimate
16. Imo,4. South East,Other eggs,0,0,0,0,NA,157,24,5417814.218831354,3.956260930535226,No estimate
16. Imo,4. South East,Other fish/seafood,0.037707141534918456,0.01658230864660451,0.005205816587573617,0.0702084664822633,0.4397657306175959,157,24,5417814.218831354,3.956260930535226,CV < 10%
16. Imo,4. South East,Other fruits,0,0,0,0,NA,157,24,5417814.218831354,3.956260930535226,No estimate
16. Imo,4. South East,Other grains/flour,0,0,0,0,NA,157,24,5417814.218831354,3.956260930535226,No estimate
16. Imo,4. South East,Other meat,0,0,0,0,NA,157,24,5417814.218831354,3.956260930535226,No estimate
16. Imo,4. South East,Other non-alcoholic drinks,0,0,0,0,NA,157,24,5417814.218831354,3.956260930535226,No estimate
16. Imo,4. South East,Other nuts/seeds/pulses,0.10232049838050852,0.09355592584162653,0,0.2856901130300965,0.9143419678597696,157,24,5417814.218831354,3.956260930535226,CV < 10%
16. Imo,4. South East,Other oil/fat,0,0,0,0,NA,157,24,5417814.218831354,3.956260930535226,No estimate
16. Imo,4. South East,Other spices,0.32448283351081453,0.03609656478592353,0.2537335665304044,0.39523210049122465,0.11124337270902342,157,24,5417814.218831354,3.956260930535226,CV < 10%
16. Imo,4. South East,Other vegetables,0,0,0,0,NA,157,24,5417814.218831354,3.956260930535226,No estimate
16. Imo,4. South East,Palm oil,5.271510073308961,0.2522691426944459,4.777062553627847,5.765957592990075,0.04785519503638071,157,24,5417814.218831354,3.956260930535226,CV < 10%
16. Imo,4. South East,Palm wine,0.6651878851552341,0.2799112332375491,0.11656186800963786,1.2138139023008303,0.42080025731711357,157,24,5417814.218831354,3.956260930535226,CV < 10%
16. Imo,4. South East,Pawpaw,24.230465837502038,4.072095942648148,16.249157789911667,32.211773885092406,0.16805685742721765,157,24,5417814.218831354,3.956260930535226,CV < 10%
16. Imo,4. South East,Pineapples,4.964203286900195,2.740683885317704,0,10.335943702122893,0.5520893740491988,157,24,5417814.218831354,3.956260930535226,CV < 10%
16. Imo,4. South East,Pito,0,0,0,0,NA,157,24,5417814.218831354,3.956260930535226,No estimate
16. Imo,4. South East,Plantains,16.98234692919191,1.2159047650560855,14.599173589681982,19.365520268701836,0.07159815837739121,157,24,5417814.218831354,3.956260930535226,CV < 10%
16. Imo,4. South East,Pork,0,0,0,0,NA,157,24,5417814.218831354,3.956260930535226,No estimate
16. Imo,4. South East,Potatoes,0,0,0,0,NA,157,24,5417814.218831354,3.956260930535226,No estimate
16. Imo,4. South East,Rice - imported,3.4212132792699665,1.1322123019238979,1.2020771674991266,5.6403493910408065,0.33093882476847347,157,24,5417814.218831354,3.956260930535226,CV < 10%
16. Imo,4. South East,Rice - local,27.29942892997512,1.222636724739806,24.903060949485102,29.69579691046514,0.044786164863593,157,24,5417814.218831354,3.956260930535226,CV < 10%
16. Imo,4. South East,Sachet water,80.74185305963597,21.893535530527206,37.830523419802645,123.6531826994693,0.2711547320366382,157,24,5417814.218831354,3.956260930535226,CV < 10%
16. Imo,4. South East,Salt,1.0574800890498903,0.10002575030647448,0.8614296184492003,1.2535305596505804,0.09458877887369416,157,24,5417814.218831354,3.956260930535226,CV < 10%
16. Imo,4. South East,Seafood,0.09737390283958418,0.037202516281398555,0.024456970928043012,0.17029083475112533,0.38205838727330016,157,24,5417814.218831354,3.956260930535226,CV < 10%
16. Imo,4. South East,Snails,0.036430716458346564,0.023246301725207988,0,0.08199346783975422,0.6380961997216521,157,24,5417814.218831354,3.956260930535226,CV < 10%
16. Imo,4. South East,Soft drinks,6.350392591919728,0.8330585126972909,4.717597907033038,7.983187276806418,0.13118220655480087,157,24,5417814.218831354,3.956260930535226,CV < 10%
16. Imo,4. South East,Soya beans,0.03955241005569928,0.0234572746354171,0,0.0855286683411168,0.5930681493841622,157,24,5417814.218831354,3.956260930535226,CV < 10%
16. Imo,4. South East,Sugar,1.081192222360078,0.11852581794135628,0.8488816191950197,1.3135028255251364,0.10962511151128378,157,24,5417814.218831354,3.956260930535226,CV < 10%
16. Imo,4. South East,Sweet potatoes,1.2165236068689704,0.7128509367745032,0,2.6137114429469968,0.5859737803273743,157,24,5417814.218831354,3.956260930535226,CV < 10%
16. Imo,4. South East,Tea,0.23270823829914022,0.10218102068898366,0.03243343774873225,0.4329830388495482,0.4390949862188922,157,24,5417814.218831354,3.956260930535226,CV < 10%
16. Imo,4. South East,Tomato puree - canned,2.7609982851512362,0.1569750965165231,2.453327095978851,3.0686694743236216,0.0568544708487295,157,24,5417814.218831354,3.956260930535226,CV < 10%
16. Imo,4. South East,Tomatoes,6.632985595770852,0.6457886914608237,5.367239760507637,7.898731431034067,0.09736018300304683,157,24,5417814.218831354,3.956260930535226,CV < 10%
16. Imo,4. South East,Watermelon,6.916331638346044,1.5731405389380624,3.832976182027442,9.999687094664646,0.22745302296034198,157,24,5417814.218831354,3.956260930535226,CV < 10%
16. Imo,4. South East,Wheat flour,0.04931397928569604,0.0503058253862713,0,0.14791339704278778,1.0201128790444813,157,24,5417814.218831354,3.956260930535226,CV < 10%
16. Imo,4. South East,White beans,9.651234614289113,0.6512834934459876,8.374718967134976,10.927750261443249,0.06748188387024924,157,24,5417814.218831354,3.956260930535226,CV < 10%
16. Imo,4. South East,Wild game/Bush meat,0,0,0,0,NA,157,24,5417814.218831354,3.956260930535226,No estimate
16. Imo,4. South East,Yam flour,0.15619703216197303,0.16100427278755494,0,0.47176540682558066,1.0307767731501896,157,24,5417814.218831354,3.956260930535226,CV < 10%
16. Imo,4. South East,Yam roots,51.71829719707898,6.278662135519307,39.41211941146114,64.02447498269683,0.1214011766782206,157,24,5417814.218831354,3.956260930535226,CV < 10%
17. Jigawa,3. North West,Agricultural eggs,0.03762968106708583,0.02224942220934604,0,0.08123854859740406,0.5912732071706902,109,14,7687056,8.610840754273037,CV < 10%
17. Jigawa,3. North West,Animal fat,0,0,0,0,NA,109,14,7687056,8.610840754273037,No estimate
17. Jigawa,3. North West,Apples,0,0,0,0,NA,109,14,7687056,8.610840754273037,No estimate
17. Jigawa,3. North West,Avocado pear,0,0,0,0,NA,109,14,7687056,8.610840754273037,No estimate
17. Jigawa,3. North West,Baby milk powder,0,0,0,0,NA,109,14,7687056,8.610840754273037,No estimate
17. Jigawa,3. North West,Bananas,0.27388966645466967,0.18182033509510864,0,0.6302575232410825,0.66384518061108,109,14,7687056,8.610840754273037,CV < 10%
17. Jigawa,3. North West,Beef,1.1483499583533785,0.4408055492370084,0.2843710818488421,2.012328834857915,0.3838599427208413,109,14,7687056,8.610840754273037,CV < 10%
17. Jigawa,3. North West,Beer,0,0,0,0,NA,109,14,7687056,8.610840754273037,No estimate
17. Jigawa,3. North West,Biscuits,0.2633484244424174,0.08197776058699592,0.1026720136919054,0.42402483519292944,0.3112901121795806,109,14,7687056,8.610840754273037,CV < 10%
17. Jigawa,3. North West,Bottled water,0,0,0,0,NA,109,14,7687056,8.610840754273037,No estimate
17. Jigawa,3. North West,Bread,6.960041220075441,1.1527380734273458,4.700674596157843,9.21940784399304,0.16562230552635307,109,14,7687056,8.610840754273037,CV < 10%
17. Jigawa,3. North West,Brown beans,0.4373377610978508,0.3981255993433852,0,1.2176639358108858,0.91033895253858,109,14,7687056,8.610840754273037,CV < 10%
17. Jigawa,3. North West,Buns/Pofpof/Donuts,0,0,0,0,NA,109,14,7687056,8.610840754273037,No estimate
17. Jigawa,3. North West,Butter/Margarine,0,0,0,0,NA,109,14,7687056,8.610840754273037,No estimate
17. Jigawa,3. North West,Cake,0,0,0,0,NA,109,14,7687056,8.610840754273037,No estimate
17. Jigawa,3. North West,Canned fish/seafood,0,0,0,0,NA,109,14,7687056,8.610840754273037,No estimate
17. Jigawa,3. North West,Cashew nut,0,0,0,0,NA,109,14,7687056,8.610840754273037,No estimate
17. Jigawa,3. North West,Cassava flour,1.9441851660576916,0.5307095841085936,0.9039943812048483,2.984375950910535,0.27297275659434045,109,14,7687056,8.610840754273037,CV < 10%
17. Jigawa,3. North West,Cassava roots,22.294259549659582,9.82518152805723,3.03690375466741,41.55161534465175,0.4407045457675787,109,14,7687056,8.610840754273037,CV < 10%
17. Jigawa,3. North West,Cheese/wara,0.03391141914041129,0.029002988444813308,0,0.09075727649224538,0.8552572903164426,109,14,7687056,8.610840754273037,CV < 10%
17. Jigawa,3. North West,Chicken,0.48353949489095227,0.1987979646924892,0.09389548409367343,0.8731835056882311,0.41113076965372203,109,14,7687056,8.610840754273037,CV < 10%
17. Jigawa,3. North West,Chocolate drinks,0.0016299613696369845,0.001673561904420555,0,0.004910142702301272,1.026749428296746,109,14,7687056,8.610840754273037,CV < 10%
17. Jigawa,3. North West,Coconut,0,0,0,0,NA,109,14,7687056,8.610840754273037,No estimate
17. Jigawa,3. North West,Cocoyam,0,0,0,0,NA,109,14,7687056,8.610840754273037,No estimate
17. Jigawa,3. North West,Coffee,4.194768894012532e-4,3.671123437121461e-4,0,0.0011390170830770595,0.8751670306227111,109,14,7687056,8.610840754273037,CV < 10%
17. Jigawa,3. North West,Dry pepper,0.7597415610749261,0.17121809634719398,0.42415409223442585,1.0953290299154264,0.22536360404575573,109,14,7687056,8.610840754273037,CV < 10%
17. Jigawa,3. North West,Duck,0,0,0,0,NA,109,14,7687056,8.610840754273037,No estimate
17. Jigawa,3. North West,Fish - dried,0.6709043825802183,0.11151458044245076,0.45233580491301484,0.8894729602474218,0.1662153107624353,109,14,7687056,8.610840754273037,CV < 10%
17. Jigawa,3. North West,Fish - fresh,5.326096736096003,2.157561008814832,1.0972771588189332,9.554916313373074,0.405092343552947,109,14,7687056,8.610840754273037,CV < 10%
17. Jigawa,3. North West,Fish - frozen,0.08640008790056089,0.08344904594379245,0,0.24996021795039408,0.9658444565454049,109,14,7687056,8.610840754273037,CV < 10%
17. Jigawa,3. North West,Fish - smoked,0,0,0,0,NA,109,14,7687056,8.610840754273037,No estimate
17. Jigawa,3. North West,Fresh milk,6.123503437651689,2.155325823547519,1.8990648234985512,10.347942051804825,0.3519759310160636,109,14,7687056,8.610840754273037,CV < 10%
17. Jigawa,3. North West,Fresh pepper,1.5704721459963114,0.35912837380655105,0.8665805333354714,2.2743637586571515,0.22867541759469992,109,14,7687056,8.610840754273037,CV < 10%
17. Jigawa,3. North West,Fruit juice,0,0,0,0,NA,109,14,7687056,8.610840754273037,No estimate
17. Jigawa,3. North West,Garden eggs/Eggplant,0.11160188382430677,0.07735428180568844,0,0.2632162761634561,0.69312702577195,109,14,7687056,8.610840754273037,CV < 10%
17. Jigawa,3. North West,Gari - white,9.269208725471552,2.0769002754938226,5.19848418550366,13.339933265439445,0.2240644629985031,109,14,7687056,8.610840754273037,CV < 10%
17. Jigawa,3. North West,Gari - yellow,0.47033953423118546,0.4542748318313382,0,1.3607182046206083,0.965844456545405,109,14,7687056,8.610840754273037,CV < 10%
17. Jigawa,3. North West,Gin,0,0,0,0,NA,109,14,7687056,8.610840754273037,No estimate
17. Jigawa,3. North West,Goat,0.5250034190354591,0.2222388785341939,0.08941521710843903,0.9605916209624792,0.4233093928083233,109,14,7687056,8.610840754273037,CV < 10%
17. Jigawa,3. North West,Ground pepper,0.07099182085546167,0.020332726585151124,0.031139676748565465,0.11084396496235788,0.28640942491879823,109,14,7687056,8.610840754273037,CV < 10%
17. Jigawa,3. North West,Groundnut oil,3.9768806223631343,0.32585746788264364,3.3381999853131528,4.615561259413116,0.08193795560526865,109,14,7687056,8.610840754273037,CV < 10%
17. Jigawa,3. North West,Groundnuts - shelled,0.6273151770934213,0.2368412662169758,0.1631062953081488,1.0915240588786939,0.37754748309190805,109,14,7687056,8.610840754273037,CV < 10%
17. Jigawa,3. North West,Groundnuts - unshelled,0.31360300292490356,0.17471809870583727,0,0.6560504763883446,0.5571314594448442,109,14,7687056,8.610840754273037,CV < 10%
17. Jigawa,3. North West,Guava,0,0,0,0,NA,109,14,7687056,8.610840754273037,No estimate
17. Jigawa,3. North West,Guinea corn / sorghum,90.04024530643557,10.734888695896347,68.99986346247873,111.0806271503924,0.11922322800612226,109,14,7687056,8.610840754273037,CV < 10%
17. Jigawa,3. North West,Honey,0.017618029511119956,0.01541871857267015,0,0.04783871791355345,0.8751670306227114,109,14,7687056,8.610840754273037,CV < 10%
17. Jigawa,3. North West,Kola nut,0.19147041093586636,0.05251427779370508,0.08854242646020441,0.29439839541152835,0.27426837147853045,109,14,7687056,8.610840754273037,CV < 10%
17. Jigawa,3. North West,Leaves,0.24533189620267548,0.1517601551518545,0,0.5427818003003103,0.6185912125608047,109,14,7687056,8.610840754273037,CV < 10%
17. Jigawa,3. North West,Local eggs,0.06358174030187803,0.0615162392731302,0,0.1841535692772132,0.9675142419987075,109,14,7687056,8.610840754273037,CV < 10%
17. Jigawa,3. North West,Maize - shelled/off cob,0.6647111834057711,0.581733312602937,0,1.8049084761075276,0.8751670306227112,109,14,7687056,8.610840754273037,CV < 10%
17. Jigawa,3. North West,Maize - unshelled/on cob,0.3831862813293423,0.37009834564619326,0,1.108579038795881,0.965844456545405,109,14,7687056,8.610840754273037,CV < 10%
17. Jigawa,3. North West,Maize flour,20.448512224097463,8.206705017003387,4.363370390770825,36.5336540574241,0.4013350666818796,109,14,7687056,8.610840754273037,CV < 10%
17. Jigawa,3. North West,Malt drinks,0.2014619834486647,0.1173410550576136,0,0.43145045136158733,0.5824476313046612,109,14,7687056,8.610840754273037,CV < 10%
17. Jigawa,3. North West,Mangoes,0,0,0,0,NA,109,14,7687056,8.610840754273037,No estimate
17. Jigawa,3. North West,Meat pie/Sausage roll,0,0,0,0,NA,109,14,7687056,8.610840754273037,No estimate
17. Jigawa,3. North West,Melon - ground,0,0,0,0,NA,109,14,7687056,8.610840754273037,No estimate
17. Jigawa,3. North West,Melon - shelled,0,0,0,0,NA,109,14,7687056,8.610840754273037,No estimate
17. Jigawa,3. North West,Melon - unshelled,0,0,0,0,NA,109,14,7687056,8.610840754273037,No estimate
17. Jigawa,3. North West,Milk - tinned,0,0,0,0,NA,109,14,7687056,8.610840754273037,No estimate
17. Jigawa,3. North West,Milk powder,0.018797061919513875,0.007247058860790755,0.004592826552363994,0.033001297286663754,0.38554210715597714,109,14,7687056,8.610840754273037,CV < 10%
17. Jigawa,3. North West,Millet,24.03477293679636,3.720857624770535,16.741891992246114,31.32765388134661,0.15481143235907327,109,14,7687056,8.610840754273037,CV < 10%
17. Jigawa,3. North West,Mutton,0.2660599331500355,0.22323296538791013,0,0.7035965453103393,0.8390326297722756,109,14,7687056,8.610840754273037,CV < 10%
17. Jigawa,3. North West,Ogbono - ground,0,0,0,0,NA,109,14,7687056,8.610840754273037,No estimate
17. Jigawa,3. North West,Ogbono - unground,0,0,0,0,NA,109,14,7687056,8.610840754273037,No estimate
17. Jigawa,3. North West,Okra - dried,0.33818271036275005,0.16602251539992818,0.01277858017889083,0.6635868405466092,0.4909254977046134,109,14,7687056,8.610840754273037,CV < 10%
17. Jigawa,3. North West,Okra - fresh,0.5581465717052657,0.16950554246634314,0.22591570847123316,0.8903774349392983,0.3036936013930263,109,14,7687056,8.610840754273037,CV < 10%
17. Jigawa,3. North West,Onions,5.051512587184795,0.23034691706354973,4.600032629740237,5.502992544629352,0.0455995928126395,109,14,7687056,8.610840754273037,CV < 10%
17. Jigawa,3. North West,Orange/Tangerine,3.7417648554190537,1.8899497315346039,0.03746338161122997,7.446066329226877,0.5050958049374649,109,14,7687056,8.610840754273037,CV < 10%
17. Jigawa,3. North West,Other alcoholic beverages,0,0,0,0,NA,109,14,7687056,8.610840754273037,No estimate
17. Jigawa,3. North West,Other domestic poultry,0,0,0,0,NA,109,14,7687056,8.610840754273037,No estimate
17. Jigawa,3. North West,Other eggs,0,0,0,0,NA,109,14,7687056,8.610840754273037,No estimate
17. Jigawa,3. North West,Other fish/seafood,0,0,0,0,NA,109,14,7687056,8.610840754273037,No estimate
17. Jigawa,3. North West,Other fruits,0,0,0,0,NA,109,14,7687056,8.610840754273037,No estimate
17. Jigawa,3. North West,Other grains/flour,0.040749037087211844,0.04183905053293767,0,0.12275357613176968,1.0267494282967462,109,14,7687056,8.610840754273037,CV < 10%
17. Jigawa,3. North West,Other meat,0,0,0,0,NA,109,14,7687056,8.610840754273037,No estimate
17. Jigawa,3. North West,Other non-alcoholic drinks,0,0,0,0,NA,109,14,7687056,8.610840754273037,No estimate
17. Jigawa,3. North West,Other nuts/seeds/pulses,0,0,0,0,NA,109,14,7687056,8.610840754273037,No estimate
17. Jigawa,3. North West,Other oil/fat,0,0,0,0,NA,109,14,7687056,8.610840754273037,No estimate
17. Jigawa,3. North West,Other spices,0.7713468129451613,0.0728417315594029,0.6285770190887316,0.9141166068015909,0.09443447530596276,109,14,7687056,8.610840754273037,CV < 10%
17. Jigawa,3. North West,Other vegetables,0,0,0,0,NA,109,14,7687056,8.610840754273037,No estimate
17. Jigawa,3. North West,Palm oil,5.353397999210444,0.6731439706502655,4.034035816735924,6.672760181684965,0.1257414395024516,109,14,7687056,8.610840754273037,CV < 10%
17. Jigawa,3. North West,Palm wine,0,0,0,0,NA,109,14,7687056,8.610840754273037,No estimate
17. Jigawa,3. North West,Pawpaw,0,0,0,0,NA,109,14,7687056,8.610840754273037,No estimate
17. Jigawa,3. North West,Pineapples,0,0,0,0,NA,109,14,7687056,8.610840754273037,No estimate
17. Jigawa,3. North West,Pito,0,0,0,0,NA,109,14,7687056,8.610840754273037,No estimate
17. Jigawa,3. North West,Plantains,0,0,0,0,NA,109,14,7687056,8.610840754273037,No estimate
17. Jigawa,3. North West,Pork,0,0,0,0,NA,109,14,7687056,8.610840754273037,No estimate
17. Jigawa,3. North West,Potatoes,0,0,0,0,NA,109,14,7687056,8.610840754273037,No estimate
17. Jigawa,3. North West,Rice - imported,0,0,0,0,NA,109,14,7687056,8.610840754273037,No estimate
17. Jigawa,3. North West,Rice - local,34.74370725662378,5.6307806286981,23.707377224375502,45.78003728887205,0.16206620056714327,109,14,7687056,8.610840754273037,CV < 10%
17. Jigawa,3. North West,Sachet water,13.228585422798245,5.713578451520865,2.029971657817349,24.42719918777914,0.4319115210666471,109,14,7687056,8.610840754273037,CV < 10%
17. Jigawa,3. North West,Salt,1.6031249975419097,0.1334835347000357,1.3414972695298397,1.8647527255539798,0.08326458317642578,109,14,7687056,8.610840754273037,CV < 10%
17. Jigawa,3. North West,Seafood,0,0,0,0,NA,109,14,7687056,8.610840754273037,No estimate
17. Jigawa,3. North West,Snails,0,0,0,0,NA,109,14,7687056,8.610840754273037,No estimate
17. Jigawa,3. North West,Soft drinks,3.691997191152467,0.8009000904352355,2.1222330138994057,5.261761368405528,0.21692868357389847,109,14,7687056,8.610840754273037,CV < 10%
17. Jigawa,3. North West,Soya beans,0.22915867666559145,0.1652771741242751,0,0.5531019379491706,0.7212346332644525,109,14,7687056,8.610840754273037,CV < 10%
17. Jigawa,3. North West,Sugar,1.5268787573767761,0.15216874330380295,1.2286280205013225,1.8251294942522298,0.09966000415464123,109,14,7687056,8.610840754273037,CV < 10%
17. Jigawa,3. North West,Sweet potatoes,1.121029004585236,0.5344010058606933,0.07360303309827732,2.1684549760721947,0.47670577984591367,109,14,7687056,8.610840754273037,CV < 10%
17. Jigawa,3. North West,Tea,0.028136412823971516,0.017777337296181604,0,0.06297999392448746,0.6318267153457373,109,14,7687056,8.610840754273037,CV < 10%
17. Jigawa,3. North West,Tomato puree - canned,0,0,0,0,NA,109,14,7687056,8.610840754273037,No estimate
17. Jigawa,3. North West,Tomatoes,5.885498893364881,0.8132351059162951,4.291558085768942,7.479439700960819,0.138176069803209,109,14,7687056,8.610840754273037,CV < 10%
17. Jigawa,3. North West,Watermelon,1.6531223762994243,0.7030876128886617,0.2750706550376474,3.031174097561201,0.4253088718468317,109,14,7687056,8.610840754273037,CV < 10%
17. Jigawa,3. North West,Wheat flour,0.11498390446795377,0.11805965817579922,0,0.3463808344925202,1.0267494282967462,109,14,7687056,8.610840754273037,CV < 10%
17. Jigawa,3. North West,White beans,11.96510120234472,1.1681026461691713,9.675620015853143,14.254582388836296,0.09762580578426416,109,14,7687056,8.610840754273037,CV < 10%
17. Jigawa,3. North West,Wild game/Bush meat,0,0,0,0,NA,109,14,7687056,8.610840754273037,No estimate
17. Jigawa,3. North West,Yam flour,0,0,0,0,NA,109,14,7687056,8.610840754273037,No estimate
17. Jigawa,3. North West,Yam roots,1.1437544410448381,0.7548240545358198,0,2.6232095879350448,0.6599528949992761,109,14,7687056,8.610840754273037,CV < 10%
18. Kaduna,3. North West,Agricultural eggs,0.28338129689479014,0.10653710611480818,0.0745685689097661,0.4921940248798142,0.3759496737512702,215,33,9223209.794058561,6.748678359174849,CV < 10%
18. Kaduna,3. North West,Animal fat,0,0,0,0,NA,215,33,9223209.794058561,6.748678359174849,No estimate
18. Kaduna,3. North West,Apples,0,0,0,0,NA,215,33,9223209.794058561,6.748678359174849,No estimate
18. Kaduna,3. North West,Avocado pear,0,0,0,0,NA,215,33,9223209.794058561,6.748678359174849,No estimate
18. Kaduna,3. North West,Baby milk powder,0.030526123595661567,0.030231918035541355,0,0.08978068294532263,0.9903621709714224,215,33,9223209.794058561,6.748678359174849,CV < 10%
18. Kaduna,3. North West,Bananas,2.6527243212745626,0.9264440357179516,0.8368940112673775,4.468554631281748,0.3492424856544536,215,33,9223209.794058561,6.748678359174849,CV < 10%
18. Kaduna,3. North West,Beef,1.556382536825716,0.3683208896259478,0.8344735931588584,2.2782914804925736,0.23665190331494473,215,33,9223209.794058561,6.748678359174849,CV < 10%
18. Kaduna,3. North West,Beer,0,0,0,0,NA,215,33,9223209.794058561,6.748678359174849,No estimate
18. Kaduna,3. North West,Biscuits,0.16294866314350945,0.04213392581025191,0.0803661685554157,0.2455311577316032,0.2585717795864604,215,33,9223209.794058561,6.748678359174849,CV < 10%
18. Kaduna,3. North West,Bottled water,0.21159012075156666,0.1801522788507011,0,0.5646885872989408,0.8514210314300187,215,33,9223209.794058561,6.748678359174849,CV < 10%
18. Kaduna,3. North West,Bread,4.953340415870266,0.8246151947912913,3.3370946340793353,6.569586197661197,0.16647658459920575,215,33,9223209.794058561,6.748678359174849,CV < 10%
18. Kaduna,3. North West,Brown beans,0.22262275494140477,0.15611507803791813,0,0.5286083078957242,0.7012539130557802,215,33,9223209.794058561,6.748678359174849,CV < 10%
18. Kaduna,3. North West,Buns/Pofpof/Donuts,0.07291245305144614,0.041358432624634435,0,0.15397498099572965,0.5672341403114284,215,33,9223209.794058561,6.748678359174849,CV < 10%
18. Kaduna,3. North West,Butter/Margarine,0.015559338135925214,0.015695023757133695,0,0.046321584699907256,1.0087205265431691,215,33,9223209.794058561,6.748678359174849,CV < 10%
18. Kaduna,3. North West,Cake,0.01716708343459886,0.017316789441358976,0,0.05110799073966245,1.0087205265431631,215,33,9223209.794058561,6.748678359174849,CV < 10%
18. Kaduna,3. North West,Canned fish/seafood,0,0,0,0,NA,215,33,9223209.794058561,6.748678359174849,No estimate
18. Kaduna,3. North West,Cashew nut,0.024464404238468466,0.023707352311029477,0,0.07093081476808624,0.9690549616471518,215,33,9223209.794058561,6.748678359174849,CV < 10%
18. Kaduna,3. North West,Cassava flour,1.344485288049562,0.4053768434015563,0.5499466749825116,2.1390239011166123,0.3015108064065427,215,33,9223209.794058561,6.748678359174849,CV < 10%
18. Kaduna,3. North West,Cassava roots,0.5345396882553356,0.48049069915292486,0,1.4763014585950684,0.8988868548211654,215,33,9223209.794058561,6.748678359174849,CV < 10%
18. Kaduna,3. North West,Cheese/wara,0.04869569913369802,0.031891611997896974,0,0.11120325864957609,0.654916400529253,215,33,9223209.794058561,6.748678359174849,CV < 10%
18. Kaduna,3. North West,Chicken,0.7026890944816179,0.29674624343932793,0.12106645734053512,1.2843117316227006,0.42230090913569845,215,33,9223209.794058561,6.748678359174849,CV < 10%
18. Kaduna,3. North West,Chocolate drinks,0.0828185295245233,0.018034218439638202,0.047471461382832425,0.11816559766621418,0.21775583970369952,215,33,9223209.794058561,6.748678359174849,CV < 10%
18. Kaduna,3. North West,Coconut,0,0,0,0,NA,215,33,9223209.794058561,6.748678359174849,No estimate
18. Kaduna,3. North West,Cocoyam,0.0722377024411138,0.05273252130538435,0,0.1755934441996671,0.729986136372076,215,33,9223209.794058561,6.748678359174849,CV < 10%
18. Kaduna,3. North West,Coffee,9.750768239240207e-4,6.235954027287875e-4,0,0.0021973238132724443,0.639534637095814,215,33,9223209.794058561,6.748678359174849,CV < 10%
18. Kaduna,3. North West,Dry pepper,0.12171087080951636,0.03372660896265636,0.05560671724270988,0.18781502437632283,0.2771043271511894,215,33,9223209.794058561,6.748678359174849,CV < 10%
18. Kaduna,3. North West,Duck,0,0,0,0,NA,215,33,9223209.794058561,6.748678359174849,No estimate
18. Kaduna,3. North West,Fish - dried,0.981226350331585,0.2832373432095253,0.42608115764091536,1.5363715430222546,0.2886564788173607,215,33,9223209.794058561,6.748678359174849,CV < 10%
18. Kaduna,3. North West,Fish - fresh,2.852677541261058,1.2915091239443928,0.32131965833004816,5.384035424192068,0.45273575623744233,215,33,9223209.794058561,6.748678359174849,CV < 10%
18. Kaduna,3. North West,Fish - frozen,0.5714369087888747,0.14708675144749403,0.28314687595178634,0.859726941625963,0.2573980594974786,215,33,9223209.794058561,6.748678359174849,CV < 10%
18. Kaduna,3. North West,Fish - smoked,0.4595219986528055,0.133081263680456,0.1986827218391118,0.7203612754664992,0.2896080363303919,215,33,9223209.794058561,6.748678359174849,CV < 10%
18. Kaduna,3. North West,Fresh milk,0,0,0,0,NA,215,33,9223209.794058561,6.748678359174849,No estimate
18. Kaduna,3. North West,Fresh pepper,3.0304219861120036,0.4009503176062148,2.244559363603823,3.8162846086201845,0.13230841098821006,215,33,9223209.794058561,6.748678359174849,CV < 10%
18. Kaduna,3. North West,Fruit juice,0,0,0,0,NA,215,33,9223209.794058561,6.748678359174849,No estimate
18. Kaduna,3. North West,Garden eggs/Eggplant,0.23894077659090107,0.09890794514565211,0.045081204105422934,0.4328003490763792,0.4139433484599236,215,33,9223209.794058561,6.748678359174849,CV < 10%
18. Kaduna,3. North West,Gari - white,3.538484320613014,0.6673828618840791,2.230413911320219,4.846554729905809,0.18860698576402352,215,33,9223209.794058561,6.748678359174849,CV < 10%
18. Kaduna,3. North West,Gari - yellow,0.08467301699394497,0.07284397624882953,0,0.22744721044165084,0.8602973985684088,215,33,9223209.794058561,6.748678359174849,CV < 10%
18. Kaduna,3. North West,Gin,0,0,0,0,NA,215,33,9223209.794058561,6.748678359174849,No estimate
18. Kaduna,3. North West,Goat,0.2837645108858899,0.09205526980696556,0.10333618206423739,0.4641928397075424,0.32440726826471866,215,33,9223209.794058561,6.748678359174849,CV < 10%
18. Kaduna,3. North West,Ground pepper,0.057833385626732375,0.012692641500032398,0.03295580828666887,0.08271096296679588,0.21946910703020417,215,33,9223209.794058561,6.748678359174849,CV < 10%
18. Kaduna,3. North West,Groundnut oil,3.212826027251471,0.3571790478444802,2.51275509347629,3.912896961026652,0.11117285679798915,215,33,9223209.794058561,6.748678359174849,CV < 10%
18. Kaduna,3. North West,Groundnuts - shelled,0.40455826215699464,0.20204634838547353,0.00854741932146652,0.8005691049925228,0.4994246003238627,215,33,9223209.794058561,6.748678359174849,CV < 10%
18. Kaduna,3. North West,Groundnuts - unshelled,0.3173266951708007,0.1485166657261378,0.026234030347570603,0.6084193599940309,0.46802449332603074,215,33,9223209.794058561,6.748678359174849,CV < 10%
18. Kaduna,3. North West,Guava,0.045880262005145334,0.03460494220970152,0,0.11370594873616031,0.754244651127334,215,33,9223209.794058561,6.748678359174849,CV < 10%
18. Kaduna,3. North West,Guinea corn / sorghum,9.220097524942947,1.375543661292462,6.524031948809721,11.916163101076172,0.1491897084137376,215,33,9223209.794058561,6.748678359174849,CV < 10%
18. Kaduna,3. North West,Honey,0.019073999161322245,0.018071798130557065,0,0.0544947234972141,0.9474572153281092,215,33,9223209.794058561,6.748678359174849,CV < 10%
18. Kaduna,3. North West,Kola nut,0.017040869069072838,0.0052895636230624685,0.0066733243678704,0.027408413770275274,0.31040456925183474,215,33,9223209.794058561,6.748678359174849,CV < 10%
18. Kaduna,3. North West,Leaves,4.201653706250765,0.5104674101277826,3.201137582400311,5.2021698301012185,0.12149202333556537,215,33,9223209.794058561,6.748678359174849,CV < 10%
18. Kaduna,3. North West,Local eggs,0.03527211233394515,0.018899121984021945,0,0.07231439142262816,0.5358091912696088,215,33,9223209.794058561,6.748678359174849,CV < 10%
18. Kaduna,3. North West,Maize - shelled/off cob,7.580065807388988,2.171586959450963,3.3237553668651003,11.836376247912876,0.2864865575882095,215,33,9223209.794058561,6.748678359174849,CV < 10%
18. Kaduna,3. North West,Maize - unshelled/on cob,0.12070436503545816,0.12391478887647478,0,0.3635773512333487,1.026597412944209,215,33,9223209.794058561,6.748678359174849,CV < 10%
18. Kaduna,3. North West,Maize flour,19.46756511231295,2.3975066248885266,14.76845212753144,24.16667809709446,0.12315390296920793,215,33,9223209.794058561,6.748678359174849,CV < 10%
18. Kaduna,3. North West,Malt drinks,0.1935417020019225,0.12189715131383395,0,0.43246011857703703,0.6298237023492906,215,33,9223209.794058561,6.748678359174849,CV < 10%
18. Kaduna,3. North West,Mangoes,1.4719826039517565,1.0678123533714563,0,3.5648948165598107,0.725424573975776,215,33,9223209.794058561,6.748678359174849,CV < 10%
18. Kaduna,3. North West,Meat pie/Sausage roll,0.004933070241435278,0.00497608921141502,0,0.01468620509580872,1.0087205265431667,215,33,9223209.794058561,6.748678359174849,CV < 10%
18. Kaduna,3. North West,Melon - ground,0.04541554868994454,0.021369300436903608,0.0035317198336134656,0.08729937754627562,0.47052828939254865,215,33,9223209.794058561,6.748678359174849,CV < 10%
18. Kaduna,3. North West,Melon - shelled,0.015918918007613362,0.010428060444973257,0,0.03635791647976094,0.6550734440610817,215,33,9223209.794058561,6.748678359174849,CV < 10%
18. Kaduna,3. North West,Melon - unshelled,9.393212853021494e-4,9.600842609039731e-4,0,0.0028210864366739366,1.022104231988254,215,33,9223209.794058561,6.748678359174849,CV < 10%
18. Kaduna,3. North West,Milk - tinned,0,0,0,0,NA,215,33,9223209.794058561,6.748678359174849,No estimate
18. Kaduna,3. North West,Milk powder,0.15681811937127235,0.03556574230128471,0.08710926446075432,0.2265269742817904,0.2267961281762446,215,33,9223209.794058561,6.748678359174849,CV < 10%
18. Kaduna,3. North West,Millet,4.8492296621041655,1.3291506297924691,2.2440944277109263,7.454364896497404,0.2740952114888548,215,33,9223209.794058561,6.748678359174849,CV < 10%
18. Kaduna,3. North West,Mutton,0,0,0,0,NA,215,33,9223209.794058561,6.748678359174849,No estimate
18. Kaduna,3. North West,Ogbono - ground,0.015841785694942517,0.011203890247514009,0,0.03780141058006997,0.7072365744153984,215,33,9223209.794058561,6.748678359174849,CV < 10%
18. Kaduna,3. North West,Ogbono - unground,0,0,0,0,NA,215,33,9223209.794058561,6.748678359174849,No estimate
18. Kaduna,3. North West,Okra - dried,1.003334372311397,0.1181800841261386,0.7717014074241653,1.2349673371986287,0.1177873372900455,215,33,9223209.794058561,6.748678359174849,CV < 10%
18. Kaduna,3. North West,Okra - fresh,0.6798843144001135,0.23769495183441508,0.21400220880465998,1.145766419995567,0.3496108776154689,215,33,9223209.794058561,6.748678359174849,CV < 10%
18. Kaduna,3. North West,Onions,9.000131561839073,0.5350809440969175,7.9513729114091145,10.048890212269031,0.05945256915639797,215,33,9223209.794058561,6.748678359174849,CV < 10%
18. Kaduna,3. North West,Orange/Tangerine,2.4888796436074676,0.5470405110857148,1.4166802418794666,3.5610790453354686,0.21979387894097424,215,33,9223209.794058561,6.748678359174849,CV < 10%
18. Kaduna,3. North West,Other alcoholic beverages,0,0,0,0,NA,215,33,9223209.794058561,6.748678359174849,No estimate
18. Kaduna,3. North West,Other domestic poultry,0,0,0,0,NA,215,33,9223209.794058561,6.748678359174849,No estimate
18. Kaduna,3. North West,Other eggs,0,0,0,0,NA,215,33,9223209.794058561,6.748678359174849,No estimate
18. Kaduna,3. North West,Other fish/seafood,0,0,0,0,NA,215,33,9223209.794058561,6.748678359174849,No estimate
18. Kaduna,3. North West,Other fruits,0,0,0,0,NA,215,33,9223209.794058561,6.748678359174849,No estimate
18. Kaduna,3. North West,Other grains/flour,1.6434965524956209,0.34484026895114395,0.9676096253513787,2.319383479639863,0.20982110879850038,215,33,9223209.794058561,6.748678359174849,CV < 10%
18. Kaduna,3. North West,Other meat,0.029765841133721656,0.030025414941407983,0,0.0886156544188813,1.0087205265431676,215,33,9223209.794058561,6.748678359174849,CV < 10%
18. Kaduna,3. North West,Other non-alcoholic drinks,0,0,0,0,NA,215,33,9223209.794058561,6.748678359174849,No estimate
18. Kaduna,3. North West,Other nuts/seeds/pulses,0,0,0,0,NA,215,33,9223209.794058561,6.748678359174849,No estimate
18. Kaduna,3. North West,Other oil/fat,0,0,0,0,NA,215,33,9223209.794058561,6.748678359174849,No estimate
18. Kaduna,3. North West,Other spices,1.1497849358079701,0.08310114159008751,0.9869066982913987,1.3126631733245417,0.07227537863999858,215,33,9223209.794058561,6.748678359174849,CV < 10%
18. Kaduna,3. North West,Other vegetables,0.04559942412652846,0.04681225084003981,0,0.13735143577300649,1.0265974129442077,215,33,9223209.794058561,6.748678359174849,CV < 10%
18. Kaduna,3. North West,Palm oil,4.905243517436973,0.264347232189132,4.3871229423462745,5.423364092527671,0.053890745943486904,215,33,9223209.794058561,6.748678359174849,CV < 10%
18. Kaduna,3. North West,Palm wine,0.46913730668388387,0.313251892726822,0,1.083111016428455,0.6677189988173309,215,33,9223209.794058561,6.748678359174849,CV < 10%
18. Kaduna,3. North West,Pawpaw,0.7432431193414494,0.2541490121053194,0.24511105561502333,1.2413751830678754,0.34194600056372965,215,33,9223209.794058561,6.748678359174849,CV < 10%
18. Kaduna,3. North West,Pineapples,0.1208234532836767,0.07571598053438117,0,0.2692267751310638,0.6266662512667185,215,33,9223209.794058561,6.748678359174849,CV < 10%
18. Kaduna,3. North West,Pito,0.20381929003808705,0.20832455890877088,0,0.612135425499278,1.0221042319882576,215,33,9223209.794058561,6.748678359174849,CV < 10%
18. Kaduna,3. North West,Plantains,1.2600308442077415,0.7761870060817617,0,2.7813573761279944,0.6160063538522329,215,33,9223209.794058561,6.748678359174849,CV < 10%
18. Kaduna,3. North West,Pork,0.004957332163354758,0.005066910183536388,0,0.014888476123086077,1.0221042319882547,215,33,9223209.794058561,6.748678359174849,CV < 10%
18. Kaduna,3. North West,Potatoes,0.27111759888431425,0.16083045800157503,0,0.5863452965674013,0.5932129034168723,215,33,9223209.794058561,6.748678359174849,CV < 10%
18. Kaduna,3. North West,Rice - imported,0.28241196126891477,0.1555324176423745,0,0.5872554998479688,0.5507288605749788,215,33,9223209.794058561,6.748678359174849,CV < 10%
18. Kaduna,3. North West,Rice - local,21.72236289865811,1.0060759146938774,19.750454105858108,23.69427169145811,0.0463152153100263,215,33,9223209.794058561,6.748678359174849,CV < 10%
18. Kaduna,3. North West,Sachet water,15.365973761290926,5.588126232574391,4.4132463454451205,26.31870117713673,0.3636688646867064,215,33,9223209.794058561,6.748678359174849,CV < 10%
18. Kaduna,3. North West,Salt,1.5595393241246076,0.09185076568502962,1.3795118233819497,1.7395668248672655,0.058896088264133256,215,33,9223209.794058561,6.748678359174849,CV < 10%
18. Kaduna,3. North West,Seafood,0,0,0,0,NA,215,33,9223209.794058561,6.748678359174849,No estimate
18. Kaduna,3. North West,Snails,0,0,0,0,NA,215,33,9223209.794058561,6.748678359174849,No estimate
18. Kaduna,3. North West,Soft drinks,2.1633993496364905,0.5789696532399141,1.0286188292862588,3.298179869986722,0.26762033248147027,215,33,9223209.794058561,6.748678359174849,CV < 10%
18. Kaduna,3. North West,Soya beans,3.2038504486931,0.6348504219343923,1.959543621701691,4.448157275684509,0.1981523270517691,215,33,9223209.794058561,6.748678359174849,CV < 10%
18. Kaduna,3. North West,Sugar,2.312581119681304,0.24110266948789308,1.8400198874850338,2.7851423518775746,0.10425695662564231,215,33,9223209.794058561,6.748678359174849,CV < 10%
18. Kaduna,3. North West,Sweet potatoes,7.647308037814157,1.6124978818595255,4.486812189369488,10.807803886258826,0.21085823585058938,215,33,9223209.794058561,6.748678359174849,CV < 10%
18. Kaduna,3. North West,Tea,0.12581913261811997,0.03163795307574975,0.06380874458965047,0.18782952064658948,0.2514558192971788,215,33,9223209.794058561,6.748678359174849,CV < 10%
18. Kaduna,3. North West,Tomato puree - canned,0.08014013982842205,0.03244230682621665,0.016553218449037427,0.14372706120780668,0.4048196932981996,215,33,9223209.794058561,6.748678359174849,CV < 10%
18. Kaduna,3. North West,Tomatoes,8.95687491442876,0.8819741435710776,7.228205593029447,10.685544235828072,0.09846895842547636,215,33,9223209.794058561,6.748678359174849,CV < 10%
18. Kaduna,3. North West,Watermelon,2.644876082999543,0.7071862909450916,1.2587909527471635,4.030961213251922,0.26737974436332557,215,33,9223209.794058561,6.748678359174849,CV < 10%
18. Kaduna,3. North West,Wheat flour,0.05085974003868481,0.04730335558695114,0,0.14357431698910905,0.9300746632006254,215,33,9223209.794058561,6.748678359174849,CV < 10%
18. Kaduna,3. North West,White beans,8.698512227741867,0.7845995015107128,7.16069720478087,10.236327250702864,0.0901992755736339,215,33,9223209.794058561,6.748678359174849,CV < 10%
18. Kaduna,3. North West,Wild game/Bush meat,0.5084376373744506,0.3965930849572905,0,1.28576008389074,0.7800230663592876,215,33,9223209.794058561,6.748678359174849,CV < 10%
18. Kaduna,3. North West,Yam flour,0.11664901274595058,0.10011212301440237,0,0.3128687738541792,0.8582337789042087,215,33,9223209.794058561,6.748678359174849,CV < 10%
18. Kaduna,3. North West,Yam roots,14.772303983141295,3.474388255746701,7.962503001877762,21.582104964404827,0.23519609802992156,215,33,9223209.794058561,6.748678359174849,CV < 10%
19. Kano,3. North West,Agricultural eggs,0.17920003534340842,0.07347436907388838,0.035190271958587205,0.32320979872822964,0.4100131394119784,149,20,15671491,8.990900376611378,CV < 10%
19. Kano,3. North West,Animal fat,0,0,0,0,NA,149,20,15671491,8.990900376611378,No estimate
19. Kano,3. North West,Apples,0.010063091479193001,0.01009211170746602,0,0.0298436304258264,1.0028838283278079,149,20,15671491,8.990900376611378,CV < 10%
19. Kano,3. North West,Avocado pear,0,0,0,0,NA,149,20,15671491,8.990900376611378,No estimate
19. Kano,3. North West,Baby milk powder,0,0,0,0,NA,149,20,15671491,8.990900376611378,No estimate
19. Kano,3. North West,Bananas,1.3629792207370401,0.35552173112753427,0.666156627727073,2.0598018137470073,0.26084163699523133,149,20,15671491,8.990900376611378,CV < 10%
19. Kano,3. North West,Beef,1.3155554433528147,0.26932051632688003,0.7876872313521298,1.8434236553534995,0.20472000453321207,149,20,15671491,8.990900376611378,CV < 10%
19. Kano,3. North West,Beer,0,0,0,0,NA,149,20,15671491,8.990900376611378,No estimate
19. Kano,3. North West,Biscuits,0.05010602281351419,0.0132122714159152,0.024209970838320397,0.07600207478870798,0.26368629306478686,149,20,15671491,8.990900376611378,CV < 10%
19. Kano,3. North West,Bottled water,0,0,0,0,NA,149,20,15671491,8.990900376611378,No estimate
19. Kano,3. North West,Bread,6.61940979607841,0.743259699192838,5.162620785660448,8.076198806496373,0.11228488975454778,149,20,15671491,8.990900376611378,CV < 10%
19. Kano,3. North West,Brown beans,0.018041200273269595,0.01897452504274054,0,0.05523126935704105,1.0517329642891768,149,20,15671491,8.990900376611378,CV < 10%
19. Kano,3. North West,Buns/Pofpof/Donuts,0,0,0,0,NA,149,20,15671491,8.990900376611378,No estimate
19. Kano,3. North West,Butter/Margarine,0,0,0,0,NA,149,20,15671491,8.990900376611378,No estimate
19. Kano,3. North West,Cake,0,0,0,0,NA,149,20,15671491,8.990900376611378,No estimate
19. Kano,3. North West,Canned fish/seafood,0,0,0,0,NA,149,20,15671491,8.990900376611378,No estimate
19. Kano,3. North West,Cashew nut,0,0,0,0,NA,149,20,15671491,8.990900376611378,No estimate
19. Kano,3. North West,Cassava flour,0.869519622934699,0.31158968044952623,0.25880384925362754,1.4802353966157704,0.3583469219451148,149,20,15671491,8.990900376611378,CV < 10%
19. Kano,3. North West,Cassava roots,11.048524214490431,5.247015792289529,0.7643732616029535,21.332675167377907,0.47490648437987126,149,20,15671491,8.990900376611378,CV < 10%
19. Kano,3. North West,Cheese/wara,1.6116492885236722,0.38458961915446827,0.8578536349809144,2.36544494206643,0.23863108549302683,149,20,15671491,8.990900376611378,CV < 10%
19. Kano,3. North West,Chicken,1.9492807470242879,0.4331375202792531,1.1003312072769518,2.798230286771624,0.22220376461444435,149,20,15671491,8.990900376611378,CV < 10%
19. Kano,3. North West,Chocolate drinks,0.014924327112806316,0.006587897372497722,0.002012048262710781,0.02783660596290185,0.4414200601945234,149,20,15671491,8.990900376611378,CV < 10%
19. Kano,3. North West,Coconut,0,0,0,0,NA,149,20,15671491,8.990900376611378,No estimate
19. Kano,3. North West,Cocoyam,0,0,0,0,NA,149,20,15671491,8.990900376611378,No estimate
19. Kano,3. North West,Coffee,0,0,0,0,NA,149,20,15671491,8.990900376611378,No estimate
19. Kano,3. North West,Dry pepper,0.10609669256519873,0.03920629399843721,0.0292523563282618,0.18294102880213564,0.3695336117508478,149,20,15671491,8.990900376611378,CV < 10%
19. Kano,3. North West,Duck,0,0,0,0,NA,149,20,15671491,8.990900376611378,No estimate
19. Kano,3. North West,Fish - dried,0,0,0,0,NA,149,20,15671491,8.990900376611378,No estimate
19. Kano,3. North West,Fish - fresh,2.3697936959159613,0.6988011032952067,1.000143533457356,3.7394438583745666,0.2948784548205617,149,20,15671491,8.990900376611378,CV < 10%
19. Kano,3. North West,Fish - frozen,0.7489977228039819,0.21796535843609,0.3217856202692455,1.1762098253387183,0.2910093739939622,149,20,15671491,8.990900376611378,CV < 10%
19. Kano,3. North West,Fish - smoked,0.12305201663679263,0.11917852483524805,0,0.35664192531387884,0.968521508973089,149,20,15671491,8.990900376611378,CV < 10%
19. Kano,3. North West,Fresh milk,0.9724319990911693,0.7786095239512045,0,2.49850666603553,0.8006827466382118,149,20,15671491,8.990900376611378,CV < 10%
19. Kano,3. North West,Fresh pepper,1.5346862048824572,0.22901852571491985,1.0858098944812142,1.9835625152837002,0.14922824287226882,149,20,15671491,8.990900376611378,CV < 10%
19. Kano,3. North West,Fruit juice,0,0,0,0,NA,149,20,15671491,8.990900376611378,No estimate
19. Kano,3. North West,Garden eggs/Eggplant,0.04034025026083265,0.028381222629791095,0,0.09596744661522319,0.7035460228006352,149,20,15671491,8.990900376611378,CV < 10%
19. Kano,3. North West,Gari - white,2.717093582893607,0.41232393345759005,1.9089386733167304,3.5252484924704834,0.1517518336701822,149,20,15671491,8.990900376611378,CV < 10%
19. Kano,3. North West,Gari - yellow,0.18899851999893702,0.10724798528002748,0,0.39920457114779084,0.5674541011253986,149,20,15671491,8.990900376611378,CV < 10%
19. Kano,3. North West,Gin,0,0,0,0,NA,149,20,15671491,8.990900376611378,No estimate
19. Kano,3. North West,Goat,0.1708809164918549,0.07788977720034616,0.01821695317917643,0.3235448798045334,0.4558131990359427,149,20,15671491,8.990900376611378,CV < 10%
19. Kano,3. North West,Ground pepper,0.052698037898290515,0.014457319245581506,0.024361692176950764,0.08103438361963027,0.27434264769942207,149,20,15671491,8.990900376611378,CV < 10%
19. Kano,3. North West,Groundnut oil,2.089579996842782,0.17334435371924212,1.7498250635530677,2.4293349301324967,0.08295655298249123,149,20,15671491,8.990900376611378,CV < 10%
19. Kano,3. North West,Groundnuts - shelled,0.20291597472561135,0.08863694692452587,0.02918755875354065,0.3766443906976821,0.4368160123636556,149,20,15671491,8.990900376611378,CV < 10%
19. Kano,3. North West,Groundnuts - unshelled,0.045977744871866406,0.036663567744385214,0,0.11783833765086144,0.7974198788253206,149,20,15671491,8.990900376611378,CV < 10%
19. Kano,3. North West,Guava,0.025876521864568215,0.025951145311346374,0,0.07674076667480711,1.002883828327807,149,20,15671491,8.990900376611378,CV < 10%
19. Kano,3. North West,Guinea corn / sorghum,52.8363482451397,5.410992444473377,42.23080305397188,63.441893436307524,0.1024104167715853,149,20,15671491,8.990900376611378,CV < 10%
19. Kano,3. North West,Honey,0.0016503151309475046,0.001733603944602618,0,0.005048178862368636,1.050468429994515,149,20,15671491,8.990900376611378,CV < 10%
19. Kano,3. North West,Kola nut,0.1991085400416175,0.01623671347869905,0.16728458162336735,0.23093249845986763,0.08154704702924981,149,20,15671491,8.990900376611378,CV < 10%
19. Kano,3. North West,Leaves,0.004309795857012348,0.004305225785866244,0,0.012748038397310186,0.9989396084413908,149,20,15671491,8.990900376611378,CV < 10%
19. Kano,3. North West,Local eggs,0.04969077636055981,0.03691424837520294,0,0.12204270317595757,0.7428792842227002,149,20,15671491,8.990900376611378,CV < 10%
19. Kano,3. North West,Maize - shelled/off cob,20.776765777119635,4.784419278369296,11.399303991515815,30.154227562723456,0.23027738434815137,149,20,15671491,8.990900376611378,CV < 10%
19. Kano,3. North West,Maize - unshelled/on cob,0,0,0,0,NA,149,20,15671491,8.990900376611378,No estimate
19. Kano,3. North West,Maize flour,1.874302249391416,0.662078098391321,0.5766291765444269,3.1719753222384055,0.3532397715503447,149,20,15671491,8.990900376611378,CV < 10%
19. Kano,3. North West,Malt drinks,0.002957322268785113,0.0030757132661949293,0,0.008985720270527174,1.0400331741519844,149,20,15671491,8.990900376611378,CV < 10%
19. Kano,3. North West,Mangoes,0.17089870391236908,0.1403011969874777,0,0.4458890500078254,0.8209611528676033,149,20,15671491,8.990900376611378,CV < 10%
19. Kano,3. North West,Meat pie/Sausage roll,0,0,0,0,NA,149,20,15671491,8.990900376611378,No estimate
19. Kano,3. North West,Melon - ground,0,0,0,0,NA,149,20,15671491,8.990900376611378,No estimate
19. Kano,3. North West,Melon - shelled,0,0,0,0,NA,149,20,15671491,8.990900376611378,No estimate
19. Kano,3. North West,Melon - unshelled,0,0,0,0,NA,149,20,15671491,8.990900376611378,No estimate
19. Kano,3. North West,Milk - tinned,0.003580401265648888,0.00346769563653542,0,0.010377084713258312,0.9685215089730894,149,20,15671491,8.990900376611378,CV < 10%
19. Kano,3. North West,Milk powder,0.12306599032698116,0.0282788480774732,0.0676394480951337,0.17849253255882863,0.2297860522012417,149,20,15671491,8.990900376611378,CV < 10%
19. Kano,3. North West,Millet,11.789507199376843,1.4020860648247477,9.041418512320337,14.537595886433348,0.11892660491346557,149,20,15671491,8.990900376611378,CV < 10%
19. Kano,3. North West,Mutton,0.011245910463224113,0.011696119955295974,0,0.03417030557560422,1.0400331741519833,149,20,15671491,8.990900376611378,CV < 10%
19. Kano,3. North West,Ogbono - ground,0,0,0,0,NA,149,20,15671491,8.990900376611378,No estimate
19. Kano,3. North West,Ogbono - unground,0,0,0,0,NA,149,20,15671491,8.990900376611378,No estimate
19. Kano,3. North West,Okra - dried,0.2287284564241265,0.038536224937942495,0.1531974555457592,0.3042594573024938,0.16848023870928225,149,20,15671491,8.990900376611378,CV < 10%
19. Kano,3. North West,Okra - fresh,0.07317569591627544,0.03690696582545544,8.38042898382782e-4,0.14551334893416812,0.5043609816527449,149,20,15671491,8.990900376611378,CV < 10%
19. Kano,3. North West,Onions,3.3123474415744405,0.21615037814182222,2.888692700416469,3.736002182732412,0.06525594973185561,149,20,15671491,8.990900376611378,CV < 10%
19. Kano,3. North West,Orange/Tangerine,4.611000361978894,0.5726289684666614,3.4886475837842372,5.73335314017355,0.12418757829394475,149,20,15671491,8.990900376611378,CV < 10%
19. Kano,3. North West,Other alcoholic beverages,0,0,0,0,NA,149,20,15671491,8.990900376611378,No estimate
19. Kano,3. North West,Other domestic poultry,0.04952104200487691,0.049349725146653256,0,0.14624650329231728,0.9965405239613742,149,20,15671491,8.990900376611378,CV < 10%
19. Kano,3. North West,Other eggs,0,0,0,0,NA,149,20,15671491,8.990900376611378,No estimate
19. Kano,3. North West,Other fish/seafood,0,0,0,0,NA,149,20,15671491,8.990900376611378,No estimate
19. Kano,3. North West,Other fruits,0,0,0,0,NA,149,20,15671491,8.990900376611378,No estimate
19. Kano,3. North West,Other grains/flour,0.6099716922349171,0.2857633086511446,0.049875607278673684,1.1700677771911605,0.4684861810621355,149,20,15671491,8.990900376611378,CV < 10%
19. Kano,3. North West,Other meat,0,0,0,0,NA,149,20,15671491,8.990900376611378,No estimate
19. Kano,3. North West,Other non-alcoholic drinks,0,0,0,0,NA,149,20,15671491,8.990900376611378,No estimate
19. Kano,3. North West,Other nuts/seeds/pulses,0,0,0,0,NA,149,20,15671491,8.990900376611378,No estimate
19. Kano,3. North West,Other oil/fat,0,0,0,0,NA,149,20,15671491,8.990900376611378,No estimate
19. Kano,3. North West,Other spices,0.9045427460518815,0.04375914182221705,0.818774828080336,0.9903106640234269,0.048377085564187565,149,20,15671491,8.990900376611378,CV < 10%
19. Kano,3. North West,Other vegetables,0,0,0,0,NA,149,20,15671491,8.990900376611378,No estimate
19. Kano,3. North West,Palm oil,2.980777154103021,0.16574431464751865,2.6559182973938844,3.305636010812157,0.05560439646398009,149,20,15671491,8.990900376611378,CV < 10%
19. Kano,3. North West,Palm wine,0,0,0,0,NA,149,20,15671491,8.990900376611378,No estimate
19. Kano,3. North West,Pawpaw,0.5528350870841127,0.23810581137592324,0.08614769678730311,1.0195224773809222,0.4306995285552416,149,20,15671491,8.990900376611378,CV < 10%
19. Kano,3. North West,Pineapples,0.6836672939494386,0.6026920994485246,0,1.8649438088685468,0.881557600871715,149,20,15671491,8.990900376611378,CV < 10%
19. Kano,3. North West,Pito,0,0,0,0,NA,149,20,15671491,8.990900376611378,No estimate
19. Kano,3. North West,Plantains,0,0,0,0,NA,149,20,15671491,8.990900376611378,No estimate
19. Kano,3. North West,Pork,0,0,0,0,NA,149,20,15671491,8.990900376611378,No estimate
19. Kano,3. North West,Potatoes,0.01853401771766124,0.01927599327668836,0,0.056314964539970425,1.0400331741519857,149,20,15671491,8.990900376611378,CV < 10%
19. Kano,3. North West,Rice - imported,0.24601743827540964,0.18199435872228462,0,0.6027263813710875,0.7397620266192148,149,20,15671491,8.990900376611378,CV < 10%
19. Kano,3. North West,Rice - local,21.29610626828899,3.4221387404835544,14.588714336941225,28.00349819963676,0.16069316603567557,149,20,15671491,8.990900376611378,CV < 10%
19. Kano,3. North West,Sachet water,13.186096413515155,3.914849953803803,5.512990504059702,20.85920232297061,0.2968922591671071,149,20,15671491,8.990900376611378,CV < 10%
19. Kano,3. North West,Salt,1.0510490410015678,0.03364022663758822,0.9851141967918949,1.1169838852112408,0.03200633398183943,149,20,15671491,8.990900376611378,CV < 10%
19. Kano,3. North West,Seafood,0,0,0,0,NA,149,20,15671491,8.990900376611378,No estimate
19. Kano,3. North West,Snails,0,0,0,0,NA,149,20,15671491,8.990900376611378,No estimate
19. Kano,3. North West,Soft drinks,0.12717090598143116,0.09214573000183952,0,0.30777653678503664,0.7245818474808552,149,20,15671491,8.990900376611378,CV < 10%
19. Kano,3. North West,Soya beans,1.423518469404875,0.40593508925174243,0.6278856944714599,2.21915124433829,0.28516320509803444,149,20,15671491,8.990900376611378,CV < 10%
19. Kano,3. North West,Sugar,1.0345023578105819,0.09415287433940153,0.8499627241053549,1.2190419915158088,0.09101272087834235,149,20,15671491,8.990900376611378,CV < 10%
19. Kano,3. North West,Sweet potatoes,0.6346059801788317,0.2888703968933478,0.06842000226787004,1.2007919580897934,0.45519646192420726,149,20,15671491,8.990900376611378,CV < 10%
19. Kano,3. North West,Tea,0.0799613003991311,0.02901757974216882,0.02308684410448021,0.136835756693782,0.36289529556580524,149,20,15671491,8.990900376611378,CV < 10%
19. Kano,3. North West,Tomato puree - canned,0,0,0,0,NA,149,20,15671491,8.990900376611378,No estimate
19. Kano,3. North West,Tomatoes,3.5013099704261887,0.4242452132273141,2.6697893525006533,4.332830588351724,0.12116756779910974,149,20,15671491,8.990900376611378,CV < 10%
19. Kano,3. North West,Watermelon,7.620064333481021,1.6099774244796865,4.464508581500835,10.775620085461206,0.21128134278417723,149,20,15671491,8.990900376611378,CV < 10%
19. Kano,3. North West,Wheat flour,1.8429346029387825,0.40738103901466666,1.044467766470036,2.641401439407529,0.2210501872204517,149,20,15671491,8.990900376611378,CV < 10%
19. Kano,3. North West,White beans,6.325679209152041,0.7265197421413196,4.9017005145550545,7.749657903749027,0.1148524479537605,149,20,15671491,8.990900376611378,CV < 10%
19. Kano,3. North West,Wild game/Bush meat,0,0,0,0,NA,149,20,15671491,8.990900376611378,No estimate
19. Kano,3. North West,Yam flour,0,0,0,0,NA,149,20,15671491,8.990900376611378,No estimate
19. Kano,3. North West,Yam roots,3.2495680837294083,0.8800708696544275,1.5246291792067304,4.974506988252086,0.27082702900146743,149,20,15671491,8.990900376611378,CV < 10%
2. Adamawa,2. North East,Agricultural eggs,0.0015050981293237744,0.0015016106162945722,0,0.004448254937261136,0.9976828666774245,234,33,5020440.170036464,6.591654905503756,CV < 10%
2. Adamawa,2. North East,Animal fat,0,0,0,0,NA,234,33,5020440.170036464,6.591654905503756,No estimate
2. Adamawa,2. North East,Apples,0,0,0,0,NA,234,33,5020440.170036464,6.591654905503756,No estimate
2. Adamawa,2. North East,Avocado pear,0.1445486497319497,0.08758109273068894,0,0.31620759148410005,0.6058935375259394,234,33,5020440.170036464,6.591654905503756,CV < 10%
2. Adamawa,2. North East,Baby milk powder,0,0,0,0,NA,234,33,5020440.170036464,6.591654905503756,No estimate
2. Adamawa,2. North East,Bananas,0.8775075155036649,0.1946076942889688,0.4960764346972861,1.2589385963100437,0.22177325077070068,234,33,5020440.170036464,6.591654905503756,CV < 10%
2. Adamawa,2. North East,Beef,2.0581572054991644,0.2283089176744831,1.6106717268571775,2.505642684141151,0.11092880420624206,234,33,5020440.170036464,6.591654905503756,CV < 10%
2. Adamawa,2. North East,Beer,1.6062683361671939,0.8634003848600652,0,3.2985330904929215,0.5375193953709334,234,33,5020440.170036464,6.591654905503756,CV < 10%
2. Adamawa,2. North East,Biscuits,0.06473939832091351,0.019181151415380047,0.02714434154676862,0.1023344550950584,0.29628250976783854,234,33,5020440.170036464,6.591654905503756,CV < 10%
2. Adamawa,2. North East,Bottled water,0,0,0,0,NA,234,33,5020440.170036464,6.591654905503756,No estimate
2. Adamawa,2. North East,Bread,2.766711956577451,0.6400898860930765,1.512135779835021,4.021288133319881,0.23135400292443054,234,33,5020440.170036464,6.591654905503756,CV < 10%
2. Adamawa,2. North East,Brown beans,0.8767809166060432,0.2695488653278066,0.3484651405635423,1.4050966926485442,0.30743012333253233,234,33,5020440.170036464,6.591654905503756,CV < 10%
2. Adamawa,2. North East,Buns/Pofpof/Donuts,0.05948197857109286,0.03459733278539205,0,0.12729275083046127,0.5816439468979889,234,33,5020440.170036464,6.591654905503756,CV < 10%
2. Adamawa,2. North East,Butter/Margarine,0,0,0,0,NA,234,33,5020440.170036464,6.591654905503756,No estimate
2. Adamawa,2. North East,Cake,0.033582297142998326,0.03389410133070407,0,0.10001473575117831,1.0092847784169747,234,33,5020440.170036464,6.591654905503756,CV < 10%
2. Adamawa,2. North East,Canned fish/seafood,0,0,0,0,NA,234,33,5020440.170036464,6.591654905503756,No estimate
2. Adamawa,2. North East,Cashew nut,0,0,0,0,NA,234,33,5020440.170036464,6.591654905503756,No estimate
2. Adamawa,2. North East,Cassava flour,0.344207450286363,0.1979146173637153,0,0.732120100319245,0.5749864426207523,234,33,5020440.170036464,6.591654905503756,CV < 10%
2. Adamawa,2. North East,Cassava roots,1.0619128344621918,1.051090255469533,0,3.1220497351824763,0.9898084111600931,234,33,5020440.170036464,6.591654905503756,CV < 10%
2. Adamawa,2. North East,Cheese/wara,0.0585611585176474,0.05701804211592291,0,0.17031652106485629,0.9736494898532536,234,33,5020440.170036464,6.591654905503756,CV < 10%
2. Adamawa,2. North East,Chicken,0.1613686346936598,0.07717521846378929,0.010105206504632813,0.3126320628826868,0.4782541453008991,234,33,5020440.170036464,6.591654905503756,CV < 10%
2. Adamawa,2. North East,Chocolate drinks,0.012922370367113238,0.008616461954022468,0,0.029810635796997276,0.6667864880231971,234,33,5020440.170036464,6.591654905503756,CV < 10%
2. Adamawa,2. North East,Coconut,0,0,0,0,NA,234,33,5020440.170036464,6.591654905503756,No estimate
2. Adamawa,2. North East,Cocoyam,0.8620354259566011,0.261828874867984,0.34885083121535243,1.3752200206978498,0.3037333118617862,234,33,5020440.170036464,6.591654905503756,CV < 10%
2. Adamawa,2. North East,Coffee,0.010246685430445674,0.007094893044744018,0,0.02415267579814395,0.6924085932864857,234,33,5020440.170036464,6.591654905503756,CV < 10%
2. Adamawa,2. North East,Dry pepper,0.22789295866072803,0.0384446966625147,0.15254135320219922,0.3032445641192568,0.16869629008480524,234,33,5020440.170036464,6.591654905503756,CV < 10%
2. Adamawa,2. North East,Duck,0.13617433225656506,0.0937794066531873,0,0.31998196929681216,0.6886716835629362,234,33,5020440.170036464,6.591654905503756,CV < 10%
2. Adamawa,2. North East,Fish - dried,3.7759387143778804,2.307250751533108,0,8.298150187382772,0.6110403070758653,234,33,5020440.170036464,6.591654905503756,CV < 10%
2. Adamawa,2. North East,Fish - fresh,1.9157381411352967,0.6972012048583031,0.5492237796130228,3.2822525026575704,0.3639334572339467,234,33,5020440.170036464,6.591654905503756,CV < 10%
2. Adamawa,2. North East,Fish - frozen,0.049589992126539244,0.04203232233314312,0,0.13197334389949977,0.8475968745042115,234,33,5020440.170036464,6.591654905503756,CV < 10%
2. Adamawa,2. North East,Fish - smoked,2.2592715919907214,0.7363909587349853,0.8159453128701502,3.7025978711112923,0.3259417598776277,234,33,5020440.170036464,6.591654905503756,CV < 10%
2. Adamawa,2. North East,Fresh milk,0.0730066194621128,0.05340450706491587,0,0.1776794533093479,0.731502259088033,234,33,5020440.170036464,6.591654905503756,CV < 10%
2. Adamawa,2. North East,Fresh pepper,1.21125715498182,0.36775950928377577,0.4904485167856196,1.9320657931780205,0.30361802840231356,234,33,5020440.170036464,6.591654905503756,CV < 10%
2. Adamawa,2. North East,Fruit juice,0.031061281196616195,0.03123793957466029,0,0.09228764276295036,1.0056874144027046,234,33,5020440.170036464,6.591654905503756,CV < 10%
2. Adamawa,2. North East,Garden eggs/Eggplant,0.4794922718956364,0.13914141291851814,0.20677510257534087,0.7522094412159319,0.2901848915487899,234,33,5020440.170036464,6.591654905503756,CV < 10%
2. Adamawa,2. North East,Gari - white,0.5669106236622401,0.27511444415010816,0.02768631312802816,1.1061349341964521,0.4852871558004507,234,33,5020440.170036464,6.591654905503756,CV < 10%
2. Adamawa,2. North East,Gari - yellow,0.023937856864558262,0.017121297037757725,0,0.0574955990585634,0.7152393438824112,234,33,5020440.170036464,6.591654905503756,CV < 10%
2. Adamawa,2. North East,Gin,0,0,0,0,NA,234,33,5020440.170036464,6.591654905503756,No estimate
2. Adamawa,2. North East,Goat,0.14287148987886744,0.07490002057696517,0,0.28967553020971915,0.524247494307427,234,33,5020440.170036464,6.591654905503756,CV < 10%
2. Adamawa,2. North East,Ground pepper,0.0528523982986479,0.023660649971676235,0.0064775243541624825,0.09922727224313332,0.44767410246890416,234,33,5020440.170036464,6.591654905503756,CV < 10%
2. Adamawa,2. North East,Groundnut oil,2.8916987809292567,0.21174331763122078,2.476681878372064,3.3067156834864493,0.0732245415835381,234,33,5020440.170036464,6.591654905503756,CV < 10%
2. Adamawa,2. North East,Groundnuts - shelled,2.39701925211392,0.3014641881827109,1.8061494432758067,2.9878890609520337,0.12576627739508184,234,33,5020440.170036464,6.591654905503756,CV < 10%
2. Adamawa,2. North East,Groundnuts - unshelled,0.3589069254969049,0.16281008523856497,0.03979915842931758,0.6780146925644922,0.4536275944331673,234,33,5020440.170036464,6.591654905503756,CV < 10%
2. Adamawa,2. North East,Guava,0,0,0,0,NA,234,33,5020440.170036464,6.591654905503756,No estimate
2. Adamawa,2. North East,Guinea corn / sorghum,18.763368337172437,5.299898693299751,8.375566898304927,29.15116977603995,0.2824598759701385,234,33,5020440.170036464,6.591654905503756,CV < 10%
2. Adamawa,2. North East,Honey,0,0,0,0,NA,234,33,5020440.170036464,6.591654905503756,No estimate
2. Adamawa,2. North East,Kola nut,0.06466243772318697,0.023222381047687115,0.019146570869720228,0.11017830457665372,0.359132471112513,234,33,5020440.170036464,6.591654905503756,CV < 10%
2. Adamawa,2. North East,Leaves,3.827455339995585,0.5045763130465761,2.838485766424296,4.816424913566874,0.13183075130202776,234,33,5020440.170036464,6.591654905503756,CV < 10%
2. Adamawa,2. North East,Local eggs,0.0032477483302305937,0.0032100483934283802,0,0.009539443181350218,0.9883919771580525,234,33,5020440.170036464,6.591654905503756,CV < 10%
2. Adamawa,2. North East,Maize - shelled/off cob,12.58346791056833,2.393831467187276,7.89155823488127,17.27537758625539,0.19023622773947685,234,33,5020440.170036464,6.591654905503756,CV < 10%
2. Adamawa,2. North East,Maize - unshelled/on cob,0.13485700969975406,0.07202706820279246,0,0.2760300633772273,0.5340995500578998,234,33,5020440.170036464,6.591654905503756,CV < 10%
2. Adamawa,2. North East,Maize flour,21.62452929058869,2.076588010260838,17.554416790477447,25.694641790699933,0.09602928148658475,234,33,5020440.170036464,6.591654905503756,CV < 10%
2. Adamawa,2. North East,Malt drinks,0.3622495347946741,0.12008942313569747,0.12687426544870706,0.5976248041406411,0.3315102204444931,234,33,5020440.170036464,6.591654905503756,CV < 10%
2. Adamawa,2. North East,Mangoes,4.272363458914152,2.4535091509806306,0,9.081241394836187,0.5742744442450141,234,33,5020440.170036464,6.591654905503756,CV < 10%
2. Adamawa,2. North East,Meat pie/Sausage roll,0.04067847694698396,0.020965445352629543,0,0.08177074983813787,0.51539405912256,234,33,5020440.170036464,6.591654905503756,CV < 10%
2. Adamawa,2. North East,Melon - ground,0,0,0,0,NA,234,33,5020440.170036464,6.591654905503756,No estimate
2. Adamawa,2. North East,Melon - shelled,0.0029587012186900867,0.0029243565473610414,0,0.008690440051517728,0.9883919771580549,234,33,5020440.170036464,6.591654905503756,CV < 10%
2. Adamawa,2. North East,Melon - unshelled,0,0,0,0,NA,234,33,5020440.170036464,6.591654905503756,No estimate
2. Adamawa,2. North East,Milk - tinned,0,0,0,0,NA,234,33,5020440.170036464,6.591654905503756,No estimate
2. Adamawa,2. North East,Milk powder,0.03808916849669064,0.012088884243750807,0.014394955378939058,0.06178338161444222,0.3173837791917444,234,33,5020440.170036464,6.591654905503756,CV < 10%
2. Adamawa,2. North East,Millet,0.8002898141330125,0.4362142465129859,0,1.6552697372984648,0.5450703467787542,234,33,5020440.170036464,6.591654905503756,CV < 10%
2. Adamawa,2. North East,Mutton,0.04620473555818509,0.032853541852983725,0,0.1105976775900332,0.7110427417469285,234,33,5020440.170036464,6.591654905503756,CV < 10%
2. Adamawa,2. North East,Ogbono - ground,0,0,0,0,NA,234,33,5020440.170036464,6.591654905503756,No estimate
2. Adamawa,2. North East,Ogbono - unground,0,0,0,0,NA,234,33,5020440.170036464,6.591654905503756,No estimate
2. Adamawa,2. North East,Okra - dried,0.5281736251275349,0.08487093779668337,0.36182658704603543,0.6945206632090343,0.16068757272041007,234,33,5020440.170036464,6.591654905503756,CV < 10%
2. Adamawa,2. North East,Okra - fresh,0.803679892678923,0.3813403822450875,0.05625274347855158,1.5511070418792945,0.4744928742387191,234,33,5020440.170036464,6.591654905503756,CV < 10%
2. Adamawa,2. North East,Onions,6.061565437642589,0.39913481793804495,5.279261194484021,6.8438696808011565,0.06584682159156446,234,33,5020440.170036464,6.591654905503756,CV < 10%
2. Adamawa,2. North East,Orange/Tangerine,2.050606971901904,0.4813902556466825,1.1070820708344065,2.9941318729694015,0.23475500778201344,234,33,5020440.170036464,6.591654905503756,CV < 10%
2. Adamawa,2. North East,Other alcoholic beverages,0,0,0,0,NA,234,33,5020440.170036464,6.591654905503756,No estimate
2. Adamawa,2. North East,Other domestic poultry,0,0,0,0,NA,234,33,5020440.170036464,6.591654905503756,No estimate
2. Adamawa,2. North East,Other eggs,0,0,0,0,NA,234,33,5020440.170036464,6.591654905503756,No estimate
2. Adamawa,2. North East,Other fish/seafood,0,0,0,0,NA,234,33,5020440.170036464,6.591654905503756,No estimate
2. Adamawa,2. North East,Other fruits,0,0,0,0,NA,234,33,5020440.170036464,6.591654905503756,No estimate
2. Adamawa,2. North East,Other grains/flour,0,0,0,0,NA,234,33,5020440.170036464,6.591654905503756,No estimate
2. Adamawa,2. North East,Other meat,0,0,0,0,NA,234,33,5020440.170036464,6.591654905503756,No estimate
2. Adamawa,2. North East,Other non-alcoholic drinks,0,0,0,0,NA,234,33,5020440.170036464,6.591654905503756,No estimate
2. Adamawa,2. North East,Other nuts/seeds/pulses,0,0,0,0,NA,234,33,5020440.170036464,6.591654905503756,No estimate
2. Adamawa,2. North East,Other oil/fat,0.02698918013337429,0.026628639061953233,0,0.07918131269480262,0.9866412736645076,234,33,5020440.170036464,6.591654905503756,CV < 10%
2. Adamawa,2. North East,Other spices,1.0694684526991138,0.266300580677704,0.5475193145708139,1.5914175908274137,0.24900274524752672,234,33,5020440.170036464,6.591654905503756,CV < 10%
2. Adamawa,2. North East,Other vegetables,0.08038150538435879,0.046788020224340664,0,0.1720860250240665,0.5820744461131355,234,33,5020440.170036464,6.591654905503756,CV < 10%
2. Adamawa,2. North East,Palm oil,4.0316886866927035,0.22763124354069758,3.585531449352936,4.47784592403247,0.0564605209454873,234,33,5020440.170036464,6.591654905503756,CV < 10%
2. Adamawa,2. North East,Palm wine,0.018569961950894855,0.018837355318926396,0,0.05549117837599059,1.014399241567571,234,33,5020440.170036464,6.591654905503756,CV < 10%
2. Adamawa,2. North East,Pawpaw,0.07934255174386762,0.07853392507898542,0,0.23326904489867903,0.9898084111600973,234,33,5020440.170036464,6.591654905503756,CV < 10%
2. Adamawa,2. North East,Pineapples,0.17491274021768263,0.1745074440787816,0,0.5169473306120945,0.9976828666774266,234,33,5020440.170036464,6.591654905503756,CV < 10%
2. Adamawa,2. North East,Pito,0,0,0,0,NA,234,33,5020440.170036464,6.591654905503756,No estimate
2. Adamawa,2. North East,Plantains,0.004193273128168883,0.004217122010152512,0,0.012458832268067805,1.0056874144027064,234,33,5020440.170036464,6.591654905503756,CV < 10%
2. Adamawa,2. North East,Pork,0.04731605679954998,0.0464883172614332,0,0.13843315863195904,0.9825061597667909,234,33,5020440.170036464,6.591654905503756,CV < 10%
2. Adamawa,2. North East,Potatoes,0.06775047781688774,0.0642198205910662,0,0.19362132617537753,0.9478873457488521,234,33,5020440.170036464,6.591654905503756,CV < 10%
2. Adamawa,2. North East,Rice - imported,0.24234012242426006,0.1506238594001315,0,0.5375628868485178,0.6215390909823727,234,33,5020440.170036464,6.591654905503756,CV < 10%
2. Adamawa,2. North East,Rice - local,15.929909465056625,1.807547679862394,12.387116012526333,19.472702917586915,0.11346879803851848,234,33,5020440.170036464,6.591654905503756,CV < 10%
2. Adamawa,2. North East,Sachet water,6.868327927993885,3.0841570378093657,0.8233801338875288,12.913275722100241,0.44904044625460865,234,33,5020440.170036464,6.591654905503756,CV < 10%
2. Adamawa,2. North East,Salt,1.1530771864433533,0.10344243541157998,0.9503300130366565,1.3558243598500501,0.0897098968115451,234,33,5020440.170036464,6.591654905503756,CV < 10%
2. Adamawa,2. North East,Seafood,0,0,0,0,NA,234,33,5020440.170036464,6.591654905503756,No estimate
2. Adamawa,2. North East,Snails,0,0,0,0,NA,234,33,5020440.170036464,6.591654905503756,No estimate
2. Adamawa,2. North East,Soft drinks,1.8097797387594186,0.5203082075999738,0.78997565186347,2.829583825655367,0.2874980841351658,234,33,5020440.170036464,6.591654905503756,CV < 10%
2. Adamawa,2. North East,Soya beans,0.9070562977739953,0.5535054527552933,0,1.9919269851743702,0.610221718446418,234,33,5020440.170036464,6.591654905503756,CV < 10%
2. Adamawa,2. North East,Sugar,0.9076439879116597,0.1775566614733466,0.5596329314239004,1.255655044399419,0.19562368487877654,234,33,5020440.170036464,6.591654905503756,CV < 10%
2. Adamawa,2. North East,Sweet potatoes,14.6330858389784,3.6230971923956186,7.5318153418829885,21.734356336073812,0.24759625087038803,234,33,5020440.170036464,6.591654905503756,CV < 10%
2. Adamawa,2. North East,Tea,0.0851306121737285,0.018064581502627325,0.049724032428578945,0.12053719191887804,0.21219842124196656,234,33,5020440.170036464,6.591654905503756,CV < 10%
2. Adamawa,2. North East,Tomato puree - canned,0.4515548612417008,0.06971452169099393,0.3149143987273527,0.5881953237560489,0.15438771160450046,234,33,5020440.170036464,6.591654905503756,CV < 10%
2. Adamawa,2. North East,Tomatoes,0.9219346843469369,0.2123182948304255,0.505790826479303,1.338078542214571,0.230296460731189,234,33,5020440.170036464,6.591654905503756,CV < 10%
2. Adamawa,2. North East,Watermelon,2.2314742609739575,0.6454611484044609,0.9663704101012143,3.4965781118467008,0.2892532348200783,234,33,5020440.170036464,6.591654905503756,CV < 10%
2. Adamawa,2. North East,Wheat flour,0.005973686081731933,0.006002625644264313,0,0.017738832344489988,1.004844506747832,234,33,5020440.170036464,6.591654905503756,CV < 10%
2. Adamawa,2. North East,White beans,7.596959673148141,0.5504259427547232,6.518124825348883,8.675794520947399,0.07245345064818931,234,33,5020440.170036464,6.591654905503756,CV < 10%
2. Adamawa,2. North East,Wild game/Bush meat,0.13167437056128006,0.08445606962463734,0,0.29720826702556924,0.6414009747275172,234,33,5020440.170036464,6.591654905503756,CV < 10%
2. Adamawa,2. North East,Yam flour,0,0,0,0,NA,234,33,5020440.170036464,6.591654905503756,No estimate
2. Adamawa,2. North East,Yam roots,24.340861592551807,3.6634786278278906,17.160443482009143,31.52127970309447,0.15050735216985492,234,33,5020440.170036464,6.591654905503756,CV < 10%
20. Katsina,3. North West,Agricultural eggs,0.3349218249636037,0.19372154886920256,0,0.7146160607472407,0.5784082565842178,125,16,10687700.205941439,7.746732845900044,CV < 10%
20. Katsina,3. North West,Animal fat,0,0,0,0,NA,125,16,10687700.205941439,7.746732845900044,No estimate
20. Katsina,3. North West,Apples,0,0,0,0,NA,125,16,10687700.205941439,7.746732845900044,No estimate
20. Katsina,3. North West,Avocado pear,0,0,0,0,NA,125,16,10687700.205941439,7.746732845900044,No estimate
20. Katsina,3. North West,Baby milk powder,0,0,0,0,NA,125,16,10687700.205941439,7.746732845900044,No estimate
20. Katsina,3. North West,Bananas,0.20772949349281758,0.12574797119581332,0,0.45419551703661165,0.6053448120507797,125,16,10687700.205941439,7.746732845900044,CV < 10%
20. Katsina,3. North West,Beef,1.609808462167496,0.4044335503924273,0.8171187033983385,2.4024982209366534,0.2512308513075434,125,16,10687700.205941439,7.746732845900044,CV < 10%
20. Katsina,3. North West,Beer,0,0,0,0,NA,125,16,10687700.205941439,7.746732845900044,No estimate
20. Katsina,3. North West,Biscuits,0.17980888676520435,0.05336490942019822,0.07521366430161584,0.28440410922879283,0.29678682950683344,125,16,10687700.205941439,7.746732845900044,CV < 10%
20. Katsina,3. North West,Bottled water,0.5906993879426172,0.40528962375408417,0,1.3850670505006222,0.6861182388654439,125,16,10687700.205941439,7.746732845900044,CV < 10%
20. Katsina,3. North West,Bread,5.120879864461512,0.9692956414831545,3.221060407154529,7.020699321768495,0.18928302696768717,125,16,10687700.205941439,7.746732845900044,CV < 10%
20. Katsina,3. North West,Brown beans,0.23844499240141415,0.22181894751823558,0,0.6732101295371559,0.9302730381723044,125,16,10687700.205941439,7.746732845900044,CV < 10%
20. Katsina,3. North West,Buns/Pofpof/Donuts,0.01143280781456351,0.007738147644037672,0,0.026599577196877347,0.6768370263497782,125,16,10687700.205941439,7.746732845900044,CV < 10%
20. Katsina,3. North West,Butter/Margarine,0,0,0,0,NA,125,16,10687700.205941439,7.746732845900044,No estimate
20. Katsina,3. North West,Cake,0,0,0,0,NA,125,16,10687700.205941439,7.746732845900044,No estimate
20. Katsina,3. North West,Canned fish/seafood,0,0,0,0,NA,125,16,10687700.205941439,7.746732845900044,No estimate
20. Katsina,3. North West,Cashew nut,0,0,0,0,NA,125,16,10687700.205941439,7.746732845900044,No estimate
20. Katsina,3. North West,Cassava flour,2.6812513213882303,0.6647473723609645,1.3783464715607399,3.9841561712157207,0.24792430573676638,125,16,10687700.205941439,7.746732845900044,CV < 10%
20. Katsina,3. North West,Cassava roots,3.472416402931295,1.618167883407972,0.3008073514516698,6.6440254544109205,0.4660062894651604,125,16,10687700.205941439,7.746732845900044,CV < 10%
20. Katsina,3. North West,Cheese/wara,0.41121646900443015,0.19835548451396168,0.02243971935706529,0.7999932186517951,0.4823626957212765,125,16,10687700.205941439,7.746732845900044,CV < 10%
20. Katsina,3. North West,Chicken,0.4271862231461188,0.32890612066414593,0,1.0718422196478448,0.7699361609600499,125,16,10687700.205941439,7.746732845900044,CV < 10%
20. Katsina,3. North West,Chocolate drinks,0.03112180645596058,0.010918744471957086,0.009721067290924694,0.052522545620996466,0.3508390326701579,125,16,10687700.205941439,7.746732845900044,CV < 10%
20. Katsina,3. North West,Coconut,0,0,0,0,NA,125,16,10687700.205941439,7.746732845900044,No estimate
20. Katsina,3. North West,Cocoyam,1.3523698985850856,1.3835767325303767,0,4.064180294344624,1.0230756644154393,125,16,10687700.205941439,7.746732845900044,CV < 10%
20. Katsina,3. North West,Coffee,3.543502090511394e-4,3.5202053876833575e-4,0,0.0010443104650370775,0.9934255145804997,125,16,10687700.205941439,7.746732845900044,CV < 10%
20. Katsina,3. North West,Dry pepper,0.05722932742820335,0.01889488267922038,0.020195357376931407,0.09426329747947529,0.3301608376041955,125,16,10687700.205941439,7.746732845900044,CV < 10%
20. Katsina,3. North West,Duck,0,0,0,0,NA,125,16,10687700.205941439,7.746732845900044,No estimate
20. Katsina,3. North West,Fish - dried,0,0,0,0,NA,125,16,10687700.205941439,7.746732845900044,No estimate
20. Katsina,3. North West,Fish - fresh,0.24166846141943168,0.17032708794857457,0,0.5755095537986379,0.7047965090196878,125,16,10687700.205941439,7.746732845900044,CV < 10%
20. Katsina,3. North West,Fish - frozen,0.4100597153213509,0.18819518473902103,0.041197153232869654,0.7789222774098321,0.4589458015682872,125,16,10687700.205941439,7.746732845900044,CV < 10%
20. Katsina,3. North West,Fish - smoked,0.05564467117326662,0.051764737310453585,0,0.15710355630175565,0.9302730381723043,125,16,10687700.205941439,7.746732845900044,CV < 10%
20. Katsina,3. North West,Fresh milk,1.8093238817255732,0.7048125923196268,0.4278912007791047,3.1907565626720418,0.3895447351567807,125,16,10687700.205941439,7.746732845900044,CV < 10%
20. Katsina,3. North West,Fresh pepper,3.8300546889878313,0.40497996400328823,3.0362939595413865,4.623815418434276,0.10573738415999284,125,16,10687700.205941439,7.746732845900044,CV < 10%
20. Katsina,3. North West,Fruit juice,0,0,0,0,NA,125,16,10687700.205941439,7.746732845900044,No estimate
20. Katsina,3. North West,Garden eggs/Eggplant,0.610676525279223,0.314388049481058,0,1.2268771022620966,0.5148192806941589,125,16,10687700.205941439,7.746732845900044,CV < 10%
20. Katsina,3. North West,Gari - white,0.7210749257309372,0.39113809340346434,0,1.4877055888017274,0.5424375185518711,125,16,10687700.205941439,7.746732845900044,CV < 10%
20. Katsina,3. North West,Gari - yellow,5.195447169064383,1.7099277287671735,1.843988820680723,8.546905517448042,0.3291204150720109,125,16,10687700.205941439,7.746732845900044,CV < 10%
20. Katsina,3. North West,Gin,0,0,0,0,NA,125,16,10687700.205941439,7.746732845900044,No estimate
20. Katsina,3. North West,Goat,0.07110655747322855,0.05476348627420885,0,0.17844299057067792,0.7701608433909513,125,16,10687700.205941439,7.746732845900044,CV < 10%
20. Katsina,3. North West,Ground pepper,0.12457143863441375,0.026441379111958582,0.07274633557497492,0.17639654169385258,0.21225876012845502,125,16,10687700.205941439,7.746732845900044,CV < 10%
20. Katsina,3. North West,Groundnut oil,2.0266864837632563,0.2676699048710632,1.5020534702159725,2.55131949731054,0.1320726747898569,125,16,10687700.205941439,7.746732845900044,CV < 10%
20. Katsina,3. North West,Groundnuts - shelled,0.31573806661947207,0.1070596942447922,0.10590106589967938,0.5255750673392647,0.33907756321894716,125,16,10687700.205941439,7.746732845900044,CV < 10%
20. Katsina,3. North West,Groundnuts - unshelled,0.18791214184189234,0.11648824718245397,0,0.4162291063195021,0.6199080380897696,125,16,10687700.205941439,7.746732845900044,CV < 10%
20. Katsina,3. North West,Guava,0.08783206989056062,0.0898588532602686,0,0.2639554222806871,1.0230756644154393,125,16,10687700.205941439,7.746732845900044,CV < 10%
20. Katsina,3. North West,Guinea corn / sorghum,39.498101071903456,7.211355681919674,25.363843935340896,53.632358208466016,0.18257474375266594,125,16,10687700.205941439,7.746732845900044,CV < 10%
20. Katsina,3. North West,Honey,0.005592495650899917,0.005278548498790816,0,0.015938450708529915,0.9438627811791714,125,16,10687700.205941439,7.746732845900044,CV < 10%
20. Katsina,3. North West,Kola nut,0.1498326148022555,0.11180808503761355,0,0.36897646147597807,0.7462199414004385,125,16,10687700.205941439,7.746732845900044,CV < 10%
20. Katsina,3. North West,Leaves,0.26873066097021286,0.08502112258841507,0.10208926069691932,0.4353720612435064,0.3163804319219054,125,16,10687700.205941439,7.746732845900044,CV < 10%
20. Katsina,3. North West,Local eggs,0.01905928219378329,0.01385185070083881,0,0.046208909567427355,0.7267771451202383,125,16,10687700.205941439,7.746732845900044,CV < 10%
20. Katsina,3. North West,Maize - shelled/off cob,12.300220434831914,3.178480717661238,6.070398228215888,18.530042641447942,0.2584084354017248,125,16,10687700.205941439,7.746732845900044,CV < 10%
20. Katsina,3. North West,Maize - unshelled/on cob,0,0,0,0,NA,125,16,10687700.205941439,7.746732845900044,No estimate
20. Katsina,3. North West,Maize flour,17.07125616044441,1.4219220523411669,14.284288937855724,19.858223383033096,0.08329334636989892,125,16,10687700.205941439,7.746732845900044,CV < 10%
20. Katsina,3. North West,Malt drinks,0.10297805547668737,0.07789756513705166,0,0.25565728314530867,0.756448204197121,125,16,10687700.205941439,7.746732845900044,CV < 10%
20. Katsina,3. North West,Mangoes,0,0,0,0,NA,125,16,10687700.205941439,7.746732845900044,No estimate
20. Katsina,3. North West,Meat pie/Sausage roll,0,0,0,0,NA,125,16,10687700.205941439,7.746732845900044,No estimate
20. Katsina,3. North West,Melon - ground,0,0,0,0,NA,125,16,10687700.205941439,7.746732845900044,No estimate
20. Katsina,3. North West,Melon - shelled,0,0,0,0,NA,125,16,10687700.205941439,7.746732845900044,No estimate
20. Katsina,3. North West,Melon - unshelled,0,0,0,0,NA,125,16,10687700.205941439,7.746732845900044,No estimate
20. Katsina,3. North West,Milk - tinned,0.03291186415675981,0.03390324952837445,0,0.09936223323237374,1.0301224314396977,125,16,10687700.205941439,7.746732845900044,CV < 10%
20. Katsina,3. North West,Milk powder,0.1866901808963918,0.05752336945048204,0.07394437677344701,0.2994359850193366,0.3081220939113344,125,16,10687700.205941439,7.746732845900044,CV < 10%
20. Katsina,3. North West,Millet,15.497837346232384,2.6907471944489645,10.223972845112414,20.771701847352354,0.17362081781708086,125,16,10687700.205941439,7.746732845900044,CV < 10%
20. Katsina,3. North West,Mutton,0.4645546615652132,0.2198038883660921,0.03373904036767267,0.8953702827627537,0.4731496776407581,125,16,10687700.205941439,7.746732845900044,CV < 10%
20. Katsina,3. North West,Ogbono - ground,0,0,0,0,NA,125,16,10687700.205941439,7.746732845900044,No estimate
20. Katsina,3. North West,Ogbono - unground,0,0,0,0,NA,125,16,10687700.205941439,7.746732845900044,No estimate
20. Katsina,3. North West,Okra - dried,0.4979130456917063,0.10305865696544335,0.29591807803943737,0.6999080133439752,0.20698123468983048,125,16,10687700.205941439,7.746732845900044,CV < 10%
20. Katsina,3. North West,Okra - fresh,0.16992326977268837,0.12129527896937603,0,0.40766201655266543,0.7138238284352489,125,16,10687700.205941439,7.746732845900044,CV < 10%
20. Katsina,3. North West,Onions,4.972006643589684,0.4022616082029601,4.183573891511882,5.760439395667486,0.08090528372917372,125,16,10687700.205941439,7.746732845900044,CV < 10%
20. Katsina,3. North West,Orange/Tangerine,2.3188991794365243,0.8203437747043568,0.711025381015985,3.9267729778570635,0.3537643128166074,125,16,10687700.205941439,7.746732845900044,CV < 10%
20. Katsina,3. North West,Other alcoholic beverages,0,0,0,0,NA,125,16,10687700.205941439,7.746732845900044,No estimate
20. Katsina,3. North West,Other domestic poultry,0,0,0,0,NA,125,16,10687700.205941439,7.746732845900044,No estimate
20. Katsina,3. North West,Other eggs,0,0,0,0,NA,125,16,10687700.205941439,7.746732845900044,No estimate
20. Katsina,3. North West,Other fish/seafood,0,0,0,0,NA,125,16,10687700.205941439,7.746732845900044,No estimate
20. Katsina,3. North West,Other fruits,0,0,0,0,NA,125,16,10687700.205941439,7.746732845900044,No estimate
20. Katsina,3. North West,Other grains/flour,0.1462998009000178,0.14740782531927096,0,0.43521913852578886,1.0075736563716202,125,16,10687700.205941439,7.746732845900044,CV < 10%
20. Katsina,3. North West,Other meat,0,0,0,0,NA,125,16,10687700.205941439,7.746732845900044,No estimate
20. Katsina,3. North West,Other non-alcoholic drinks,0,0,0,0,NA,125,16,10687700.205941439,7.746732845900044,No estimate
20. Katsina,3. North West,Other nuts/seeds/pulses,0,0,0,0,NA,125,16,10687700.205941439,7.746732845900044,No estimate
20. Katsina,3. North West,Other oil/fat,0.11590898282247955,0.0806852040379681,0,0.274051982736897,0.6961082918098035,125,16,10687700.205941439,7.746732845900044,CV < 10%
20. Katsina,3. North West,Other spices,0.6181172937548196,0.0789181967050178,0.46343762821298473,0.7727969592966545,0.12767511522873073,125,16,10687700.205941439,7.746732845900044,CV < 10%
20. Katsina,3. North West,Other vegetables,0,0,0,0,NA,125,16,10687700.205941439,7.746732845900044,No estimate
20. Katsina,3. North West,Palm oil,2.785615611091742,0.42478134218221014,1.9530441804146101,3.618187041768874,0.1524910114987937,125,16,10687700.205941439,7.746732845900044,CV < 10%
20. Katsina,3. North West,Palm wine,0,0,0,0,NA,125,16,10687700.205941439,7.746732845900044,No estimate
20. Katsina,3. North West,Pawpaw,0.07476103620433228,0.07171342638011148,0,0.21531935190935078,0.9592353185703412,125,16,10687700.205941439,7.746732845900044,CV < 10%
20. Katsina,3. North West,Pineapples,0.31135648031254487,0.21780272280148447,0,0.7382498170034544,0.6995284716182892,125,16,10687700.205941439,7.746732845900044,CV < 10%
20. Katsina,3. North West,Pito,0,0,0,0,NA,125,16,10687700.205941439,7.746732845900044,No estimate
20. Katsina,3. North West,Plantains,0.5677296796927788,0.5848310780456061,0,1.7139985926621666,1.0301224314396977,125,16,10687700.205941439,7.746732845900044,CV < 10%
20. Katsina,3. North West,Pork,0,0,0,0,NA,125,16,10687700.205941439,7.746732845900044,No estimate
20. Katsina,3. North West,Potatoes,0.8188859550124764,0.4203020421200984,0,1.6426779575678694,0.5132607777034041,125,16,10687700.205941439,7.746732845900044,CV < 10%
20. Katsina,3. North West,Rice - imported,1.1596315176588392,0.7740087035744746,0,2.6766885766648096,0.667460906148108,125,16,10687700.205941439,7.746732845900044,CV < 10%
20. Katsina,3. North West,Rice - local,23.903873475678367,2.4082178422971947,19.183766504775864,28.62398044658087,0.1007459249124415,125,16,10687700.205941439,7.746732845900044,CV < 10%
20. Katsina,3. North West,Sachet water,63.208848820067644,25.74650737260587,12.745694369760145,113.67200327037514,0.40732441506562966,125,16,10687700.205941439,7.746732845900044,CV < 10%
20. Katsina,3. North West,Salt,1.4218503739718007,0.16644807775482107,1.0956121415723514,1.74808860637125,0.11706441184093412,125,16,10687700.205941439,7.746732845900044,CV < 10%
20. Katsina,3. North West,Seafood,0,0,0,0,NA,125,16,10687700.205941439,7.746732845900044,No estimate
20. Katsina,3. North West,Snails,0,0,0,0,NA,125,16,10687700.205941439,7.746732845900044,No estimate
20. Katsina,3. North West,Soft drinks,1.3475054589479964,1.0395584459890517,0,3.3850400130865377,0.7714688197260734,125,16,10687700.205941439,7.746732845900044,CV < 10%
20. Katsina,3. North West,Soya beans,1.0894600624214268,0.4800992945767742,0.14846544505094939,2.0304546797919043,0.4406763599114488,125,16,10687700.205941439,7.746732845900044,CV < 10%
20. Katsina,3. North West,Sugar,2.056568218196527,0.2651422288730631,1.5368894496053234,2.576246986787731,0.1289245970676213,125,16,10687700.205941439,7.746732845900044,CV < 10%
20. Katsina,3. North West,Sweet potatoes,7.819240468339131,1.2760203114879423,5.318240657822765,10.320240278855497,0.16318980298082317,125,16,10687700.205941439,7.746732845900044,CV < 10%
20. Katsina,3. North West,Tea,0.18536817974800743,0.06613547140924607,0.05574265578588514,0.3149937037101297,0.3567789870901884,125,16,10687700.205941439,7.746732845900044,CV < 10%
20. Katsina,3. North West,Tomato puree - canned,0.00368681468407593,0.0036655918173165874,0,0.010871374646016441,0.9942435764805299,125,16,10687700.205941439,7.746732845900044,CV < 10%
20. Katsina,3. North West,Tomatoes,4.805379910283802,0.4164800949269398,3.9890789242270004,5.621680896340605,0.08666954594695986,125,16,10687700.205941439,7.746732845900044,CV < 10%
20. Katsina,3. North West,Watermelon,17.35297444607381,3.6963171952523166,10.108192743379268,24.597756148768347,0.213007701171866,125,16,10687700.205941439,7.746732845900044,CV < 10%
20. Katsina,3. North West,Wheat flour,6.123300605376841,2.7588219065034587,0.7160096686300612,11.53059154212362,0.4505449077709741,125,16,10687700.205941439,7.746732845900044,CV < 10%
20. Katsina,3. North West,White beans,6.784775965524632,0.7256983516317064,5.362407196326487,8.207144734722776,0.10695981051094174,125,16,10687700.205941439,7.746732845900044,CV < 10%
20. Katsina,3. North West,Wild game/Bush meat,0,0,0,0,NA,125,16,10687700.205941439,7.746732845900044,No estimate
20. Katsina,3. North West,Yam flour,0,0,0,0,NA,125,16,10687700.205941439,7.746732845900044,No estimate
20. Katsina,3. North West,Yam roots,3.539627321564131,1.251335672085613,1.0870094042763299,5.9922452388519325,0.3535218706393809,125,16,10687700.205941439,7.746732845900044,CV < 10%
21. Kebbi,3. North West,Agricultural eggs,0.14726515664487788,0.08318087726273611,0,0.31029967607984066,0.5648374616089424,64,7,5711801,8.497632897829687,CV < 10%
21. Kebbi,3. North West,Animal fat,0,0,0,0,NA,64,7,5711801,8.497632897829687,No estimate
21. Kebbi,3. North West,Apples,0.036438477422522084,0.03467228082786036,0,0.10439614784512839,0.951529352497861,64,7,5711801,8.497632897829687,CV < 10%
21. Kebbi,3. North West,Avocado pear,0,0,0,0,NA,64,7,5711801,8.497632897829687,No estimate
21. Kebbi,3. North West,Baby milk powder,0,0,0,0,NA,64,7,5711801,8.497632897829687,No estimate
21. Kebbi,3. North West,Bananas,2.8686224696658136,0.9760146796978585,0.9556336974580111,4.781611241873616,0.3402381073210939,64,7,5711801,8.497632897829687,CV < 10%
21. Kebbi,3. North West,Beef,2.1129638115057636,0.6628016828437358,0.8138725131320417,3.4120551098794856,0.313683404909525,64,7,5711801,8.497632897829687,CV < 10%
21. Kebbi,3. North West,Beer,0,0,0,0,NA,64,7,5711801,8.497632897829687,No estimate
21. Kebbi,3. North West,Biscuits,0.0697498700679255,0.033330832052997014,0.004421439244051362,0.13507830089179965,0.4778622816148328,64,7,5711801,8.497632897829687,CV < 10%
21. Kebbi,3. North West,Bottled water,0,0,0,0,NA,64,7,5711801,8.497632897829687,No estimate
21. Kebbi,3. North West,Bread,5.177763591561908,0.7900272181394408,3.629310244008604,6.726216939115211,0.15258078206330847,64,7,5711801,8.497632897829687,CV < 10%
21. Kebbi,3. North West,Brown beans,0,0,0,0,NA,64,7,5711801,8.497632897829687,No estimate
21. Kebbi,3. North West,Buns/Pofpof/Donuts,0.041643973089054584,0.03962546274886644,0,0.11930988007683281,0.9515293524978606,64,7,5711801,8.497632897829687,CV < 10%
21. Kebbi,3. North West,Butter/Margarine,0,0,0,0,NA,64,7,5711801,8.497632897829687,No estimate
21. Kebbi,3. North West,Cake,0,0,0,0,NA,64,7,5711801,8.497632897829687,No estimate
21. Kebbi,3. North West,Canned fish/seafood,0,0,0,0,NA,64,7,5711801,8.497632897829687,No estimate
21. Kebbi,3. North West,Cashew nut,0.1398110922675768,0.11111534785280724,0,0.357597174059079,0.7947534494627198,64,7,5711801,8.497632897829687,CV < 10%
21. Kebbi,3. North West,Cassava flour,0.07726601845377871,0.06776204299592975,0,0.210079622725801,0.8769966972798743,64,7,5711801,8.497632897829687,CV < 10%
21. Kebbi,3. North West,Cassava roots,23.992059836284135,9.432116722230075,5.505111060713187,42.47900861185508,0.3931349282467825,64,7,5711801,8.497632897829687,CV < 10%
21. Kebbi,3. North West,Cheese/wara,2.966941292443324,0.3134281832302998,2.3526220533119364,3.5812605315747117,0.1056401702415172,64,7,5711801,8.497632897829687,CV < 10%
21. Kebbi,3. North West,Chicken,0.8914291992507359,0.4862403282357446,0,1.8444602425927954,0.5454615225128808,64,7,5711801,8.497632897829687,CV < 10%
21. Kebbi,3. North West,Chocolate drinks,0.04733313347243563,0.02125331028630301,0.0056766453112817306,0.08898962163358953,0.4490154935269569,64,7,5711801,8.497632897829687,CV < 10%
21. Kebbi,3. North West,Coconut,0,0,0,0,NA,64,7,5711801,8.497632897829687,No estimate
21. Kebbi,3. North West,Cocoyam,0,0,0,0,NA,64,7,5711801,8.497632897829687,No estimate
21. Kebbi,3. North West,Coffee,0,0,0,0,NA,64,7,5711801,8.497632897829687,No estimate
21. Kebbi,3. North West,Dry pepper,0.4544440148929747,0.08036605455399663,0.2969265479671413,0.6119614818188082,0.17684478598078468,64,7,5711801,8.497632897829687,CV < 10%
21. Kebbi,3. North West,Duck,0,0,0,0,NA,64,7,5711801,8.497632897829687,No estimate
21. Kebbi,3. North West,Fish - dried,0.6909345197693825,0.21692639637342592,0.2657587828774677,1.1161102566612973,0.31396086049634747,64,7,5711801,8.497632897829687,CV < 10%
21. Kebbi,3. North West,Fish - fresh,3.361346105680787,1.3635765178197168,0.6887361307541422,6.033956080607432,0.40566382483351743,64,7,5711801,8.497632897829687,CV < 10%
21. Kebbi,3. North West,Fish - frozen,0.3477580261691342,0.23595350126414202,0,0.81022688864685255,0.6784990812818353,64,7,5711801,8.497632897829687,CV < 10%
21. Kebbi,3. North West,Fish - smoked,0.14552235210380263,0.07526541340223557,0,0.29304256237218435,0.5172086096337143,64,7,5711801,8.497632897829687,CV < 10%
21. Kebbi,3. North West,Fresh milk,0,0,0,0,NA,64,7,5711801,8.497632897829687,No estimate
21. Kebbi,3. North West,Fresh pepper,2.18817429557698,0.40348644097983316,1.3973408712565067,2.979007719897453,0.18439410507445042,64,7,5711801,8.497632897829687,CV < 10%
21. Kebbi,3. North West,Fruit juice,0,0,0,0,NA,64,7,5711801,8.497632897829687,No estimate
21. Kebbi,3. North West,Garden eggs/Eggplant,0.07669932684734447,0.04485164405289176,0,0.1646085491910123,0.5847723297775546,64,7,5711801,8.497632897829687,CV < 10%
21. Kebbi,3. North West,Gari - white,2.208845384759614,0.6172003461924754,0.9991327062223623,3.418558063296866,0.27942215894827993,64,7,5711801,8.497632897829687,CV < 10%
21. Kebbi,3. North West,Gari - yellow,0,0,0,0,NA,64,7,5711801,8.497632897829687,No estimate
21. Kebbi,3. North West,Gin,0,0,0,0,NA,64,7,5711801,8.497632897829687,No estimate
21. Kebbi,3. North West,Goat,0.16828864515592284,0.13374798124307727,0,0.43043468839235427,0.7947534494627195,64,7,5711801,8.497632897829687,CV < 10%
21. Kebbi,3. North West,Ground pepper,0.19124069922237946,0.028495797887745318,0.13538893536239865,0.24709246308236027,0.14900488234781914,64,7,5711801,8.497632897829687,CV < 10%
21. Kebbi,3. North West,Groundnut oil,3.951104010830886,0.6569875935145894,2.6634083275422906,5.238799694119481,0.16627949851829643,64,7,5711801,8.497632897829687,CV < 10%
21. Kebbi,3. North West,Groundnuts - shelled,0.020821986544527292,0.01981273137443322,0,0.059654940038416406,0.9515293524978606,64,7,5711801,8.497632897829687,CV < 10%
21. Kebbi,3. North West,Groundnuts - unshelled,0.39356425502096354,0.26443905104484183,0,0.9118647950688534,0.6719082022089538,64,7,5711801,8.497632897829687,CV < 10%
21. Kebbi,3. North West,Guava,0,0,0,0,NA,64,7,5711801,8.497632897829687,No estimate
21. Kebbi,3. North West,Guinea corn / sorghum,29.132249998122408,2.3465516748614714,24.533008715393922,33.73149128085089,0.08054824721786707,64,7,5711801,8.497632897829687,CV < 10%
21. Kebbi,3. North West,Honey,0,0,0,0,NA,64,7,5711801,8.497632897829687,No estimate
21. Kebbi,3. North West,Kola nut,0.028323846389408804,0.015519226076665237,0,0.058741529499672665,0.5479208530967169,64,7,5711801,8.497632897829687,CV < 10%
21. Kebbi,3. North West,Leaves,5.564530765825942,0.4682960866107096,4.646670436068951,6.4823910955829325,0.08415733622800817,64,7,5711801,8.497632897829687,CV < 10%
21. Kebbi,3. North West,Local eggs,0.05910061882725866,0.046970420678345164,0,0.15116264335681517,0.7947534494627195,64,7,5711801,8.497632897829687,CV < 10%
21. Kebbi,3. North West,Maize - shelled/off cob,12.732541941480916,2.9835122369852543,6.884857956989817,18.580225925972016,0.23432180712206185,64,7,5711801,8.497632897829687,CV < 10%
21. Kebbi,3. North West,Maize - unshelled/on cob,0,0,0,0,NA,64,7,5711801,8.497632897829687,No estimate
21. Kebbi,3. North West,Maize flour,0.6495145041221791,0.48021338105148087,0,1.5907327309830817,0.7393420439478726,64,7,5711801,8.497632897829687,CV < 10%
21. Kebbi,3. North West,Malt drinks,0.09109619161710655,0.08668070022444645,0,0.2609903640570216,0.9515293524978607,64,7,5711801,8.497632897829687,CV < 10%
21. Kebbi,3. North West,Mangoes,0,0,0,0,NA,64,7,5711801,8.497632897829687,No estimate
21. Kebbi,3. North West,Meat pie/Sausage roll,0.018074642040345954,0.017198552437280995,0,0.051783804817416706,0.9515293524978605,64,7,5711801,8.497632897829687,CV < 10%
21. Kebbi,3. North West,Melon - ground,0,0,0,0,NA,64,7,5711801,8.497632897829687,No estimate
21. Kebbi,3. North West,Melon - shelled,0,0,0,0,NA,64,7,5711801,8.497632897829687,No estimate
21. Kebbi,3. North West,Melon - unshelled,0,0,0,0,NA,64,7,5711801,8.497632897829687,No estimate
21. Kebbi,3. North West,Milk - tinned,0,0,0,0,NA,64,7,5711801,8.497632897829687,No estimate
21. Kebbi,3. North West,Milk powder,0.036015177098464836,0.019759820391311182,0,0.07474442506543474,0.5486525954679661,64,7,5711801,8.497632897829687,CV < 10%
21. Kebbi,3. North West,Millet,32.680412805383504,3.2036582015158155,26.401242730412505,38.9595828803545,0.09802991842832753,64,7,5711801,8.497632897829687,CV < 10%
21. Kebbi,3. North West,Mutton,0.194683670519544,0.10598590998352088,0,0.4024160540872449,0.5444006151141532,64,7,5711801,8.497632897829687,CV < 10%
21. Kebbi,3. North West,Ogbono - ground,4.8630562465447997e-4,5.154787235995587e-4,0,0.0014966439229096152,1.0599892278971814,64,7,5711801,8.497632897829687,CV < 10%
21. Kebbi,3. North West,Ogbono - unground,0,0,0,0,NA,64,7,5711801,8.497632897829687,No estimate
21. Kebbi,3. North West,Okra - dried,0.11660353196959888,0.043021816331498756,0.03228077195986133,0.20092629197933642,0.3689580890458403,64,7,5711801,8.497632897829687,CV < 10%
21. Kebbi,3. North West,Okra - fresh,1.5082353245418834,0.1346750908653179,1.2442721464458604,1.7721985026379063,0.0892931551687563,64,7,5711801,8.497632897829687,CV < 10%
21. Kebbi,3. North West,Onions,4.288065341584773,0.4583327694481477,3.389733113466404,5.186397569703143,0.1068856775579726,64,7,5711801,8.497632897829687,CV < 10%
21. Kebbi,3. North West,Orange/Tangerine,2.589564664062796,1.1228156122473272,0.3888460640580349,4.790283264067558,0.43359242108506746,64,7,5711801,8.497632897829687,CV < 10%
21. Kebbi,3. North West,Other alcoholic beverages,0,0,0,0,NA,64,7,5711801,8.497632897829687,No estimate
21. Kebbi,3. North West,Other domestic poultry,0,0,0,0,NA,64,7,5711801,8.497632897829687,No estimate
21. Kebbi,3. North West,Other eggs,0,0,0,0,NA,64,7,5711801,8.497632897829687,No estimate
21. Kebbi,3. North West,Other fish/seafood,0,0,0,0,NA,64,7,5711801,8.497632897829687,No estimate
21. Kebbi,3. North West,Other fruits,0,0,0,0,NA,64,7,5711801,8.497632897829687,No estimate
21. Kebbi,3. North West,Other grains/flour,0,0,0,0,NA,64,7,5711801,8.497632897829687,No estimate
21. Kebbi,3. North West,Other meat,0.15279552847223254,0.12143477331578603,0,0.3908076841711732,0.7947534494627198,64,7,5711801,8.497632897829687,CV < 10%
21. Kebbi,3. North West,Other non-alcoholic drinks,0,0,0,0,NA,64,7,5711801,8.497632897829687,No estimate
21. Kebbi,3. North West,Other nuts/seeds/pulses,0,0,0,0,NA,64,7,5711801,8.497632897829687,No estimate
21. Kebbi,3. North West,Other oil/fat,0,0,0,0,NA,64,7,5711801,8.497632897829687,No estimate
21. Kebbi,3. North West,Other spices,0.24956967968956453,0.016639492153818543,0.21695627506808018,0.2821830843110489,0.0666727311367155,64,7,5711801,8.497632897829687,CV < 10%
21. Kebbi,3. North West,Other vegetables,0.08328794617810917,0.07925092549773288,0,0.23861976015366562,0.9515293524978606,64,7,5711801,8.497632897829687,CV < 10%
21. Kebbi,3. North West,Palm oil,1.6792158574384375,0.13534993127741968,1.4139299921346948,1.9445017227421801,0.0806030568838776,64,7,5711801,8.497632897829687,CV < 10%
21. Kebbi,3. North West,Palm wine,0.0916773207262688,0.07286086688470224,0,0.23448461982028518,0.79475344946272,64,7,5711801,8.497632897829687,CV < 10%
21. Kebbi,3. North West,Pawpaw,0.15165799924477003,0.14676866695655563,0,0.4393245864796191,0.9677608018531011,64,7,5711801,8.497632897829687,CV < 10%
21. Kebbi,3. North West,Pineapples,0.8072878104518264,0.5705554970999269,0,1.9255765847676831,0.7067559917454915,64,7,5711801,8.497632897829687,CV < 10%
21. Kebbi,3. North West,Pito,0,0,0,0,NA,64,7,5711801,8.497632897829687,No estimate
21. Kebbi,3. North West,Plantains,0,0,0,0,NA,64,7,5711801,8.497632897829687,No estimate
21. Kebbi,3. North West,Pork,0,0,0,0,NA,64,7,5711801,8.497632897829687,No estimate
21. Kebbi,3. North West,Potatoes,0,0,0,0,NA,64,7,5711801,8.497632897829687,No estimate
21. Kebbi,3. North West,Rice - imported,0.3801747716708804,0.3617474543240149,0,1.0891997821459496,0.9515293524978609,64,7,5711801,8.497632897829687,CV < 10%
21. Kebbi,3. North West,Rice - local,26.29790695341868,2.1574232267129316,22.069357429061334,30.526456477776023,0.08203783025525044,64,7,5711801,8.497632897829687,CV < 10%
21. Kebbi,3. North West,Sachet water,22.965367461143764,16.46351611547171,0,55.233859047468314,0.7168845063475314,64,7,5711801,8.497632897829687,CV < 10%
21. Kebbi,3. North West,Salt,1.2002847474295348,0.10328774850190227,0.9978407603658064,1.4027287344932633,0.08605270434627929,64,7,5711801,8.497632897829687,CV < 10%
21. Kebbi,3. North West,Seafood,0,0,0,0,NA,64,7,5711801,8.497632897829687,No estimate
21. Kebbi,3. North West,Snails,0,0,0,0,NA,64,7,5711801,8.497632897829687,No estimate
21. Kebbi,3. North West,Soft drinks,1.8525400327376245,0.5876370550536371,0.7007714048324958,3.004308660642753,0.3172061303232653,64,7,5711801,8.497632897829687,CV < 10%
21. Kebbi,3. North West,Soya beans,1.2578142752277441,0.5384536914515728,0.2024450399826614,2.313183510472827,0.42808680268323285,64,7,5711801,8.497632897829687,CV < 10%
21. Kebbi,3. North West,Sugar,1.3394330464257442,0.2549302306167535,0.8397697944169074,1.8390962984345811,0.19032696803847776,64,7,5711801,8.497632897829687,CV < 10%
21. Kebbi,3. North West,Sweet potatoes,4.450801247019621,0.5065218517687754,3.4580184175528212,5.44358407648642,0.11380464407570577,64,7,5711801,8.497632897829687,CV < 10%
21. Kebbi,3. North West,Tea,0.00858888466902794,0.005826095526815085,0,0.02000803190158551,0.6783296960342654,64,7,5711801,8.497632897829687,CV < 10%
21. Kebbi,3. North West,Tomato puree - canned,0,0,0,0,NA,64,7,5711801,8.497632897829687,No estimate
21. Kebbi,3. North West,Tomatoes,6.662199989363558,1.3313726050377181,4.052709683489631,9.271690295237486,0.19983978372959418,64,7,5711801,8.497632897829687,CV < 10%
21. Kebbi,3. North West,Watermelon,21.44650377134605,9.454191621267464,2.9162881936618206,39.976719349030276,0.4408267063976596,64,7,5711801,8.497632897829687,CV < 10%
21. Kebbi,3. North West,Wheat flour,0.20686907662056217,0.21207618844732756,0,0.6225384059773242,1.0251710497858326,64,7,5711801,8.497632897829687,CV < 10%
21. Kebbi,3. North West,White beans,5.255941327491671,0.717774392023611,3.8491035191253937,6.6627791358579485,0.13656438443656665,64,7,5711801,8.497632897829687,CV < 10%
21. Kebbi,3. North West,Wild game/Bush meat,0,0,0,0,NA,64,7,5711801,8.497632897829687,No estimate
21. Kebbi,3. North West,Yam flour,0,0,0,0,NA,64,7,5711801,8.497632897829687,No estimate
21. Kebbi,3. North West,Yam roots,2.7529029703051786,1.7295459325698177,0,6.142812998142022,0.6282625836166269,64,7,5711801,8.497632897829687,CV < 10%
22. Kogi,1. North Central,Agricultural eggs,0.12089293240896465,0.0578350393167338,0.007536255348166404,0.2342496094697629,0.4783988456917033,97,15,4559246.022270805,6.003187759966937,CV < 10%
22. Kogi,1. North Central,Animal fat,0,0,0,0,NA,97,15,4559246.022270805,6.003187759966937,No estimate
22. Kogi,1. North Central,Apples,0,0,0,0,NA,97,15,4559246.022270805,6.003187759966937,No estimate
22. Kogi,1. North Central,Avocado pear,0,0,0,0,NA,97,15,4559246.022270805,6.003187759966937,No estimate
22. Kogi,1. North Central,Baby milk powder,0.03159755117268427,0.018751015084412494,0,0.06834954073813276,0.5934325410832006,97,15,4559246.022270805,6.003187759966937,CV < 10%
22. Kogi,1. North Central,Bananas,1.2598869606894278,0.2949065753863697,0.6818700729321432,1.8379038484467125,0.23407383724726596,97,15,4559246.022270805,6.003187759966937,CV < 10%
22. Kogi,1. North Central,Beef,0.2965003858403559,0.22929639292332943,0,0.7459213159700815,0.7733426459916617,97,15,4559246.022270805,6.003187759966937,CV < 10%
22. Kogi,1. North Central,Beer,0.597482887974632,0.3362092020421262,0,1.2564529239771993,0.5627093408178093,97,15,4559246.022270805,6.003187759966937,CV < 10%
22. Kogi,1. North Central,Biscuits,0.21269381628404613,0.034332616856862105,0.1454018872445964,0.27998574532349585,0.1614180301838768,97,15,4559246.022270805,6.003187759966937,CV < 10%
22. Kogi,1. North Central,Bottled water,0,0,0,0,NA,97,15,4559246.022270805,6.003187759966937,No estimate
22. Kogi,1. North Central,Bread,8.584453121883397,0.5408667389398759,7.524354313561241,9.644551930205555,0.0630053809206674,97,15,4559246.022270805,6.003187759966937,CV < 10%
22. Kogi,1. North Central,Brown beans,0.5828063036680317,0.11576847107562141,0.3559001003598137,0.8097125069762496,0.19863970301454306,97,15,4559246.022270805,6.003187759966937,CV < 10%
22. Kogi,1. North Central,Buns/Pofpof/Donuts,0.006227858447298716,0.0062657886706408315,0,0.018508804241754745,1.006090411922989,97,15,4559246.022270805,6.003187759966937,CV < 10%
22. Kogi,1. North Central,Butter/Margarine,0,0,0,0,NA,97,15,4559246.022270805,6.003187759966937,No estimate
22. Kogi,1. North Central,Cake,0,0,0,0,NA,97,15,4559246.022270805,6.003187759966937,No estimate
22. Kogi,1. North Central,Canned fish/seafood,0,0,0,0,NA,97,15,4559246.022270805,6.003187759966937,No estimate
22. Kogi,1. North Central,Cashew nut,0.004089257089599449,0.004148799172624871,0,0.012220903467944196,1.0145606113092913,97,15,4559246.022270805,6.003187759966937,CV < 10%
22. Kogi,1. North Central,Cassava flour,17.361755799226188,2.4574007738517003,12.545250282476855,22.17826131597552,0.1415410285842879,97,15,4559246.022270805,6.003187759966937,CV < 10%
22. Kogi,1. North Central,Cassava roots,12.224633308771821,6.882000999862389,0,25.713355268502106,0.5629617532105596,97,15,4559246.022270805,6.003187759966937,CV < 10%
22. Kogi,1. North Central,Cheese/wara,0,0,0,0,NA,97,15,4559246.022270805,6.003187759966937,No estimate
22. Kogi,1. North Central,Chicken,0.11222089145173772,0.11508655133160779,0,0.33779053206168896,1.0255358859014454,97,15,4559246.022270805,6.003187759966937,CV < 10%
22. Kogi,1. North Central,Chocolate drinks,0,0,0,0,NA,97,15,4559246.022270805,6.003187759966937,No estimate
22. Kogi,1. North Central,Coconut,0.5358984754630526,0.24055367146109258,0.06441327939931113,1.007383671526794,0.4488791860309696,97,15,4559246.022270805,6.003187759966937,CV < 10%
22. Kogi,1. North Central,Cocoyam,0.5828584410435813,0.30894555037872823,0,1.1883917197858886,0.5300524597800718,97,15,4559246.022270805,6.003187759966937,CV < 10%
22. Kogi,1. North Central,Coffee,0,0,0,0,NA,97,15,4559246.022270805,6.003187759966937,No estimate
22. Kogi,1. North Central,Dry pepper,0.1707101735068068,0.05947994267687666,0.05412948586012856,0.28729086115348507,0.34842646723983905,97,15,4559246.022270805,6.003187759966937,CV < 10%
22. Kogi,1. North Central,Duck,0,0,0,0,NA,97,15,4559246.022270805,6.003187759966937,No estimate
22. Kogi,1. North Central,Fish - dried,1.7287765463384688,0.24830371211961444,1.2421012705840244,2.215451822092913,0.1436297320469318,97,15,4559246.022270805,6.003187759966937,CV < 10%
22. Kogi,1. North Central,Fish - fresh,0.6424567899162263,0.3524075424071363,0,1.3331755730342134,0.5485311198175503,97,15,4559246.022270805,6.003187759966937,CV < 10%
22. Kogi,1. North Central,Fish - frozen,0.26652851958654555,0.15165574880767693,0,0.5637737872495923,0.5690038313458315,97,15,4559246.022270805,6.003187759966937,CV < 10%
22. Kogi,1. North Central,Fish - smoked,0.6882116642199754,0.28125031936610145,0.13696103826241657,1.239462290177534,0.4086683414249784,97,15,4559246.022270805,6.003187759966937,CV < 10%
22. Kogi,1. North Central,Fresh milk,0,0,0,0,NA,97,15,4559246.022270805,6.003187759966937,No estimate
22. Kogi,1. North Central,Fresh pepper,3.223286838682419,0.33004916385999383,2.576390477516831,3.870183199848007,0.10239521965563196,97,15,4559246.022270805,6.003187759966937,CV < 10%
22. Kogi,1. North Central,Fruit juice,0,0,0,0,NA,97,15,4559246.022270805,6.003187759966937,No estimate
22. Kogi,1. North Central,Garden eggs/Eggplant,0,0,0,0,NA,97,15,4559246.022270805,6.003187759966937,No estimate
22. Kogi,1. North Central,Gari - white,11.811461338693755,1.510285855045277,8.851301062805012,14.771621614582498,0.12786613034050717,97,15,4559246.022270805,6.003187759966937,CV < 10%
22. Kogi,1. North Central,Gari - yellow,1.3740039647752833,0.8762869537379653,0,3.0915263941016953,0.6377615903614084,97,15,4559246.022270805,6.003187759966937,CV < 10%
22. Kogi,1. North Central,Gin,0,0,0,0,NA,97,15,4559246.022270805,6.003187759966937,No estimate
22. Kogi,1. North Central,Goat,0.027630268468836865,0.026026710873915622,0,0.07864262178171148,0.941963734564149,97,15,4559246.022270805,6.003187759966937,CV < 10%
22. Kogi,1. North Central,Ground pepper,0.1644438123387446,0.043666829302382276,0.07885682690607534,0.2500307977714139,0.2655425502568085,97,15,4559246.022270805,6.003187759966937,CV < 10%
22. Kogi,1. North Central,Groundnut oil,0.45176786352706133,0.16648550690769223,0.12545626998798454,0.7780794570661381,0.3685200306367511,97,15,4559246.022270805,6.003187759966937,CV < 10%
22. Kogi,1. North Central,Groundnuts - shelled,0.42376576677078,0.16644171890339024,0.09753999772013511,0.7499915358214249,0.39276820346231645,97,15,4559246.022270805,6.003187759966937,CV < 10%
22. Kogi,1. North Central,Groundnuts - unshelled,0.19137128914641763,0.11582856850543188,0,0.4183952834170641,0.6052557257782372,97,15,4559246.022270805,6.003187759966937,CV < 10%
22. Kogi,1. North Central,Guava,0,0,0,0,NA,97,15,4559246.022270805,6.003187759966937,No estimate
22. Kogi,1. North Central,Guinea corn / sorghum,4.233704969191885,0.896509798248835,2.4765457646241686,5.9908641737596025,0.21175537850951331,97,15,4559246.022270805,6.003187759966937,CV < 10%
22. Kogi,1. North Central,Honey,0.018940683840459934,0.017841437285558464,0,0.05390990092015452,0.9419637345641488,97,15,4559246.022270805,6.003187759966937,CV < 10%
22. Kogi,1. North Central,Kola nut,0.0918730561351475,0.022227283061594143,0.04830758133442298,0.13543853093587202,0.2419347303402781,97,15,4559246.022270805,6.003187759966937,CV < 10%
22. Kogi,1. North Central,Leaves,4.167460110206736,0.3906378284523806,3.4018099664400703,4.933110253973402,0.09373522916167808,97,15,4559246.022270805,6.003187759966937,CV < 10%
22. Kogi,1. North Central,Local eggs,0.009559447602748334,0.007029337419336326,0,0.023336948944647534,0.7353288298076341,97,15,4559246.022270805,6.003187759966937,CV < 10%
22. Kogi,1. North Central,Maize - shelled/off cob,0.04966411928447519,0.040729761139609195,0,0.12949445111810923,0.8201043676282639,97,15,4559246.022270805,6.003187759966937,CV < 10%
22. Kogi,1. North Central,Maize - unshelled/on cob,0.2743501152756188,0.19633242111892826,0,0.6591616606687182,0.7156272594297544,97,15,4559246.022270805,6.003187759966937,CV < 10%
22. Kogi,1. North Central,Maize flour,4.233029103723701,1.510558615003482,1.2723342183168764,7.193723989130525,0.35685051484164787,97,15,4559246.022270805,6.003187759966937,CV < 10%
22. Kogi,1. North Central,Malt drinks,1.819376888373537,0.23435532800631073,1.360040445481168,2.278713331265906,0.12881076455566975,97,15,4559246.022270805,6.003187759966937,CV < 10%
22. Kogi,1. North Central,Mangoes,1.6567500348173931,1.5605984500358752,0,4.715522996887708,0.9419637345641488,97,15,4559246.022270805,6.003187759966937,CV < 10%
22. Kogi,1. North Central,Meat pie/Sausage roll,0,0,0,0,NA,97,15,4559246.022270805,6.003187759966937,No estimate
22. Kogi,1. North Central,Melon - ground,0.4229408155213491,0.13241237660929916,0.16341255736712273,0.6824690736755754,0.313075427459224,97,15,4559246.022270805,6.003187759966937,CV < 10%
22. Kogi,1. North Central,Melon - shelled,0.12142276208358223,0.05801857733161435,0.007706350513618107,0.23513917365354636,0.47782290845662734,97,15,4559246.022270805,6.003187759966937,CV < 10%
22. Kogi,1. North Central,Melon - unshelled,0,0,0,0,NA,97,15,4559246.022270805,6.003187759966937,No estimate
22. Kogi,1. North Central,Milk - tinned,0.007395882092751748,0.007280170654751494,0,0.021665016576064677,0.9843546129387791,97,15,4559246.022270805,6.003187759966937,CV < 10%
22. Kogi,1. North Central,Milk powder,0.03613319669661867,0.018931528552959136,0,0.07323899266041858,0.5239372733033261,97,15,4559246.022270805,6.003187759966937,CV < 10%
22. Kogi,1. North Central,Millet,0.3830451566802588,0.268057591375713,0,0.9084380357766562,0.6998067635129246,97,15,4559246.022270805,6.003187759966937,CV < 10%
22. Kogi,1. North Central,Mutton,0,0,0,0,NA,97,15,4559246.022270805,6.003187759966937,No estimate
22. Kogi,1. North Central,Ogbono - ground,0.17065618826013335,0.09265787934217666,0,0.3522656317707996,0.5429505972613023,97,15,4559246.022270805,6.003187759966937,CV < 10%
22. Kogi,1. North Central,Ogbono - unground,0,0,0,0,NA,97,15,4559246.022270805,6.003187759966937,No estimate
22. Kogi,1. North Central,Okra - dried,0.5418312478057433,0.08437896934359386,0.37644846789229935,0.7072140277191873,0.15572924168789412,97,15,4559246.022270805,6.003187759966937,CV < 10%
22. Kogi,1. North Central,Okra - fresh,0.8706988669425298,0.316066909865205,0.25120772360672805,1.4901900102783316,0.36300369951677786,97,15,4559246.022270805,6.003187759966937,CV < 10%
22. Kogi,1. North Central,Onions,6.398908231410883,0.5690647497792727,5.283541321843509,7.514275140978257,0.08893153788108017,97,15,4559246.022270805,6.003187759966937,CV < 10%
22. Kogi,1. North Central,Orange/Tangerine,0.9150656737071534,0.573403357088027,0,2.0389362535996867,0.6266253598662823,97,15,4559246.022270805,6.003187759966937,CV < 10%
22. Kogi,1. North Central,Other alcoholic beverages,0,0,0,0,NA,97,15,4559246.022270805,6.003187759966937,No estimate
22. Kogi,1. North Central,Other domestic poultry,0,0,0,0,NA,97,15,4559246.022270805,6.003187759966937,No estimate
22. Kogi,1. North Central,Other eggs,0,0,0,0,NA,97,15,4559246.022270805,6.003187759966937,No estimate
22. Kogi,1. North Central,Other fish/seafood,0,0,0,0,NA,97,15,4559246.022270805,6.003187759966937,No estimate
22. Kogi,1. North Central,Other fruits,0,0,0,0,NA,97,15,4559246.022270805,6.003187759966937,No estimate
22. Kogi,1. North Central,Other grains/flour,0,0,0,0,NA,97,15,4559246.022270805,6.003187759966937,No estimate
22. Kogi,1. North Central,Other meat,0,0,0,0,NA,97,15,4559246.022270805,6.003187759966937,No estimate
22. Kogi,1. North Central,Other non-alcoholic drinks,0,0,0,0,NA,97,15,4559246.022270805,6.003187759966937,No estimate
22. Kogi,1. North Central,Other nuts/seeds/pulses,0,0,0,0,NA,97,15,4559246.022270805,6.003187759966937,No estimate
22. Kogi,1. North Central,Other oil/fat,0,0,0,0,NA,97,15,4559246.022270805,6.003187759966937,No estimate
22. Kogi,1. North Central,Other spices,0.3389957647262405,0.041736414166356324,0.2571923929601821,0.4207991364922989,0.12311780414147945,97,15,4559246.022270805,6.003187759966937,CV < 10%
22. Kogi,1. North Central,Other vegetables,0,0,0,0,NA,97,15,4559246.022270805,6.003187759966937,No estimate
22. Kogi,1. North Central,Palm oil,7.420022378217084,0.2958645167603012,6.840127925366893,7.999916831067274,0.03987380383499502,97,15,4559246.022270805,6.003187759966937,CV < 10%
22. Kogi,1. North Central,Palm wine,0.49977686065657684,0.4061810427939924,0,1.295891704532802,0.8127247873388459,97,15,4559246.022270805,6.003187759966937,CV < 10%
22. Kogi,1. North Central,Pawpaw,1.1829794240845823,0.6031500393543557,8.053469500450827e-4,2.36515350121912,0.5098567456666354,97,15,4559246.022270805,6.003187759966937,CV < 10%
22. Kogi,1. North Central,Pineapples,0.2994614501581707,0.294210110420942,0,0.876113266583217,0.9824640542732459,97,15,4559246.022270805,6.003187759966937,CV < 10%
22. Kogi,1. North Central,Pito,0,0,0,0,NA,97,15,4559246.022270805,6.003187759966937,No estimate
22. Kogi,1. North Central,Plantains,0.5554512286723389,0.1999744132060479,0.16350137878848503,0.9474010785561927,0.3600215516383581,97,15,4559246.022270805,6.003187759966937,CV < 10%
22. Kogi,1. North Central,Pork,0,0,0,0,NA,97,15,4559246.022270805,6.003187759966937,No estimate
22. Kogi,1. North Central,Potatoes,0,0,0,0,NA,97,15,4559246.022270805,6.003187759966937,No estimate
22. Kogi,1. North Central,Rice - imported,0.20806868136216145,0.19599315214173946,0,0.5922152595599708,0.9419637345641486,97,15,4559246.022270805,6.003187759966937,CV < 10%
22. Kogi,1. North Central,Rice - local,21.467112478476633,0.832234410767394,19.83593303337254,23.098291923580724,0.03876787861440654,97,15,4559246.022270805,6.003187759966937,CV < 10%
22. Kogi,1. North Central,Sachet water,11.691016500082075,3.224958291035546,5.370098249652405,18.011934750511745,0.2758492634932904,97,15,4559246.022270805,6.003187759966937,CV < 10%
22. Kogi,1. North Central,Salt,1.0799389142114821,0.07925520534526449,0.9245987117347637,1.2352791166882005,0.0733886003201697,97,15,4559246.022270805,6.003187759966937,CV < 10%
22. Kogi,1. North Central,Seafood,0.013493843760868847,0.009703283191506758,0,0.032512278816222095,0.7190896355007137,97,15,4559246.022270805,6.003187759966937,CV < 10%
22. Kogi,1. North Central,Snails,0,0,0,0,NA,97,15,4559246.022270805,6.003187759966937,No estimate
22. Kogi,1. North Central,Soft drinks,0.9915568598374552,0.34311262082248795,0.3190561230253789,1.6640575966495317,0.3460342363812944,97,15,4559246.022270805,6.003187759966937,CV < 10%
22. Kogi,1. North Central,Soya beans,0,0,0,0,NA,97,15,4559246.022270805,6.003187759966937,No estimate
22. Kogi,1. North Central,Sugar,1.015888356752984,0.07672263830694268,0.8655119856713763,1.1662647278345917,0.07552270660150699,97,15,4559246.022270805,6.003187759966937,CV < 10%
22. Kogi,1. North Central,Sweet potatoes,0,0,0,0,NA,97,15,4559246.022270805,6.003187759966937,No estimate
22. Kogi,1. North Central,Tea,0.05463869234776981,0.013464393740945749,0.02824848061551614,0.08102890408002347,0.24642598792896123,97,15,4559246.022270805,6.003187759966937,CV < 10%
22. Kogi,1. North Central,Tomato puree - canned,0.21678330473753168,0.04017837765288857,0.13803368453787007,0.2955329249371933,0.18533889268610496,97,15,4559246.022270805,6.003187759966937,CV < 10%
22. Kogi,1. North Central,Tomatoes,4.3079008079483785,0.6801973027374348,2.974714094583006,5.641087521313751,0.15789530285433295,97,15,4559246.022270805,6.003187759966937,CV < 10%
22. Kogi,1. North Central,Watermelon,0.17329597711875477,0.12751570116339525,0,0.42322675139900945,0.7358260894654951,97,15,4559246.022270805,6.003187759966937,CV < 10%
22. Kogi,1. North Central,Wheat flour,0,0,0,0,NA,97,15,4559246.022270805,6.003187759966937,No estimate
22. Kogi,1. North Central,White beans,6.599749699110795,0.4069553775054188,5.802117159200174,7.397382239021416,0.061662244184843736,97,15,4559246.022270805,6.003187759966937,CV < 10%
22. Kogi,1. North Central,Wild game/Bush meat,0.2989240788598814,0.10437944494899842,0.09434036675984453,0.5035077909599184,0.34918379726086085,97,15,4559246.022270805,6.003187759966937,CV < 10%
22. Kogi,1. North Central,Yam flour,2.055540090541181,0.43971656427905637,1.1936956245542305,2.9173845565281313,0.21391777582080054,97,15,4559246.022270805,6.003187759966937,CV < 10%
22. Kogi,1. North Central,Yam roots,32.65124484799623,3.561367134991261,25.67096526341336,39.631524432579106,0.10907293585805865,97,15,4559246.022270805,6.003187759966937,CV < 10%
23. Kwara,1. North Central,Agricultural eggs,0.5956955115662488,0.1340475982285956,0.3329622190382014,0.8584288040942962,0.2250270408721853,186,27,3649750.773413023,4.734705600107305,CV < 10%
23. Kwara,1. North Central,Animal fat,0,0,0,0,NA,186,27,3649750.773413023,4.734705600107305,No estimate
23. Kwara,1. North Central,Apples,0.005669919665779384,0.005904111240127865,0,0.01724197769643,1.041304213843088,186,27,3649750.773413023,4.734705600107305,CV < 10%
23. Kwara,1. North Central,Avocado pear,0,0,0,0,NA,186,27,3649750.773413023,4.734705600107305,No estimate
23. Kwara,1. North Central,Baby milk powder,0.01940100902944466,0.01603948490462617,0,0.05083839944251195,0.8267345724278181,186,27,3649750.773413023,4.734705600107305,CV < 10%
23. Kwara,1. North Central,Bananas,2.39701500803382,0.739710799787354,0.947181840450606,3.846848175617034,0.3085966492942865,186,27,3649750.773413023,4.734705600107305,CV < 10%
23. Kwara,1. North Central,Beef,4.160177031055396,0.7774551468109708,2.636364943305893,5.683989118804899,0.18688030365230351,186,27,3649750.773413023,4.734705600107305,CV < 10%
23. Kwara,1. North Central,Beer,0,0,0,0,NA,186,27,3649750.773413023,4.734705600107305,No estimate
23. Kwara,1. North Central,Biscuits,0.8125118164366104,0.25916763845324514,0.3045432450682499,1.320480387804971,0.31897091612754974,186,27,3649750.773413023,4.734705600107305,CV < 10%
23. Kwara,1. North Central,Bottled water,0,0,0,0,NA,186,27,3649750.773413023,4.734705600107305,No estimate
23. Kwara,1. North Central,Bread,9.148648970257215,1.3640030504252392,6.475202991423746,11.822094949090683,0.14909338579496184,186,27,3649750.773413023,4.734705600107305,CV < 10%
23. Kwara,1. North Central,Brown beans,9.79734638718257,2.000842219007615,5.8756956379276435,13.718997136437496,0.20422287218763926,186,27,3649750.773413023,4.734705600107305,CV < 10%
23. Kwara,1. North Central,Buns/Pofpof/Donuts,0.007683614445578163,0.007967200924849753,0,0.02329932825828368,1.0369079527975003,186,27,3649750.773413023,4.734705600107305,CV < 10%
23. Kwara,1. North Central,Butter/Margarine,0,0,0,0,NA,186,27,3649750.773413023,4.734705600107305,No estimate
23. Kwara,1. North Central,Cake,0,0,0,0,NA,186,27,3649750.773413023,4.734705600107305,No estimate
23. Kwara,1. North Central,Canned fish/seafood,0,0,0,0,NA,186,27,3649750.773413023,4.734705600107305,No estimate
23. Kwara,1. North Central,Cashew nut,0.008693974537565327,0.009047121268857487,0,0.026426332224526,1.0406197107854718,186,27,3649750.773413023,4.734705600107305,CV < 10%
23. Kwara,1. North Central,Cassava flour,5.182123860123014,1.4958046590623189,2.2503467283608694,8.11390099188516,0.28864702956498056,186,27,3649750.773413023,4.734705600107305,CV < 10%
23. Kwara,1. North Central,Cassava roots,0.8928679173441733,0.5804028443956947,0,2.030457492359735,0.6500433413736011,186,27,3649750.773413023,4.734705600107305,CV < 10%
23. Kwara,1. North Central,Cheese/wara,0.23208786651430047,0.06048865676492394,0.11353009925504955,0.3506456337735514,0.2606282597767636,186,27,3649750.773413023,4.734705600107305,CV < 10%
23. Kwara,1. North Central,Chicken,0.3550217231917633,0.18279807602668086,0,0.7133059522040577,0.5148926504644995,186,27,3649750.773413023,4.734705600107305,CV < 10%
23. Kwara,1. North Central,Chocolate drinks,0.047582937073705665,0.033331208171679706,0,0.11291210509019789,0.7004865655949291,186,27,3649750.773413023,4.734705600107305,CV < 10%
23. Kwara,1. North Central,Coconut,0,0,0,0,NA,186,27,3649750.773413023,4.734705600107305,No estimate
23. Kwara,1. North Central,Cocoyam,0.00769401848681936,0.00797481020729677,0,0.02332464649312103,1.0364948070970241,186,27,3649750.773413023,4.734705600107305,CV < 10%
23. Kwara,1. North Central,Coffee,0.023089673837919204,0.023423877309668637,0,0.06900047336486972,1.0144741529956385,186,27,3649750.773413023,4.734705600107305,CV < 10%
23. Kwara,1. North Central,Dry pepper,0.1328346615312233,0.047793005094485114,0.03916037154603248,0.22650895151641415,0.3597931785541621,186,27,3649750.773413023,4.734705600107305,CV < 10%
23. Kwara,1. North Central,Duck,0,0,0,0,NA,186,27,3649750.773413023,4.734705600107305,No estimate
23. Kwara,1. North Central,Fish - dried,2.160558474075978,0.41670730224678354,1.3438121616722822,2.9773047864796736,0.19287018020884616,186,27,3649750.773413023,4.734705600107305,CV < 10%
23. Kwara,1. North Central,Fish - fresh,2.9162268107192,1.1173594578022767,0.7262022734267379,5.1062513480116625,0.38315245360723965,186,27,3649750.773413023,4.734705600107305,CV < 10%
23. Kwara,1. North Central,Fish - frozen,0.7017393494803165,0.2627045435117222,0.18683844419734097,1.216640254763292,0.37436199595515335,186,27,3649750.773413023,4.734705600107305,CV < 10%
23. Kwara,1. North Central,Fish - smoked,11.051621140544244,1.899715572483063,7.32817861847744,14.775063662611046,0.1718947427100736,186,27,3649750.773413023,4.734705600107305,CV < 10%
23. Kwara,1. North Central,Fresh milk,0,0,0,0,NA,186,27,3649750.773413023,4.734705600107305,No estimate
23. Kwara,1. North Central,Fresh pepper,9.577645730626573,1.1175050336334318,7.387335864705047,11.767955596548099,0.11667846828578866,186,27,3649750.773413023,4.734705600107305,CV < 10%
23. Kwara,1. North Central,Fruit juice,0,0,0,0,NA,186,27,3649750.773413023,4.734705600107305,No estimate
23. Kwara,1. North Central,Garden eggs/Eggplant,0,0,0,0,NA,186,27,3649750.773413023,4.734705600107305,No estimate
23. Kwara,1. North Central,Gari - white,9.271509663365478,1.1936015677767877,6.932050590522975,11.610968736207981,0.12873864247729433,186,27,3649750.773413023,4.734705600107305,CV < 10%
23. Kwara,1. North Central,Gari - yellow,0.10787822526791892,0.08637123166192318,0,0.2771658393252883,0.8006363790970563,186,27,3649750.773413023,4.734705600107305,CV < 10%
23. Kwara,1. North Central,Gin,0,0,0,0,NA,186,27,3649750.773413023,4.734705600107305,No estimate
23. Kwara,1. North Central,Goat,0,0,0,0,NA,186,27,3649750.773413023,4.734705600107305,No estimate
23. Kwara,1. North Central,Ground pepper,0.0978401313595985,0.04013462651282614,0.01917626339445927,0.17650399932473773,0.41020617976601664,186,27,3649750.773413023,4.734705600107305,CV < 10%
23. Kwara,1. North Central,Groundnut oil,2.254038956693021,0.3741870822484087,1.5206322754861397,2.987445637899902,0.1660073714064781,186,27,3649750.773413023,4.734705600107305,CV < 10%
23. Kwara,1. North Central,Groundnuts - shelled,0.057978368459772535,0.05202486684651083,0,0.15994710747893376,0.8973151233568696,186,27,3649750.773413023,4.734705600107305,CV < 10%
23. Kwara,1. North Central,Groundnuts - unshelled,0,0,0,0,NA,186,27,3649750.773413023,4.734705600107305,No estimate
23. Kwara,1. North Central,Guava,0,0,0,0,NA,186,27,3649750.773413023,4.734705600107305,No estimate
23. Kwara,1. North Central,Guinea corn / sorghum,19.345142225843023,4.689943335532521,10.152853288199282,28.537431163486765,0.24243519539842218,186,27,3649750.773413023,4.734705600107305,CV < 10%
23. Kwara,1. North Central,Honey,0.02025697575506923,0.017857711705081238,0,0.05525809069702846,0.881558625581729,186,27,3649750.773413023,4.734705600107305,CV < 10%
23. Kwara,1. North Central,Kola nut,0.014004169321412609,0.010257808850041905,0,0.03410947466749474,0.7324824925072524,186,27,3649750.773413023,4.734705600107305,CV < 10%
23. Kwara,1. North Central,Leaves,1.5736467008044523,0.5026484942639667,0.5884556520470775,2.5588377495618273,0.31941635565785603,186,27,3649750.773413023,4.734705600107305,CV < 10%
23. Kwara,1. North Central,Local eggs,0.013270478749054324,0.012106757109453734,0,0.03699972268358364,0.9123074862929479,186,27,3649750.773413023,4.734705600107305,CV < 10%
23. Kwara,1. North Central,Maize - shelled/off cob,0.9868080850485553,0.4618898407470812,0.08150399718427614,1.8921121729128345,0.46806450792744997,186,27,3649750.773413023,4.734705600107305,CV < 10%
23. Kwara,1. North Central,Maize - unshelled/on cob,0.2352377410665468,0.24472257176978557,0,0.7148939817353265,1.040320191225419,186,27,3649750.773413023,4.734705600107305,CV < 10%
23. Kwara,1. North Central,Maize flour,5.955933464379348,1.7242719219497076,2.5763604973579213,9.335506431400775,0.28950489998957524,186,27,3649750.773413023,4.734705600107305,CV < 10%
23. Kwara,1. North Central,Malt drinks,0.4132288551316974,0.16227588139765545,0.0951681275922927,0.7312895826711021,0.39270220213914536,186,27,3649750.773413023,4.734705600107305,CV < 10%
23. Kwara,1. North Central,Mangoes,1.2994440967776522,0.9754283297075158,0,3.211283623004383,0.750650475943038,186,27,3649750.773413023,4.734705600107305,CV < 10%
23. Kwara,1. North Central,Meat pie/Sausage roll,0,0,0,0,NA,186,27,3649750.773413023,4.734705600107305,No estimate
23. Kwara,1. North Central,Melon - ground,0.2648228167754195,0.06966660775132465,0.1282762655828232,0.4013693679680158,0.2630687513999398,186,27,3649750.773413023,4.734705600107305,CV < 10%
23. Kwara,1. North Central,Melon - shelled,0.14064977551698185,0.06204029036738404,0.019050806396909134,0.26224874463705455,0.441097684936535,186,27,3649750.773413023,4.734705600107305,CV < 10%
23. Kwara,1. North Central,Melon - unshelled,0.01610612547124357,0.009672898259924137,0,0.035065006060694875,0.6005726378572216,186,27,3649750.773413023,4.734705600107305,CV < 10%
23. Kwara,1. North Central,Milk - tinned,0.001011775834009154,0.0010528738757663433,0,0.0030754086305111866,1.0406197107854798,186,27,3649750.773413023,4.734705600107305,CV < 10%
23. Kwara,1. North Central,Milk powder,0.24303666167163981,0.055591178872202066,0.13407795108212378,0.35199537226115585,0.22873577381222338,186,27,3649750.773413023,4.734705600107305,CV < 10%
23. Kwara,1. North Central,Millet,1.4973361295459124,0.7344588793408855,0.05779672603777697,2.9368755330540477,0.4905103569254154,186,27,3649750.773413023,4.734705600107305,CV < 10%
23. Kwara,1. North Central,Mutton,0,0,0,0,NA,186,27,3649750.773413023,4.734705600107305,No estimate
23. Kwara,1. North Central,Ogbono - ground,0,0,0,0,NA,186,27,3649750.773413023,4.734705600107305,No estimate
23. Kwara,1. North Central,Ogbono - unground,0,0,0,0,NA,186,27,3649750.773413023,4.734705600107305,No estimate
23. Kwara,1. North Central,Okra - dried,0.08125618865796576,0.029009365463819818,0.024397832348878913,0.1381145449670526,0.3570111513097157,186,27,3649750.773413023,4.734705600107305,CV < 10%
23. Kwara,1. North Central,Okra - fresh,1.563602794749477,0.36020861992239506,0.8575938997015827,2.2696116897973715,0.23037092356956823,186,27,3649750.773413023,4.734705600107305,CV < 10%
23. Kwara,1. North Central,Onions,8.338950497966689,0.5640536464463008,7.233405350931939,9.444495645001439,0.06764084360302124,186,27,3649750.773413023,4.734705600107305,CV < 10%
23. Kwara,1. North Central,Orange/Tangerine,0.8384275556945657,0.27547015139528713,0.298506058959803,1.3783490524293285,0.3285556987294908,186,27,3649750.773413023,4.734705600107305,CV < 10%
23. Kwara,1. North Central,Other alcoholic beverages,0,0,0,0,NA,186,27,3649750.773413023,4.734705600107305,No estimate
23. Kwara,1. North Central,Other domestic poultry,0,0,0,0,NA,186,27,3649750.773413023,4.734705600107305,No estimate
23. Kwara,1. North Central,Other eggs,0,0,0,0,NA,186,27,3649750.773413023,4.734705600107305,No estimate
23. Kwara,1. North Central,Other fish/seafood,0,0,0,0,NA,186,27,3649750.773413023,4.734705600107305,No estimate
23. Kwara,1. North Central,Other fruits,0.0069555749976135065,0.007260427092227169,0,0.02118601209837876,1.043828453394329,186,27,3649750.773413023,4.734705600107305,CV < 10%
23. Kwara,1. North Central,Other grains/flour,0,0,0,0,NA,186,27,3649750.773413023,4.734705600107305,No estimate
23. Kwara,1. North Central,Other meat,0,0,0,0,NA,186,27,3649750.773413023,4.734705600107305,No estimate
23. Kwara,1. North Central,Other non-alcoholic drinks,0,0,0,0,NA,186,27,3649750.773413023,4.734705600107305,No estimate
23. Kwara,1. North Central,Other nuts/seeds/pulses,0,0,0,0,NA,186,27,3649750.773413023,4.734705600107305,No estimate
23. Kwara,1. North Central,Other oil/fat,0,0,0,0,NA,186,27,3649750.773413023,4.734705600107305,No estimate
23. Kwara,1. North Central,Other spices,0.21226546658643158,0.025187007649023516,0.1628989315943455,0.2616320015785177,0.11865805613164924,186,27,3649750.773413023,4.734705600107305,CV < 10%
23. Kwara,1. North Central,Other vegetables,0,0,0,0,NA,186,27,3649750.773413023,4.734705600107305,No estimate
23. Kwara,1. North Central,Palm oil,7.415993841375008,0.5638685561362557,6.310811471347947,8.52117621140207,0.07603411871654255,186,27,3649750.773413023,4.734705600107305,CV < 10%
23. Kwara,1. North Central,Palm wine,0.025898623879225063,0.026359292305284925,0,0.07756283679758352,1.0177873707965386,186,27,3649750.773413023,4.734705600107305,CV < 10%
23. Kwara,1. North Central,Pawpaw,1.8603019195239532,0.9641040142922598,0,3.7499457875367823,0.5182513677881769,186,27,3649750.773413023,4.734705600107305,CV < 10%
23. Kwara,1. North Central,Pineapples,1.3086767141000568,0.8616447455146204,0,2.997500415308713,0.6584091672381832,186,27,3649750.773413023,4.734705600107305,CV < 10%
23. Kwara,1. North Central,Pito,0,0,0,0,NA,186,27,3649750.773413023,4.734705600107305,No estimate
23. Kwara,1. North Central,Plantains,1.0976567310292658,0.28762240217755114,0.5339168227612655,1.661396639297266,0.2620331056575852,186,27,3649750.773413023,4.734705600107305,CV < 10%
23. Kwara,1. North Central,Pork,0,0,0,0,NA,186,27,3649750.773413023,4.734705600107305,No estimate
23. Kwara,1. North Central,Potatoes,0,0,0,0,NA,186,27,3649750.773413023,4.734705600107305,No estimate
23. Kwara,1. North Central,Rice - imported,9.359302770148911,2.487338416651214,4.484119473512532,14.23448606678529,0.2657610804711299,186,27,3649750.773413023,4.734705600107305,CV < 10%
23. Kwara,1. North Central,Rice - local,15.985064014672068,2.859493624401818,10.380456510844503,21.58967151849963,0.17888534082673677,186,27,3649750.773413023,4.734705600107305,CV < 10%
23. Kwara,1. North Central,Sachet water,69.76440622636068,15.045983061748041,40.27427942533451,99.25453302738684,0.2156684744499821,186,27,3649750.773413023,4.734705600107305,CV < 10%
23. Kwara,1. North Central,Salt,1.3118522352888258,0.13107537589027446,1.0549444985438878,1.5687599720337637,0.09991626523502174,186,27,3649750.773413023,4.734705600107305,CV < 10%
23. Kwara,1. North Central,Seafood,0,0,0,0,NA,186,27,3649750.773413023,4.734705600107305,No estimate
23. Kwara,1. North Central,Snails,0,0,0,0,NA,186,27,3649750.773413023,4.734705600107305,No estimate
23. Kwara,1. North Central,Soft drinks,4.267634921858121,1.1626813038032082,1.9887795664038328,6.546490277312408,0.2724416040950801,186,27,3649750.773413023,4.734705600107305,CV < 10%
23. Kwara,1. North Central,Soya beans,0.18494533194889098,0.11379408916880591,0,0.40798174671975057,0.615285003247622,186,27,3649750.773413023,4.734705600107305,CV < 10%
23. Kwara,1. North Central,Sugar,1.405557409260199,0.20875449839508123,0.9963985924058398,1.8147162261145582,0.1485207911251075,186,27,3649750.773413023,4.734705600107305,CV < 10%
23. Kwara,1. North Central,Sweet potatoes,3.7372920336412854,2.8759168873898204,0,9.374089132925334,0.7695189087452132,186,27,3649750.773413023,4.734705600107305,CV < 10%
23. Kwara,1. North Central,Tea,0.029416492822448456,0.017116957080098423,0,0.06296572869944136,0.5818829995612546,186,27,3649750.773413023,4.734705600107305,CV < 10%
23. Kwara,1. North Central,Tomato puree - canned,0.10658949970549028,0.04203442448065771,0.024202027723401173,0.18897697168757938,0.3943580239779714,186,27,3649750.773413023,4.734705600107305,CV < 10%
23. Kwara,1. North Central,Tomatoes,13.636543707967583,0.7247095857457414,12.21611291990593,15.056974496029236,0.05314466783267866,186,27,3649750.773413023,4.734705600107305,CV < 10%
23. Kwara,1. North Central,Watermelon,0.20235065699327706,0.16037114064342853,0,0.516678092654397,0.792540745982143,186,27,3649750.773413023,4.734705600107305,CV < 10%
23. Kwara,1. North Central,Wheat flour,0.34586527433604997,0.1863052830766388,0,0.7110236291662619,0.5386643207656073,186,27,3649750.773413023,4.734705600107305,CV < 10%
23. Kwara,1. North Central,White beans,4.661538349202761,0.8338325074030507,3.0272266346927816,6.295850063712741,0.17887496464459138,186,27,3649750.773413023,4.734705600107305,CV < 10%
23. Kwara,1. North Central,Wild game/Bush meat,0.08401059511346737,0.06290875967638888,0,0.20731176407918958,0.7488193553613366,186,27,3649750.773413023,4.734705600107305,CV < 10%
23. Kwara,1. North Central,Yam flour,8.808370593426025,1.3788546869183684,6.105815407066023,11.510925779786026,0.1565391319874135,186,27,3649750.773413023,4.734705600107305,CV < 10%
23. Kwara,1. North Central,Yam roots,67.01759710718036,11.733952814004043,44.01904959173244,90.01614462262829,0.17508763847856387,186,27,3649750.773413023,4.734705600107305,CV < 10%
24. Lagos,6. South West,Agricultural eggs,1.6242171081593901,0.26330218971719316,1.1081448163136915,2.1402894000050887,0.16211021814415857,197,39,13657385.66273152,4.436980830230901,CV < 10%
24. Lagos,6. South West,Animal fat,0,0,0,0,NA,197,39,13657385.66273152,4.436980830230901,No estimate
24. Lagos,6. South West,Apples,0.5337145758206212,0.13072197638527996,0.2774995021054725,0.7899296495357699,0.2449286234768581,197,39,13657385.66273152,4.436980830230901,CV < 10%
24. Lagos,6. South West,Avocado pear,0.4597874094364343,0.1913465193142921,0.08474823158042177,0.8348265872924469,0.41616302531821675,197,39,13657385.66273152,4.436980830230901,CV < 10%
24. Lagos,6. South West,Baby milk powder,0.024413539280565336,0.020614314431035792,0,0.06481759556539549,0.8443804150693562,197,39,13657385.66273152,4.436980830230901,CV < 10%
24. Lagos,6. South West,Bananas,4.318115595934891,1.1753124958836438,2.0145031040029493,6.621728087866833,0.2721818047182647,197,39,13657385.66273152,4.436980830230901,CV < 10%
24. Lagos,6. South West,Beef,4.713292662078407,0.6528821211121804,3.4336437046985337,5.99294161945828,0.13851932564363206,197,39,13657385.66273152,4.436980830230901,CV < 10%
24. Lagos,6. South West,Beer,0.9197545418898858,0.4720691054195669,0,1.845009988512237,0.5132555306001235,197,39,13657385.66273152,4.436980830230901,CV < 10%
24. Lagos,6. South West,Biscuits,0.31709221142446997,0.08253457375589646,0.1553244468629129,0.47885997598602703,0.2602857174735616,197,39,13657385.66273152,4.436980830230901,CV < 10%
24. Lagos,6. South West,Bottled water,8.841674720356494,3.8227099798854036,1.349163159781103,16.334186280931885,0.432351347543271,197,39,13657385.66273152,4.436980830230901,CV < 10%
24. Lagos,6. South West,Bread,11.284658928222791,0.7979246775426363,9.720726560239225,12.848591296206358,0.07070879878762101,197,39,13657385.66273152,4.436980830230901,CV < 10%
24. Lagos,6. South West,Brown beans,20.704352826367945,2.2334392300435053,16.326811935482674,25.081893717253216,0.10787293129969838,197,39,13657385.66273152,4.436980830230901,CV < 10%
24. Lagos,6. South West,Buns/Pofpof/Donuts,0.20082374481005713,0.04116718284742705,0.12013606642910012,0.28151142319101413,0.20499161036143282,197,39,13657385.66273152,4.436980830230901,CV < 10%
24. Lagos,6. South West,Butter/Margarine,0.055653835012452316,0.02528058442144652,0.006103889546417142,0.1052037804784875,0.4542469430146205,197,39,13657385.66273152,4.436980830230901,CV < 10%
24. Lagos,6. South West,Cake,0.1820466722639727,0.07270604042576534,0.039542833029472646,0.32455051149847275,0.3993813208534764,197,39,13657385.66273152,4.436980830230901,CV < 10%
24. Lagos,6. South West,Canned fish/seafood,0,0,0,0,NA,197,39,13657385.66273152,4.436980830230901,No estimate
24. Lagos,6. South West,Cashew nut,0.004928885093235904,0.004885158554905829,0,0.01450379586085133,0.9911285133447151,197,39,13657385.66273152,4.436980830230901,CV < 10%
24. Lagos,6. South West,Cassava flour,1.9249391750662663,0.7335319809959543,0.48721649231419595,3.3626618578183365,0.3810676152770917,197,39,13657385.66273152,4.436980830230901,CV < 10%
24. Lagos,6. South West,Cassava roots,0.008481999428643253,0.008406751483901893,0,0.024959232337090964,0.9911285133447131,197,39,13657385.66273152,4.436980830230901,CV < 10%
24. Lagos,6. South West,Cheese/wara,0.021112042829248584,0.01697042989755142,0,0.05437408542844937,0.8038269927171907,197,39,13657385.66273152,4.436980830230901,CV < 10%
24. Lagos,6. South West,Chicken,4.15622157130497,0.8253843645910889,2.538468216706436,5.773974925903504,0.19859007765361625,197,39,13657385.66273152,4.436980830230901,CV < 10%
24. Lagos,6. South West,Chocolate drinks,0.25290876557987374,0.03950744426432642,0.17547417482179395,0.33034335633795353,0.15621223793387723,197,39,13657385.66273152,4.436980830230901,CV < 10%
24. Lagos,6. South West,Coconut,0.17016838485453778,0.06239810402791623,0.04786810095982197,0.2924686687492536,0.366684470098573,197,39,13657385.66273152,4.436980830230901,CV < 10%
24. Lagos,6. South West,Cocoyam,0.7643018847037232,0.3661775834549237,0.04659382113207278,1.4820099482753735,0.47910072025646006,197,39,13657385.66273152,4.436980830230901,CV < 10%
24. Lagos,6. South West,Coffee,0.006222226854198005,0.0027334876540077184,8.64591052342877e-4,0.011579862656053132,0.4393101887893226,197,39,13657385.66273152,4.436980830230901,CV < 10%
24. Lagos,6. South West,Dry pepper,0.04892765976200514,0.01988301105774178,0.00995695808883125,0.08789836143517903,0.40637568104538624,197,39,13657385.66273152,4.436980830230901,CV < 10%
24. Lagos,6. South West,Duck,0,0,0,0,NA,197,39,13657385.66273152,4.436980830230901,No estimate
24. Lagos,6. South West,Fish - dried,0.39937291907776684,0.08079524277979898,0.24101424322936085,0.5577315949261729,0.2023052613741853,197,39,13657385.66273152,4.436980830230901,CV < 10%
24. Lagos,6. South West,Fish - fresh,0.8292920612598341,0.2954480304086399,0.2502139216589,1.4083702008607681,0.356265354765129,197,39,13657385.66273152,4.436980830230901,CV < 10%
24. Lagos,6. South West,Fish - frozen,5.037007893012355,0.6630105620287514,3.737507191436002,6.336508594588707,0.13162785846504632,197,39,13657385.66273152,4.436980830230901,CV < 10%
24. Lagos,6. South West,Fish - smoked,2.5405487646646843,1.1836896353956352,0.22051707928923925,4.860580450040129,0.46591888014866156,197,39,13657385.66273152,4.436980830230901,CV < 10%
24. Lagos,6. South West,Fresh milk,0,0,0,0,NA,197,39,13657385.66273152,4.436980830230901,No estimate
24. Lagos,6. South West,Fresh pepper,7.5182790611738595,0.7240472968020514,6.099146359441839,8.93741176290588,0.09630492442628259,197,39,13657385.66273152,4.436980830230901,CV < 10%
24. Lagos,6. South West,Fruit juice,0.4077157782814452,0.16438490423301452,0.0855213659847367,0.7299101905781537,0.40318504455704446,197,39,13657385.66273152,4.436980830230901,CV < 10%
24. Lagos,6. South West,Garden eggs/Eggplant,0.7667625938521216,0.25506588968328203,0.2668334500728889,1.2666917376313545,0.33265301636828964,197,39,13657385.66273152,4.436980830230901,CV < 10%
24. Lagos,6. South West,Gari - white,8.760599576424712,1.1487346204768363,6.509079720290112,11.012119432559311,0.1311251142636571,197,39,13657385.66273152,4.436980830230901,CV < 10%
24. Lagos,6. South West,Gari - yellow,8.012052815975863,1.934500492830253,4.220431850028568,11.803673781923159,0.24144879436801764,197,39,13657385.66273152,4.436980830230901,CV < 10%
24. Lagos,6. South West,Gin,0,0,0,0,NA,197,39,13657385.66273152,4.436980830230901,No estimate
24. Lagos,6. South West,Goat,0.10237554999576433,0.07767568351735069,0,0.2546198896897717,0.7587327591457572,197,39,13657385.66273152,4.436980830230901,CV < 10%
24. Lagos,6. South West,Ground pepper,0.09189868243817913,0.022615629316935115,0.0475720489769863,0.13622531589937195,0.2460930746439026,197,39,13657385.66273152,4.436980830230901,CV < 10%
24. Lagos,6. South West,Groundnut oil,3.623520711520648,0.5003496019985098,2.642835491603569,4.604205931437727,0.1380838256030094,197,39,13657385.66273152,4.436980830230901,CV < 10%
24. Lagos,6. South West,Groundnuts - shelled,0.2120199152687486,0.05370391189761398,0.10676024794942521,0.317279582588072,0.2532965444757437,197,39,13657385.66273152,4.436980830230901,CV < 10%
24. Lagos,6. South West,Groundnuts - unshelled,0.0027648176376255606,0.002745074778236327,0,0.008145164202968761,0.9928592543969053,197,39,13657385.66273152,4.436980830230901,CV < 10%
24. Lagos,6. South West,Guava,0,0,0,0,NA,197,39,13657385.66273152,4.436980830230901,No estimate
24. Lagos,6. South West,Guinea corn / sorghum,0.040205221593331085,0.028933863805362822,0,0.09691559465184221,0.7196543796729661,197,39,13657385.66273152,4.436980830230901,CV < 10%
24. Lagos,6. South West,Honey,0.05924583031667221,0.022140681321765186,0.015850094926012442,0.10264156570733197,0.37370868470273827,197,39,13657385.66273152,4.436980830230901,CV < 10%
24. Lagos,6. South West,Kola nut,0.010045660640897002,0.0054253413269156284,0,0.02067932964165163,0.5400681469199209,197,39,13657385.66273152,4.436980830230901,CV < 10%
24. Lagos,6. South West,Leaves,5.708487544297831,0.9786153849347818,3.790401389825658,7.626573698770003,0.17143164057742652,197,39,13657385.66273152,4.436980830230901,CV < 10%
24. Lagos,6. South West,Local eggs,0.05008497756720939,0.02906044848115651,0,0.10704345659027614,0.5802228510966204,197,39,13657385.66273152,4.436980830230901,CV < 10%
24. Lagos,6. South West,Maize - shelled/off cob,0.21738106285194878,0.08088036799774807,0.05885554157636255,0.37590658412753497,0.3720672212042366,197,39,13657385.66273152,4.436980830230901,CV < 10%
24. Lagos,6. South West,Maize - unshelled/on cob,0.05552893749155348,0.05523484497717584,0,0.16378923364681813,0.9947037971972293,197,39,13657385.66273152,4.436980830230901,CV < 10%
24. Lagos,6. South West,Maize flour,0.12915873749813933,0.09361342029171842,0,0.31264104126990744,0.7247935533054202,197,39,13657385.66273152,4.436980830230901,CV < 10%
24. Lagos,6. South West,Malt drinks,1.5169722654649502,0.5359417138805221,0.46652650625912684,2.567418024670774,0.3532969758786306,197,39,13657385.66273152,4.436980830230901,CV < 10%
24. Lagos,6. South West,Mangoes,1.6484527844991634,1.1148513153864035,0,3.833561362656514,0.6763016362189106,197,39,13657385.66273152,4.436980830230901,CV < 10%
24. Lagos,6. South West,Meat pie/Sausage roll,0.016253629256103835,0.012270246614719128,0,0.040303312620953324,0.7549234956316725,197,39,13657385.66273152,4.436980830230901,CV < 10%
24. Lagos,6. South West,Melon - ground,0.19122183911623503,0.04350710164299054,0.10594791989597356,0.2764957583364965,0.2275216149162992,197,39,13657385.66273152,4.436980830230901,CV < 10%
24. Lagos,6. South West,Melon - shelled,0.21366077304646694,0.05734529790568783,0.1012639891513188,0.3260575569416151,0.26839413284916075,197,39,13657385.66273152,4.436980830230901,CV < 10%
24. Lagos,6. South West,Melon - unshelled,0,0,0,0,NA,197,39,13657385.66273152,4.436980830230901,No estimate
24. Lagos,6. South West,Milk - tinned,0.15242034990808148,0.042380832057943525,0.06935391907451217,0.2354867807416508,0.2780523209893015,197,39,13657385.66273152,4.436980830230901,CV < 10%
24. Lagos,6. South West,Milk powder,0.3297979138178332,0.06780914046178278,0.19689199851273895,0.4627038291229274,0.20560815463265109,197,39,13657385.66273152,4.436980830230901,CV < 10%
24. Lagos,6. South West,Millet,0.21372504867705977,0.20088615139284816,0,0.6074619054070421,0.9399279711775325,197,39,13657385.66273152,4.436980830230901,CV < 10%
24. Lagos,6. South West,Mutton,0,0,0,0,NA,197,39,13657385.66273152,4.436980830230901,No estimate
24. Lagos,6. South West,Ogbono - ground,0.1787786476253128,0.04609717147033688,0.08842819154345251,0.2691291037071731,0.2578449500689147,197,39,13657385.66273152,4.436980830230901,CV < 10%
24. Lagos,6. South West,Ogbono - unground,0.08565830090044285,0.02316588626798891,0.04025316381518459,0.1310634379857011,0.2704453161511302,197,39,13657385.66273152,4.436980830230901,CV < 10%
24. Lagos,6. South West,Okra - dried,0,0,0,0,NA,197,39,13657385.66273152,4.436980830230901,No estimate
24. Lagos,6. South West,Okra - fresh,2.2517157263474803,0.30087742241654813,1.661995978411046,2.8414354742839145,0.13362140651058246,197,39,13657385.66273152,4.436980830230901,CV < 10%
24. Lagos,6. South West,Onions,8.529100001930722,0.5360809696041945,7.4783813015065,9.579818702354943,0.06285316967591452,197,39,13657385.66273152,4.436980830230901,CV < 10%
24. Lagos,6. South West,Orange/Tangerine,5.396250182139193,0.856606607779102,3.717301230892153,7.075199133386233,0.15874108480261828,197,39,13657385.66273152,4.436980830230901,CV < 10%
24. Lagos,6. South West,Other alcoholic beverages,0,0,0,0,NA,197,39,13657385.66273152,4.436980830230901,No estimate
24. Lagos,6. South West,Other domestic poultry,0,0,0,0,NA,197,39,13657385.66273152,4.436980830230901,No estimate
24. Lagos,6. South West,Other eggs,0,0,0,0,NA,197,39,13657385.66273152,4.436980830230901,No estimate
24. Lagos,6. South West,Other fish/seafood,0,0,0,0,NA,197,39,13657385.66273152,4.436980830230901,No estimate
24. Lagos,6. South West,Other fruits,0,0,0,0,NA,197,39,13657385.66273152,4.436980830230901,No estimate
24. Lagos,6. South West,Other grains/flour,0.5494648616178662,0.21986756474389377,0.11852443471983443,0.980405288515898,0.40014854470676603,197,39,13657385.66273152,4.436980830230901,CV < 10%
24. Lagos,6. South West,Other meat,0,0,0,0,NA,197,39,13657385.66273152,4.436980830230901,No estimate
24. Lagos,6. South West,Other non-alcoholic drinks,0,0,0,0,NA,197,39,13657385.66273152,4.436980830230901,No estimate
24. Lagos,6. South West,Other nuts/seeds/pulses,0,0,0,0,NA,197,39,13657385.66273152,4.436980830230901,No estimate
24. Lagos,6. South West,Other oil/fat,0,0,0,0,NA,197,39,13657385.66273152,4.436980830230901,No estimate
24. Lagos,6. South West,Other spices,0.1867051101555414,0.02034693781383482,0.14682511204042514,0.22658510827065764,0.10897900864568771,197,39,13657385.66273152,4.436980830230901,CV < 10%
24. Lagos,6. South West,Other vegetables,0,0,0,0,NA,197,39,13657385.66273152,4.436980830230901,No estimate
24. Lagos,6. South West,Palm oil,5.188494187720185,0.40287399660300793,4.398861154378289,5.97812722106208,0.07764757596847768,197,39,13657385.66273152,4.436980830230901,CV < 10%
24. Lagos,6. South West,Palm wine,0,0,0,0,NA,197,39,13657385.66273152,4.436980830230901,No estimate
24. Lagos,6. South West,Pawpaw,1.0052691277790484,0.31525571859016205,0.38736791934233084,1.623170336215766,0.31360330271621867,197,39,13657385.66273152,4.436980830230901,CV < 10%
24. Lagos,6. South West,Pineapples,5.156141857708292,1.4851605516412867,2.24522717649137,8.067056538925215,0.2880371783062974,197,39,13657385.66273152,4.436980830230901,CV < 10%
24. Lagos,6. South West,Pito,0,0,0,0,NA,197,39,13657385.66273152,4.436980830230901,No estimate
24. Lagos,6. South West,Plantains,5.980296363684774,0.9538416323260063,4.110766764325802,7.849825963043746,0.15949738513264825,197,39,13657385.66273152,4.436980830230901,CV < 10%
24. Lagos,6. South West,Pork,0,0,0,0,NA,197,39,13657385.66273152,4.436980830230901,No estimate
24. Lagos,6. South West,Potatoes,0.6726183357223668,0.300056637961023,0.08450732531876182,1.2607293461259719,0.4461023763777915,197,39,13657385.66273152,4.436980830230901,CV < 10%
24. Lagos,6. South West,Rice - imported,16.98352801807476,1.4990491261214094,14.045391730876798,19.921664305272724,0.08826488374653621,197,39,13657385.66273152,4.436980830230901,CV < 10%
24. Lagos,6. South West,Rice - local,7.553222454187513,2.251417636270446,3.1404438870974394,11.966001021277588,0.2980737890252733,197,39,13657385.66273152,4.436980830230901,CV < 10%
24. Lagos,6. South West,Sachet water,284.91139943641946,24.954052128878267,236.00145726381805,333.82134160902086,0.08758530609248925,197,39,13657385.66273152,4.436980830230901,CV < 10%
24. Lagos,6. South West,Salt,1.2139323073307944,0.10836767938150996,1.001531655743035,1.4263329589185538,0.08926995247353604,197,39,13657385.66273152,4.436980830230901,CV < 10%
24. Lagos,6. South West,Seafood,0,0,0,0,NA,197,39,13657385.66273152,4.436980830230901,No estimate
24. Lagos,6. South West,Snails,0.043927367116699756,0.030254911193533313,0,0.10322699305602505,0.6887485679065746,197,39,13657385.66273152,4.436980830230901,CV < 10%
24. Lagos,6. South West,Soft drinks,3.8513237373436713,0.8381263886504462,2.208596015588797,5.494051459098546,0.2176203419420974,197,39,13657385.66273152,4.436980830230901,CV < 10%
24. Lagos,6. South West,Soya beans,0.030709665059039038,0.02977634142227134,0,0.08907129424669087,0.9696081466543711,197,39,13657385.66273152,4.436980830230901,CV < 10%
24. Lagos,6. South West,Sugar,0.7846342998630255,0.14355126629796666,0.5032738179190108,1.06599478180704,0.1829530856897622,197,39,13657385.66273152,4.436980830230901,CV < 10%
24. Lagos,6. South West,Sweet potatoes,3.6098092718456813,0.6489901056598498,2.3377886647523756,4.881829878938987,0.17978515117725977,197,39,13657385.66273152,4.436980830230901,CV < 10%
24. Lagos,6. South West,Tea,0.11708826087923865,0.01937005923415354,0.07912294478029772,0.1550535769781796,0.16543126602701222,197,39,13657385.66273152,4.436980830230901,CV < 10%
24. Lagos,6. South West,Tomato puree - canned,0.45513137215034394,0.12076169427215863,0.21843845137691303,0.6918242929237748,0.26533370728016376,197,39,13657385.66273152,4.436980830230901,CV < 10%
24. Lagos,6. South West,Tomatoes,12.616969252725946,0.6715265098088774,11.300777293500547,13.933161211951345,0.05322407436823954,197,39,13657385.66273152,4.436980830230901,CV < 10%
24. Lagos,6. South West,Watermelon,10.415166818832851,1.7670136645564722,6.951820036302166,13.878513601363537,0.16965774003363376,197,39,13657385.66273152,4.436980830230901,CV < 10%
24. Lagos,6. South West,Wheat flour,4.468760241251025,0.738390770259638,3.021514331542135,5.916006150959915,0.16523391956533479,197,39,13657385.66273152,4.436980830230901,CV < 10%
24. Lagos,6. South West,White beans,0.9607813880132013,0.2880262304574351,0.3962499763166286,1.525312799709774,0.2997833160080715,197,39,13657385.66273152,4.436980830230901,CV < 10%
24. Lagos,6. South West,Wild game/Bush meat,0,0,0,0,NA,197,39,13657385.66273152,4.436980830230901,No estimate
24. Lagos,6. South West,Yam flour,5.438554950154088,1.452026125117974,2.592583744922859,8.284526155385317,0.2669874881151719,197,39,13657385.66273152,4.436980830230901,CV < 10%
24. Lagos,6. South West,Yam roots,32.25047505035077,2.3595761588092725,27.625705779084598,36.87524432161695,0.07316407448651237,197,39,13657385.66273152,4.436980830230901,CV < 10%
25. Nasarawa,1. North Central,Agricultural eggs,0.5739023686167818,0.5210672912705017,0,1.595194259506965,0.9079371680001546,24,5,2948849,7.3731949311571805,CV < 10%
25. Nasarawa,1. North Central,Animal fat,0,0,0,0,NA,24,5,2948849,7.3731949311571805,No estimate
25. Nasarawa,1. North Central,Apples,0,0,0,0,NA,24,5,2948849,7.3731949311571805,No estimate
25. Nasarawa,1. North Central,Avocado pear,0.06012645741696113,0.07429304344714356,0,0.20574082257336251,1.2356131832604222,24,5,2948849,7.3731949311571805,CV < 10%
25. Nasarawa,1. North Central,Baby milk powder,0,0,0,0,NA,24,5,2948849,7.3731949311571805,No estimate
25. Nasarawa,1. North Central,Bananas,0.959505660895839,0.31365723744715973,0.3447374754994059,1.574273846292272,0.3268946190002827,24,5,2948849,7.3731949311571805,CV < 10%
25. Nasarawa,1. North Central,Beef,1.5757091478915508,1.3859860792026755,0,4.292241863128795,0.8795951213821771,24,5,2948849,7.3731949311571805,CV < 10%
25. Nasarawa,1. North Central,Beer,0,0,0,0,NA,24,5,2948849,7.3731949311571805,No estimate
25. Nasarawa,1. North Central,Biscuits,0.07700251301223328,0.025171707153198372,0.02766596699196447,0.1263390590325021,0.32689461900028355,24,5,2948849,7.3731949311571805,CV < 10%
25. Nasarawa,1. North Central,Bottled water,0,0,0,0,NA,24,5,2948849,7.3731949311571805,No estimate
25. Nasarawa,1. North Central,Bread,2.3308901874874737,0.49194808268388446,1.3666719454270602,3.295108429547887,0.21105588127863198,24,5,2948849,7.3731949311571805,CV < 10%
25. Nasarawa,1. North Central,Brown beans,0.12884087749770062,0.1596333625419698,0,0.44172226807996146,1.2389962381684239,24,5,2948849,7.3731949311571805,CV < 10%
25. Nasarawa,1. North Central,Buns/Pofpof/Donuts,0,0,0,0,NA,24,5,2948849,7.3731949311571805,No estimate
25. Nasarawa,1. North Central,Butter/Margarine,0,0,0,0,NA,24,5,2948849,7.3731949311571805,No estimate
25. Nasarawa,1. North Central,Cake,0,0,0,0,NA,24,5,2948849,7.3731949311571805,No estimate
25. Nasarawa,1. North Central,Canned fish/seafood,0,0,0,0,NA,24,5,2948849,7.3731949311571805,No estimate
25. Nasarawa,1. North Central,Cashew nut,0,0,0,0,NA,24,5,2948849,7.3731949311571805,No estimate
25. Nasarawa,1. North Central,Cassava flour,1.9107907762227185,0.606700939275745,0.7216569352422584,3.099924617203179,0.31751301441546675,24,5,2948849,7.3731949311571805,CV < 10%
25. Nasarawa,1. North Central,Cassava roots,0,0,0,0,NA,24,5,2948849,7.3731949311571805,No estimate
25. Nasarawa,1. North Central,Cheese/wara,0,0,0,0,NA,24,5,2948849,7.3731949311571805,No estimate
25. Nasarawa,1. North Central,Chicken,0.6936014179438215,0.1741038374276013,0.3523578965857229,1.03484493930192,0.25101424668901545,24,5,2948849,7.3731949311571805,CV < 10%
25. Nasarawa,1. North Central,Chocolate drinks,0,0,0,0,NA,24,5,2948849,7.3731949311571805,No estimate
25. Nasarawa,1. North Central,Coconut,0,0,0,0,NA,24,5,2948849,7.3731949311571805,No estimate
25. Nasarawa,1. North Central,Cocoyam,0,0,0,0,NA,24,5,2948849,7.3731949311571805,No estimate
25. Nasarawa,1. North Central,Coffee,0,0,0,0,NA,24,5,2948849,7.3731949311571805,No estimate
25. Nasarawa,1. North Central,Dry pepper,0.0380181503676668,0.012427928779533868,0.01365940995978042,0.06237689077555318,0.32689461900028194,24,5,2948849,7.3731949311571805,CV < 10%
25. Nasarawa,1. North Central,Duck,0,0,0,0,NA,24,5,2948849,7.3731949311571805,No estimate
25. Nasarawa,1. North Central,Fish - dried,2.96066030277504,0.4875223172155215,2.005116561032618,3.916204044517462,0.16466675246686174,24,5,2948849,7.3731949311571805,CV < 10%
25. Nasarawa,1. North Central,Fish - fresh,18.848200366423043,1.2303344813566808,16.43674478296395,21.259655949882138,0.06527596573880066,24,5,2948849,7.3731949311571805,CV < 10%
25. Nasarawa,1. North Central,Fish - frozen,0.12213186487829204,0.15090774233979865,0,0.4179110398642974,1.235613183260426,24,5,2948849,7.3731949311571805,CV < 10%
25. Nasarawa,1. North Central,Fish - smoked,0.6943804948647182,0.6079484764171686,0,1.8859595086423688,0.8755264309888362,24,5,2948849,7.3731949311571805,CV < 10%
25. Nasarawa,1. North Central,Fresh milk,0,0,0,0,NA,24,5,2948849,7.3731949311571805,No estimate
25. Nasarawa,1. North Central,Fresh pepper,2.4697063901157232,0.7179520317260293,1.062520407932706,3.8768923722987405,0.29070339478385854,24,5,2948849,7.3731949311571805,CV < 10%
25. Nasarawa,1. North Central,Fruit juice,0,0,0,0,NA,24,5,2948849,7.3731949311571805,No estimate
25. Nasarawa,1. North Central,Garden eggs/Eggplant,0,0,0,0,NA,24,5,2948849,7.3731949311571805,No estimate
25. Nasarawa,1. North Central,Gari - white,8.72215902813136,1.1907598352847726,6.388269750973206,11.056048305289515,0.1365212250136973,24,5,2948849,7.3731949311571805,CV < 10%
25. Nasarawa,1. North Central,Gari - yellow,0.7682184396422165,0.926891473154226,0,2.5849257270244994,1.2065467649877144,24,5,2948849,7.3731949311571805,CV < 10%
25. Nasarawa,1. North Central,Gin,0,0,0,0,NA,24,5,2948849,7.3731949311571805,No estimate
25. Nasarawa,1. North Central,Goat,0.0939475918138941,0.11608288298081665,0,0.32147004245629474,1.235613183260424,24,5,2948849,7.3731949311571805,CV < 10%
25. Nasarawa,1. North Central,Ground pepper,0.05592673801806965,0.014005339425759447,0.02847627274358113,0.08337720329255816,0.2504229626486421,24,5,2948849,7.3731949311571805,CV < 10%
25. Nasarawa,1. North Central,Groundnut oil,1.4232456348944549,0.3325734220690263,0.7714017276391634,2.0750895421497466,0.2336725396622694,24,5,2948849,7.3731949311571805,CV < 10%
25. Nasarawa,1. North Central,Groundnuts - shelled,0.0678811864011925,0.07353224748638902,0,0.212004391474515,1.0832492975564323,24,5,2948849,7.3731949311571805,CV < 10%
25. Nasarawa,1. North Central,Groundnuts - unshelled,0,0,0,0,NA,24,5,2948849,7.3731949311571805,No estimate
25. Nasarawa,1. North Central,Guava,0,0,0,0,NA,24,5,2948849,7.3731949311571805,No estimate
25. Nasarawa,1. North Central,Guinea corn / sorghum,8.764651011990134,0.7265470436187131,7.3406188064974565,10.188683217482811,0.08289514809258113,24,5,2948849,7.3731949311571805,CV < 10%
25. Nasarawa,1. North Central,Honey,0,0,0,0,NA,24,5,2948849,7.3731949311571805,No estimate
25. Nasarawa,1. North Central,Kola nut,0,0,0,0,NA,24,5,2948849,7.3731949311571805,No estimate
25. Nasarawa,1. North Central,Leaves,0,0,0,0,NA,24,5,2948849,7.3731949311571805,No estimate
25. Nasarawa,1. North Central,Local eggs,0,0,0,0,NA,24,5,2948849,7.3731949311571805,No estimate
25. Nasarawa,1. North Central,Maize - shelled/off cob,0.07252754226905503,0.08961598737712223,0,0.2481748775282146,1.2356131832604267,24,5,2948849,7.3731949311571805,CV < 10%
25. Nasarawa,1. North Central,Maize - unshelled/on cob,0,0,0,0,NA,24,5,2948849,7.3731949311571805,No estimate
25. Nasarawa,1. North Central,Maize flour,5.527657459125108,1.16218274760601,3.2497792738173286,7.805535644432888,0.2102486914574397,24,5,2948849,7.3731949311571805,CV < 10%
25. Nasarawa,1. North Central,Malt drinks,0.414933608656779,0.10389532219882722,0.21129877714707762,0.6185684401664804,0.2503902311870003,24,5,2948849,7.3731949311571805,CV < 10%
25. Nasarawa,1. North Central,Mangoes,0,0,0,0,NA,24,5,2948849,7.3731949311571805,No estimate
25. Nasarawa,1. North Central,Meat pie/Sausage roll,0,0,0,0,NA,24,5,2948849,7.3731949311571805,No estimate
25. Nasarawa,1. North Central,Melon - ground,0.9707599703256958,0.16301625094121877,0.651248118480907,1.2902718221704848,0.16792642457900878,24,5,2948849,7.3731949311571805,CV < 10%
25. Nasarawa,1. North Central,Melon - shelled,0.0693444714042326,0.022668334559462554,0.02491453566768599,0.1137744071407792,0.3268946190002818,24,5,2948849,7.3731949311571805,CV < 10%
25. Nasarawa,1. North Central,Melon - unshelled,0.05495329378078994,0.01796393603328187,0.01974397915555748,0.0901626084060224,0.32689461900028155,24,5,2948849,7.3731949311571805,CV < 10%
25. Nasarawa,1. North Central,Milk - tinned,0.007515807177120141,0.009286630430892945,0,0.025717602821670314,1.2356131832604222,24,5,2948849,7.3731949311571805,CV < 10%
25. Nasarawa,1. North Central,Milk powder,0.1618405602203926,0.10055810771106656,0,0.3589344513340831,0.6213405809651653,24,5,2948849,7.3731949311571805,CV < 10%
25. Nasarawa,1. North Central,Millet,0.38239635475127187,0.4613790847682409,0,1.286699360897024,1.2065467649877128,24,5,2948849,7.3731949311571805,CV < 10%
25. Nasarawa,1. North Central,Mutton,0,0,0,0,NA,24,5,2948849,7.3731949311571805,No estimate
25. Nasarawa,1. North Central,Ogbono - ground,0.2991244631544516,0.058157485546151466,0.18513579148399475,0.4131131348249085,0.1944257080575924,24,5,2948849,7.3731949311571805,CV < 10%
25. Nasarawa,1. North Central,Ogbono - unground,0,0,0,0,NA,24,5,2948849,7.3731949311571805,No estimate
25. Nasarawa,1. North Central,Okra - dried,0.16956271687704833,0.037852451561298385,0.09537191181690349,0.24375352193719316,0.2232356986161385,24,5,2948849,7.3731949311571805,CV < 10%
25. Nasarawa,1. North Central,Okra - fresh,2.774608311815999,0.2280955503989081,2.327541033034139,3.221675590597859,0.08220819833471128,24,5,2948849,7.3731949311571805,CV < 10%
25. Nasarawa,1. North Central,Onions,3.7189095695720407,0.5743173886929898,2.5932474877337808,4.8445716514103,0.15443166281644224,24,5,2948849,7.3731949311571805,CV < 10%
25. Nasarawa,1. North Central,Orange/Tangerine,1.5747898561048885,0.40782249215156363,0.7754577714878238,2.3741219407219534,0.25896946857422526,24,5,2948849,7.3731949311571805,CV < 10%
25. Nasarawa,1. North Central,Other alcoholic beverages,0,0,0,0,NA,24,5,2948849,7.3731949311571805,No estimate
25. Nasarawa,1. North Central,Other domestic poultry,0,0,0,0,NA,24,5,2948849,7.3731949311571805,No estimate
25. Nasarawa,1. North Central,Other eggs,0,0,0,0,NA,24,5,2948849,7.3731949311571805,No estimate
25. Nasarawa,1. North Central,Other fish/seafood,0,0,0,0,NA,24,5,2948849,7.3731949311571805,No estimate
25. Nasarawa,1. North Central,Other fruits,0,0,0,0,NA,24,5,2948849,7.3731949311571805,No estimate
25. Nasarawa,1. North Central,Other grains/flour,0,0,0,0,NA,24,5,2948849,7.3731949311571805,No estimate
25. Nasarawa,1. North Central,Other meat,0,0,0,0,NA,24,5,2948849,7.3731949311571805,No estimate
25. Nasarawa,1. North Central,Other non-alcoholic drinks,0,0,0,0,NA,24,5,2948849,7.3731949311571805,No estimate
25. Nasarawa,1. North Central,Other nuts/seeds/pulses,0,0,0,0,NA,24,5,2948849,7.3731949311571805,No estimate
25. Nasarawa,1. North Central,Other oil/fat,0,0,0,0,NA,24,5,2948849,7.3731949311571805,No estimate
25. Nasarawa,1. North Central,Other spices,0,0,0,0,NA,24,5,2948849,7.3731949311571805,No estimate
25. Nasarawa,1. North Central,Other vegetables,0,0,0,0,NA,24,5,2948849,7.3731949311571805,No estimate
25. Nasarawa,1. North Central,Palm oil,7.2268114017490115,0.09285615372695386,7.044813340444182,7.408809463053841,0.012848841427421378,24,5,2948849,7.3731949311571805,CV < 10%
25. Nasarawa,1. North Central,Palm wine,0,0,0,0,NA,24,5,2948849,7.3731949311571805,No estimate
25. Nasarawa,1. North Central,Pawpaw,0,0,0,0,NA,24,5,2948849,7.3731949311571805,No estimate
25. Nasarawa,1. North Central,Pineapples,0.14702798656446858,0.18166971850729352,0,0.5031006348387639,1.2356131832604216,24,5,2948849,7.3731949311571805,CV < 10%
25. Nasarawa,1. North Central,Pito,0,0,0,0,NA,24,5,2948849,7.3731949311571805,No estimate
25. Nasarawa,1. North Central,Plantains,0.05777776986149892,0.07139097414025472,0,0.19770407917639815,1.2356131832604214,24,5,2948849,7.3731949311571805,CV < 10%
25. Nasarawa,1. North Central,Pork,0,0,0,0,NA,24,5,2948849,7.3731949311571805,No estimate
25. Nasarawa,1. North Central,Potatoes,0,0,0,0,NA,24,5,2948849,7.3731949311571805,No estimate
25. Nasarawa,1. North Central,Rice - imported,0.3616042787413887,0.446803013936238,0,1.237338186056415,1.235613183260427,24,5,2948849,7.3731949311571805,CV < 10%
25. Nasarawa,1. North Central,Rice - local,16.314360430038953,1.0120706876493448,14.330701882246236,18.298018977831667,0.06203557240195952,24,5,2948849,7.3731949311571805,CV < 10%
25. Nasarawa,1. North Central,Sachet water,3.757903672555764,4.643315319232676,0,12.85880169825181,1.2356131832604267,24,5,2948849,7.3731949311571805,CV < 10%
25. Nasarawa,1. North Central,Salt,0.41663418491444487,0.03263235173953933,0.3526747755049478,0.48059359432394194,0.07832374999723157,24,5,2948849,7.3731949311571805,CV < 10%
25. Nasarawa,1. North Central,Seafood,0,0,0,0,NA,24,5,2948849,7.3731949311571805,No estimate
25. Nasarawa,1. North Central,Snails,0,0,0,0,NA,24,5,2948849,7.3731949311571805,No estimate
25. Nasarawa,1. North Central,Soft drinks,0.5996538261299273,0.1960236090248046,0.21544755244131036,0.9838600998185443,0.32689461900028305,24,5,2948849,7.3731949311571805,CV < 10%
25. Nasarawa,1. North Central,Soya beans,0.13306352797288915,0.043497751279531066,0.047807935465008264,0.21831912048077,0.32689461900028277,24,5,2948849,7.3731949311571805,CV < 10%
25. Nasarawa,1. North Central,Sugar,0.41959269115227527,0.3710575711977946,0,1.1468655306999527,0.8843280138622179,24,5,2948849,7.3731949311571805,CV < 10%
25. Nasarawa,1. North Central,Sweet potatoes,0.3681249002715962,0.3987710396322385,0,1.1497161379507836,1.0832492975564327,24,5,2948849,7.3731949311571805,CV < 10%
25. Nasarawa,1. North Central,Tea,9.394758971400176e-4,0.0011608288038616181,0,0.0032147003527087893,1.2356131832604222,24,5,2948849,7.3731949311571805,CV < 10%
25. Nasarawa,1. North Central,Tomato puree - canned,0.026305325819884602,0.03250320737301031,0,0.09001161227098481,1.2356131832604267,24,5,2948849,7.3731949311571805,CV < 10%
25. Nasarawa,1. North Central,Tomatoes,3.2018875633089166,0.7036132317112018,1.822805629154961,4.580969497462872,0.21974951268559506,24,5,2948849,7.3731949311571805,CV < 10%
25. Nasarawa,1. North Central,Watermelon,0.9753465959426489,0.3188355538738937,0.3504289103498174,1.6002642815354804,0.32689461900028144,24,5,2948849,7.3731949311571805,CV < 10%
25. Nasarawa,1. North Central,Wheat flour,0.08257993396597385,0.10203685508113311,0,0.28257216992499473,1.2356131832604307,24,5,2948849,7.3731949311571805,CV < 10%
25. Nasarawa,1. North Central,White beans,4.888295590239706,0.14092323643485113,4.612086046827398,5.164505133652015,0.028828706004650737,24,5,2948849,7.3731949311571805,CV < 10%
25. Nasarawa,1. North Central,Wild game/Bush meat,0,0,0,0,NA,24,5,2948849,7.3731949311571805,No estimate
25. Nasarawa,1. North Central,Yam flour,0.9203562721326947,0.30085951292333796,0.33067162680295226,1.5100409174624372,0.32689461900028294,24,5,2948849,7.3731949311571805,CV < 10%
25. Nasarawa,1. North Central,Yam roots,8.888681870587984,2.316103243887504,4.3491195125684765,13.428244228607491,0.26056768344374265,24,5,2948849,7.3731949311571805,CV < 10%
26. Niger,1. North Central,Agricultural eggs,0,0,0,0,NA,143,19,6965970,5.872831666781131,No estimate
26. Niger,1. North Central,Animal fat,0.03155977889110811,0.032538454712416086,0,0.09533515012744365,1.0310102242694645,143,19,6965970,5.872831666781131,CV < 10%
26. Niger,1. North Central,Apples,0,0,0,0,NA,143,19,6965970,5.872831666781131,No estimate
26. Niger,1. North Central,Avocado pear,0,0,0,0,NA,143,19,6965970,5.872831666781131,No estimate
26. Niger,1. North Central,Baby milk powder,0,0,0,0,NA,143,19,6965970,5.872831666781131,No estimate
26. Niger,1. North Central,Bananas,0.01389582023893679,0.014326732740954282,0,0.04197621641120718,1.0310102242694572,143,19,6965970,5.872831666781131,CV < 10%
26. Niger,1. North Central,Beef,1.764175622462388,0.25450613127206667,1.2653436051691371,2.2630076397556387,0.1442634894347049,143,19,6965970,5.872831666781131,CV < 10%
26. Niger,1. North Central,Beer,0.21176358210380972,0.21526117266452696,0,0.6336754805262825,1.0165164875186266,143,19,6965970,5.872831666781131,CV < 10%
26. Niger,1. North Central,Biscuits,0.11918175406038586,0.0438889791864221,0.033159354854998546,0.20520415326577318,0.3682525025112892,143,19,6965970,5.872831666781131,CV < 10%
26. Niger,1. North Central,Bottled water,0,0,0,0,NA,143,19,6965970,5.872831666781131,No estimate
26. Niger,1. North Central,Bread,4.244255370432055,0.6658755245743135,2.9391393422664,5.549371398597709,0.15688865689213444,143,19,6965970,5.872831666781131,CV < 10%
26. Niger,1. North Central,Brown beans,1.73586528829073,0.5285740187821191,0.6998602114777766,2.771870365103683,0.3045017504224621,143,19,6965970,5.872831666781131,CV < 10%
26. Niger,1. North Central,Buns/Pofpof/Donuts,0.0355051648056661,0.0364581876144388,0,0.10696321252996616,1.0268418077761072,143,19,6965970,5.872831666781131,CV < 10%
26. Niger,1. North Central,Butter/Margarine,0,0,0,0,NA,143,19,6965970,5.872831666781131,No estimate
26. Niger,1. North Central,Cake,0.017887712987930612,0.01823585315891985,0,0.05362998517941352,1.0194625311365482,143,19,6965970,5.872831666781131,CV < 10%
26. Niger,1. North Central,Canned fish/seafood,0,0,0,0,NA,143,19,6965970,5.872831666781131,No estimate
26. Niger,1. North Central,Cashew nut,0.025357386530911144,0.0194914497735645,0,0.06356062808709756,0.7686695058185136,143,19,6965970,5.872831666781131,CV < 10%
26. Niger,1. North Central,Cassava flour,3.0528280585348804,0.5246892069969055,2.0244372128209456,4.081218904248815,0.17186988488592292,143,19,6965970,5.872831666781131,CV < 10%
26. Niger,1. North Central,Cassava roots,59.93303693743407,16.254069493134622,28.075060730890208,91.79101314397792,0.27120383554236943,143,19,6965970,5.872831666781131,CV < 10%
26. Niger,1. North Central,Cheese/wara,0.01906869425567323,0.013573603017427271,0,0.04567295616983068,0.7118265590413416,143,19,6965970,5.872831666781131,CV < 10%
26. Niger,1. North Central,Chicken,1.2711616081565953,0.44712955140046473,0.39478768741168446,2.147535528901506,0.35174878515162217,143,19,6965970,5.872831666781131,CV < 10%
26. Niger,1. North Central,Chocolate drinks,0.13727353641601528,0.047283193170366486,0.04459847780209697,0.2299485950299336,0.3444450722612119,143,19,6965970,5.872831666781131,CV < 10%
26. Niger,1. North Central,Coconut,0,0,0,0,NA,143,19,6965970,5.872831666781131,No estimate
26. Niger,1. North Central,Cocoyam,0,0,0,0,NA,143,19,6965970,5.872831666781131,No estimate
26. Niger,1. North Central,Coffee,0,0,0,0,NA,143,19,6965970,5.872831666781131,No estimate
26. Niger,1. North Central,Dry pepper,0.06862919065233368,0.040296352605787976,0,0.14761004175967812,0.5871605394550538,143,19,6965970,5.872831666781131,CV < 10%
26. Niger,1. North Central,Duck,0,0,0,0,NA,143,19,6965970,5.872831666781131,No estimate
26. Niger,1. North Central,Fish - dried,1.6126208804808135,0.20571053666208663,1.2094282286231237,2.0158135323385036,0.1275628631329347,143,19,6965970,5.872831666781131,CV < 10%
26. Niger,1. North Central,Fish - fresh,2.4584735107123405,0.9859854941164974,0.5259419422440057,4.391005079180675,0.4010559763285019,143,19,6965970,5.872831666781131,CV < 10%
26. Niger,1. North Central,Fish - frozen,0.23309815987642385,0.10401219464049401,0.02923425838105559,0.4369620613717921,0.446216283713418,143,19,6965970,5.872831666781131,CV < 10%
26. Niger,1. North Central,Fish - smoked,1.1662800972105354,0.36215013825867715,0.45646582622352816,1.8760943681975426,0.31051729265109995,143,19,6965970,5.872831666781131,CV < 10%
26. Niger,1. North Central,Fresh milk,0.5897053287322702,0.6079922232291528,0,1.7813700862614097,1.0310102242694588,143,19,6965970,5.872831666781131,CV < 10%
26. Niger,1. North Central,Fresh pepper,0.9775955004251313,0.1531879632558566,0.6773470924436524,1.2778439084066102,0.15669871965372084,143,19,6965970,5.872831666781131,CV < 10%
26. Niger,1. North Central,Fruit juice,0,0,0,0,NA,143,19,6965970,5.872831666781131,No estimate
26. Niger,1. North Central,Garden eggs/Eggplant,0.12543859616977393,0.08090890869927386,0,0.28402005722035073,0.645008084989793,143,19,6965970,5.872831666781131,CV < 10%
26. Niger,1. North Central,Gari - white,2.662055177031838,0.22434626861699053,2.2223364905425367,3.1017738635211396,0.08427558923370405,143,19,6965970,5.872831666781131,CV < 10%
26. Niger,1. North Central,Gari - yellow,2.270262097764392,0.6088589403434519,1.0768985746912263,3.4636256208375578,0.26818883200447075,143,19,6965970,5.872831666781131,CV < 10%
26. Niger,1. North Central,Gin,0,0,0,0,NA,143,19,6965970,5.872831666781131,No estimate
26. Niger,1. North Central,Goat,1.5791412335310628,1.3425489161104196,0,4.210537109107485,0.8501765944698896,143,19,6965970,5.872831666781131,CV < 10%
26. Niger,1. North Central,Ground pepper,0.19893803552972716,0.053659188478291604,0.09376602611227562,0.3041100449471787,0.26972815095619734,143,19,6965970,5.872831666781131,CV < 10%
26. Niger,1. North Central,Groundnut oil,1.9196510594910363,0.51627902589522,0.9077441687364052,2.9315579502456677,0.2689442038659374,143,19,6965970,5.872831666781131,CV < 10%
26. Niger,1. North Central,Groundnuts - shelled,0.2237213997609448,0.1064574496079288,0.015064798529404344,0.43237800099248525,0.47584830830525293,143,19,6965970,5.872831666781131,CV < 10%
26. Niger,1. North Central,Groundnuts - unshelled,0.0989598944816215,0.09409549074088805,0,0.2833870563337621,0.9508446955585947,143,19,6965970,5.872831666781131,CV < 10%
26. Niger,1. North Central,Guava,0,0,0,0,NA,143,19,6965970,5.872831666781131,No estimate
26. Niger,1. North Central,Guinea corn / sorghum,27.586275722151203,2.0610552078527804,23.546607514759753,31.625943929542654,0.07471306488094716,143,19,6965970,5.872831666781131,CV < 10%
26. Niger,1. North Central,Honey,0,0,0,0,NA,143,19,6965970,5.872831666781131,No estimate
26. Niger,1. North Central,Kola nut,0.05874970210168233,0.022157034681912723,0.015321914125133396,0.10217749007823126,0.37714292820692014,143,19,6965970,5.872831666781131,CV < 10%
26. Niger,1. North Central,Leaves,5.209255969749704,0.5551048028446538,4.121250556174183,6.297261383325226,0.10656124522737277,143,19,6965970,5.872831666781131,CV < 10%
26. Niger,1. North Central,Local eggs,0.06575391706264724,0.03824564987783935,0,0.14071539082321238,0.5816482361256241,143,19,6965970,5.872831666781131,CV < 10%
26. Niger,1. North Central,Maize - shelled/off cob,5.171797334440464,0.5297421631893267,4.133502694589384,6.210091974291545,0.10242902591360714,143,19,6965970,5.872831666781131,CV < 10%
26. Niger,1. North Central,Maize - unshelled/on cob,0,0,0,0,NA,143,19,6965970,5.872831666781131,No estimate
26. Niger,1. North Central,Maize flour,14.596042555060162,2.1063683160450557,10.467560655611852,18.724524454508472,0.14431091907955687,143,19,6965970,5.872831666781131,CV < 10%
26. Niger,1. North Central,Malt drinks,0,0,0,0,NA,143,19,6965970,5.872831666781131,No estimate
26. Niger,1. North Central,Mangoes,0.8904505751203003,0.5039203857737832,0,1.8781345312369153,0.5659161775550577,143,19,6965970,5.872831666781131,CV < 10%
26. Niger,1. North Central,Meat pie/Sausage roll,0,0,0,0,NA,143,19,6965970,5.872831666781131,No estimate
26. Niger,1. North Central,Melon - ground,0.00781888801720198,0.007775458575876095,0,0.023058786825919126,0.9944455731773701,143,19,6965970,5.872831666781131,CV < 10%
26. Niger,1. North Central,Melon - shelled,0.009283367550201952,0.009464045380199782,0,0.027832896495393528,1.0194625311365486,143,19,6965970,5.872831666781131,CV < 10%
26. Niger,1. North Central,Melon - unshelled,0,0,0,0,NA,143,19,6965970,5.872831666781131,No estimate
26. Niger,1. North Central,Milk - tinned,0,0,0,0,NA,143,19,6965970,5.872831666781131,No estimate
26. Niger,1. North Central,Milk powder,0.14358694584762552,0.04133186210393062,0.06257649612392151,0.22459739557132952,0.2878525053927395,143,19,6965970,5.872831666781131,CV < 10%
26. Niger,1. North Central,Millet,14.744193758676529,1.4658135927897185,11.87119911680868,17.61718840054438,0.0994163273205176,143,19,6965970,5.872831666781131,CV < 10%
26. Niger,1. North Central,Mutton,0,0,0,0,NA,143,19,6965970,5.872831666781131,No estimate
26. Niger,1. North Central,Ogbono - ground,0,0,0,0,NA,143,19,6965970,5.872831666781131,No estimate
26. Niger,1. North Central,Ogbono - unground,0,0,0,0,NA,143,19,6965970,5.872831666781131,No estimate
26. Niger,1. North Central,Okra - dried,0.3721112637097579,0.06248027888179142,0.2496499171014467,0.4945726103180691,0.1679075184634165,143,19,6965970,5.872831666781131,CV < 10%
26. Niger,1. North Central,Okra - fresh,1.3963987864010716,0.23892658999780042,0.9281026700053828,1.8646949027967605,0.17110197482596226,143,19,6965970,5.872831666781131,CV < 10%
26. Niger,1. North Central,Onions,5.800034588496573,0.3325481484103923,5.148240217612204,6.451828959380943,0.05733554573449399,143,19,6965970,5.872831666781131,CV < 10%
26. Niger,1. North Central,Orange/Tangerine,0.09838242143361836,0.10029719237405935,0,0.29496491848677464,1.01946253113655,143,19,6965970,5.872831666781131,CV < 10%
26. Niger,1. North Central,Other alcoholic beverages,0,0,0,0,NA,143,19,6965970,5.872831666781131,No estimate
26. Niger,1. North Central,Other domestic poultry,0,0,0,0,NA,143,19,6965970,5.872831666781131,No estimate
26. Niger,1. North Central,Other eggs,0,0,0,0,NA,143,19,6965970,5.872831666781131,No estimate
26. Niger,1. North Central,Other fish/seafood,0,0,0,0,NA,143,19,6965970,5.872831666781131,No estimate
26. Niger,1. North Central,Other fruits,0,0,0,0,NA,143,19,6965970,5.872831666781131,No estimate
26. Niger,1. North Central,Other grains/flour,0,0,0,0,NA,143,19,6965970,5.872831666781131,No estimate
26. Niger,1. North Central,Other meat,0,0,0,0,NA,143,19,6965970,5.872831666781131,No estimate
26. Niger,1. North Central,Other non-alcoholic drinks,0,0,0,0,NA,143,19,6965970,5.872831666781131,No estimate
26. Niger,1. North Central,Other nuts/seeds/pulses,0,0,0,0,NA,143,19,6965970,5.872831666781131,No estimate
26. Niger,1. North Central,Other oil/fat,0,0,0,0,NA,143,19,6965970,5.872831666781131,No estimate
26. Niger,1. North Central,Other spices,1.0508454759663721,0.19144063001840905,0.6756218411302903,1.426069110802454,0.1821777172731867,143,19,6965970,5.872831666781131,CV < 10%
26. Niger,1. North Central,Other vegetables,0,0,0,0,NA,143,19,6965970,5.872831666781131,No estimate
26. Niger,1. North Central,Palm oil,5.831540350367638,0.21311434204697705,5.413836239955564,6.249244460779713,0.03654512002708541,143,19,6965970,5.872831666781131,CV < 10%
26. Niger,1. North Central,Palm wine,0,0,0,0,NA,143,19,6965970,5.872831666781131,No estimate
26. Niger,1. North Central,Pawpaw,2.4156891359882113,1.746369882374928,0,5.838574105443071,0.7229282345803664,143,19,6965970,5.872831666781131,CV < 10%
26. Niger,1. North Central,Pineapples,0,0,0,0,NA,143,19,6965970,5.872831666781131,No estimate
26. Niger,1. North Central,Pito,0,0,0,0,NA,143,19,6965970,5.872831666781131,No estimate
26. Niger,1. North Central,Plantains,0,0,0,0,NA,143,19,6965970,5.872831666781131,No estimate
26. Niger,1. North Central,Pork,0,0,0,0,NA,143,19,6965970,5.872831666781131,No estimate
26. Niger,1. North Central,Potatoes,0,0,0,0,NA,143,19,6965970,5.872831666781131,No estimate
26. Niger,1. North Central,Rice - imported,0,0,0,0,NA,143,19,6965970,5.872831666781131,No estimate
26. Niger,1. North Central,Rice - local,26.44684719611641,1.3281213908317242,23.84372927008623,29.049965122146588,0.050218514932349,143,19,6965970,5.872831666781131,CV < 10%
26. Niger,1. North Central,Sachet water,4.755365318350163,3.200164526247386,0,11.02768778979504,0.6729587133712911,143,19,6965970,5.872831666781131,CV < 10%
26. Niger,1. North Central,Salt,2.041087924601666,0.10033337914538869,1.8444345014767043,2.2377413477266277,0.04915681384228929,143,19,6965970,5.872831666781131,CV < 10%
26. Niger,1. North Central,Seafood,0,0,0,0,NA,143,19,6965970,5.872831666781131,No estimate
26. Niger,1. North Central,Snails,0,0,0,0,NA,143,19,6965970,5.872831666781131,No estimate
26. Niger,1. North Central,Soft drinks,0.7410601938843505,0.2888631718923232,0.17488837697539705,1.307232010793304,0.3897971774441349,143,19,6965970,5.872831666781131,CV < 10%
26. Niger,1. North Central,Soya beans,4.22718051455851,0.7269137612196157,2.8024295425680634,5.651931486548957,0.17196184518643276,143,19,6965970,5.872831666781131,CV < 10%
26. Niger,1. North Central,Sugar,2.187110310284613,0.25786415515757516,1.6816965661757655,2.69252405439346,0.11790176011927757,143,19,6965970,5.872831666781131,CV < 10%
26. Niger,1. North Central,Sweet potatoes,1.245524737121987,0.43462301482810883,0.39366362805889377,2.0973858461850803,0.3489477180777516,143,19,6965970,5.872831666781131,CV < 10%
26. Niger,1. North Central,Tea,0.04513833939644013,0.035035690154293295,0,0.11380829209885499,0.7761847383569546,143,19,6965970,5.872831666781131,CV < 10%
26. Niger,1. North Central,Tomato puree - canned,0.22065050170372189,0.07474324238073098,0.07415374663748917,0.36714725676995463,0.33874041438207264,143,19,6965970,5.872831666781131,CV < 10%
26. Niger,1. North Central,Tomatoes,2.0222359119149926,0.34022002238288257,1.3554046680445428,2.6890671557854424,0.16823953149002538,143,19,6965970,5.872831666781131,CV < 10%
26. Niger,1. North Central,Watermelon,5.299823678233082,1.6415242949013698,2.0824360602263976,8.517211296239767,0.30973186931544117,143,19,6965970,5.872831666781131,CV < 10%
26. Niger,1. North Central,Wheat flour,0.22725875131809384,0.14224542041890004,0,0.5060597753391379,0.6259183401909978,143,19,6965970,5.872831666781131,CV < 10%
26. Niger,1. North Central,White beans,9.939522407564864,0.5783273796746308,8.806000743402588,11.07304407172714,0.05818462456852776,143,19,6965970,5.872831666781131,CV < 10%
26. Niger,1. North Central,Wild game/Bush meat,0,0,0,0,NA,143,19,6965970,5.872831666781131,No estimate
26. Niger,1. North Central,Yam flour,0.6136624290135534,0.3796043680407295,0,1.3576869903733833,0.6185882499779786,143,19,6965970,5.872831666781131,CV < 10%
26. Niger,1. North Central,Yam roots,24.163761960496462,4.227443844606947,15.877972025066846,32.44955189592608,0.17494973884935966,143,19,6965970,5.872831666781131,CV < 10%
27. Ogun,6. South West,Agricultural eggs,2.9297938596614475,0.34944499147767166,2.244881676365211,3.614706042957684,0.1192728936629186,135,27,6488009.422407125,3.3927139000024584,CV < 10%
27. Ogun,6. South West,Animal fat,0,0,0,0,NA,135,27,6488009.422407125,3.3927139000024584,No estimate
27. Ogun,6. South West,Apples,0.898684285519777,0.20099859603917647,0.5047270372829911,1.2926415337565629,0.22365874120400783,135,27,6488009.422407125,3.3927139000024584,CV < 10%
27. Ogun,6. South West,Avocado pear,0,0,0,0,NA,135,27,6488009.422407125,3.3927139000024584,No estimate
27. Ogun,6. South West,Baby milk powder,0.15940243896895548,0.14662390932175481,0,0.4467853012395949,0.9198347921784976,135,27,6488009.422407125,3.3927139000024584,CV < 10%
27. Ogun,6. South West,Bananas,2.220566454843358,0.8298706354294664,0.5940200094016039,3.847112900285112,0.37372024314760116,135,27,6488009.422407125,3.3927139000024584,CV < 10%
27. Ogun,6. South West,Beef,1.6792505966943851,0.3378989077930331,1.0169687374200402,2.3415324559687303,0.20122006117382904,135,27,6488009.422407125,3.3927139000024584,CV < 10%
27. Ogun,6. South West,Beer,0.5159853078067272,0.44314898189046953,0,1.3845573123120474,0.8588403103455418,135,27,6488009.422407125,3.3927139000024584,CV < 10%
27. Ogun,6. South West,Biscuits,0.3557034519124104,0.0874820523062488,0.18423862939216273,0.527168274432658,0.2459409708730931,135,27,6488009.422407125,3.3927139000024584,CV < 10%
27. Ogun,6. South West,Bottled water,0.8906691381810357,0.5583001345930919,0,1.9849374019834958,0.6268322440511158,135,27,6488009.422407125,3.3927139000024584,CV < 10%
27. Ogun,6. South West,Bread,12.89596616193921,0.9339166298249482,11.065489567482311,14.726442756396109,0.07241928352613729,135,27,6488009.422407125,3.3927139000024584,CV < 10%
27. Ogun,6. South West,Brown beans,9.542690208772429,0.6159845267863706,8.335360536271143,10.750019881273715,0.06455040594528645,135,27,6488009.422407125,3.3927139000024584,CV < 10%
27. Ogun,6. South West,Buns/Pofpof/Donuts,0.32259588680343254,0.07405068286857586,0.17745654838102387,0.4677352252258412,0.2295462710400185,135,27,6488009.422407125,3.3927139000024584,CV < 10%
27. Ogun,6. South West,Butter/Margarine,0,0,0,0,NA,135,27,6488009.422407125,3.3927139000024584,No estimate
27. Ogun,6. South West,Cake,0.16326564634182372,0.08566945514074846,0,0.3311777784176907,0.524724319293633,135,27,6488009.422407125,3.3927139000024584,CV < 10%
27. Ogun,6. South West,Canned fish/seafood,0,0,0,0,NA,135,27,6488009.422407125,3.3927139000024584,No estimate
27. Ogun,6. South West,Cashew nut,0,0,0,0,NA,135,27,6488009.422407125,3.3927139000024584,No estimate
27. Ogun,6. South West,Cassava flour,6.7607905325851565,1.3373307209908005,4.139622319443188,9.381958745727125,0.19780685624635658,135,27,6488009.422407125,3.3927139000024584,CV < 10%
27. Ogun,6. South West,Cassava roots,0.9852138685171593,0.9851415420281391,0,2.916091290892312,0.999926588031968,135,27,6488009.422407125,3.3927139000024584,CV < 10%
27. Ogun,6. South West,Cheese/wara,0,0,0,0,NA,135,27,6488009.422407125,3.3927139000024584,No estimate
27. Ogun,6. South West,Chicken,0.5746235004671325,0.5297070074708702,0,1.612849235110038,0.921833177794246,135,27,6488009.422407125,3.3927139000024584,CV < 10%
27. Ogun,6. South West,Chocolate drinks,0.5687144698544869,0.06528724290114793,0.440751473768237,0.6966774659407369,0.11479792824306462,135,27,6488009.422407125,3.3927139000024584,CV < 10%
27. Ogun,6. South West,Coconut,0.03968171358431893,0.038575713638512914,0,0.11529011231580424,0.9721282211400499,135,27,6488009.422407125,3.3927139000024584,CV < 10%
27. Ogun,6. South West,Cocoyam,3.2533580886484312,1.2995697480598325,0.7062013824511597,5.800514794845703,0.39945487482434594,135,27,6488009.422407125,3.3927139000024584,CV < 10%
27. Ogun,6. South West,Coffee,0.0014335081290714894,0.0011411194485988162,0,0.003670102248325169,0.7960327712532339,135,27,6488009.422407125,3.3927139000024584,CV < 10%
27. Ogun,6. South West,Dry pepper,0.06215092736535761,0.04144050609420418,0,0.1433743193099978,0.6667721279618872,135,27,6488009.422407125,3.3927139000024584,CV < 10%
27. Ogun,6. South West,Duck,0,0,0,0,NA,135,27,6488009.422407125,3.3927139000024584,No estimate
27. Ogun,6. South West,Fish - dried,0.6136334026592108,0.15322532507060263,0.3133117655208297,0.913955039797592,0.24970173462949224,135,27,6488009.422407125,3.3927139000024584,CV < 10%
27. Ogun,6. South West,Fish - fresh,2.7943195547626574,1.5851759722510446,0,5.901264460374705,0.5672851444457238,135,27,6488009.422407125,3.3927139000024584,CV < 10%
27. Ogun,6. South West,Fish - frozen,9.201701385206487,1.7577458461459148,5.756519526760494,12.64688324365248,0.19102400442724982,135,27,6488009.422407125,3.3927139000024584,CV < 10%
27. Ogun,6. South West,Fish - smoked,6.726120666759398,1.216467372914495,4.341844615846988,9.110396717671808,0.18085720330982127,135,27,6488009.422407125,3.3927139000024584,CV < 10%
27. Ogun,6. South West,Fresh milk,0,0,0,0,NA,135,27,6488009.422407125,3.3927139000024584,No estimate
27. Ogun,6. South West,Fresh pepper,8.45823840755499,0.6153173611036943,7.25221637979175,9.664260435318232,0.07274769655985178,135,27,6488009.422407125,3.3927139000024584,CV < 10%
27. Ogun,6. South West,Fruit juice,0,0,0,0,NA,135,27,6488009.422407125,3.3927139000024584,No estimate
27. Ogun,6. South West,Garden eggs/Eggplant,0,0,0,0,NA,135,27,6488009.422407125,3.3927139000024584,No estimate
27. Ogun,6. South West,Gari - white,20.588057112507407,1.4075630768592144,17.829233481863348,23.346880743151466,0.06836794114021127,135,27,6488009.422407125,3.3927139000024584,CV < 10%
27. Ogun,6. South West,Gari - yellow,0.059716656565714975,0.04365783201769145,0,0.1452860073203902,0.7310829930615481,135,27,6488009.422407125,3.3927139000024584,CV < 10%
27. Ogun,6. South West,Gin,0.15643868042104495,0.14749830944650014,0,0.44553536693618523,0.9428506367448104,135,27,6488009.422407125,3.3927139000024584,CV < 10%
27. Ogun,6. South West,Goat,0,0,0,0,NA,135,27,6488009.422407125,3.3927139000024584,No estimate
27. Ogun,6. South West,Ground pepper,0.05516015751749953,0.033285168152155466,0,0.12039908709572424,0.6034277212061218,135,27,6488009.422407125,3.3927139000024584,CV < 10%
27. Ogun,6. South West,Groundnut oil,6.113482569018119,0.5999441621069307,4.937592011288535,7.289373126747703,0.09813459927853972,135,27,6488009.422407125,3.3927139000024584,CV < 10%
27. Ogun,6. South West,Groundnuts - shelled,0.09449793599892886,0.08949578778548403,0,0.2699096800584776,0.9470660585274421,135,27,6488009.422407125,3.3927139000024584,CV < 10%
27. Ogun,6. South West,Groundnuts - unshelled,0,0,0,0,NA,135,27,6488009.422407125,3.3927139000024584,No estimate
27. Ogun,6. South West,Guava,0.1498410509229326,0.114551700310104,0,0.3743623835307365,0.7644880999201021,135,27,6488009.422407125,3.3927139000024584,CV < 10%
27. Ogun,6. South West,Guinea corn / sorghum,0,0,0,0,NA,135,27,6488009.422407125,3.3927139000024584,No estimate
27. Ogun,6. South West,Honey,0.08591951882347118,0.07743646755127886,0,0.23769499522397775,0.9012674723001947,135,27,6488009.422407125,3.3927139000024584,CV < 10%
27. Ogun,6. South West,Kola nut,0,0,0,0,NA,135,27,6488009.422407125,3.3927139000024584,No estimate
27. Ogun,6. South West,Leaves,5.350232737583853,0.5479821995060379,4.2761876265520185,6.424277848615687,0.10242212374363079,135,27,6488009.422407125,3.3927139000024584,CV < 10%
27. Ogun,6. South West,Local eggs,0,0,0,0,NA,135,27,6488009.422407125,3.3927139000024584,No estimate
27. Ogun,6. South West,Maize - shelled/off cob,0.3155291617463195,0.14880841279684762,0.02386467266449821,0.6071936508281408,0.47161540306847216,135,27,6488009.422407125,3.3927139000024584,CV < 10%
27. Ogun,6. South West,Maize - unshelled/on cob,0,0,0,0,NA,135,27,6488009.422407125,3.3927139000024584,No estimate
27. Ogun,6. South West,Maize flour,0.5210921489547727,0.2934009742448944,0,1.0961580584747659,0.5630500763318153,135,27,6488009.422407125,3.3927139000024584,CV < 10%
27. Ogun,6. South West,Malt drinks,0.5334075589023658,0.236333446308241,0.07019400413821347,0.9966211136665182,0.44306354937032144,135,27,6488009.422407125,3.3927139000024584,CV < 10%
27. Ogun,6. South West,Mangoes,3.4304250932276728,2.3798050598222193,0,8.094843010479222,0.6937347399074295,135,27,6488009.422407125,3.3927139000024584,CV < 10%
27. Ogun,6. South West,Meat pie/Sausage roll,0,0,0,0,NA,135,27,6488009.422407125,3.3927139000024584,No estimate
27. Ogun,6. South West,Melon - ground,0.20959215971002376,0.044382391551370186,0.1226026722693382,0.29658164715070934,0.21175597223090017,135,27,6488009.422407125,3.3927139000024584,CV < 10%
27. Ogun,6. South West,Melon - shelled,0.527889506422122,0.09212298857936933,0.34732844880655805,0.7084505640376859,0.17451187693377643,135,27,6488009.422407125,3.3927139000024584,CV < 10%
27. Ogun,6. South West,Melon - unshelled,0,0,0,0,NA,135,27,6488009.422407125,3.3927139000024584,No estimate
27. Ogun,6. South West,Milk - tinned,0.06375537233061308,0.04454133061885318,0,0.15105638034356533,0.6986286643873304,135,27,6488009.422407125,3.3927139000024584,CV < 10%
27. Ogun,6. South West,Milk powder,0.7732721747100247,0.0625455070547839,0.6506829808826483,0.8958613685374012,0.08088420752788411,135,27,6488009.422407125,3.3927139000024584,CV < 10%
27. Ogun,6. South West,Millet,0,0,0,0,NA,135,27,6488009.422407125,3.3927139000024584,No estimate
27. Ogun,6. South West,Mutton,0,0,0,0,NA,135,27,6488009.422407125,3.3927139000024584,No estimate
27. Ogun,6. South West,Ogbono - ground,0.015045385687003414,0.009307961781278885,0,0.03328899077831003,0.6186589014676666,135,27,6488009.422407125,3.3927139000024584,CV < 10%
27. Ogun,6. South West,Ogbono - unground,0,0,0,0,NA,135,27,6488009.422407125,3.3927139000024584,No estimate
27. Ogun,6. South West,Okra - dried,0,0,0,0,NA,135,27,6488009.422407125,3.3927139000024584,No estimate
27. Ogun,6. South West,Okra - fresh,0.7843374512343751,0.1571188425204284,0.4763845198943355,1.0922903825744148,0.20032046445462703,135,27,6488009.422407125,3.3927139000024584,CV < 10%
27. Ogun,6. South West,Onions,11.359560288725271,0.8853126398001787,9.624347514716922,13.094773062733621,0.07793546733308683,135,27,6488009.422407125,3.3927139000024584,CV < 10%
27. Ogun,6. South West,Orange/Tangerine,8.319175813536525,1.1677808289265712,6.0303253888404456,10.608026238232604,0.14037217809802982,135,27,6488009.422407125,3.3927139000024584,CV < 10%
27. Ogun,6. South West,Other alcoholic beverages,0,0,0,0,NA,135,27,6488009.422407125,3.3927139000024584,No estimate
27. Ogun,6. South West,Other domestic poultry,0.11415540657410765,0.10500411468214534,0,0.3199634713511125,0.91983479217849,135,27,6488009.422407125,3.3927139000024584,CV < 10%
27. Ogun,6. South West,Other eggs,0,0,0,0,NA,135,27,6488009.422407125,3.3927139000024584,No estimate
27. Ogun,6. South West,Other fish/seafood,0,0,0,0,NA,135,27,6488009.422407125,3.3927139000024584,No estimate
27. Ogun,6. South West,Other fruits,0.08595241200948309,0.04256845767050348,0.0025182349752962546,0.16938658904366993,0.4952561152769852,135,27,6488009.422407125,3.3927139000024584,CV < 10%
27. Ogun,6. South West,Other grains/flour,4.6409356508324295,0.9466481435789919,2.7855052894176056,6.496366012247254,0.20397786455177302,135,27,6488009.422407125,3.3927139000024584,CV < 10%
27. Ogun,6. South West,Other meat,0.16618703597513265,0.08835543037770155,0,0.3393636795154277,0.5316625924474794,135,27,6488009.422407125,3.3927139000024584,CV < 10%
27. Ogun,6. South West,Other non-alcoholic drinks,0,0,0,0,NA,135,27,6488009.422407125,3.3927139000024584,No estimate
27. Ogun,6. South West,Other nuts/seeds/pulses,0,0,0,0,NA,135,27,6488009.422407125,3.3927139000024584,No estimate
27. Ogun,6. South West,Other oil/fat,0,0,0,0,NA,135,27,6488009.422407125,3.3927139000024584,No estimate
27. Ogun,6. South West,Other spices,0.9024291018912091,0.07721804759010978,0.7510817286145939,1.0537764751678242,0.08556688545203707,135,27,6488009.422407125,3.3927139000024584,CV < 10%
27. Ogun,6. South West,Other vegetables,0.23313727830684927,0.16714494232140606,0,0.5607413652568052,0.7169378639713474,135,27,6488009.422407125,3.3927139000024584,CV < 10%
27. Ogun,6. South West,Palm oil,10.449482040762298,0.5611336694879839,9.34966004856585,11.549304032958746,0.05369966351433136,135,27,6488009.422407125,3.3927139000024584,CV < 10%
27. Ogun,6. South West,Palm wine,0.2373751123553392,0.20063320068220883,0,0.6306161856924686,0.8452158218755069,135,27,6488009.422407125,3.3927139000024584,CV < 10%
27. Ogun,6. South West,Pawpaw,8.689856860122156,1.312810636444533,6.116748012690871,11.262965707553441,0.15107390807195398,135,27,6488009.422407125,3.3927139000024584,CV < 10%
27. Ogun,6. South West,Pineapples,2.937761186185704,0.9177594272383708,1.1389527087984972,4.736569663572911,0.31240096422880465,135,27,6488009.422407125,3.3927139000024584,CV < 10%
27. Ogun,6. South West,Pito,0.013155316567106771,0.013336221446802554,0,0.03929431060283978,1.0137514653313713,135,27,6488009.422407125,3.3927139000024584,CV < 10%
27. Ogun,6. South West,Plantains,7.191221901586676,1.3361282391059681,4.572410552938979,9.810033250234373,0.18579989011480286,135,27,6488009.422407125,3.3927139000024584,CV < 10%
27. Ogun,6. South West,Pork,0.10208870352139074,0.10069882305157497,0,0.29945839670247765,0.9863855605774782,135,27,6488009.422407125,3.3927139000024584,CV < 10%
27. Ogun,6. South West,Potatoes,0,0,0,0,NA,135,27,6488009.422407125,3.3927139000024584,No estimate
27. Ogun,6. South West,Rice - imported,15.961476038244689,1.6512973194934486,12.72493329203753,19.198018784451847,0.10345517642208261,135,27,6488009.422407125,3.3927139000024584,CV < 10%
27. Ogun,6. South West,Rice - local,0.5470045608922415,0.2737077699336413,0.010537331822304541,1.0834717899621784,0.500375663206876,135,27,6488009.422407125,3.3927139000024584,CV < 10%
27. Ogun,6. South West,Sachet water,48.62973691676083,10.968293074264215,27.131882491202965,70.12759134231868,0.22554703705345072,135,27,6488009.422407125,3.3927139000024584,CV < 10%
27. Ogun,6. South West,Salt,3.0407414594342272,0.22952650245762055,2.590869514617291,3.4906134042511634,0.0754837283996934,135,27,6488009.422407125,3.3927139000024584,CV < 10%
27. Ogun,6. South West,Seafood,0,0,0,0,NA,135,27,6488009.422407125,3.3927139000024584,No estimate
27. Ogun,6. South West,Snails,0,0,0,0,NA,135,27,6488009.422407125,3.3927139000024584,No estimate
27. Ogun,6. South West,Soft drinks,5.415313408869073,0.9499544588033618,3.553402669614484,7.277224148123662,0.17542003335348028,135,27,6488009.422407125,3.3927139000024584,CV < 10%
27. Ogun,6. South West,Soya beans,0,0,0,0,NA,135,27,6488009.422407125,3.3927139000024584,No estimate
27. Ogun,6. South West,Sugar,2.1287447478094026,0.23112868414039464,1.6757325268942291,2.581756968724576,0.10857510482562036,135,27,6488009.422407125,3.3927139000024584,CV < 10%
27. Ogun,6. South West,Sweet potatoes,0.36335433921407306,0.1944142921374611,0,0.7444063518034968,0.5350542739023694,135,27,6488009.422407125,3.3927139000024584,CV < 10%
27. Ogun,6. South West,Tea,0.02690524480698892,0.007833202728599708,0.011552167458933492,0.042258322155044346,0.2911403625870355,135,27,6488009.422407125,3.3927139000024584,CV < 10%
27. Ogun,6. South West,Tomato puree - canned,0.8072960817277522,0.16840686162491345,0.4772186329429219,1.1373735305125825,0.20860606837641754,135,27,6488009.422407125,3.3927139000024584,CV < 10%
27. Ogun,6. South West,Tomatoes,16.32578126679789,4.739273130980597,7.03680593007592,25.614756603519858,0.29029380300586066,135,27,6488009.422407125,3.3927139000024584,CV < 10%
27. Ogun,6. South West,Watermelon,11.855758852748243,2.6774995245221778,6.607859784684775,17.103657920811713,0.22583957364327764,135,27,6488009.422407125,3.3927139000024584,CV < 10%
27. Ogun,6. South West,Wheat flour,4.125182632395249,0.683828901779132,2.78487798490815,5.465487279882348,0.16576936410257143,135,27,6488009.422407125,3.3927139000024584,CV < 10%
27. Ogun,6. South West,White beans,0.3962463521787783,0.39673235379298316,0,1.1738417656130253,1.0012265137875278,135,27,6488009.422407125,3.3927139000024584,CV < 10%
27. Ogun,6. South West,Wild game/Bush meat,0.8657318481008188,0.45758659280039904,0,1.762601569989601,0.528554648652721,135,27,6488009.422407125,3.3927139000024584,CV < 10%
27. Ogun,6. South West,Yam flour,5.0646797711279135,0.6695228662621997,3.752414953254002,6.376944589001825,0.1321945111078752,135,27,6488009.422407125,3.3927139000024584,CV < 10%
27. Ogun,6. South West,Yam roots,39.53296536895794,6.971059738946695,25.869688280622416,53.196242457293465,0.17633536148594886,135,27,6488009.422407125,3.3927139000024584,CV < 10%
28. Ondo,6. South West,Agricultural eggs,0.3669353331910655,0.1271917328223807,0.11763953685919937,0.6162311295229317,0.3466325570673543,75,15,5336056.184456498,4.110241486733776,CV < 10%
28. Ondo,6. South West,Animal fat,0,0,0,0,NA,75,15,5336056.184456498,4.110241486733776,No estimate
28. Ondo,6. South West,Apples,0.16706366062261446,0.14604627064316514,0,0.4533143510832181,0.8741953223033572,75,15,5336056.184456498,4.110241486733776,CV < 10%
28. Ondo,6. South West,Avocado pear,0.0182970622944645,0.019057097370569747,0,0.05564897314078121,1.0415386395845185,75,15,5336056.184456498,4.110241486733776,CV < 10%
28. Ondo,6. South West,Baby milk powder,0,0,0,0,NA,75,15,5336056.184456498,4.110241486733776,No estimate
28. Ondo,6. South West,Bananas,9.265836242099889,3.173170397769945,3.046422262470797,15.48525022172898,0.342459149380652,75,15,5336056.184456498,4.110241486733776,CV < 10%
28. Ondo,6. South West,Beef,1.9984626917246149,0.48473071412189384,1.048390492045703,2.9485348914035265,0.2425517955021644,75,15,5336056.184456498,4.110241486733776,CV < 10%
28. Ondo,6. South West,Beer,0,0,0,0,NA,75,15,5336056.184456498,4.110241486733776,No estimate
28. Ondo,6. South West,Biscuits,0.12901929513478366,0.03739317629464907,0.05572866959727149,0.20230992067229583,0.2898262330110022,75,15,5336056.184456498,4.110241486733776,CV < 10%
28. Ondo,6. South West,Bottled water,3.439128891494876,2.9257803539605773,0,9.173658385257607,0.8507329752008327,75,15,5336056.184456498,4.110241486733776,CV < 10%
28. Ondo,6. South West,Bread,3.2738470942103746,0.6397727811066335,2.019892443241373,4.527801745179376,0.19541926140595808,75,15,5336056.184456498,4.110241486733776,CV < 10%
28. Ondo,6. South West,Brown beans,3.655218960613427,1.4227387771448816,0.8666509574094592,6.443786963817395,0.38923489740984335,75,15,5336056.184456498,4.110241486733776,CV < 10%
28. Ondo,6. South West,Buns/Pofpof/Donuts,0.2888768451083551,0.13286467784574252,0.028462076530699765,0.5492916136860104,0.45993536725280343,75,15,5336056.184456498,4.110241486733776,CV < 10%
28. Ondo,6. South West,Butter/Margarine,0,0,0,0,NA,75,15,5336056.184456498,4.110241486733776,No estimate
28. Ondo,6. South West,Cake,0,0,0,0,NA,75,15,5336056.184456498,4.110241486733776,No estimate
28. Ondo,6. South West,Canned fish/seafood,0,0,0,0,NA,75,15,5336056.184456498,4.110241486733776,No estimate
28. Ondo,6. South West,Cashew nut,0,0,0,0,NA,75,15,5336056.184456498,4.110241486733776,No estimate
28. Ondo,6. South West,Cassava flour,14.61893076683808,3.1691137430818777,8.4074678303976,20.83039370327856,0.21678150020867248,75,15,5336056.184456498,4.110241486733776,CV < 10%
28. Ondo,6. South West,Cassava roots,0,0,0,0,NA,75,15,5336056.184456498,4.110241486733776,No estimate
28. Ondo,6. South West,Cheese/wara,0,0,0,0,NA,75,15,5336056.184456498,4.110241486733776,No estimate
28. Ondo,6. South West,Chicken,0,0,0,0,NA,75,15,5336056.184456498,4.110241486733776,No estimate
28. Ondo,6. South West,Chocolate drinks,0.21329313068027975,0.10111650719459928,0.015104776578865164,0.41148148478169433,0.4740729664949689,75,15,5336056.184456498,4.110241486733776,CV < 10%
28. Ondo,6. South West,Coconut,2.253677025615543,1.6645358687630758,0,5.516167328391171,0.7385866962496296,75,15,5336056.184456498,4.110241486733776,CV < 10%
28. Ondo,6. South West,Cocoyam,2.9117420384382253,1.1324051191381803,0.6922280049273919,5.131256071949059,0.3889098361699548,75,15,5336056.184456498,4.110241486733776,CV < 10%
28. Ondo,6. South West,Coffee,0,0,0,0,NA,75,15,5336056.184456498,4.110241486733776,No estimate
28. Ondo,6. South West,Dry pepper,0.1046203915097496,0.03466882662448751,0.036669491325754075,0.17257129169374513,0.3313773359494331,75,15,5336056.184456498,4.110241486733776,CV < 10%
28. Ondo,6. South West,Duck,0,0,0,0,NA,75,15,5336056.184456498,4.110241486733776,No estimate
28. Ondo,6. South West,Fish - dried,2.1257988306052717,0.33445218249628555,1.4702725529125522,2.7813251082979913,0.15733011876813296,75,15,5336056.184456498,4.110241486733776,CV < 10%
28. Ondo,6. South West,Fish - fresh,0.5915182385088861,0.4998094394568851,0,1.5711447398443807,0.8449603189190197,75,15,5336056.184456498,4.110241486733776,CV < 10%
28. Ondo,6. South West,Fish - frozen,4.753852711008383,0.9677344448225779,2.8570931991561306,6.6506122228606355,0.20356845355802008,75,15,5336056.184456498,4.110241486733776,CV < 10%
28. Ondo,6. South West,Fish - smoked,1.2426902630121237,0.43118797048583957,0.3975618408598782,2.087818685164369,0.3469794391409285,75,15,5336056.184456498,4.110241486733776,CV < 10%
28. Ondo,6. South West,Fresh milk,0,0,0,0,NA,75,15,5336056.184456498,4.110241486733776,No estimate
28. Ondo,6. South West,Fresh pepper,6.725423617557896,0.6252455490117407,5.499942341494884,7.9509048936209075,0.09296745968230577,75,15,5336056.184456498,4.110241486733776,CV < 10%
28. Ondo,6. South West,Fruit juice,0,0,0,0,NA,75,15,5336056.184456498,4.110241486733776,No estimate
28. Ondo,6. South West,Garden eggs/Eggplant,0,0,0,0,NA,75,15,5336056.184456498,4.110241486733776,No estimate
28. Ondo,6. South West,Gari - white,21.759048738483845,3.6848550505486872,14.536732839408419,28.98136463755927,0.16934816842574182,75,15,5336056.184456498,4.110241486733776,CV < 10%
28. Ondo,6. South West,Gari - yellow,0,0,0,0,NA,75,15,5336056.184456498,4.110241486733776,No estimate
28. Ondo,6. South West,Gin,0.09334001166929035,0.08165152395405526,0,0.2533769986192387,0.8747751633388674,75,15,5336056.184456498,4.110241486733776,CV < 10%
28. Ondo,6. South West,Goat,0,0,0,0,NA,75,15,5336056.184456498,4.110241486733776,No estimate
28. Ondo,6. South West,Ground pepper,0.08687620156952874,0.0486576093423995,0,0.18224511588063175,0.5600798430794405,75,15,5336056.184456498,4.110241486733776,CV < 10%
28. Ondo,6. South West,Groundnut oil,0.7444922545867856,0.5757094515642824,0,1.8728827796527792,0.7732913915723912,75,15,5336056.184456498,4.110241486733776,CV < 10%
28. Ondo,6. South West,Groundnuts - shelled,0.12333259620503242,0.06605806426091111,0,0.2528064021564182,0.5356091276234376,75,15,5336056.184456498,4.110241486733776,CV < 10%
28. Ondo,6. South West,Groundnuts - unshelled,0.002889642969509124,0.0030689264669490476,0,0.008904738844729258,1.062043477111769,75,15,5336056.184456498,4.110241486733776,CV < 10%
28. Ondo,6. South West,Guava,0,0,0,0,NA,75,15,5336056.184456498,4.110241486733776,No estimate
28. Ondo,6. South West,Guinea corn / sorghum,0,0,0,0,NA,75,15,5336056.184456498,4.110241486733776,No estimate
28. Ondo,6. South West,Honey,0.0037337100148485776,0.0039314912402560135,0,0.011439432845750365,1.0529717692645868,75,15,5336056.184456498,4.110241486733776,CV < 10%
28. Ondo,6. South West,Kola nut,0.026394190866284466,0.022713615231485764,0,0.07091287671999656,0.8605535720551217,75,15,5336056.184456498,4.110241486733776,CV < 10%
28. Ondo,6. South West,Leaves,5.359951064574458,0.7952361667866449,3.8012881776726344,6.918613951476282,0.14836631103642006,75,15,5336056.184456498,4.110241486733776,CV < 10%
28. Ondo,6. South West,Local eggs,0,0,0,0,NA,75,15,5336056.184456498,4.110241486733776,No estimate
28. Ondo,6. South West,Maize - shelled/off cob,0,0,0,0,NA,75,15,5336056.184456498,4.110241486733776,No estimate
28. Ondo,6. South West,Maize - unshelled/on cob,0,0,0,0,NA,75,15,5336056.184456498,4.110241486733776,No estimate
28. Ondo,6. South West,Maize flour,0,0,0,0,NA,75,15,5336056.184456498,4.110241486733776,No estimate
28. Ondo,6. South West,Malt drinks,0.09031414382029188,0.09509824380806879,0,0.2767067016841067,1.0529717692645835,75,15,5336056.184456498,4.110241486733776,CV < 10%
28. Ondo,6. South West,Mangoes,1.450610012374617,0.8342494945925492,0,3.0857390217760132,0.5751025344343935,75,15,5336056.184456498,4.110241486733776,CV < 10%
28. Ondo,6. South West,Meat pie/Sausage roll,0,0,0,0,NA,75,15,5336056.184456498,4.110241486733776,No estimate
28. Ondo,6. South West,Melon - ground,0.256451958574149,0.0996297542945788,0.061177640156774515,0.45172627699152346,0.38849285787681925,75,15,5336056.184456498,4.110241486733776,CV < 10%
28. Ondo,6. South West,Melon - shelled,1.0644432629415503,0.23566596699645004,0.6025379676285083,1.5263485582545924,0.22139833582599386,75,15,5336056.184456498,4.110241486733776,CV < 10%
28. Ondo,6. South West,Melon - unshelled,0.11192084605593379,0.09139661737478974,0,0.2910582161105217,0.8166183565938483,75,15,5336056.184456498,4.110241486733776,CV < 10%
28. Ondo,6. South West,Milk - tinned,0.09463721648179894,0.08047667797582395,0,0.2523715053144139,0.8503702979398341,75,15,5336056.184456498,4.110241486733776,CV < 10%
28. Ondo,6. South West,Milk powder,0.10341012511307544,0.03868823385456619,0.02758118675812571,0.17923906346802518,0.37412423408502726,75,15,5336056.184456498,4.110241486733776,CV < 10%
28. Ondo,6. South West,Millet,0,0,0,0,NA,75,15,5336056.184456498,4.110241486733776,No estimate
28. Ondo,6. South West,Mutton,0,0,0,0,NA,75,15,5336056.184456498,4.110241486733776,No estimate
28. Ondo,6. South West,Ogbono - ground,0.029061202460675534,0.020517362211307864,0,0.06927523239483895,0.7060052741820008,75,15,5336056.184456498,4.110241486733776,CV < 10%
28. Ondo,6. South West,Ogbono - unground,0.02325780448433716,0.01752593401850156,0,0.05760863516060022,0.7535506642643034,75,15,5336056.184456498,4.110241486733776,CV < 10%
28. Ondo,6. South West,Okra - dried,0.18369081917299934,0.18468618867251946,0,0.5456757489711375,1.005418722089658,75,15,5336056.184456498,4.110241486733776,CV < 10%
28. Ondo,6. South West,Okra - fresh,1.6331761074100626,0.3723165451394135,0.9034356789368122,2.362916535883313,0.22797084983679053,75,15,5336056.184456498,4.110241486733776,CV < 10%
28. Ondo,6. South West,Onions,7.604407637076465,0.9879384893426238,5.6680481979649215,9.540767076188008,0.12991656109093588,75,15,5336056.184456498,4.110241486733776,CV < 10%
28. Ondo,6. South West,Orange/Tangerine,0.8819996451491752,0.7490066904896474,0,2.350052758508884,0.8492142764558207,75,15,5336056.184456498,4.110241486733776,CV < 10%
28. Ondo,6. South West,Other alcoholic beverages,0,0,0,0,NA,75,15,5336056.184456498,4.110241486733776,No estimate
28. Ondo,6. South West,Other domestic poultry,0,0,0,0,NA,75,15,5336056.184456498,4.110241486733776,No estimate
28. Ondo,6. South West,Other eggs,0,0,0,0,NA,75,15,5336056.184456498,4.110241486733776,No estimate
28. Ondo,6. South West,Other fish/seafood,0,0,0,0,NA,75,15,5336056.184456498,4.110241486733776,No estimate
28. Ondo,6. South West,Other fruits,0,0,0,0,NA,75,15,5336056.184456498,4.110241486733776,No estimate
28. Ondo,6. South West,Other grains/flour,0,0,0,0,NA,75,15,5336056.184456498,4.110241486733776,No estimate
28. Ondo,6. South West,Other meat,1.121073249345181,0.3213544766251819,0.4912184751598244,1.7509280235305376,0.28664895608996566,75,15,5336056.184456498,4.110241486733776,CV < 10%
28. Ondo,6. South West,Other non-alcoholic drinks,0,0,0,0,NA,75,15,5336056.184456498,4.110241486733776,No estimate
28. Ondo,6. South West,Other nuts/seeds/pulses,0,0,0,0,NA,75,15,5336056.184456498,4.110241486733776,No estimate
28. Ondo,6. South West,Other oil/fat,0.1533842833702836,0.14298737240549905,0,0.4336395332850617,0.932216582192548,75,15,5336056.184456498,4.110241486733776,CV < 10%
28. Ondo,6. South West,Other spices,0.16173969106035158,0.024817578329093183,0.11309723753532894,0.21038214458537421,0.15344148468685245,75,15,5336056.184456498,4.110241486733776,CV < 10%
28. Ondo,6. South West,Other vegetables,0,0,0,0,NA,75,15,5336056.184456498,4.110241486733776,No estimate
28. Ondo,6. South West,Palm oil,7.97074939759131,0.6184655033820896,6.758557010962414,9.182941784220205,0.07759188911007345,75,15,5336056.184456498,4.110241486733776,CV < 10%
28. Ondo,6. South West,Palm wine,0.5084638340837142,0.23490468426887962,0.04805065291671018,0.9688770152507182,0.46198897251403054,75,15,5336056.184456498,4.110241486733776,CV < 10%
28. Ondo,6. South West,Pawpaw,2.900380970043724,1.2515434250540398,0.447355856937806,5.353406083149642,0.43151001126420035,75,15,5336056.184456498,4.110241486733776,CV < 10%
28. Ondo,6. South West,Pineapples,5.0483262879475594,1.3487472079793408,2.4047817603080515,7.691870815587068,0.2671672017712796,75,15,5336056.184456498,4.110241486733776,CV < 10%
28. Ondo,6. South West,Pito,0,0,0,0,NA,75,15,5336056.184456498,4.110241486733776,No estimate
28. Ondo,6. South West,Plantains,7.530686171527081,2.0657230186428834,3.4818690549870297,11.579503288067132,0.27430740992145125,75,15,5336056.184456498,4.110241486733776,CV < 10%
28. Ondo,6. South West,Pork,0,0,0,0,NA,75,15,5336056.184456498,4.110241486733776,No estimate
28. Ondo,6. South West,Potatoes,0,0,0,0,NA,75,15,5336056.184456498,4.110241486733776,No estimate
28. Ondo,6. South West,Rice - imported,2.469974425846878,0.7726685327318012,0.9555441016925474,3.9844047500012083,0.31282450726868444,75,15,5336056.184456498,4.110241486733776,CV < 10%
28. Ondo,6. South West,Rice - local,26.03894538165634,3.784938389032103,18.620466139153418,33.45742462415926,0.1453568235408827,75,15,5336056.184456498,4.110241486733776,CV < 10%
28. Ondo,6. South West,Sachet water,46.45791249117473,16.174625065335153,14.75564736311783,78.16017761923163,0.3481565184059384,75,15,5336056.184456498,4.110241486733776,CV < 10%
28. Ondo,6. South West,Salt,0.9461961035952322,0.1083435985730771,0.733842650392001,1.1585495567984634,0.11450438039367025,75,15,5336056.184456498,4.110241486733776,CV < 10%
28. Ondo,6. South West,Seafood,0,0,0,0,NA,75,15,5336056.184456498,4.110241486733776,No estimate
28. Ondo,6. South West,Snails,0,0,0,0,NA,75,15,5336056.184456498,4.110241486733776,No estimate
28. Ondo,6. South West,Soft drinks,5.068076508560503,1.3812230505502199,2.3608793294820716,7.775273687638934,0.27253397777582716,75,15,5336056.184456498,4.110241486733776,CV < 10%
28. Ondo,6. South West,Soya beans,0.02504357048867757,0.026597360681088724,0,0.07717439742361147,1.0620434771117657,75,15,5336056.184456498,4.110241486733776,CV < 10%
28. Ondo,6. South West,Sugar,0.32909836524923525,0.2029563707557501,0,0.7268928519305055,0.6167042811107423,75,15,5336056.184456498,4.110241486733776,CV < 10%
28. Ondo,6. South West,Sweet potatoes,0,0,0,0,NA,75,15,5336056.184456498,4.110241486733776,No estimate
28. Ondo,6. South West,Tea,0.07416355353499321,0.05050624854692518,0,0.17315580068696657,0.6810117118119805,75,15,5336056.184456498,4.110241486733776,CV < 10%
28. Ondo,6. South West,Tomato puree - canned,0.64769248564437365,0.4338422571525764,0,1.4980233096634232,0.6698275289097375,75,15,5336056.184456498,4.110241486733776,CV < 10%
28. Ondo,6. South West,Tomatoes,10.975926720179398,0.9726525039145433,9.069527812506893,12.882325627851904,0.08861689119391693,75,15,5336056.184456498,4.110241486733776,CV < 10%
28. Ondo,6. South West,Watermelon,2.4337389076930385,1.2806607291665506,0,4.943833936859478,0.5262112238574103,75,15,5336056.184456498,4.110241486733776,CV < 10%
28. Ondo,6. South West,Wheat flour,1.000454205970558,0.9864331954948469,0,2.933863269140458,0.9859853550596961,75,15,5336056.184456498,4.110241486733776,CV < 10%
28. Ondo,6. South West,White beans,7.509158272646088,2.48430845047037,2.639913709724163,12.378402835568014,0.3308371404981647,75,15,5336056.184456498,4.110241486733776,CV < 10%
28. Ondo,6. South West,Wild game/Bush meat,2.453456190302244,1.2340440820386396,0.0347297895065104,4.872182591097977,0.5029819105457988,75,15,5336056.184456498,4.110241486733776,CV < 10%
28. Ondo,6. South West,Yam flour,2.1842514236036696,0.8283057879579834,0.5607720792060222,3.807730768001317,0.3792172361693645,75,15,5336056.184456498,4.110241486733776,CV < 10%
28. Ondo,6. South West,Yam roots,58.673734127568615,17.11830209329879,25.121862024702985,92.22560623043424,0.2917540931702101,75,15,5336056.184456498,4.110241486733776,CV < 10%
29. Osun,6. South West,Agricultural eggs,0.6246456282594335,0.13582112111485423,0.3584362308743192,0.8908550256445478,0.21743707947387372,76,15,4494970,4.626568369097615,CV < 10%
29. Osun,6. South West,Animal fat,0,0,0,0,NA,76,15,4494970,4.626568369097615,No estimate
29. Osun,6. South West,Apples,0.18400309800517836,0.08064368925689354,0.02594146706166703,0.34206472894868967,0.43827354066953805,76,15,4494970,4.626568369097615,CV < 10%
29. Osun,6. South West,Avocado pear,0,0,0,0,NA,76,15,4494970,4.626568369097615,No estimate
29. Osun,6. South West,Baby milk powder,0.007405808334552552,0.006137015754496226,0,0.019434359213365157,0.8286760171557984,76,15,4494970,4.626568369097615,CV < 10%
29. Osun,6. South West,Bananas,13.115887623338356,1.8970873957857515,9.397596327598283,16.83417891907843,0.14464041247273896,76,15,4494970,4.626568369097615,CV < 10%
29. Osun,6. South West,Beef,2.086883408096566,0.5409076597275405,1.0267043950305867,3.1470624211625458,0.2591940007903456,76,15,4494970,4.626568369097615,CV < 10%
29. Osun,6. South West,Beer,0,0,0,0,NA,76,15,4494970,4.626568369097615,No estimate
29. Osun,6. South West,Biscuits,0.5364282544026793,0.13690720907970721,0.26809012460645315,0.8047663841989054,0.2552199813415037,76,15,4494970,4.626568369097615,CV < 10%
29. Osun,6. South West,Bottled water,11.038029065532392,10.204413563302273,0,31.03867964960485,0.9244778667205013,76,15,4494970,4.626568369097615,CV < 10%
29. Osun,6. South West,Bread,15.721711081610286,1.4992604904116273,12.783160520403495,18.660261642817076,0.09536242477864354,76,15,4494970,4.626568369097615,CV < 10%
29. Osun,6. South West,Brown beans,8.137509250263046,0.3609532364144904,7.430040906890644,8.844977593635447,0.04435672210176874,76,15,4494970,4.626568369097615,CV < 10%
29. Osun,6. South West,Buns/Pofpof/Donuts,0.6321353435055258,0.1476583092188049,0.3427250574366682,0.9215456295743834,0.23358654240081128,76,15,4494970,4.626568369097615,CV < 10%
29. Osun,6. South West,Butter/Margarine,0.0171890796647444,0.01722904359571584,0,0.05095800511234745,1.0023249604836848,76,15,4494970,4.626568369097615,CV < 10%
29. Osun,6. South West,Cake,0,0,0,0,NA,76,15,4494970,4.626568369097615,No estimate
29. Osun,6. South West,Canned fish/seafood,0,0,0,0,NA,76,15,4494970,4.626568369097615,No estimate
29. Osun,6. South West,Cashew nut,0,0,0,0,NA,76,15,4494970,4.626568369097615,No estimate
29. Osun,6. South West,Cassava flour,8.975590935032907,1.8594933671234897,5.330983935470867,12.620197934594946,0.2071722497808633,76,15,4494970,4.626568369097615,CV < 10%
29. Osun,6. South West,Cassava roots,0,0,0,0,NA,76,15,4494970,4.626568369097615,No estimate
29. Osun,6. South West,Cheese/wara,0.4952846182045324,0.21691019777789983,0.07014063055984876,0.920428605849216,0.43795060416821735,76,15,4494970,4.626568369097615,CV < 10%
29. Osun,6. South West,Chicken,0.6253881731883572,0.3945230873345843,0,1.3986534243641424,0.630845136266688,76,15,4494970,4.626568369097615,CV < 10%
29. Osun,6. South West,Chocolate drinks,0.23027178201851656,0.047909436843185105,0.13636928580587376,0.32417427823115935,0.2080560476113075,76,15,4494970,4.626568369097615,CV < 10%
29. Osun,6. South West,Coconut,0.3911250620082434,0.40283465177116623,0,1.180680979479729,1.0299382241137902,76,15,4494970,4.626568369097615,CV < 10%
29. Osun,6. South West,Cocoyam,7.9694895556939,1.7866312164514981,4.467692371448964,11.471286739938837,0.22418389583998105,76,15,4494970,4.626568369097615,CV < 10%
29. Osun,6. South West,Coffee,0,0,0,0,NA,76,15,4494970,4.626568369097615,No estimate
29. Osun,6. South West,Dry pepper,0.12571268619785886,0.03258759417653992,0.06184100161184061,0.1895843707838771,0.25922279733367876,76,15,4494970,4.626568369097615,CV < 10%
29. Osun,6. South West,Duck,0,0,0,0,NA,76,15,4494970,4.626568369097615,No estimate
29. Osun,6. South West,Fish - dried,0.1601150378652227,0.1264455120282718,0,0.40794824144063546,0.7897166544388398,76,15,4494970,4.626568369097615,CV < 10%
29. Osun,6. South West,Fish - fresh,0.7009162272459601,0.7219004143422466,0,2.1158410393567637,1.0299382241137969,76,15,4494970,4.626568369097615,CV < 10%
29. Osun,6. South West,Fish - frozen,8.908956970050818,1.0617012439199338,6.828022531967748,10.98989140813389,0.11917233942077034,76,15,4494970,4.626568369097615,CV < 10%
29. Osun,6. South West,Fish - smoked,5.5188093262024775,0.715989593985808,4.115469721990294,6.922148930414661,0.12973624411816456,76,15,4494970,4.626568369097615,CV < 10%
29. Osun,6. South West,Fresh milk,0,0,0,0,NA,76,15,4494970,4.626568369097615,No estimate
29. Osun,6. South West,Fresh pepper,12.70190323493466,1.4094750282199853,9.939332179623488,15.464474290245832,0.11096565626034985,76,15,4494970,4.626568369097615,CV < 10%
29. Osun,6. South West,Fruit juice,0,0,0,0,NA,76,15,4494970,4.626568369097615,No estimate
29. Osun,6. South West,Garden eggs/Eggplant,0,0,0,0,NA,76,15,4494970,4.626568369097615,No estimate
29. Osun,6. South West,Gari - white,11.756269580195367,0.9394926568985545,9.9148639726742,13.597675187716534,0.07991418115158107,76,15,4494970,4.626568369097615,CV < 10%
29. Osun,6. South West,Gari - yellow,2.4992745195138353,0.8920845305827978,0.7507888395715516,4.247760199456119,0.35693739267838737,76,15,4494970,4.626568369097615,CV < 10%
29. Osun,6. South West,Gin,0,0,0,0,NA,76,15,4494970,4.626568369097615,No estimate
29. Osun,6. South West,Goat,0,0,0,0,NA,76,15,4494970,4.626568369097615,No estimate
29. Osun,6. South West,Ground pepper,0.02427410894488666,0.023518897840001243,0,0.07037114871128909,0.968888204852335,76,15,4494970,4.626568369097615,CV < 10%
29. Osun,6. South West,Groundnut oil,0.7294217358017586,0.06320794163005682,0.6055341702068473,0.8533093013966699,0.08665486443255016,76,15,4494970,4.626568369097615,CV < 10%
29. Osun,6. South West,Groundnuts - shelled,0.7830260720783313,0.22493957132420397,0.3421445122828915,1.2239076318737712,0.2872695805992291,76,15,4494970,4.626568369097615,CV < 10%
29. Osun,6. South West,Groundnuts - unshelled,0,0,0,0,NA,76,15,4494970,4.626568369097615,No estimate
29. Osun,6. South West,Guava,0,0,0,0,NA,76,15,4494970,4.626568369097615,No estimate
29. Osun,6. South West,Guinea corn / sorghum,0.029388635842656923,0.0314164308141371,0,0.09096484023836564,1.068999288784166,76,15,4494970,4.626568369097615,CV < 10%
29. Osun,6. South West,Honey,0.021081375728043805,0.01191975251227211,0,0.044444090652097146,0.5654162548991377,76,15,4494970,4.626568369097615,CV < 10%
29. Osun,6. South West,Kola nut,0.05456295625216363,0.02539844547234844,0.004782003126360693,0.10434390937796657,0.46548880810213233,76,15,4494970,4.626568369097615,CV < 10%
29. Osun,6. South West,Leaves,3.4897566345688795,0.7643575716889426,1.9916157940585522,4.9878974750792064,0.21902890422711968,76,15,4494970,4.626568369097615,CV < 10%
29. Osun,6. South West,Local eggs,0.07563030006196937,0.057816313644588856,0,0.18895027480536353,0.7644596622942891,76,15,4494970,4.626568369097615,CV < 10%
29. Osun,6. South West,Maize - shelled/off cob,4.951732695541579,1.3737957630838513,2.2590929998972302,7.644372391185927,0.2774373835487493,76,15,4494970,4.626568369097615,CV < 10%
29. Osun,6. South West,Maize - unshelled/on cob,0,0,0,0,NA,76,15,4494970,4.626568369097615,No estimate
29. Osun,6. South West,Maize flour,0.1532724469148863,0.15786115178109347,0,0.4626803044058295,1.029938224113792,76,15,4494970,4.626568369097615,CV < 10%
29. Osun,6. South West,Malt drinks,0.5128480497803597,0.1664861762151276,0.1865351443987096,0.8391609551620098,0.3246306119062548,76,15,4494970,4.626568369097615,CV < 10%
29. Osun,6. South West,Mangoes,0.25714337518525743,0.2769299299004431,0,0.7999260377901258,1.0769475577620093,76,15,4494970,4.626568369097615,CV < 10%
29. Osun,6. South West,Meat pie/Sausage roll,0.1665166972757075,0.16302752561587133,0,0.4860506474828153,0.9790461153931066,76,15,4494970,4.626568369097615,CV < 10%
29. Osun,6. South West,Melon - ground,0.17819304635528466,0.05747748098443753,0.0655371836257871,0.2908489090847822,0.32255737336594964,76,15,4494970,4.626568369097615,CV < 10%
29. Osun,6. South West,Melon - shelled,0.4592857060735903,0.22007443345976857,0.027939816492443925,0.8906315956547367,0.47916673771795226,76,15,4494970,4.626568369097615,CV < 10%
29. Osun,6. South West,Melon - unshelled,0.010258367522675334,0.007980758692065297,0,0.025900654559123316,0.7779755087175851,76,15,4494970,4.626568369097615,CV < 10%
29. Osun,6. South West,Milk - tinned,0.17264385407634655,0.08062335122270396,0.014622085679846797,0.3306656224728463,0.4669923042093969,76,15,4494970,4.626568369097615,CV < 10%
29. Osun,6. South West,Milk powder,0.06555906300158036,0.02031477202910479,0.025742109824534974,0.10537601617862574,0.30986977389556475,76,15,4494970,4.626568369097615,CV < 10%
29. Osun,6. South West,Millet,0,0,0,0,NA,76,15,4494970,4.626568369097615,No estimate
29. Osun,6. South West,Mutton,0,0,0,0,NA,76,15,4494970,4.626568369097615,No estimate
29. Osun,6. South West,Ogbono - ground,0,0,0,0,NA,76,15,4494970,4.626568369097615,No estimate
29. Osun,6. South West,Ogbono - unground,0,0,0,0,NA,76,15,4494970,4.626568369097615,No estimate
29. Osun,6. South West,Okra - dried,0.042256209477952195,0.02000158784133054,0.003053097308944333,0.08145932164696006,0.47334079626253905,76,15,4494970,4.626568369097615,CV < 10%
29. Osun,6. South West,Okra - fresh,2.2215180063095255,0.392200698296355,1.4528046376486696,2.9902313749703815,0.17654626124228204,76,15,4494970,4.626568369097615,CV < 10%
29. Osun,6. South West,Onions,8.832107815858041,0.8787604733450818,7.109737288101681,10.554478343614402,0.09949612161292554,76,15,4494970,4.626568369097615,CV < 10%
29. Osun,6. South West,Orange/Tangerine,3.82095423065351,0.7229279104207985,2.4040155262287453,5.237892935078275,0.1892008819737037,76,15,4494970,4.626568369097615,CV < 10%
29. Osun,6. South West,Other alcoholic beverages,0,0,0,0,NA,76,15,4494970,4.626568369097615,No estimate
29. Osun,6. South West,Other domestic poultry,0,0,0,0,NA,76,15,4494970,4.626568369097615,No estimate
29. Osun,6. South West,Other eggs,0,0,0,0,NA,76,15,4494970,4.626568369097615,No estimate
29. Osun,6. South West,Other fish/seafood,0,0,0,0,NA,76,15,4494970,4.626568369097615,No estimate
29. Osun,6. South West,Other fruits,0.0679811430112952,0.06801385947184115,0,0.20128830757610383,1.000481257876769,76,15,4494970,4.626568369097615,CV < 10%
29. Osun,6. South West,Other grains/flour,5.374907503189762,2.5031184506817117,0.46879533985360755,10.281019666525918,0.4657044701134345,76,15,4494970,4.626568369097615,CV < 10%
29. Osun,6. South West,Other meat,0.6473584688709181,0.2648920636414887,0.12817002413360024,1.166546913608236,0.4091891531186682,76,15,4494970,4.626568369097615,CV < 10%
29. Osun,6. South West,Other non-alcoholic drinks,0,0,0,0,NA,76,15,4494970,4.626568369097615,No estimate
29. Osun,6. South West,Other nuts/seeds/pulses,0,0,0,0,NA,76,15,4494970,4.626568369097615,No estimate
29. Osun,6. South West,Other oil/fat,0,0,0,0,NA,76,15,4494970,4.626568369097615,No estimate
29. Osun,6. South West,Other spices,0.12011331230636199,0.03661890977745415,0.04834024914255186,0.19188637547017212,0.3048697024027916,76,15,4494970,4.626568369097615,CV < 10%
29. Osun,6. South West,Other vegetables,0,0,0,0,NA,76,15,4494970,4.626568369097615,No estimate
29. Osun,6. South West,Palm oil,7.411314354676194,0.40396147181439407,6.6195498699199815,8.203078839432406,0.05450605013934043,76,15,4494970,4.626568369097615,CV < 10%
29. Osun,6. South West,Palm wine,1.1197408582502553,0.9657514047666445,0,3.0126136115928785,0.8624775970716654,76,15,4494970,4.626568369097615,CV < 10%
29. Osun,6. South West,Pawpaw,13.1564047652151,4.527601383004045,4.282306054527172,22.03050347590303,0.34413667440323853,76,15,4494970,4.626568369097615,CV < 10%
29. Osun,6. South West,Pineapples,4.155704414464033,2.189777097248075,0,8.447667525070258,0.5269328322838605,76,15,4494970,4.626568369097615,CV < 10%
29. Osun,6. South West,Pito,0,0,0,0,NA,76,15,4494970,4.626568369097615,No estimate
29. Osun,6. South West,Plantains,11.932935463771637,3.162449792553484,5.734533870366809,18.131337057176466,0.2650185951440594,76,15,4494970,4.626568369097615,CV < 10%
29. Osun,6. South West,Pork,0,0,0,0,NA,76,15,4494970,4.626568369097615,No estimate
29. Osun,6. South West,Potatoes,0,0,0,0,NA,76,15,4494970,4.626568369097615,No estimate
29. Osun,6. South West,Rice - imported,15.727205346869887,1.8852209625228304,12.03217226032514,19.422238433414634,0.11987005452930245,76,15,4494970,4.626568369097615,CV < 10%
29. Osun,6. South West,Rice - local,3.2149250203646633,0.80992783975752,1.627466454439924,4.802383586289403,0.25192744298143893,76,15,4494970,4.626568369097615,CV < 10%
29. Osun,6. South West,Sachet water,53.845163998869594,12.920488613474332,28.521006316459903,79.16932168127929,0.23995634248129655,76,15,4494970,4.626568369097615,CV < 10%
29. Osun,6. South West,Salt,1.0945750575661806,0.06476092657249405,0.9676436414840922,1.2215064736482688,0.059165359309841986,76,15,4494970,4.626568369097615,CV < 10%
29. Osun,6. South West,Seafood,0,0,0,0,NA,76,15,4494970,4.626568369097615,No estimate
29. Osun,6. South West,Snails,0.0062882048425789705,0.006745404116934033,0,0.019509196911769673,1.072707439690777,76,15,4494970,4.626568369097615,CV < 10%
29. Osun,6. South West,Soft drinks,1.5888526521966788,0.6553101258584388,0.30444480551413866,2.873260498879219,0.4124423526325336,76,15,4494970,4.626568369097615,CV < 10%
29. Osun,6. South West,Soya beans,0.014429090442162404,0.015424687420473992,0,0.044661477786291426,1.0689992887841642,76,15,4494970,4.626568369097615,CV < 10%
29. Osun,6. South West,Sugar,0.5692642842348361,0.14001979594349695,0.2948254841855821,0.8437030842840901,0.24596624067448994,76,15,4494970,4.626568369097615,CV < 10%
29. Osun,6. South West,Sweet potatoes,5.39856063268767,2.6476980294682604,0.20907249492988011,10.588048770445461,0.49044517781957475,76,15,4494970,4.626568369097615,CV < 10%
29. Osun,6. South West,Tea,0.037508621320462766,0.03166334429607291,0,0.09956877614076567,0.8441617735173601,76,15,4494970,4.626568369097615,CV < 10%
29. Osun,6. South West,Tomato puree - canned,0.05747545890582025,0.025969644727755647,0.006574955239419186,0.10837596257222132,0.45183884082264947,76,15,4494970,4.626568369097615,CV < 10%
29. Osun,6. South West,Tomatoes,19.62782564530214,1.3804668921830696,16.92211053662332,22.333540753980955,0.07033213546572746,76,15,4494970,4.626568369097615,CV < 10%
29. Osun,6. South West,Watermelon,1.937662875657457,1.0950866543145434,0,4.084032718113962,0.5651585051620376,76,15,4494970,4.626568369097615,CV < 10%
29. Osun,6. South West,Wheat flour,0.9638190655536708,0.3770467822929063,0.22480737225957448,1.7028307588477671,0.39120079252251544,76,15,4494970,4.626568369097615,CV < 10%
29. Osun,6. South West,White beans,3.4141389711527825,0.6536274869003432,2.1330290968281096,4.6952488454774555,0.19144724114134293,76,15,4494970,4.626568369097615,CV < 10%
29. Osun,6. South West,Wild game/Bush meat,1.9048294132421437,1.1919062420734832,0,4.240965647706171,0.6257286000454924,76,15,4494970,4.626568369097615,CV < 10%
29. Osun,6. South West,Yam flour,3.6599038313755745,1.4315225764134594,0.8541195816051941,6.465688081145955,0.3911366643411015,76,15,4494970,4.626568369097615,CV < 10%
29. Osun,6. South West,Yam roots,46.51130724645773,5.628160663075376,35.48011234683,57.54250214608547,0.12100628849781496,76,15,4494970,4.626568369097615,CV < 10%
3. Akwa Ibom,5. South South,Agricultural eggs,0.5738081458543968,0.13557921166441897,0.3080728909921356,0.839543400716658,0.23627969146820382,201,35,5044286,4.314683377071897,CV < 10%
3. Akwa Ibom,5. South South,Animal fat,0,0,0,0,NA,201,35,5044286,4.314683377071897,No estimate
3. Akwa Ibom,5. South South,Apples,0,0,0,0,NA,201,35,5044286,4.314683377071897,No estimate
3. Akwa Ibom,5. South South,Avocado pear,0.08862335866858323,0.04373352433777202,0.002905650966550072,0.1743410663706164,0.4934762685007046,201,35,5044286,4.314683377071897,CV < 10%
3. Akwa Ibom,5. South South,Baby milk powder,0,0,0,0,NA,201,35,5044286,4.314683377071897,No estimate
3. Akwa Ibom,5. South South,Bananas,17.55475611447967,4.455588779659052,8.821802106347928,26.28771012261141,0.25381091885315077,201,35,5044286,4.314683377071897,CV < 10%
3. Akwa Ibom,5. South South,Beef,2.4427461496376934,0.5439273734674513,1.3766484976414888,3.508843801633898,0.22267044553447615,201,35,5044286,4.314683377071897,CV < 10%
3. Akwa Ibom,5. South South,Beer,0.19754238556756135,0.1166043771973292,0,0.42608696487432657,0.5902752306160108,201,35,5044286,4.314683377071897,CV < 10%
3. Akwa Ibom,5. South South,Biscuits,0.647022726703788,0.17247966733409126,0.30896257872896915,0.9850828746786069,0.2665743569979015,201,35,5044286,4.314683377071897,CV < 10%
3. Akwa Ibom,5. South South,Bottled water,0.4593785233887265,0.38296293060563324,0,1.2099858673757675,0.8336544072208829,201,35,5044286,4.314683377071897,CV < 10%
3. Akwa Ibom,5. South South,Bread,6.48814208795199,0.8766039380731669,4.769998369328583,8.206285806575398,0.13510862218954128,201,35,5044286,4.314683377071897,CV < 10%
3. Akwa Ibom,5. South South,Brown beans,2.160642944851213,0.5437094968688814,1.0949723309882056,3.2263135587142204,0.2516424558553438,201,35,5044286,4.314683377071897,CV < 10%
3. Akwa Ibom,5. South South,Buns/Pofpof/Donuts,0.4690131546268694,0.15111130964530411,0.17283498772207334,0.7651913215316655,0.32218991760587834,201,35,5044286,4.314683377071897,CV < 10%
3. Akwa Ibom,5. South South,Butter/Margarine,0.009598912727564368,0.009418490140433618,0,0.028059153402814258,0.9812038517015947,201,35,5044286,4.314683377071897,CV < 10%
3. Akwa Ibom,5. South South,Cake,0.024271290992578364,0.02403474522456498,0,0.07137939163272572,0.9902540920429114,201,35,5044286,4.314683377071897,CV < 10%
3. Akwa Ibom,5. South South,Canned fish/seafood,0,0,0,0,NA,201,35,5044286,4.314683377071897,No estimate
3. Akwa Ibom,5. South South,Cashew nut,0,0,0,0,NA,201,35,5044286,4.314683377071897,No estimate
3. Akwa Ibom,5. South South,Cassava flour,0.7560935963577385,0.3742876566183621,0.02248978938574886,1.4896974033297283,0.49502820605991676,201,35,5044286,4.314683377071897,CV < 10%
3. Akwa Ibom,5. South South,Cassava roots,72.72822789335895,18.156892725349966,37.14071815167301,108.31573763504488,0.24965399613439407,201,35,5044286,4.314683377071897,CV < 10%
3. Akwa Ibom,5. South South,Cheese/wara,0,0,0,0,NA,201,35,5044286,4.314683377071897,No estimate
3. Akwa Ibom,5. South South,Chicken,0.2548056113518244,0.14856452518754468,0,0.545992080719412,0.5830504453938941,201,35,5044286,4.314683377071897,CV < 10%
3. Akwa Ibom,5. South South,Chocolate drinks,0.33348916333062845,0.05253376760829079,0.23052297881837852,0.43645534784287837,0.15752766022027428,201,35,5044286,4.314683377071897,CV < 10%
3. Akwa Ibom,5. South South,Coconut,3.158747015117484,0.7627149398490557,1.663825733013335,4.653668297221634,0.24146123010129314,201,35,5044286,4.314683377071897,CV < 10%
3. Akwa Ibom,5. South South,Cocoyam,6.964848223269021,1.4726519451485927,4.07845041077778,9.851246035760262,0.21144063703047772,201,35,5044286,4.314683377071897,CV < 10%
3. Akwa Ibom,5. South South,Coffee,0,0,0,0,NA,201,35,5044286,4.314683377071897,No estimate
3. Akwa Ibom,5. South South,Dry pepper,0.33817391860959206,0.060618837597306116,0.21936099691887206,0.45698684030031206,0.17925343813189829,201,35,5044286,4.314683377071897,CV < 10%
3. Akwa Ibom,5. South South,Duck,0,0,0,0,NA,201,35,5044286,4.314683377071897,No estimate
3. Akwa Ibom,5. South South,Fish - dried,2.218520417418273,0.4482609988695662,1.3399288596339234,3.0971119752026226,0.2020540335577414,201,35,5044286,4.314683377071897,CV < 10%
3. Akwa Ibom,5. South South,Fish - fresh,5.6741935795457374,1.662494170372842,2.415705005614967,8.932682153476508,0.29299214894003267,201,35,5044286,4.314683377071897,CV < 10%
3. Akwa Ibom,5. South South,Fish - frozen,1.1451994981915439,0.3410686676142321,0.476704909667649,1.8136940867154387,0.2978246743496089,201,35,5044286,4.314683377071897,CV < 10%
3. Akwa Ibom,5. South South,Fish - smoked,5.141618800136619,1.2116627504899533,2.766759809176311,7.5164777910969285,0.23565783415483035,201,35,5044286,4.314683377071897,CV < 10%
3. Akwa Ibom,5. South South,Fresh milk,0,0,0,0,NA,201,35,5044286,4.314683377071897,No estimate
3. Akwa Ibom,5. South South,Fresh pepper,2.126573174330706,0.26241425992681505,1.6122412248741484,2.640905123787263,0.12339771003149441,201,35,5044286,4.314683377071897,CV < 10%
3. Akwa Ibom,5. South South,Fruit juice,0,0,0,0,NA,201,35,5044286,4.314683377071897,No estimate
3. Akwa Ibom,5. South South,Garden eggs/Eggplant,0.23846224942079122,0.11908531970372009,0.005055022801499859,0.47186947604008256,0.49938856147239374,201,35,5044286,4.314683377071897,CV < 10%
3. Akwa Ibom,5. South South,Gari - white,0.7653584844536789,0.43271761372288425,0,1.613485007350532,0.5653789988775818,201,35,5044286,4.314683377071897,CV < 10%
3. Akwa Ibom,5. South South,Gari - yellow,40.49559757543236,3.2610665651187642,34.103907107799586,46.88728804306514,0.08052891574310708,201,35,5044286,4.314683377071897,CV < 10%
3. Akwa Ibom,5. South South,Gin,0.005484032087620643,0.00557653503606364,0,0.016414040758305375,1.0168676891318356,201,35,5044286,4.314683377071897,CV < 10%
3. Akwa Ibom,5. South South,Goat,1.531501487687446,0.5367890206626114,0.47939500718872763,2.5836079681861643,0.3504985303495579,201,35,5044286,4.314683377071897,CV < 10%
3. Akwa Ibom,5. South South,Ground pepper,0.8261308075327832,0.19823642228262012,0.4375874198588478,1.2146741952067186,0.2399576682954697,201,35,5044286,4.314683377071897,CV < 10%
3. Akwa Ibom,5. South South,Groundnut oil,1.0263653845951701,0.28090741735379177,0.4757868465817383,1.576943922608602,0.2736914373477144,201,35,5044286,4.314683377071897,CV < 10%
3. Akwa Ibom,5. South South,Groundnuts - shelled,1.1386461831258652,0.21893888919042845,0.7095259603126254,1.567766405939105,0.19228000096516995,201,35,5044286,4.314683377071897,CV < 10%
3. Akwa Ibom,5. South South,Groundnuts - unshelled,0.0417893341086233,0.024734089692437143,0,0.0902681499058001,0.591875659663436,201,35,5044286,4.314683377071897,CV < 10%
3. Akwa Ibom,5. South South,Guava,0.45835356580915765,0.3186084464290506,0,1.0828261208100969,0.6951150164318958,201,35,5044286,4.314683377071897,CV < 10%
3. Akwa Ibom,5. South South,Guinea corn / sorghum,0,0,0,0,NA,201,35,5044286,4.314683377071897,No estimate
3. Akwa Ibom,5. South South,Honey,0.013062809836684225,0.007863594397086301,0,0.028475454854973374,0.6019833784154928,201,35,5044286,4.314683377071897,CV < 10%
3. Akwa Ibom,5. South South,Kola nut,0.013360270532693586,0.007599925175407313,0,0.028256123876491922,0.5688451560026218,201,35,5044286,4.314683377071897,CV < 10%
3. Akwa Ibom,5. South South,Leaves,5.244686975141141,0.778659981385743,3.718513411625085,6.770860538657197,0.14846643566650386,201,35,5044286,4.314683377071897,CV < 10%
3. Akwa Ibom,5. South South,Local eggs,0.16097737803077594,0.06161070621546532,0.04022039384846392,0.28173436221308795,0.38272897079791224,201,35,5044286,4.314683377071897,CV < 10%
3. Akwa Ibom,5. South South,Maize - shelled/off cob,0,0,0,0,NA,201,35,5044286,4.314683377071897,No estimate
3. Akwa Ibom,5. South South,Maize - unshelled/on cob,0.026687272527114232,0.02708085092732966,0,0.07976574034468037,1.014747794096064,201,35,5044286,4.314683377071897,CV < 10%
3. Akwa Ibom,5. South South,Maize flour,0,0,0,0,NA,201,35,5044286,4.314683377071897,No estimate
3. Akwa Ibom,5. South South,Malt drinks,0.9421560413575056,0.2907786149038439,0.37222995614597165,1.5120821265690396,0.3086310570007867,201,35,5044286,4.314683377071897,CV < 10%
3. Akwa Ibom,5. South South,Mangoes,3.2128614862642886,1.406676848729994,0.4557748627535001,5.969948109775077,0.43782679544196246,201,35,5044286,4.314683377071897,CV < 10%
3. Akwa Ibom,5. South South,Meat pie/Sausage roll,0.10393643670775674,0.0960094936815265,0,0.2921150443235487,0.9237327805597298,201,35,5044286,4.314683377071897,CV < 10%
3. Akwa Ibom,5. South South,Melon - ground,0.31172354051295853,0.05271744160372919,0.20839735496964934,0.4150497260562677,0.16911601067080045,201,35,5044286,4.314683377071897,CV < 10%
3. Akwa Ibom,5. South South,Melon - shelled,0.8538016338549963,0.1389183314998439,0.5815217041153022,1.1260815635946904,0.16270562855755416,201,35,5044286,4.314683377071897,CV < 10%
3. Akwa Ibom,5. South South,Melon - unshelled,0,0,0,0,NA,201,35,5044286,4.314683377071897,No estimate
3. Akwa Ibom,5. South South,Milk - tinned,0.06540235659584889,0.028887898729683396,0.008782075085669437,0.12202263810602834,0.4416950738976418,201,35,5044286,4.314683377071897,CV < 10%
3. Akwa Ibom,5. South South,Milk powder,0.4380716399764516,0.06285341864676501,0.3148789394287922,0.561264340524111,0.14347748840838837,201,35,5044286,4.314683377071897,CV < 10%
3. Akwa Ibom,5. South South,Millet,0,0,0,0,NA,201,35,5044286,4.314683377071897,No estimate
3. Akwa Ibom,5. South South,Mutton,0,0,0,0,NA,201,35,5044286,4.314683377071897,No estimate
3. Akwa Ibom,5. South South,Ogbono - ground,0.12201943287716728,0.043602302395890635,0.036558920181221644,0.20747994557311292,0.3573390022209295,201,35,5044286,4.314683377071897,CV < 10%
3. Akwa Ibom,5. South South,Ogbono - unground,0.061275983040745656,0.02452123286247764,0.013214366630289485,0.10933759945120183,0.40017689877243046,201,35,5044286,4.314683377071897,CV < 10%
3. Akwa Ibom,5. South South,Okra - dried,0.006544483178818685,0.006480701248131203,0,0.019246657625155844,0.9902540920429114,201,35,5044286,4.314683377071897,CV < 10%
3. Akwa Ibom,5. South South,Okra - fresh,4.475599447846434,0.391029548753105,3.709181532290348,5.242017363402519,0.08736920122314798,201,35,5044286,4.314683377071897,CV < 10%
3. Akwa Ibom,5. South South,Onions,6.048100374729775,0.7230419374168023,4.630938177392842,7.465262572066708,0.11954860081982474,201,35,5044286,4.314683377071897,CV < 10%
3. Akwa Ibom,5. South South,Orange/Tangerine,0.7313698914415492,0.3562622771593619,0.03309582820919987,1.4296439546738986,0.4871164117204218,201,35,5044286,4.314683377071897,CV < 10%
3. Akwa Ibom,5. South South,Other alcoholic beverages,0,0,0,0,NA,201,35,5044286,4.314683377071897,No estimate
3. Akwa Ibom,5. South South,Other domestic poultry,0,0,0,0,NA,201,35,5044286,4.314683377071897,No estimate
3. Akwa Ibom,5. South South,Other eggs,0,0,0,0,NA,201,35,5044286,4.314683377071897,No estimate
3. Akwa Ibom,5. South South,Other fish/seafood,0,0,0,0,NA,201,35,5044286,4.314683377071897,No estimate
3. Akwa Ibom,5. South South,Other fruits,0,0,0,0,NA,201,35,5044286,4.314683377071897,No estimate
3. Akwa Ibom,5. South South,Other grains/flour,0.16024121112592268,0.16260441551331173,0,0.4789458655320137,1.014747794096064,201,35,5044286,4.314683377071897,CV < 10%
3. Akwa Ibom,5. South South,Other meat,0,0,0,0,NA,201,35,5044286,4.314683377071897,No estimate
3. Akwa Ibom,5. South South,Other non-alcoholic drinks,0,0,0,0,NA,201,35,5044286,4.314683377071897,No estimate
3. Akwa Ibom,5. South South,Other nuts/seeds/pulses,0,0,0,0,NA,201,35,5044286,4.314683377071897,No estimate
3. Akwa Ibom,5. South South,Other oil/fat,0,0,0,0,NA,201,35,5044286,4.314683377071897,No estimate
3. Akwa Ibom,5. South South,Other spices,0.6066781261848817,0.0588120982224898,0.4914064136688017,0.7219498387009617,0.09694118789535383,201,35,5044286,4.314683377071897,CV < 10%
3. Akwa Ibom,5. South South,Other vegetables,0.2859718639905515,0.2868324664034437,0,0.8481634981413011,1.0030093954030408,201,35,5044286,4.314683377071897,CV < 10%
3. Akwa Ibom,5. South South,Palm oil,6.5569432392824885,0.504753198136705,5.567626970934547,7.54625950763043,0.07697995540250231,201,35,5044286,4.314683377071897,CV < 10%
3. Akwa Ibom,5. South South,Palm wine,3.9670730607898466,1.9419200491649522,0.16090976442654048,7.773236357153152,0.4895095248833947,201,35,5044286,4.314683377071897,CV < 10%
3. Akwa Ibom,5. South South,Pawpaw,6.770503223698867,1.0515480889113664,4.709468969432589,8.831537477965146,0.15531313613892406,201,35,5044286,4.314683377071897,CV < 10%
3. Akwa Ibom,5. South South,Pineapples,4.469449105380298,0.9531163122519815,2.6013411333664145,6.337557077394182,0.21325140745078075,201,35,5044286,4.314683377071897,CV < 10%
3. Akwa Ibom,5. South South,Pito,0,0,0,0,NA,201,35,5044286,4.314683377071897,No estimate
3. Akwa Ibom,5. South South,Plantains,20.619060247084743,2.5143291558308136,15.690975101656349,25.547145392513137,0.12194198599261118,201,35,5044286,4.314683377071897,CV < 10%
3. Akwa Ibom,5. South South,Pork,0,0,0,0,NA,201,35,5044286,4.314683377071897,No estimate
3. Akwa Ibom,5. South South,Potatoes,0,0,0,0,NA,201,35,5044286,4.314683377071897,No estimate
3. Akwa Ibom,5. South South,Rice - imported,4.426723455382588,1.1008974485612806,2.2689644562024776,6.584482454562698,0.2486935223438604,201,35,5044286,4.314683377071897,CV < 10%
3. Akwa Ibom,5. South South,Rice - local,17.492028937145164,1.142765497058379,15.252208562910742,19.731849311379587,0.06533064295541276,201,35,5044286,4.314683377071897,CV < 10%
3. Akwa Ibom,5. South South,Sachet water,40.02734928230908,9.026238707352796,22.3359214158976,57.71877714872056,0.22550178488441974,201,35,5044286,4.314683377071897,CV < 10%
3. Akwa Ibom,5. South South,Salt,1.5173275944551237,0.12323888618538104,1.275779377531777,1.7588758113784704,0.08122101425937386,201,35,5044286,4.314683377071897,CV < 10%
3. Akwa Ibom,5. South South,Seafood,0.43986776509406755,0.0875111548072041,0.2683459016719475,0.6113896285161876,0.198948779046106,201,35,5044286,4.314683377071897,CV < 10%
3. Akwa Ibom,5. South South,Snails,0.0718805730318251,0.041524286295695705,0,0.15326817417138866,0.577684408237965,201,35,5044286,4.314683377071897,CV < 10%
3. Akwa Ibom,5. South South,Soft drinks,5.637605407536564,0.8487009984860457,3.9741514505039146,7.301059364569214,0.15054281687602153,201,35,5044286,4.314683377071897,CV < 10%
3. Akwa Ibom,5. South South,Soya beans,0.04692801739071362,0.04604595141648761,0,0.1371780821670293,0.9812038517015945,201,35,5044286,4.314683377071897,CV < 10%
3. Akwa Ibom,5. South South,Sugar,0.3993835259833665,0.0647302976395032,0.2725121426099402,0.5262549093567928,0.16207553248503065,201,35,5044286,4.314683377071897,CV < 10%
3. Akwa Ibom,5. South South,Sweet potatoes,1.0733116640567772,0.8345291784979203,0,2.708988853912701,0.7775273543042149,201,35,5044286,4.314683377071897,CV < 10%
3. Akwa Ibom,5. South South,Tea,0.009281542528266093,0.006556683036537371,0,0.02213264127987934,0.7064216983943767,201,35,5044286,4.314683377071897,CV < 10%
3. Akwa Ibom,5. South South,Tomato puree - canned,0.8412030594974542,0.2000861436248696,0.4490342179927098,1.2333719010021986,0.23785712779552143,201,35,5044286,4.314683377071897,CV < 10%
3. Akwa Ibom,5. South South,Tomatoes,0.8765181277875551,0.21124608049260857,0.4624758100220423,1.290560445553068,0.24100594590761168,201,35,5044286,4.314683377071897,CV < 10%
3. Akwa Ibom,5. South South,Watermelon,1.2669084944410303,0.525599431114846,0.23673360945593225,2.2970833794261285,0.414867714141221,201,35,5044286,4.314683377071897,CV < 10%
3. Akwa Ibom,5. South South,Wheat flour,0,0,0,0,NA,201,35,5044286,4.314683377071897,No estimate
3. Akwa Ibom,5. South South,White beans,9.709012477457092,0.7866791023955005,8.16712143676191,11.250903518152274,0.08102565572163538,201,35,5044286,4.314683377071897,CV < 10%
3. Akwa Ibom,5. South South,Wild game/Bush meat,0.29614726069387975,0.29816556302930236,0,0.8805517642313123,1.0068151983938454,201,35,5044286,4.314683377071897,CV < 10%
3. Akwa Ibom,5. South South,Yam flour,0,0,0,0,NA,201,35,5044286,4.314683377071897,No estimate
3. Akwa Ibom,5. South South,Yam roots,21.848284875030483,4.012079479553889,13.984609095104862,29.711960654956105,0.1836336125468197,201,35,5044286,4.314683377071897,CV < 10%
30. Oyo,6. South West,Agricultural eggs,0.9311670336928045,0.35929673146094976,0.22694544002934303,1.635388627356266,0.385856369974845,138,29,8127483,3.5539030475022635,CV < 10%
30. Oyo,6. South West,Animal fat,0,0,0,0,NA,138,29,8127483,3.5539030475022635,No estimate
30. Oyo,6. South West,Apples,0.23636279284058176,0.13720411107585812,0,0.5052828505492637,0.5804810030671679,138,29,8127483,3.5539030475022635,CV < 10%
30. Oyo,6. South West,Avocado pear,0,0,0,0,NA,138,29,8127483,3.5539030475022635,No estimate
30. Oyo,6. South West,Baby milk powder,0.011519031997133616,0.010872893043431378,0,0.03282990236225912,0.9439068357598952,138,29,8127483,3.5539030475022635,CV < 10%
30. Oyo,6. South West,Bananas,1.8335997534159256,0.5965083434342554,0.664443400284785,3.002756106547066,0.3253209116782348,138,29,8127483,3.5539030475022635,CV < 10%
30. Oyo,6. South West,Beef,5.412787633622035,1.6136145269611237,2.2501031607782322,8.575472106465837,0.2981115528970704,138,29,8127483,3.5539030475022635,CV < 10%
30. Oyo,6. South West,Beer,0.07551964767402651,0.07206067265173377,0,0.21675856607142469,0.9541976806191803,138,29,8127483,3.5539030475022635,CV < 10%
30. Oyo,6. South West,Biscuits,0.12526666888667987,0.04543826069654872,0.03620767792144437,0.21432565985191537,0.3627322503295237,138,29,8127483,3.5539030475022635,CV < 10%
30. Oyo,6. South West,Bottled water,6.311950470503746,5.197069726090418,0,16.498207133640964,0.8233698522155306,138,29,8127483,3.5539030475022635,CV < 10%
30. Oyo,6. South West,Bread,7.293794301766125,1.0821850850258954,5.17271153511537,9.41487706841688,0.14837066144898742,138,29,8127483,3.5539030475022635,CV < 10%
30. Oyo,6. South West,Brown beans,7.283764455434078,1.5193209660010543,4.305895362072011,10.261633548796144,0.20859007389613754,138,29,8127483,3.5539030475022635,CV < 10%
30. Oyo,6. South West,Buns/Pofpof/Donuts,0.19263851743391838,0.1132626776106112,0,0.41463336555071634,0.5879544709923559,138,29,8127483,3.5539030475022635,CV < 10%
30. Oyo,6. South West,Butter/Margarine,0,0,0,0,NA,138,29,8127483,3.5539030475022635,No estimate
30. Oyo,6. South West,Cake,0.056739209291297506,0.059226549052354596,0,0.1728232454339125,1.0438381111073853,138,29,8127483,3.5539030475022635,CV < 10%
30. Oyo,6. South West,Canned fish/seafood,0,0,0,0,NA,138,29,8127483,3.5539030475022635,No estimate
30. Oyo,6. South West,Cashew nut,0.03652217592552497,0.02634852790469889,0,0.08816529061873479,0.7214391595513939,138,29,8127483,3.5539030475022635,CV < 10%
30. Oyo,6. South West,Cassava flour,7.979869928934685,1.7959564758436832,4.4597952362810656,11.499944621588304,0.22506087089610546,138,29,8127483,3.5539030475022635,CV < 10%
30. Oyo,6. South West,Cassava roots,0,0,0,0,NA,138,29,8127483,3.5539030475022635,No estimate
30. Oyo,6. South West,Cheese/wara,0.5777331734486858,0.2981775367912265,0,1.1621611455594896,0.5161163500639981,138,29,8127483,3.5539030475022635,CV < 10%
30. Oyo,6. South West,Chicken,0.7331217428380352,0.4623153669618991,0,1.6392598620833576,0.6306119979093787,138,29,8127483,3.5539030475022635,CV < 10%
30. Oyo,6. South West,Chocolate drinks,0.05364951032664515,0.025834812228709335,0.0030132783583748587,0.10428574229491544,0.481547959551057,138,29,8127483,3.5539030475022635,CV < 10%
30. Oyo,6. South West,Coconut,0.01753031113700557,0.01770844483784519,0,0.05223886301918214,1.0101614682961095,138,29,8127483,3.5539030475022635,CV < 10%
30. Oyo,6. South West,Cocoyam,0.6568452069356694,0.43227167569051195,0,1.504097691289073,0.6581028088903267,138,29,8127483,3.5539030475022635,CV < 10%
30. Oyo,6. South West,Coffee,0,0,0,0,NA,138,29,8127483,3.5539030475022635,No estimate
30. Oyo,6. South West,Dry pepper,0,0,0,0,NA,138,29,8127483,3.5539030475022635,No estimate
30. Oyo,6. South West,Duck,0,0,0,0,NA,138,29,8127483,3.5539030475022635,No estimate
30. Oyo,6. South West,Fish - dried,1.7099362943550722,0.18953360090704705,1.33845043657726,2.0814221521328844,0.11084249251433806,138,29,8127483,3.5539030475022635,CV < 10%
30. Oyo,6. South West,Fish - fresh,1.220495329342362,0.46809304883282105,0.3030329536300327,2.137957705054691,0.383527111967764,138,29,8127483,3.5539030475022635,CV < 10%
30. Oyo,6. South West,Fish - frozen,2.787667927524588,0.5621522374667127,1.6858495420898312,3.8894863129593453,0.2016568156903453,138,29,8127483,3.5539030475022635,CV < 10%
30. Oyo,6. South West,Fish - smoked,3.677792039885227,1.0786430770368345,1.5636516088930312,5.7919324708774225,0.29328549992470365,138,29,8127483,3.5539030475022635,CV < 10%
30. Oyo,6. South West,Fresh milk,4.959294386299546,4.287812792129714,0,13.363407458873784,0.8646013844177399,138,29,8127483,3.5539030475022635,CV < 10%
30. Oyo,6. South West,Fresh pepper,11.334899007533677,0.866296350350679,9.636958160846346,13.032839854221008,0.07642735500112528,138,29,8127483,3.5539030475022635,CV < 10%
30. Oyo,6. South West,Fruit juice,0.09516548416015498,0.09560576993197996,0,0.2825527932268357,1.0046265279445645,138,29,8127483,3.5539030475022635,CV < 10%
30. Oyo,6. South West,Garden eggs/Eggplant,0,0,0,0,NA,138,29,8127483,3.5539030475022635,No estimate
30. Oyo,6. South West,Gari - white,10.242471799491353,2.8800875033849547,4.597500292856842,15.887443306125864,0.281190669573333,138,29,8127483,3.5539030475022635,CV < 10%
30. Oyo,6. South West,Gari - yellow,0,0,0,0,NA,138,29,8127483,3.5539030475022635,No estimate
30. Oyo,6. South West,Gin,0,0,0,0,NA,138,29,8127483,3.5539030475022635,No estimate
30. Oyo,6. South West,Goat,0.5005535288280778,0.3075691655423993,0,1.1033890932911805,0.6144580905512671,138,29,8127483,3.5539030475022635,CV < 10%
30. Oyo,6. South West,Ground pepper,0.009414433753573436,0.007010580230539784,0,0.023155171005431414,0.7446629732647254,138,29,8127483,3.5539030475022635,CV < 10%
30. Oyo,6. South West,Groundnut oil,1.7921065147735344,0.5606044605612901,0.693321772073406,2.8908912574736627,0.31281871693443,138,29,8127483,3.5539030475022635,CV < 10%
30. Oyo,6. South West,Groundnuts - shelled,0.0022588535095188315,0.0022818067778413594,0,0.0067311947940878955,1.010161468296108,138,29,8127483,3.5539030475022635,CV < 10%
30. Oyo,6. South West,Groundnuts - unshelled,0.009861493042098912,0.010236767770561964,0,0.02992555787240036,1.0380545549097886,138,29,8127483,3.5539030475022635,CV < 10%
30. Oyo,6. South West,Guava,0,0,0,0,NA,138,29,8127483,3.5539030475022635,No estimate
30. Oyo,6. South West,Guinea corn / sorghum,3.703306279079102,3.0887849477598,0,9.75732477668831,0.8340614345643281,138,29,8127483,3.5539030475022635,CV < 10%
30. Oyo,6. South West,Honey,0.009573811629761245,0.007645470308927369,0,0.02455893343525889,0.7985816521771313,138,29,8127483,3.5539030475022635,CV < 10%
30. Oyo,6. South West,Kola nut,0,0,0,0,NA,138,29,8127483,3.5539030475022635,No estimate
30. Oyo,6. South West,Leaves,5.972539833460834,0.8070181283324588,4.390784301929215,7.554295364992453,0.135121430887942,138,29,8127483,3.5539030475022635,CV < 10%
30. Oyo,6. South West,Local eggs,0,0,0,0,NA,138,29,8127483,3.5539030475022635,No estimate
30. Oyo,6. South West,Maize - shelled/off cob,1.399492611991148,0.8527775850337797,0,3.0709366786573558,0.6093476862450015,138,29,8127483,3.5539030475022635,CV < 10%
30. Oyo,6. South West,Maize - unshelled/on cob,0,0,0,0,NA,138,29,8127483,3.5539030475022635,No estimate
30. Oyo,6. South West,Maize flour,3.9946567536007285,2.2310381890628657,0,8.367491604163945,0.5585056055321496,138,29,8127483,3.5539030475022635,CV < 10%
30. Oyo,6. South West,Malt drinks,0.06892424194802194,0.06967032768253474,0,0.20547808420579003,1.0108247216570834,138,29,8127483,3.5539030475022635,CV < 10%
30. Oyo,6. South West,Mangoes,1.1797485875392413,0.9989083298932561,0,3.1376089141300234,0.8467128847993047,138,29,8127483,3.5539030475022635,CV < 10%
30. Oyo,6. South West,Meat pie/Sausage roll,0,0,0,0,NA,138,29,8127483,3.5539030475022635,No estimate
30. Oyo,6. South West,Melon - ground,0.21511649372447486,0.0550785664347365,0.10716250351239133,0.3230704839365584,0.25604064793507714,138,29,8127483,3.5539030475022635,CV < 10%
30. Oyo,6. South West,Melon - shelled,0.8915680689671055,0.1413362492700615,0.614549020397785,1.168587117536426,0.15852547235546646,138,29,8127483,3.5539030475022635,CV < 10%
30. Oyo,6. South West,Melon - unshelled,0.009930229812780644,0.010031135528196325,0,0.02959125544804544,1.0101614682961124,138,29,8127483,3.5539030475022635,CV < 10%
30. Oyo,6. South West,Milk - tinned,0.13323737693690235,0.07309095412766564,0,0.27649564702712703,0.5485769519635587,138,29,8127483,3.5539030475022635,CV < 10%
30. Oyo,6. South West,Milk powder,0.13117108663896584,0.04159079103799969,0.049653136204486456,0.21268903707344522,0.3170728557923273,138,29,8127483,3.5539030475022635,CV < 10%
30. Oyo,6. South West,Millet,1.615147982775953,1.3538283623527956,0,4.268651572987432,0.8382070106207682,138,29,8127483,3.5539030475022635,CV < 10%
30. Oyo,6. South West,Mutton,0,0,0,0,NA,138,29,8127483,3.5539030475022635,No estimate
30. Oyo,6. South West,Ogbono - ground,0,0,0,0,NA,138,29,8127483,3.5539030475022635,No estimate
30. Oyo,6. South West,Ogbono - unground,0.009156272759529993,0.007573956523638544,0,0.024001227545861537,0.8271877348515476,138,29,8127483,3.5539030475022635,CV < 10%
30. Oyo,6. South West,Okra - dried,0.146419834386503,0.08301306230046007,0,0.3091254364954047,0.5669523029327523,138,29,8127483,3.5539030475022635,CV < 10%
30. Oyo,6. South West,Okra - fresh,3.0066971731111996,0.7090000355553688,1.6170571034226766,4.3963372427997225,0.23580693190386262,138,29,8127483,3.5539030475022635,CV < 10%
30. Oyo,6. South West,Onions,8.533978918102314,1.158957871853166,6.262421489270109,10.805536346934518,0.1358051013454907,138,29,8127483,3.5539030475022635,CV < 10%
30. Oyo,6. South West,Orange/Tangerine,1.837947203289617,0.5008222964342443,0.8563355022784982,2.8195589043007354,0.27249003428273477,138,29,8127483,3.5539030475022635,CV < 10%
30. Oyo,6. South West,Other alcoholic beverages,0,0,0,0,NA,138,29,8127483,3.5539030475022635,No estimate
30. Oyo,6. South West,Other domestic poultry,0,0,0,0,NA,138,29,8127483,3.5539030475022635,No estimate
30. Oyo,6. South West,Other eggs,0,0,0,0,NA,138,29,8127483,3.5539030475022635,No estimate
30. Oyo,6. South West,Other fish/seafood,0,0,0,0,NA,138,29,8127483,3.5539030475022635,No estimate
30. Oyo,6. South West,Other fruits,0.0068761324390051795,0.007182495417554095,0,0.020953823457411206,1.0445545488349028,138,29,8127483,3.5539030475022635,CV < 10%
30. Oyo,6. South West,Other grains/flour,0.22569842644974264,0.19767507900544187,0,0.6131415813004086,0.8758372050478568,138,29,8127483,3.5539030475022635,CV < 10%
30. Oyo,6. South West,Other meat,0,0,0,0,NA,138,29,8127483,3.5539030475022635,No estimate
30. Oyo,6. South West,Other non-alcoholic drinks,0,0,0,0,NA,138,29,8127483,3.5539030475022635,No estimate
30. Oyo,6. South West,Other nuts/seeds/pulses,0,0,0,0,NA,138,29,8127483,3.5539030475022635,No estimate
30. Oyo,6. South West,Other oil/fat,0,0,0,0,NA,138,29,8127483,3.5539030475022635,No estimate
30. Oyo,6. South West,Other spices,0.05784137370198505,0.010785171699027686,0.036702437171890784,0.07898031023207931,0.18646119565893976,138,29,8127483,3.5539030475022635,CV < 10%
30. Oyo,6. South West,Other vegetables,0,0,0,0,NA,138,29,8127483,3.5539030475022635,No estimate
30. Oyo,6. South West,Palm oil,9.5311938383214585,3.1566449628918143,3.3441697110535022,15.718217965589414,0.33119093121368437,138,29,8127483,3.5539030475022635,CV < 10%
30. Oyo,6. South West,Palm wine,0.05337296519959449,0.05391531289333969,0,0.15904697847054028,1.0101614682961126,138,29,8127483,3.5539030475022635,CV < 10%
30. Oyo,6. South West,Pawpaw,1.0550512630779056,0.5534999135098766,0,2.139911093557264,0.5246189762335802,138,29,8127483,3.5539030475022635,CV < 10%
30. Oyo,6. South West,Pineapples,0.246498925449073,0.15639203069188762,0,0.5530273056051728,0.6344531944996182,138,29,8127483,3.5539030475022635,CV < 10%
30. Oyo,6. South West,Pito,0,0,0,0,NA,138,29,8127483,3.5539030475022635,No estimate
30. Oyo,6. South West,Plantains,1.8806799150676998,0.5170116802965158,0.8673370216865288,2.894022808448871,0.27490679097187287,138,29,8127483,3.5539030475022635,CV < 10%
30. Oyo,6. South West,Pork,0,0,0,0,NA,138,29,8127483,3.5539030475022635,No estimate
30. Oyo,6. South West,Potatoes,0,0,0,0,NA,138,29,8127483,3.5539030475022635,No estimate
30. Oyo,6. South West,Rice - imported,14.572296274901404,2.6602589271207875,9.358188777744662,19.786403772058147,0.18255591822564607,138,29,8127483,3.5539030475022635,CV < 10%
30. Oyo,6. South West,Rice - local,1.7364574149869323,0.345949993587699,1.0583954275550422,2.414519402418822,0.1992274562001294,138,29,8127483,3.5539030475022635,CV < 10%
30. Oyo,6. South West,Sachet water,43.05952746232422,13.54705468850113,16.507300272862008,69.61175465178643,0.3146122469726216,138,29,8127483,3.5539030475022635,CV < 10%
30. Oyo,6. South West,Salt,0.6304244931156725,0.05896937321543489,0.5148445216134201,0.7460044646179249,0.09353915315694275,138,29,8127483,3.5539030475022635,CV < 10%
30. Oyo,6. South West,Seafood,0,0,0,0,NA,138,29,8127483,3.5539030475022635,No estimate
30. Oyo,6. South West,Snails,0,0,0,0,NA,138,29,8127483,3.5539030475022635,No estimate
30. Oyo,6. South West,Soft drinks,3.3689510350796352,0.5432227496638397,2.3042344457385093,4.433667624420761,0.16124388392928926,138,29,8127483,3.5539030475022635,CV < 10%
30. Oyo,6. South West,Soya beans,0.07258211506942948,0.044611837301144944,0,0.16002131617967358,0.6146395328721248,138,29,8127483,3.5539030475022635,CV < 10%
30. Oyo,6. South West,Sugar,0.5018522220059962,0.0974597164923053,0.3108311776810778,0.6928732663309146,0.19420002984691542,138,29,8127483,3.5539030475022635,CV < 10%
30. Oyo,6. South West,Sweet potatoes,1.6951132770210815,0.9894855466553286,0,3.6345049484655254,0.5837282735429974,138,29,8127483,3.5539030475022635,CV < 10%
30. Oyo,6. South West,Tea,0.10913515176621352,0.03649864053523541,0.037597816317152116,0.18067248721527493,0.33443523873427916,138,29,8127483,3.5539030475022635,CV < 10%
30. Oyo,6. South West,Tomato puree - canned,0.12338575207490537,0.05998502121606496,0.005815110491418057,0.2409563936583927,0.4861584113832615,138,29,8127483,3.5539030475022635,CV < 10%
30. Oyo,6. South West,Tomatoes,16.31847181478623,0.950999968525309,14.454511876476623,18.182431753095834,0.05827751393139671,138,29,8127483,3.5539030475022635,CV < 10%
30. Oyo,6. South West,Watermelon,7.147585966882637,3.2481893582269383,0.7811348247578387,13.514037109007436,0.45444565105994944,138,29,8127483,3.5539030475022635,CV < 10%
30. Oyo,6. South West,Wheat flour,0,0,0,0,NA,138,29,8127483,3.5539030475022635,No estimate
30. Oyo,6. South West,White beans,1.571646127584556,0.38904471676370905,0.8091184827276862,2.3341737724414258,0.24753964008528256,138,29,8127483,3.5539030475022635,CV < 10%
30. Oyo,6. South West,Wild game/Bush meat,0.3935942457383192,0.2380714376969276,0,0.8602142636242973,0.6048651378282832,138,29,8127483,3.5539030475022635,CV < 10%
30. Oyo,6. South West,Yam flour,5.506126589660573,1.447925183399403,2.668193230197743,8.344059949123402,0.262966199527327,138,29,8127483,3.5539030475022635,CV < 10%
30. Oyo,6. South West,Yam roots,74.07800892427433,13.147169296773546,48.30955710259818,99.84646074595048,0.1774773578244137,138,29,8127483,3.5539030475022635,CV < 10%
31. Plateau,1. North Central,Agricultural eggs,0,0,0,0,NA,84,11,4807502,5.855834960787317,No estimate
31. Plateau,1. North Central,Animal fat,0.12876063730111265,0.12256808371142475,0,0.36899408137550516,0.95190646986931,84,11,4807502,5.855834960787317,CV < 10%
31. Plateau,1. North Central,Apples,0,0,0,0,NA,84,11,4807502,5.855834960787317,No estimate
31. Plateau,1. North Central,Avocado pear,0.37120220588642755,0.29373108881057575,0,0.9469151399551561,0.791296722251821,84,11,4807502,5.855834960787317,CV < 10%
31. Plateau,1. North Central,Baby milk powder,0,0,0,0,NA,84,11,4807502,5.855834960787317,No estimate
31. Plateau,1. North Central,Bananas,0.1638325058962563,0.1170004144664252,0,0.3931533182504497,0.7141465231601438,84,11,4807502,5.855834960787317,CV < 10%
31. Plateau,1. North Central,Beef,0.4948691433693067,0.24859253511238338,0.007627774549035293,0.9821105121895781,0.5023399386347794,84,11,4807502,5.855834960787317,CV < 10%
31. Plateau,1. North Central,Beer,2.116137720978186,1.0737155870537949,0.011655170352748101,4.220620271603624,0.5073940020111116,84,11,4807502,5.855834960787317,CV < 10%
31. Plateau,1. North Central,Biscuits,0.15534630991050505,0.046091043441806034,0.06500786476456523,0.24568475505644488,0.2966986693688384,84,11,4807502,5.855834960787317,CV < 10%
31. Plateau,1. North Central,Bottled water,0,0,0,0,NA,84,11,4807502,5.855834960787317,No estimate
31. Plateau,1. North Central,Bread,1.3244137941760445,0.5667379168857359,0.21360747708000205,2.435220111272087,0.42791604812476275,84,11,4807502,5.855834960787317,CV < 10%
31. Plateau,1. North Central,Brown beans,0.26377118820487566,0.25108550061733687,0,0.7558987694148559,0.9519064698693112,84,11,4807502,5.855834960787317,CV < 10%
31. Plateau,1. North Central,Buns/Pofpof/Donuts,0,0,0,0,NA,84,11,4807502,5.855834960787317,No estimate
31. Plateau,1. North Central,Butter/Margarine,0,0,0,0,NA,84,11,4807502,5.855834960787317,No estimate
31. Plateau,1. North Central,Cake,0.07774550904436214,0.08167266247260814,0,0.2378239274906741,1.0505129296407993,84,11,4807502,5.855834960787317,CV < 10%
31. Plateau,1. North Central,Canned fish/seafood,0,0,0,0,NA,84,11,4807502,5.855834960787317,No estimate
31. Plateau,1. North Central,Cashew nut,0,0,0,0,NA,84,11,4807502,5.855834960787317,No estimate
31. Plateau,1. North Central,Cassava flour,0.4530868743395455,0.26941328832553413,0,0.9811369194575923,0.5946172877293164,84,11,4807502,5.855834960787317,CV < 10%
31. Plateau,1. North Central,Cassava roots,0.9988354442738879,1.0580610436274234,0,3.072635089783638,1.0592946512792105,84,11,4807502,5.855834960787317,CV < 10%
31. Plateau,1. North Central,Cheese/wara,0.09078395850475397,0.059137930355436005,0,0.20669430200140854,0.651413876740561,84,11,4807502,5.855834960787317,CV < 10%
31. Plateau,1. North Central,Chicken,1.8034973242428398,0.63347113233034,0.5618939048753735,3.0451007436103064,0.3512459507508776,84,11,4807502,5.855834960787317,CV < 10%
31. Plateau,1. North Central,Chocolate drinks,0,0,0,0,NA,84,11,4807502,5.855834960787317,No estimate
31. Plateau,1. North Central,Coconut,0,0,0,0,NA,84,11,4807502,5.855834960787317,No estimate
31. Plateau,1. North Central,Cocoyam,1.0928981184552036,0.35164050539142366,0.4036827278880132,1.7821135090223938,0.3217504902364208,84,11,4807502,5.855834960787317,CV < 10%
31. Plateau,1. North Central,Coffee,0,0,0,0,NA,84,11,4807502,5.855834960787317,No estimate
31. Plateau,1. North Central,Dry pepper,0.08702952033303572,0.0356587439512821,0.017138382188522802,0.15692065847754866,0.40973159239332635,84,11,4807502,5.855834960787317,CV < 10%
31. Plateau,1. North Central,Duck,0,0,0,0,NA,84,11,4807502,5.855834960787317,No estimate
31. Plateau,1. North Central,Fish - dried,0.30627983932927133,0.13759158388651604,0.036600334911699894,0.5759593437468428,0.4492348702671085,84,11,4807502,5.855834960787317,CV < 10%
31. Plateau,1. North Central,Fish - fresh,0.333973367186938,0.20097496194781425,0,0.7278842926046539,0.6017694274265908,84,11,4807502,5.855834960787317,CV < 10%
31. Plateau,1. North Central,Fish - frozen,0,0,0,0,NA,84,11,4807502,5.855834960787317,No estimate
31. Plateau,1. North Central,Fish - smoked,0.3633516534328461,0.21696338821070799,0,0.7885998943258337,0.5971168320300673,84,11,4807502,5.855834960787317,CV < 10%
31. Plateau,1. North Central,Fresh milk,0.14965596578063187,0.15136171730689787,0,0.4463249317021517,1.011397818438901,84,11,4807502,5.855834960787317,CV < 10%
31. Plateau,1. North Central,Fresh pepper,0.5053745536474128,0.17081017905822277,0.17058660269329617,0.8401625046015294,0.33798729640312036,84,11,4807502,5.855834960787317,CV < 10%
31. Plateau,1. North Central,Fruit juice,0,0,0,0,NA,84,11,4807502,5.855834960787317,No estimate
31. Plateau,1. North Central,Garden eggs/Eggplant,0.3771376648806111,0.3573425848347736,0,1.0775291311567674,0.947512322716152,84,11,4807502,5.855834960787317,CV < 10%
31. Plateau,1. North Central,Gari - white,1.0337287858639332,0.31930048411570083,0.4078998369971596,1.659557734730707,0.30888226049432027,84,11,4807502,5.855834960787317,CV < 10%
31. Plateau,1. North Central,Gari - yellow,0,0,0,0,NA,84,11,4807502,5.855834960787317,No estimate
31. Plateau,1. North Central,Gin,0,0,0,0,NA,84,11,4807502,5.855834960787317,No estimate
31. Plateau,1. North Central,Goat,0.13672336712503252,0.11186730074779581,0,0.3559832765907123,0.8182017682865723,84,11,4807502,5.855834960787317,CV < 10%
31. Plateau,1. North Central,Ground pepper,0.025938818057367582,0.020691705335852784,0,0.06649456051563904,0.797711957811261,84,11,4807502,5.855834960787317,CV < 10%
31. Plateau,1. North Central,Groundnut oil,0.38456357921501244,0.1245657840298521,0.14041464251650232,0.6287125159135225,0.3239146678531573,84,11,4807502,5.855834960787317,CV < 10%
31. Plateau,1. North Central,Groundnuts - shelled,0.9259957931265212,0.5230908538950015,0,1.9512538667607242,0.5648954971262276,84,11,4807502,5.855834960787317,CV < 10%
31. Plateau,1. North Central,Groundnuts - unshelled,0.03382611811988047,0.035534774444491296,0,0.1034742760310834,1.0505129296407976,84,11,4807502,5.855834960787317,CV < 10%
31. Plateau,1. North Central,Guava,0,0,0,0,NA,84,11,4807502,5.855834960787317,No estimate
31. Plateau,1. North Central,Guinea corn / sorghum,26.088333064429197,3.006721735786987,20.195158462286702,31.98150766657169,0.1152515850039717,84,11,4807502,5.855834960787317,CV < 10%
31. Plateau,1. North Central,Honey,0.0027919600899997048,0.002972681999608224,0,0.008618416809231824,1.0647294029222811,84,11,4807502,5.855834960787317,CV < 10%
31. Plateau,1. North Central,Kola nut,0,0,0,0,NA,84,11,4807502,5.855834960787317,No estimate
31. Plateau,1. North Central,Leaves,0.5199587955929638,0.22843113563096082,0.07223376975628054,0.967683821429647,0.4393254572613908,84,11,4807502,5.855834960787317,CV < 10%
31. Plateau,1. North Central,Local eggs,0.019235786533637025,0.018226144777758437,0,0.054959030298043554,0.9475123227161489,84,11,4807502,5.855834960787317,CV < 10%
31. Plateau,1. North Central,Maize - shelled/off cob,0.4118600047245909,0.29580881854490243,0,0.9916452890725997,0.7182266186363704,84,11,4807502,5.855834960787317,CV < 10%
31. Plateau,1. North Central,Maize - unshelled/on cob,0,0,0,0,NA,84,11,4807502,5.855834960787317,No estimate
31. Plateau,1. North Central,Maize flour,35.27318271198878,3.764479784854714,27.894802333673542,42.65156309030402,0.10672356434610104,84,11,4807502,5.855834960787317,CV < 10%
31. Plateau,1. North Central,Malt drinks,0.28629810648704707,0.2265467532501034,0,0.7303297428572497,0.7912967222518219,84,11,4807502,5.855834960787317,CV < 10%
31. Plateau,1. North Central,Mangoes,0.28847675403441747,0.30304856001396474,0,0.8824519316617883,1.0505129296408013,84,11,4807502,5.855834960787317,CV < 10%
31. Plateau,1. North Central,Meat pie/Sausage roll,0.006235665426696967,0.006306738409076196,0,0.01859687270848631,1.0113978184389016,84,11,4807502,5.855834960787317,CV < 10%
31. Plateau,1. North Central,Melon - ground,0.08281533889788517,0.04092304074711991,0.002606179033530151,0.16302449876224018,0.49414808043688324,84,11,4807502,5.855834960787317,CV < 10%
31. Plateau,1. North Central,Melon - shelled,0.14351351587182168,0.13055138756787166,0,0.3993942355048501,0.9096800867485745,84,11,4807502,5.855834960787317,CV < 10%
31. Plateau,1. North Central,Melon - unshelled,0,0,0,0,NA,84,11,4807502,5.855834960787317,No estimate
31. Plateau,1. North Central,Milk - tinned,0,0,0,0,NA,84,11,4807502,5.855834960787317,No estimate
31. Plateau,1. North Central,Milk powder,0.006932110549807856,0.007424421182973814,0,0.021483976068436533,1.0710188664229545,84,11,4807502,5.855834960787317,CV < 10%
31. Plateau,1. North Central,Millet,4.4668068831902215,1.1984719752267907,2.1178018117457116,6.815811954634731,0.26830619871590117,84,11,4807502,5.855834960787317,CV < 10%
31. Plateau,1. North Central,Mutton,0,0,0,0,NA,84,11,4807502,5.855834960787317,No estimate
31. Plateau,1. North Central,Ogbono - ground,0.06524232265392557,0.03203607548399029,0.002451614705304611,0.12803303060254653,0.49103211199153574,84,11,4807502,5.855834960787317,CV < 10%
31. Plateau,1. North Central,Ogbono - unground,0,0,0,0,NA,84,11,4807502,5.855834960787317,No estimate
31. Plateau,1. North Central,Okra - dried,0.3940156474102926,0.1242040441073481,0.15057572095989033,0.6374555738606948,0.3152261716601654,84,11,4807502,5.855834960787317,CV < 10%
31. Plateau,1. North Central,Okra - fresh,0.4284115580971653,0.12631355618783596,0.18083698796900682,0.6759861282253238,0.29484161619931737,84,11,4807502,5.855834960787317,CV < 10%
31. Plateau,1. North Central,Onions,2.7079770272868426,0.35163239104079536,2.0187775408468838,3.3971765137268015,0.12985058126327623,84,11,4807502,5.855834960787317,CV < 10%
31. Plateau,1. North Central,Orange/Tangerine,0.9468951871613007,0.5313698855936606,0,1.9883801629248754,0.5611707534248385,84,11,4807502,5.855834960787317,CV < 10%
31. Plateau,1. North Central,Other alcoholic beverages,0,0,0,0,NA,84,11,4807502,5.855834960787317,No estimate
31. Plateau,1. North Central,Other domestic poultry,0,0,0,0,NA,84,11,4807502,5.855834960787317,No estimate
31. Plateau,1. North Central,Other eggs,0,0,0,0,NA,84,11,4807502,5.855834960787317,No estimate
31. Plateau,1. North Central,Other fish/seafood,0,0,0,0,NA,84,11,4807502,5.855834960787317,No estimate
31. Plateau,1. North Central,Other fruits,0,0,0,0,NA,84,11,4807502,5.855834960787317,No estimate
31. Plateau,1. North Central,Other grains/flour,0,0,0,0,NA,84,11,4807502,5.855834960787317,No estimate
31. Plateau,1. North Central,Other meat,0,0,0,0,NA,84,11,4807502,5.855834960787317,No estimate
31. Plateau,1. North Central,Other non-alcoholic drinks,0,0,0,0,NA,84,11,4807502,5.855834960787317,No estimate
31. Plateau,1. North Central,Other nuts/seeds/pulses,0,0,0,0,NA,84,11,4807502,5.855834960787317,No estimate
31. Plateau,1. North Central,Other oil/fat,0,0,0,0,NA,84,11,4807502,5.855834960787317,No estimate
31. Plateau,1. North Central,Other spices,0.31019145183798286,0.13053435555418488,0.05434411495178049,0.5660387887241852,0.42081867434040293,84,11,4807502,5.855834960787317,CV < 10%
31. Plateau,1. North Central,Other vegetables,0,0,0,0,NA,84,11,4807502,5.855834960787317,No estimate
31. Plateau,1. North Central,Palm oil,4.187810134743856,0.49838453031305857,3.210976455330261,5.164643814157451,0.11900838726623453,84,11,4807502,5.855834960787317,CV < 10%
31. Plateau,1. North Central,Palm wine,0,0,0,0,NA,84,11,4807502,5.855834960787317,No estimate
31. Plateau,1. North Central,Pawpaw,2.4175162957438894,1.150426759518987,0.16267984708667482,4.672352744401104,0.47587135670785263,84,11,4807502,5.855834960787317,CV < 10%
31. Plateau,1. North Central,Pineapples,0,0,0,0,NA,84,11,4807502,5.855834960787317,No estimate
31. Plateau,1. North Central,Pito,9.529126487191494,7.3139312293287135,0,23.864431696675773,0.7675342791555638,84,11,4807502,5.855834960787317,CV < 10%
31. Plateau,1. North Central,Plantains,0,0,0,0,NA,84,11,4807502,5.855834960787317,No estimate
31. Plateau,1. North Central,Pork,0.1363956316139293,0.14328537455695656,0,0.4172349657455642,1.0505129296408027,84,11,4807502,5.855834960787317,CV < 10%
31. Plateau,1. North Central,Potatoes,5.1083265376161275,3.96943366007233,0,12.888416511357894,0.7770516686516916,84,11,4807502,5.855834960787317,CV < 10%
31. Plateau,1. North Central,Rice - imported,0,0,0,0,NA,84,11,4807502,5.855834960787317,No estimate
31. Plateau,1. North Central,Rice - local,26.205073043530927,1.7991026350978194,22.6788318787392,29.731314208322654,0.06865474605276675,84,11,4807502,5.855834960787317,CV < 10%
31. Plateau,1. North Central,Sachet water,1.1239762977085748,0.7630884274686457,0,2.6196296155471206,0.6789186115617714,84,11,4807502,5.855834960787317,CV < 10%
31. Plateau,1. North Central,Salt,1.3315601914026287,0.21503766631176724,0.910086365431565,1.7530340173736925,0.16149301225748758,84,11,4807502,5.855834960787317,CV < 10%
31. Plateau,1. North Central,Seafood,0,0,0,0,NA,84,11,4807502,5.855834960787317,No estimate
31. Plateau,1. North Central,Snails,0,0,0,0,NA,84,11,4807502,5.855834960787317,No estimate
31. Plateau,1. North Central,Soft drinks,0.4364957236433371,0.23789847978544126,0,0.9027767440228021,0.5450190389031837,84,11,4807502,5.855834960787317,CV < 10%
31. Plateau,1. North Central,Soya beans,0.33210169243589366,0.17396966903550395,0,0.6730822437454814,0.523844572303966,84,11,4807502,5.855834960787317,CV < 10%
31. Plateau,1. North Central,Sugar,2.1511691786511746,0.4923568365489535,1.1861497790152258,3.1161885782871233,0.22887871462423562,84,11,4807502,5.855834960787317,CV < 10%
31. Plateau,1. North Central,Sweet potatoes,2.7030139525696506,1.4219908267832138,0,5.49011597306475,0.5260760217058378,84,11,4807502,5.855834960787317,CV < 10%
31. Plateau,1. North Central,Tea,0.056593534290550106,0.03878997613451324,0,0.13262188751419604,0.6854135657152327,84,11,4807502,5.855834960787317,CV < 10%
31. Plateau,1. North Central,Tomato puree - canned,0,0,0,0,NA,84,11,4807502,5.855834960787317,No estimate
31. Plateau,1. North Central,Tomatoes,8.369333972724355,1.957308265128215,4.533009773073054,12.205658172375657,0.23386666985773052,84,11,4807502,5.855834960787317,CV < 10%
31. Plateau,1. North Central,Watermelon,1.1751855653247802,0.9299204858791558,0,2.9978297176479254,0.7912967222518243,84,11,4807502,5.855834960787317,CV < 10%
31. Plateau,1. North Central,Wheat flour,0.44975222012129407,0.4325090112802209,0,1.297469882230527,0.9616606476418886,84,11,4807502,5.855834960787317,CV < 10%
31. Plateau,1. North Central,White beans,10.39714154037671,1.3603080130238114,7.73093783485004,13.063345245903381,0.13083480759987082,84,11,4807502,5.855834960787317,CV < 10%
31. Plateau,1. North Central,Wild game/Bush meat,0,0,0,0,NA,84,11,4807502,5.855834960787317,No estimate
31. Plateau,1. North Central,Yam flour,0.283082016607551,0.2240018718699915,0,0.7221256854727343,0.7912967222518239,84,11,4807502,5.855834960787317,CV < 10%
31. Plateau,1. North Central,Yam roots,43.07978619255388,11.594402116403147,20.354758044403713,65.80481434070406,0.26913787511803344,84,11,4807502,5.855834960787317,CV < 10%
32. Rivers,5. South South,Agricultural eggs,1.250090467367246,0.31177935762619696,0.6390029264198999,1.861178008314592,0.2494054356584449,102,19,7681920.5141495215,4.40663607266948,CV < 10%
32. Rivers,5. South South,Animal fat,0,0,0,0,NA,102,19,7681920.5141495215,4.40663607266948,No estimate
32. Rivers,5. South South,Apples,0.15297875682218465,0.10684037338565802,0,0.36238588865807436,0.6984000628913744,102,19,7681920.5141495215,4.40663607266948,CV < 10%
32. Rivers,5. South South,Avocado pear,0.5005374385333048,0.2752041204083159,0,1.0399375145336038,0.549817254858558,102,19,7681920.5141495215,4.40663607266948,CV < 10%
32. Rivers,5. South South,Baby milk powder,0.05292222281827306,0.03988074024072411,0,0.13108847369009233,0.7535726603485376,102,19,7681920.5141495215,4.40663607266948,CV < 10%
32. Rivers,5. South South,Bananas,9.159529650670079,2.078575591792214,5.085521490757339,13.233537810582819,0.2269303851907017,102,19,7681920.5141495215,4.40663607266948,CV < 10%
32. Rivers,5. South South,Beef,3.9321064096330987,1.1583665202478737,1.6617080299472664,6.202504789318931,0.29459185473974997,102,19,7681920.5141495215,4.40663607266948,CV < 10%
32. Rivers,5. South South,Beer,0.827418002933146,0.36460717344701854,0.11278794297698969,1.5420480628893025,0.44065656313315454,102,19,7681920.5141495215,4.40663607266948,CV < 10%
32. Rivers,5. South South,Biscuits,0.9206903107272305,0.19229009032410846,0.5438017336919779,1.2975788877624832,0.20885425651131626,102,19,7681920.5141495215,4.40663607266948,CV < 10%
32. Rivers,5. South South,Bottled water,6.60654393638449,3.4363768970045303,0,13.34184265451337,0.5201474371613926,102,19,7681920.5141495215,4.40663607266948,CV < 10%
32. Rivers,5. South South,Bread,14.982821964442007,1.878484963525915,11.300991435931213,18.6646524929528,0.12537591169300621,102,19,7681920.5141495215,4.40663607266948,CV < 10%
32. Rivers,5. South South,Brown beans,4.675883384895249,2.342609934867253,0.0843679125554333,9.267398857235065,0.5009983658777095,102,19,7681920.5141495215,4.40663607266948,CV < 10%
32. Rivers,5. South South,Buns/Pofpof/Donuts,0.2145668479599652,0.07450148778661515,0.06854393189819949,0.36058976402173093,0.34721807443671804,102,19,7681920.5141495215,4.40663607266948,CV < 10%
32. Rivers,5. South South,Butter/Margarine,0.017708702291636562,0.017671218032744063,0,0.052344289635814924,0.9978832859531327,102,19,7681920.5141495215,4.40663607266948,CV < 10%
32. Rivers,5. South South,Cake,0.1792656532139898,0.12206602813108733,0,0.41851506835092095,0.6809225634839087,102,19,7681920.5141495215,4.40663607266948,CV < 10%
32. Rivers,5. South South,Canned fish/seafood,0.04092163710095851,0.029512525896032916,0,0.09876618785718302,0.7211961198722825,102,19,7681920.5141495215,4.40663607266948,CV < 10%
32. Rivers,5. South South,Cashew nut,0.004782729466744957,0.004841563607039094,0,0.014272194136541582,1.0123013732437134,102,19,7681920.5141495215,4.40663607266948,CV < 10%
32. Rivers,5. South South,Cassava flour,1.1151112871938829,0.9319081390030476,0,2.941651239639856,0.8357086415546415,102,19,7681920.5141495215,4.40663607266948,CV < 10%
32. Rivers,5. South South,Cassava roots,140.5104680175676,77.64999322248767,0,292.7044547336434,0.5526278171159413,102,19,7681920.5141495215,4.40663607266948,CV < 10%
32. Rivers,5. South South,Cheese/wara,0,0,0,0,NA,102,19,7681920.5141495215,4.40663607266948,No estimate
32. Rivers,5. South South,Chicken,2.427211283568704,0.942612398756995,0.5796909820049938,4.274731585132414,0.3883520174523421,102,19,7681920.5141495215,4.40663607266948,CV < 10%
32. Rivers,5. South South,Chocolate drinks,1.1125815691182532,0.2441737497788042,0.634001019551797,1.5911621186847094,0.21946593090906366,102,19,7681920.5141495215,4.40663607266948,CV < 10%
32. Rivers,5. South South,Coconut,3.748367022141415,1.5233878905932872,0.762526756578572,6.734207287704258,0.406413748065414,102,19,7681920.5141495215,4.40663607266948,CV < 10%
32. Rivers,5. South South,Cocoyam,3.248051493864469,1.1355706364457072,1.0223330464308829,5.473769941298055,0.34961595854954475,102,19,7681920.5141495215,4.40663607266948,CV < 10%
32. Rivers,5. South South,Coffee,0.00166039266875589,0.0016545355804945172,0,0.0049032824065251435,0.9964724680061606,102,19,7681920.5141495215,4.40663607266948,CV < 10%
32. Rivers,5. South South,Dry pepper,0.6118028934382872,0.10150467144287541,0.41285373741025144,0.810752049466323,0.16591074107614404,102,19,7681920.5141495215,4.40663607266948,CV < 10%
32. Rivers,5. South South,Duck,0,0,0,0,NA,102,19,7681920.5141495215,4.40663607266948,No estimate
32. Rivers,5. South South,Fish - dried,3.4652502408656565,0.6835313537206276,2.1255287875732263,4.804971694158087,0.1972531004138605,102,19,7681920.5141495215,4.40663607266948,CV < 10%
32. Rivers,5. South South,Fish - fresh,22.780570597122917,9.910487729123115,3.3560146480416115,42.20512654620423,0.4350412421352942,102,19,7681920.5141495215,4.40663607266948,CV < 10%
32. Rivers,5. South South,Fish - frozen,3.0160082663684946,0.5644532599390772,1.9096798768879033,4.122336655849086,0.18715242469103782,102,19,7681920.5141495215,4.40663607266948,CV < 10%
32. Rivers,5. South South,Fish - smoked,3.0285405440652235,0.789072736609143,1.4819579803113032,4.5751231078191434,0.26054554169843375,102,19,7681920.5141495215,4.40663607266948,CV < 10%
32. Rivers,5. South South,Fresh milk,0,0,0,0,NA,102,19,7681920.5141495215,4.40663607266948,No estimate
32. Rivers,5. South South,Fresh pepper,5.370906448522798,0.585714739936823,4.222905558246625,6.5189073387989716,0.1090532381359792,102,19,7681920.5141495215,4.40663607266948,CV < 10%
32. Rivers,5. South South,Fruit juice,0,0,0,0,NA,102,19,7681920.5141495215,4.40663607266948,No estimate
32. Rivers,5. South South,Garden eggs/Eggplant,0.635093461349198,0.2503301781699745,0.14444631213604797,1.125740610562348,0.3941627388796775,102,19,7681920.5141495215,4.40663607266948,CV < 10%
32. Rivers,5. South South,Gari - white,44.853494098649016,4.584410419441342,35.86804967654398,53.83893852075405,0.10220854610253038,102,19,7681920.5141495215,4.40663607266948,CV < 10%
32. Rivers,5. South South,Gari - yellow,12.495728040343506,3.297444367206855,6.03273708061807,18.958719000068943,0.2638857341133529,102,19,7681920.5141495215,4.40663607266948,CV < 10%
32. Rivers,5. South South,Gin,0.09060106689942998,0.06915326937910932,0,0.22614147488248423,0.7632721307340852,102,19,7681920.5141495215,4.40663607266948,CV < 10%
32. Rivers,5. South South,Goat,0.9052747115065775,0.3181538249170925,0.28169321466907615,1.5288562083440786,0.351444507256382,102,19,7681920.5141495215,4.40663607266948,CV < 10%
32. Rivers,5. South South,Ground pepper,0.7458040194768475,0.09092396185591677,0.5675930542392507,0.9240149847144443,0.12191401424692828,102,19,7681920.5141495215,4.40663607266948,CV < 10%
32. Rivers,5. South South,Groundnut oil,4.052196800752938,0.5710903712672614,2.932859673069106,5.17153392843677,0.14093352306115714,102,19,7681920.5141495215,4.40663607266948,CV < 10%
32. Rivers,5. South South,Groundnuts - shelled,1.6461181414913906,0.31665990520197174,1.025464727295526,2.266771555687255,0.192367666220528,102,19,7681920.5141495215,4.40663607266948,CV < 10%
32. Rivers,5. South South,Groundnuts - unshelled,1.041897138842664,0.36837683592136394,0.31987854043679076,1.7639157372485375,0.353563535389449,102,19,7681920.5141495215,4.40663607266948,CV < 10%
32. Rivers,5. South South,Guava,3.8261206680956175,2.0461492520590725,0,7.836573202131399,0.5347842970873959,102,19,7681920.5141495215,4.40663607266948,CV < 10%
32. Rivers,5. South South,Guinea corn / sorghum,0.11997695155029939,0.11892727232226045,0,0.3530744053019299,0.9912509926742149,102,19,7681920.5141495215,4.40663607266948,CV < 10%
32. Rivers,5. South South,Honey,0.060822482924911464,0.0580063176554801,0,0.17451486552965245,0.9536986138348205,102,19,7681920.5141495215,4.40663607266948,CV < 10%
32. Rivers,5. South South,Kola nut,0.013421843060511033,0.009406118580726094,0,0.03185783547873418,0.700806777304693,102,19,7681920.5141495215,4.40663607266948,CV < 10%
32. Rivers,5. South South,Leaves,12.72586550033831,1.3762508518901624,10.028413830633593,15.423317170043028,0.10814595296905939,102,19,7681920.5141495215,4.40663607266948,CV < 10%
32. Rivers,5. South South,Local eggs,0.03869681601169342,0.026423132567426125,0,0.09048615584384861,0.6828244618224294,102,19,7681920.5141495215,4.40663607266948,CV < 10%
32. Rivers,5. South South,Maize - shelled/off cob,0.05303159168088438,0.05329471401501061,0,0.15748923115030516,1.0049616148749516,102,19,7681920.5141495215,4.40663607266948,CV < 10%
32. Rivers,5. South South,Maize - unshelled/on cob,0.18024705973663038,0.17867007689054243,0,0.5304404104420936,0.9912509926742096,102,19,7681920.5141495215,4.40663607266948,CV < 10%
32. Rivers,5. South South,Maize flour,0,0,0,0,NA,102,19,7681920.5141495215,4.40663607266948,No estimate
32. Rivers,5. South South,Malt drinks,1.3629957373694952,0.47134095568080503,0.4391674642351173,2.286824010503873,0.34581249431525474,102,19,7681920.5141495215,4.40663607266948,CV < 10%
32. Rivers,5. South South,Mangoes,1.057729872433698,0.7974519063928385,0,2.6207356089636615,0.7539277533667513,102,19,7681920.5141495215,4.40663607266948,CV < 10%
32. Rivers,5. South South,Meat pie/Sausage roll,0.28789890916871935,0.11734141843561664,0.057909729034910734,0.5178880893025279,0.4075785447552712,102,19,7681920.5141495215,4.40663607266948,CV < 10%
32. Rivers,5. South South,Melon - ground,0.7961474390077152,0.14697915147565185,0.5080683021154375,1.084226575899993,0.1846129803027948,102,19,7681920.5141495215,4.40663607266948,CV < 10%
32. Rivers,5. South South,Melon - shelled,1.0641271641266559,0.1716776040838329,0.7276390601223435,1.4006152681309683,0.16133185005640854,102,19,7681920.5141495215,4.40663607266948,CV < 10%
32. Rivers,5. South South,Melon - unshelled,0.060235281448912915,0.06128249029492929,0,0.18034896242697432,1.0173853067641851,102,19,7681920.5141495215,4.40663607266948,CV < 10%
32. Rivers,5. South South,Milk - tinned,0.19212297112331467,0.11067893974345219,0,0.409053693020481,0.5760838440938569,102,19,7681920.5141495215,4.40663607266948,CV < 10%
32. Rivers,5. South South,Milk powder,0.9793304972464468,0.16212181573124854,0.6615717384131997,1.297089256079694,0.1655435179309553,102,19,7681920.5141495215,4.40663607266948,CV < 10%
32. Rivers,5. South South,Millet,0.40228623428524996,0.2613857069814051,0,0.914602219968804,0.6497505624218397,102,19,7681920.5141495215,4.40663607266948,CV < 10%
32. Rivers,5. South South,Mutton,0,0,0,0,NA,102,19,7681920.5141495215,4.40663607266948,No estimate
32. Rivers,5. South South,Ogbono - ground,0.20968293161093993,0.11326626889091584,0,0.431684818637135,0.5401787738311378,102,19,7681920.5141495215,4.40663607266948,CV < 10%
32. Rivers,5. South South,Ogbono - unground,0.13032105334127353,0.04608938504373391,0.03998585865555507,0.220656248026992,0.35366031705590195,102,19,7681920.5141495215,4.40663607266948,CV < 10%
32. Rivers,5. South South,Okra - dried,0.01083133029118238,0.011220932168464318,0,0.03282435734137244,1.0359699009085805,102,19,7681920.5141495215,4.40663607266948,CV < 10%
32. Rivers,5. South South,Okra - fresh,5.795670101036576,0.6251380515666155,4.57039951996601,7.020940682107142,0.1078629460732776,102,19,7681920.5141495215,4.40663607266948,CV < 10%
32. Rivers,5. South South,Onions,8.69190108534579,0.7680297561951466,7.186562763203304,10.197239407488278,0.08836153893766867,102,19,7681920.5141495215,4.40663607266948,CV < 10%
32. Rivers,5. South South,Orange/Tangerine,5.960107462306133,1.5209222107635414,2.9790999292095917,8.941114995402675,0.2551836892845308,102,19,7681920.5141495215,4.40663607266948,CV < 10%
32. Rivers,5. South South,Other alcoholic beverages,0,0,0,0,NA,102,19,7681920.5141495215,4.40663607266948,No estimate
32. Rivers,5. South South,Other domestic poultry,0,0,0,0,NA,102,19,7681920.5141495215,4.40663607266948,No estimate
32. Rivers,5. South South,Other eggs,0,0,0,0,NA,102,19,7681920.5141495215,4.40663607266948,No estimate
32. Rivers,5. South South,Other fish/seafood,0,0,0,0,NA,102,19,7681920.5141495215,4.40663607266948,No estimate
32. Rivers,5. South South,Other fruits,0,0,0,0,NA,102,19,7681920.5141495215,4.40663607266948,No estimate
32. Rivers,5. South South,Other grains/flour,0.16624615983648058,0.1670710092560294,0,0.4937053379782982,1.004961614874955,102,19,7681920.5141495215,4.40663607266948,CV < 10%
32. Rivers,5. South South,Other meat,0,0,0,0,NA,102,19,7681920.5141495215,4.40663607266948,No estimate
32. Rivers,5. South South,Other non-alcoholic drinks,0,0,0,0,NA,102,19,7681920.5141495215,4.40663607266948,No estimate
32. Rivers,5. South South,Other nuts/seeds/pulses,0,0,0,0,NA,102,19,7681920.5141495215,4.40663607266948,No estimate
32. Rivers,5. South South,Other oil/fat,0,0,0,0,NA,102,19,7681920.5141495215,4.40663607266948,No estimate
32. Rivers,5. South South,Other spices,0.17122408219967694,0.04008951621004762,0.09264863042798362,0.24979953397137028,0.23413479981920005,102,19,7681920.5141495215,4.40663607266948,CV < 10%
32. Rivers,5. South South,Other vegetables,0,0,0,0,NA,102,19,7681920.5141495215,4.40663607266948,No estimate
32. Rivers,5. South South,Palm oil,5.82317292855001,0.45579480338819106,4.9298151139091555,6.716530743190864,0.07827258592193063,102,19,7681920.5141495215,4.40663607266948,CV < 10%
32. Rivers,5. South South,Palm wine,0.6323116425325594,0.3831437698860251,0,1.3832734315091686,0.6059413493502075,102,19,7681920.5141495215,4.40663607266948,CV < 10%
32. Rivers,5. South South,Pawpaw,16.37818599992922,1.9138199564868066,12.627098885215078,20.12927311464336,0.11685176590955051,102,19,7681920.5141495215,4.40663607266948,CV < 10%
32. Rivers,5. South South,Pineapples,3.3198291033169403,1.571070982797837,0.2405299770331797,6.3991282296007,0.4732385113523263,102,19,7681920.5141495215,4.40663607266948,CV < 10%
32. Rivers,5. South South,Pito,0,0,0,0,NA,102,19,7681920.5141495215,4.40663607266948,No estimate
32. Rivers,5. South South,Plantains,23.691261980552827,4.056014464905348,15.741473629338344,31.64105033176731,0.1712029721436858,102,19,7681920.5141495215,4.40663607266948,CV < 10%
32. Rivers,5. South South,Pork,0.1686243476405877,0.12819904578046046,0,0.4198944773702902,0.7602641467512672,102,19,7681920.5141495215,4.40663607266948,CV < 10%
32. Rivers,5. South South,Potatoes,0,0,0,0,NA,102,19,7681920.5141495215,4.40663607266948,No estimate
32. Rivers,5. South South,Rice - imported,1.936253810455888,0.8893632013917976,0.19310193572796464,3.679405685183811,0.4593216016356856,102,19,7681920.5141495215,4.40663607266948,CV < 10%
32. Rivers,5. South South,Rice - local,41.660382905503,5.102317603259072,31.65984040311522,51.66092540789078,0.12247409282897151,102,19,7681920.5141495215,4.40663607266948,CV < 10%
32. Rivers,5. South South,Sachet water,137.4197762337557,30.97354315432865,76.71163165127155,198.12792081623985,0.22539363695107173,102,19,7681920.5141495215,4.40663607266948,CV < 10%
32. Rivers,5. South South,Salt,1.3147376196333729,0.11038213439401723,1.098388636221099,1.5310866030456467,0.08395753855799634,102,19,7681920.5141495215,4.40663607266948,CV < 10%
32. Rivers,5. South South,Seafood,0.9401803628185567,0.31434224958618606,0.32406955362963197,1.5562911720074815,0.33434249641613745,102,19,7681920.5141495215,4.40663607266948,CV < 10%
32. Rivers,5. South South,Snails,0.41376476649205995,0.24687478244115288,0,0.8976393400767195,0.5966549170780842,102,19,7681920.5141495215,4.40663607266948,CV < 10%
32. Rivers,5. South South,Soft drinks,1.7859843187592437,0.4313999079731531,0.9404404991318637,2.631528138386624,0.2415474220248779,102,19,7681920.5141495215,4.40663607266948,CV < 10%
32. Rivers,5. South South,Soya beans,0.17553195449457068,0.17399622413878776,0,0.5165645538065947,0.9912509926742118,102,19,7681920.5141495215,4.40663607266948,CV < 10%
32. Rivers,5. South South,Sugar,1.0053218707637372,0.11608268451106415,0.7777998091220515,1.232843932405423,0.11546817779153339,102,19,7681920.5141495215,4.40663607266948,CV < 10%
32. Rivers,5. South South,Sweet potatoes,4.719842150097999,2.0233965889223233,0.753984835810245,8.685699464385753,0.42870005491186,102,19,7681920.5141495215,4.40663607266948,CV < 10%
32. Rivers,5. South South,Tea,0.05325451854240445,0.029075821792990456,0,0.11024312925666574,0.5459784932585305,102,19,7681920.5141495215,4.40663607266948,CV < 10%
32. Rivers,5. South South,Tomato puree - canned,1.6309025999409894,0.1906177217000133,1.2572918654089633,2.0045133344730153,0.11687866688477311,102,19,7681920.5141495215,4.40663607266948,CV < 10%
32. Rivers,5. South South,Tomatoes,4.5716035725913695,1.2085662345650947,2.202813752843784,6.9403933923389545,0.26436374356931186,102,19,7681920.5141495215,4.40663607266948,CV < 10%
32. Rivers,5. South South,Watermelon,3.340967367736466,1.6093055283406663,0.18672853218876018,6.495206203284172,0.4816884905496651,102,19,7681920.5141495215,4.40663607266948,CV < 10%
32. Rivers,5. South South,Wheat flour,0.26232747799165906,0.21323244584490103,0,0.6802630718476651,0.812848305016987,102,19,7681920.5141495215,4.40663607266948,CV < 10%
32. Rivers,5. South South,White beans,18.390663961469695,2.0369439534962304,14.398253812617083,22.383074110322305,0.11075967446111976,102,19,7681920.5141495215,4.40663607266948,CV < 10%
32. Rivers,5. South South,Wild game/Bush meat,0,0,0,0,NA,102,19,7681920.5141495215,4.40663607266948,No estimate
32. Rivers,5. South South,Yam flour,2.501658332952136,2.492833653145004,0,7.3876122931163435,0.9964724680061652,102,19,7681920.5141495215,4.40663607266948,CV < 10%
32. Rivers,5. South South,Yam roots,43.02555352413104,9.325735798467893,24.74711135913397,61.303995689128115,0.21674876984993394,102,19,7681920.5141495215,4.40663607266948,CV < 10%
33. Sokoto,3. North West,Agricultural eggs,0,0,0,0,NA,59,6,6501264.999682187,7.538382708244827,No estimate
33. Sokoto,3. North West,Animal fat,0.21739972768109816,0.17745894115317262,0,0.5652192523413164,0.8162795006509191,59,6,6501264.999682187,7.538382708244827,CV < 10%
33. Sokoto,3. North West,Apples,0,0,0,0,NA,59,6,6501264.999682187,7.538382708244827,No estimate
33. Sokoto,3. North West,Avocado pear,0,0,0,0,NA,59,6,6501264.999682187,7.538382708244827,No estimate
33. Sokoto,3. North West,Baby milk powder,0,0,0,0,NA,59,6,6501264.999682187,7.538382708244827,No estimate
33. Sokoto,3. North West,Bananas,0.413376891637017,0.29826104746290033,0,0.9979685446643016,0.7215232720962085,59,6,6501264.999682187,7.538382708244827,CV < 10%
33. Sokoto,3. North West,Beef,2.5137188699537276,0.5742916372414831,1.3881072609604208,3.639330478947034,0.2284629534773929,59,6,6501264.999682187,7.538382708244827,CV < 10%
33. Sokoto,3. North West,Beer,0,0,0,0,NA,59,6,6501264.999682187,7.538382708244827,No estimate
33. Sokoto,3. North West,Biscuits,0.10814715956488237,0.06787882205870187,0,0.24118965079993804,0.6276523797000724,59,6,6501264.999682187,7.538382708244827,CV < 10%
33. Sokoto,3. North West,Bottled water,0,0,0,0,NA,59,6,6501264.999682187,7.538382708244827,No estimate
33. Sokoto,3. North West,Bread,1.0216150297952094,0.6512053020185357,0,2.297977421751539,0.6374272921073556,59,6,6501264.999682187,7.538382708244827,CV < 10%
33. Sokoto,3. North West,Brown beans,0,0,0,0,NA,59,6,6501264.999682187,7.538382708244827,No estimate
33. Sokoto,3. North West,Buns/Pofpof/Donuts,0,0,0,0,NA,59,6,6501264.999682187,7.538382708244827,No estimate
33. Sokoto,3. North West,Butter/Margarine,0,0,0,0,NA,59,6,6501264.999682187,7.538382708244827,No estimate
33. Sokoto,3. North West,Cake,0,0,0,0,NA,59,6,6501264.999682187,7.538382708244827,No estimate
33. Sokoto,3. North West,Canned fish/seafood,0,0,0,0,NA,59,6,6501264.999682187,7.538382708244827,No estimate
33. Sokoto,3. North West,Cashew nut,0,0,0,0,NA,59,6,6501264.999682187,7.538382708244827,No estimate
33. Sokoto,3. North West,Cassava flour,0,0,0,0,NA,59,6,6501264.999682187,7.538382708244827,No estimate
33. Sokoto,3. North West,Cassava roots,12.403996486955648,10.376429069914007,0,32.7417974639871,0.8365391816118393,59,6,6501264.999682187,7.538382708244827,CV < 10%
33. Sokoto,3. North West,Cheese/wara,5.883329983332259,1.3947832421227329,3.1495548287717026,8.617105137892816,0.23707377387877565,59,6,6501264.999682187,7.538382708244827,CV < 10%
33. Sokoto,3. North West,Chicken,0.09183214863422544,0.08968062934988474,0,0.26760618215999954,0.9765711756031065,59,6,6501264.999682187,7.538382708244827,CV < 10%
33. Sokoto,3. North West,Chocolate drinks,0,0,0,0,NA,59,6,6501264.999682187,7.538382708244827,No estimate
33. Sokoto,3. North West,Coconut,0,0,0,0,NA,59,6,6501264.999682187,7.538382708244827,No estimate
33. Sokoto,3. North West,Cocoyam,0,0,0,0,NA,59,6,6501264.999682187,7.538382708244827,No estimate
33. Sokoto,3. North West,Coffee,0,0,0,0,NA,59,6,6501264.999682187,7.538382708244827,No estimate
33. Sokoto,3. North West,Dry pepper,0.5454269783196987,0.11053459879012208,0.3287791646910594,0.7620747919483379,0.20265700668244704,59,6,6501264.999682187,7.538382708244827,CV < 10%
33. Sokoto,3. North West,Duck,0,0,0,0,NA,59,6,6501264.999682187,7.538382708244827,No estimate
33. Sokoto,3. North West,Fish - dried,0,0,0,0,NA,59,6,6501264.999682187,7.538382708244827,No estimate
33. Sokoto,3. North West,Fish - fresh,0.008981719487560907,0.008043079206186281,0,0.02474615473168602,0.8954943668999481,59,6,6501264.999682187,7.538382708244827,CV < 10%
33. Sokoto,3. North West,Fish - frozen,0,0,0,0,NA,59,6,6501264.999682187,7.538382708244827,No estimate
33. Sokoto,3. North West,Fish - smoked,0,0,0,0,NA,59,6,6501264.999682187,7.538382708244827,No estimate
33. Sokoto,3. North West,Fresh milk,1.5061101964073815,0.28448517873872914,0.9485192460794725,2.0637011467352906,0.1888873599138558,59,6,6501264.999682187,7.538382708244827,CV < 10%
33. Sokoto,3. North West,Fresh pepper,1.0873444947664932,0.47496108283549265,0.1564207724089276,2.0182682171240587,0.43680828396293153,59,6,6501264.999682187,7.538382708244827,CV < 10%
33. Sokoto,3. North West,Fruit juice,0,0,0,0,NA,59,6,6501264.999682187,7.538382708244827,No estimate
33. Sokoto,3. North West,Garden eggs/Eggplant,0.044002901893111034,0.04297196563170359,0,0.12822795453125008,0.9765711756031062,59,6,6501264.999682187,7.538382708244827,CV < 10%
33. Sokoto,3. North West,Gari - white,8.258554871523405,1.0320359888660966,6.2357643333458554,10.281345409700954,0.12496568769249132,59,6,6501264.999682187,7.538382708244827,CV < 10%
33. Sokoto,3. North West,Gari - yellow,0,0,0,0,NA,59,6,6501264.999682187,7.538382708244827,No estimate
33. Sokoto,3. North West,Gin,0,0,0,0,NA,59,6,6501264.999682187,7.538382708244827,No estimate
33. Sokoto,3. North West,Goat,0.1103223626633997,0.10794430884678435,0,0.32189320800309706,0.9784444988377294,59,6,6501264.999682187,7.538382708244827,CV < 10%
33. Sokoto,3. North West,Ground pepper,0.01453466383707566,0.014194133750368933,0,0.04235516598779877,0.9765711756031062,59,6,6501264.999682187,7.538382708244827,CV < 10%
33. Sokoto,3. North West,Groundnut oil,1.6931795588498713,0.16980238523324068,1.3603668837927194,2.025992233907023,0.10028610630557258,59,6,6501264.999682187,7.538382708244827,CV < 10%
33. Sokoto,3. North West,Groundnuts - shelled,0.8490761088069116,0.5711674804606891,0,1.9685643705098623,0.6726929123742171,59,6,6501264.999682187,7.538382708244827,CV < 10%
33. Sokoto,3. North West,Groundnuts - unshelled,0.4611133651839823,0.14702248478640983,0.17294929500261907,0.7492774353653455,0.3188423842968604,59,6,6501264.999682187,7.538382708244827,CV < 10%
33. Sokoto,3. North West,Guava,0,0,0,0,NA,59,6,6501264.999682187,7.538382708244827,No estimate
33. Sokoto,3. North West,Guinea corn / sorghum,55.29180427671997,5.1545601496658335,45.188866383374936,65.394742170065,0.09322466895579506,59,6,6501264.999682187,7.538382708244827,CV < 10%
33. Sokoto,3. North West,Honey,0,0,0,0,NA,59,6,6501264.999682187,7.538382708244827,No estimate
33. Sokoto,3. North West,Kola nut,0.44341110777053494,0.0676570763690268,0.3108032380872424,0.5760189774538275,0.1525831788680389,59,6,6501264.999682187,7.538382708244827,CV < 10%
33. Sokoto,3. North West,Leaves,0,0,0,0,NA,59,6,6501264.999682187,7.538382708244827,No estimate
33. Sokoto,3. North West,Local eggs,0,0,0,0,NA,59,6,6501264.999682187,7.538382708244827,No estimate
33. Sokoto,3. North West,Maize - shelled/off cob,14.194252209127479,4.052817567825411,6.250729776189673,22.137774642065285,0.28552526107851495,59,6,6501264.999682187,7.538382708244827,CV < 10%
33. Sokoto,3. North West,Maize - unshelled/on cob,0,0,0,0,NA,59,6,6501264.999682187,7.538382708244827,No estimate
33. Sokoto,3. North West,Maize flour,0.5219785984694266,0.35437070219027156,0,1.2165451747623588,0.6788989112376947,59,6,6501264.999682187,7.538382708244827,CV < 10%
33. Sokoto,3. North West,Malt drinks,0,0,0,0,NA,59,6,6501264.999682187,7.538382708244827,No estimate
33. Sokoto,3. North West,Mangoes,0.5905795456124574,0.49404292976333675,0,1.5589036879485976,0.8365391816118388,59,6,6501264.999682187,7.538382708244827,CV < 10%
33. Sokoto,3. North West,Meat pie/Sausage roll,0,0,0,0,NA,59,6,6501264.999682187,7.538382708244827,No estimate
33. Sokoto,3. North West,Melon - ground,0,0,0,0,NA,59,6,6501264.999682187,7.538382708244827,No estimate
33. Sokoto,3. North West,Melon - shelled,0,0,0,0,NA,59,6,6501264.999682187,7.538382708244827,No estimate
33. Sokoto,3. North West,Melon - unshelled,0,0,0,0,NA,59,6,6501264.999682187,7.538382708244827,No estimate
33. Sokoto,3. North West,Milk - tinned,0,0,0,0,NA,59,6,6501264.999682187,7.538382708244827,No estimate
33. Sokoto,3. North West,Milk powder,0,0,0,0,NA,59,6,6501264.999682187,7.538382708244827,No estimate
33. Sokoto,3. North West,Millet,60.42219941259469,5.064526444968326,50.49572758045677,70.34867124473261,0.08381896875989343,59,6,6501264.999682187,7.538382708244827,CV < 10%
33. Sokoto,3. North West,Mutton,0,0,0,0,NA,59,6,6501264.999682187,7.538382708244827,No estimate
33. Sokoto,3. North West,Ogbono - ground,0,0,0,0,NA,59,6,6501264.999682187,7.538382708244827,No estimate
33. Sokoto,3. North West,Ogbono - unground,0,0,0,0,NA,59,6,6501264.999682187,7.538382708244827,No estimate
33. Sokoto,3. North West,Okra - dried,0.21712819770393368,0.03076710559326756,0.15682467074112927,0.2774317246667381,0.14170018412449686,59,6,6501264.999682187,7.538382708244827,CV < 10%
33. Sokoto,3. North West,Okra - fresh,0.8284946399578844,0.34286153838791533,0.15648602471757034,1.5005032551981985,0.41383676109883377,59,6,6501264.999682187,7.538382708244827,CV < 10%
33. Sokoto,3. North West,Onions,5.73152203466529,0.7487105418954649,4.264049372550179,7.198994696780401,0.13063031728171454,59,6,6501264.999682187,7.538382708244827,CV < 10%
33. Sokoto,3. North West,Orange/Tangerine,1.603625782599607,0.4821356245357059,0.6586399585096234,2.5486116066895903,0.3006534503044252,59,6,6501264.999682187,7.538382708244827,CV < 10%
33. Sokoto,3. North West,Other alcoholic beverages,0,0,0,0,NA,59,6,6501264.999682187,7.538382708244827,No estimate
33. Sokoto,3. North West,Other domestic poultry,0,0,0,0,NA,59,6,6501264.999682187,7.538382708244827,No estimate
33. Sokoto,3. North West,Other eggs,0,0,0,0,NA,59,6,6501264.999682187,7.538382708244827,No estimate
33. Sokoto,3. North West,Other fish/seafood,0,0,0,0,NA,59,6,6501264.999682187,7.538382708244827,No estimate
33. Sokoto,3. North West,Other fruits,0,0,0,0,NA,59,6,6501264.999682187,7.538382708244827,No estimate
33. Sokoto,3. North West,Other grains/flour,0,0,0,0,NA,59,6,6501264.999682187,7.538382708244827,No estimate
33. Sokoto,3. North West,Other meat,0,0,0,0,NA,59,6,6501264.999682187,7.538382708244827,No estimate
33. Sokoto,3. North West,Other non-alcoholic drinks,0,0,0,0,NA,59,6,6501264.999682187,7.538382708244827,No estimate
33. Sokoto,3. North West,Other nuts/seeds/pulses,0,0,0,0,NA,59,6,6501264.999682187,7.538382708244827,No estimate
33. Sokoto,3. North West,Other oil/fat,0,0,0,0,NA,59,6,6501264.999682187,7.538382708244827,No estimate
33. Sokoto,3. North West,Other spices,0.8687816646571851,0.08177941507521891,0.7084940111097561,1.0290693182046142,0.09413114756224565,59,6,6501264.999682187,7.538382708244827,CV < 10%
33. Sokoto,3. North West,Other vegetables,0,0,0,0,NA,59,6,6501264.999682187,7.538382708244827,No estimate
33. Sokoto,3. North West,Palm oil,2.90313928974495,0.27348302221771736,2.367112566198224,3.4391660132916764,0.09420251490645622,59,6,6501264.999682187,7.538382708244827,CV < 10%
33. Sokoto,3. North West,Palm wine,0,0,0,0,NA,59,6,6501264.999682187,7.538382708244827,No estimate
33. Sokoto,3. North West,Pawpaw,0,0,0,0,NA,59,6,6501264.999682187,7.538382708244827,No estimate
33. Sokoto,3. North West,Pineapples,0,0,0,0,NA,59,6,6501264.999682187,7.538382708244827,No estimate
33. Sokoto,3. North West,Pito,0,0,0,0,NA,59,6,6501264.999682187,7.538382708244827,No estimate
33. Sokoto,3. North West,Plantains,0,0,0,0,NA,59,6,6501264.999682187,7.538382708244827,No estimate
33. Sokoto,3. North West,Pork,0,0,0,0,NA,59,6,6501264.999682187,7.538382708244827,No estimate
33. Sokoto,3. North West,Potatoes,0,0,0,0,NA,59,6,6501264.999682187,7.538382708244827,No estimate
33. Sokoto,3. North West,Rice - imported,0,0,0,0,NA,59,6,6501264.999682187,7.538382708244827,No estimate
33. Sokoto,3. North West,Rice - local,16.23401554235949,5.9242859371530985,4.622415105539417,27.845615979179563,0.3649304093429523,59,6,6501264.999682187,7.538382708244827,CV < 10%
33. Sokoto,3. North West,Sachet water,3.098414458589297,1.7759378075608845,0,6.57925256140863,0.5731763233410245,59,6,6501264.999682187,7.538382708244827,CV < 10%
33. Sokoto,3. North West,Salt,1.119157141567856,0.10773546528052316,0.9079956296180307,1.3303186535176814,0.09626482401711146,59,6,6501264.999682187,7.538382708244827,CV < 10%
33. Sokoto,3. North West,Seafood,0,0,0,0,NA,59,6,6501264.999682187,7.538382708244827,No estimate
33. Sokoto,3. North West,Snails,0,0,0,0,NA,59,6,6501264.999682187,7.538382708244827,No estimate
33. Sokoto,3. North West,Soft drinks,0.29117626976914973,0.11407491151060346,0.06758944320836693,0.5147630963299326,0.3917726935682097,59,6,6501264.999682187,7.538382708244827,CV < 10%
33. Sokoto,3. North West,Soya beans,0.4393310561964229,0.36751764220722044,0,1.159665634922575,0.836539181611839,59,6,6501264.999682187,7.538382708244827,CV < 10%
33. Sokoto,3. North West,Sugar,2.581237293486018,0.42460487848923284,1.7490117316471214,3.4134628553249144,0.16449664645740283,59,6,6501264.999682187,7.538382708244827,CV < 10%
33. Sokoto,3. North West,Sweet potatoes,10.47525455922503,0.7119458443621379,9.07984070427524,11.87066841417482,0.06796453874575897,59,6,6501264.999682187,7.538382708244827,CV < 10%
33. Sokoto,3. North West,Tea,0,0,0,0,NA,59,6,6501264.999682187,7.538382708244827,No estimate
33. Sokoto,3. North West,Tomato puree - canned,6.814696748943817e-4,6.65503641549473e-4,0,0.0019858568123313487,0.9765711756031062,59,6,6501264.999682187,7.538382708244827,CV < 10%
33. Sokoto,3. North West,Tomatoes,3.8579949866656555,1.477015317371292,0.9630449646179229,6.752945008713388,0.3828453179634197,59,6,6501264.999682187,7.538382708244827,CV < 10%
33. Sokoto,3. North West,Watermelon,5.632103309167392,1.5296611540745926,2.6339674471811905,8.630239171153594,0.2715967854468789,59,6,6501264.999682187,7.538382708244827,CV < 10%
33. Sokoto,3. North West,Wheat flour,0,0,0,0,NA,59,6,6501264.999682187,7.538382708244827,No estimate
33. Sokoto,3. North West,White beans,4.317224147821111,1.2243215730425336,1.9175538646577452,6.716894430984477,0.28358999466368795,59,6,6501264.999682187,7.538382708244827,CV < 10%
33. Sokoto,3. North West,Wild game/Bush meat,0,0,0,0,NA,59,6,6501264.999682187,7.538382708244827,No estimate
33. Sokoto,3. North West,Yam flour,0,0,0,0,NA,59,6,6501264.999682187,7.538382708244827,No estimate
33. Sokoto,3. North West,Yam roots,0,0,0,0,NA,59,6,6501264.999682187,7.538382708244827,No estimate
34. Taraba,2. North East,Agricultural eggs,0.13294732261604897,0.10437685209763073,0,0.33752595272740515,0.7850993163590847,107,15,3689513,6.676974552689233,CV < 10%
34. Taraba,2. North East,Animal fat,0,0,0,0,NA,107,15,3689513,6.676974552689233,No estimate
34. Taraba,2. North East,Apples,0,0,0,0,NA,107,15,3689513,6.676974552689233,No estimate
34. Taraba,2. North East,Avocado pear,1.0136575238621386,0.6694218918840474,0,2.3257244319548716,0.6604024299385474,107,15,3689513,6.676974552689233,CV < 10%
34. Taraba,2. North East,Baby milk powder,0,0,0,0,NA,107,15,3689513,6.676974552689233,No estimate
34. Taraba,2. North East,Bananas,4.109930114955848,1.640854404935669,0.8938554812819364,7.326004748629759,0.39924143696864206,107,15,3689513,6.676974552689233,CV < 10%
34. Taraba,2. North East,Beef,2.551849518454681,0.5501647057893848,1.473526695107487,3.6301723418018756,0.21559449403683764,107,15,3689513,6.676974552689233,CV < 10%
34. Taraba,2. North East,Beer,9.666016108166145,5.99820874733227,0,21.422505252937395,0.6205461154016493,107,15,3689513,6.676974552689233,CV < 10%
34. Taraba,2. North East,Biscuits,0.16001121090666723,0.040534158676618574,0.08056425990049483,0.23945816191283964,0.253320742008894,107,15,3689513,6.676974552689233,CV < 10%
34. Taraba,2. North East,Bottled water,0.8129461517326056,0.6990385969566101,0,2.1830618017675616,0.8598830260365609,107,15,3689513,6.676974552689233,CV < 10%
34. Taraba,2. North East,Bread,6.564747290418389,0.916195400748629,4.769004304951076,8.360490275885702,0.13956293520785892,107,15,3689513,6.676974552689233,CV < 10%
34. Taraba,2. North East,Brown beans,0.7676115904668319,0.6205331489208041,0,1.983856562351608,0.8083947098081462,107,15,3689513,6.676974552689233,CV < 10%
34. Taraba,2. North East,Buns/Pofpof/Donuts,0.10424533224300164,0.03940357107074667,0.027014332944338165,0.18147633154166512,0.37798882907193165,107,15,3689513,6.676974552689233,CV < 10%
34. Taraba,2. North East,Butter/Margarine,0,0,0,0,NA,107,15,3689513,6.676974552689233,No estimate
34. Taraba,2. North East,Cake,0.27659120521854585,0.22359486707813178,0,0.7148371446916841,0.8083947098081462,107,15,3689513,6.676974552689233,CV < 10%
34. Taraba,2. North East,Canned fish/seafood,0,0,0,0,NA,107,15,3689513,6.676974552689233,No estimate
34. Taraba,2. North East,Cashew nut,0.010499468262956954,0.01075261415449389,0,0.03157459200576498,1.024110353514764,107,15,3689513,6.676974552689233,CV < 10%
34. Taraba,2. North East,Cassava flour,10.740409718436107,2.008466445883803,6.803815484503852,14.677003952368361,0.1870009150988192,107,15,3689513,6.676974552689233,CV < 10%
34. Taraba,2. North East,Cassava roots,18.322998795026642,6.642005837102532,5.304667354305678,31.341330235747606,0.3624955669868489,107,15,3689513,6.676974552689233,CV < 10%
34. Taraba,2. North East,Cheese/wara,0.08256344036579842,0.03802316754952221,0.008038031968734899,0.15708884876286194,0.46053274162341173,107,15,3689513,6.676974552689233,CV < 10%
34. Taraba,2. North East,Chicken,2.8277869437080847,0.9268547344260097,1.0111516642331055,4.644422223183064,0.32776682008815794,107,15,3689513,6.676974552689233,CV < 10%
34. Taraba,2. North East,Chocolate drinks,0.04450208504252857,0.01761719226343152,0.00997238820620279,0.07903178187885435,0.39587341237147855,107,15,3689513,6.676974552689233,CV < 10%
34. Taraba,2. North East,Coconut,0.08817799039827125,0.08854895385506348,0,0.26173393995419564,1.004206984703515,107,15,3689513,6.676974552689233,CV < 10%
34. Taraba,2. North East,Cocoyam,0,0,0,0,NA,107,15,3689513,6.676974552689233,No estimate
34. Taraba,2. North East,Coffee,0,0,0,0,NA,107,15,3689513,6.676974552689233,No estimate
34. Taraba,2. North East,Dry pepper,0.16549133525416523,0.06063835071856277,0.046640167845782204,0.28434250266254824,0.3664140519830422,107,15,3689513,6.676974552689233,CV < 10%
34. Taraba,2. North East,Duck,0.10713688687422285,0.10678846821218993,0,0.31644228457011514,0.9967479112731551,107,15,3689513,6.676974552689233,CV < 10%
34. Taraba,2. North East,Fish - dried,0.6737152788893783,0.2516242673792165,0.18053171482611396,1.1668988429526426,0.3734875477279065,107,15,3689513,6.676974552689233,CV < 10%
34. Taraba,2. North East,Fish - fresh,1.7410193090007235,0.8799650586719017,0.016287794003796208,3.465750823997651,0.5054309588197312,107,15,3689513,6.676974552689233,CV < 10%
34. Taraba,2. North East,Fish - frozen,0.030828572598889305,0.030958267932244033,0,0.0915067777460876,1.0042069847035149,107,15,3689513,6.676974552689233,CV < 10%
34. Taraba,2. North East,Fish - smoked,1.9316716423850606,0.15390921599607227,1.630009579032759,2.2333337057373623,0.07967669691834298,107,15,3689513,6.676974552689233,CV < 10%
34. Taraba,2. North East,Fresh milk,0,0,0,0,NA,107,15,3689513,6.676974552689233,No estimate
34. Taraba,2. North East,Fresh pepper,2.2996396024780283,0.5016261129794781,1.3164524210382513,3.2828267839178054,0.21813249016886804,107,15,3689513,6.676974552689233,CV < 10%
34. Taraba,2. North East,Fruit juice,0,0,0,0,NA,107,15,3689513,6.676974552689233,No estimate
34. Taraba,2. North East,Garden eggs/Eggplant,0.01625100111265688,0.016198151415138466,0,0.04799937788632827,0.9967479112731551,107,15,3689513,6.676974552689233,CV < 10%
34. Taraba,2. North East,Gari - white,0.886616058348387,0.2241984335839688,0.44718712852380815,1.3260449881729657,0.2528698092854441,107,15,3689513,6.676974552689233,CV < 10%
34. Taraba,2. North East,Gari - yellow,0.7758495171118909,0.26482692330872304,0.2567887474267937,1.2949102867969882,0.3413380010785396,107,15,3689513,6.676974552689233,CV < 10%
34. Taraba,2. North East,Gin,0.02607357009924087,0.02670221309172554,0,0.07840990775902293,1.0241103535147638,107,15,3689513,6.676974552689233,CV < 10%
34. Taraba,2. North East,Goat,0.13291053054826488,0.07777016726054457,0,0.2853400583789322,0.585131719358409,107,15,3689513,6.676974552689233,CV < 10%
34. Taraba,2. North East,Ground pepper,0.12252316323298053,0.03830857669188556,0.047438352916884835,0.19760797354907622,0.31266395415404796,107,15,3689513,6.676974552689233,CV < 10%
34. Taraba,2. North East,Groundnut oil,0.9428190056523618,0.19315695921325213,0.5642313655943876,1.321406645710336,0.20487172835426842,107,15,3689513,6.676974552689233,CV < 10%
34. Taraba,2. North East,Groundnuts - shelled,0.9921699608971075,0.3276373238112209,0.3500008062271146,1.6343391155671005,0.3302229826782655,107,15,3689513,6.676974552689233,CV < 10%
34. Taraba,2. North East,Groundnuts - unshelled,0.1805040676839816,0.08907954236230475,0.00590816465386429,0.35509997071409893,0.4935043487123027,107,15,3689513,6.676974552689233,CV < 10%
34. Taraba,2. North East,Guava,0.6685761731687303,0.5404734414933768,0,1.7279041184957489,0.8083947098081465,107,15,3689513,6.676974552689233,CV < 10%
34. Taraba,2. North East,Guinea corn / sorghum,9.371815771256221,3.075337040168703,3.3441551725255643,15.399476369986878,0.3281474065677752,107,15,3689513,6.676974552689233,CV < 10%
34. Taraba,2. North East,Honey,0.008324544473393926,0.008581917065650951,0,0.02514510192206979,1.0309173184286076,107,15,3689513,6.676974552689233,CV < 10%
34. Taraba,2. North East,Kola nut,0.020243028627696336,0.013662852597528724,0,0.047022219718852634,0.6749411290578984,107,15,3689513,6.676974552689233,CV < 10%
34. Taraba,2. North East,Leaves,11.922361959463228,0.8926646809547641,10.17273918479189,13.671984734134565,0.07487314040538944,107,15,3689513,6.676974552689233,CV < 10%
34. Taraba,2. North East,Local eggs,0.1706617251579134,0.03315474024635694,0.1056784342750538,0.23564501604077298,0.19427168110294699,107,15,3689513,6.676974552689233,CV < 10%
34. Taraba,2. North East,Maize - shelled/off cob,0,0,0,0,NA,107,15,3689513,6.676974552689233,No estimate
34. Taraba,2. North East,Maize - unshelled/on cob,0,0,0,0,NA,107,15,3689513,6.676974552689233,No estimate
34. Taraba,2. North East,Maize flour,28.585325031499746,2.2560251699423124,24.163515698412816,33.007134364586676,0.0789224949324968,107,15,3689513,6.676974552689233,CV < 10%
34. Taraba,2. North East,Malt drinks,0.4889856854372706,0.2056710075572812,0.08587051062499945,0.8921008602495417,0.42060741997664397,107,15,3689513,6.676974552689233,CV < 10%
34. Taraba,2. North East,Mangoes,1.6462785262120614,1.112300178345086,0,3.8263868757684305,0.6756451965053499,107,15,3689513,6.676974552689233,CV < 10%
34. Taraba,2. North East,Meat pie/Sausage roll,0,0,0,0,NA,107,15,3689513,6.676974552689233,No estimate
34. Taraba,2. North East,Melon - ground,0.05117124049532339,0.03855004322962591,0,0.12672932522539018,0.7533536974377052,107,15,3689513,6.676974552689233,CV < 10%
34. Taraba,2. North East,Melon - shelled,0.01627463120611342,0.016667018317815217,0,0.04894198710903125,1.0241103535147635,107,15,3689513,6.676974552689233,CV < 10%
34. Taraba,2. North East,Melon - unshelled,0,0,0,0,NA,107,15,3689513,6.676974552689233,No estimate
34. Taraba,2. North East,Milk - tinned,0,0,0,0,NA,107,15,3689513,6.676974552689233,No estimate
34. Taraba,2. North East,Milk powder,0.05655643512652043,0.03285021432316796,0,0.12094285519992962,0.5808395499058576,107,15,3689513,6.676974552689233,CV < 10%
34. Taraba,2. North East,Millet,4.081772364498518,3.189364135111765,0,10.332926069317578,0.7813674674392594,107,15,3689513,6.676974552689233,CV < 10%
34. Taraba,2. North East,Mutton,0.04003710826303447,0.04020554376507004,0,0.11883997404257174,1.004206984703515,107,15,3689513,6.676974552689233,CV < 10%
34. Taraba,2. North East,Ogbono - ground,0.009594740857642,0.006361901275230671,0,0.022064067357094118,0.6630612926000556,107,15,3689513,6.676974552689233,CV < 10%
34. Taraba,2. North East,Ogbono - unground,0,0,0,0,NA,107,15,3689513,6.676974552689233,No estimate
34. Taraba,2. North East,Okra - dried,0.4762871782814014,0.11623815609483802,0.24846039233551886,0.7041139642272839,0.24405056737883013,107,15,3689513,6.676974552689233,CV < 10%
34. Taraba,2. North East,Okra - fresh,1.502521347347663,0.21194241829298655,1.0871142074934095,1.9179284872019167,0.1410578416520467,107,15,3689513,6.676974552689233,CV < 10%
34. Taraba,2. North East,Onions,5.397017516735885,0.3719284722864913,4.668037711054362,6.125997322417408,0.06891370486257631,107,15,3689513,6.676974552689233,CV < 10%
34. Taraba,2. North East,Orange/Tangerine,6.480085553994861,1.2910162529247973,3.949693698262259,9.010477409727464,0.19922827286267972,107,15,3689513,6.676974552689233,CV < 10%
34. Taraba,2. North East,Other alcoholic beverages,0.6018469062545847,0.5998896467154675,0,1.7776306138169011,0.9967479112731548,107,15,3689513,6.676974552689233,CV < 10%
34. Taraba,2. North East,Other domestic poultry,0,0,0,0,NA,107,15,3689513,6.676974552689233,No estimate
34. Taraba,2. North East,Other eggs,0,0,0,0,NA,107,15,3689513,6.676974552689233,No estimate
34. Taraba,2. North East,Other fish/seafood,0,0,0,0,NA,107,15,3689513,6.676974552689233,No estimate
34. Taraba,2. North East,Other fruits,0,0,0,0,NA,107,15,3689513,6.676974552689233,No estimate
34. Taraba,2. North East,Other grains/flour,0,0,0,0,NA,107,15,3689513,6.676974552689233,No estimate
34. Taraba,2. North East,Other meat,0,0,0,0,NA,107,15,3689513,6.676974552689233,No estimate
34. Taraba,2. North East,Other non-alcoholic drinks,0,0,0,0,NA,107,15,3689513,6.676974552689233,No estimate
34. Taraba,2. North East,Other nuts/seeds/pulses,0,0,0,0,NA,107,15,3689513,6.676974552689233,No estimate
34. Taraba,2. North East,Other oil/fat,0,0,0,0,NA,107,15,3689513,6.676974552689233,No estimate
34. Taraba,2. North East,Other spices,1.2950369103229282,0.21707773123561855,0.8695645571011159,1.7205092635447405,0.16762281407213978,107,15,3689513,6.676974552689233,CV < 10%
34. Taraba,2. North East,Other vegetables,0.4082544543033785,0.30911096812827954,0,1.0141119518348063,0.7571527141221972,107,15,3689513,6.676974552689233,CV < 10%
34. Taraba,2. North East,Palm oil,3.5667420266873364,0.3498660740400267,2.881004521568884,4.252479531805789,0.09809121921973422,107,15,3689513,6.676974552689233,CV < 10%
34. Taraba,2. North East,Palm wine,0.6949680247801913,0.5214709560149889,0,1.7170510985695695,0.7503524441716911,107,15,3689513,6.676974552689233,CV < 10%
34. Taraba,2. North East,Pawpaw,0,0,0,0,NA,107,15,3689513,6.676974552689233,No estimate
34. Taraba,2. North East,Pineapples,3.481177380939523,2.8141653786552867,0,8.996941523103885,0.8083947098081459,107,15,3689513,6.676974552689233,CV < 10%
34. Taraba,2. North East,Pito,0.615624750548621,0.34209615368879914,0,1.2861332117786672,0.5556894088223975,107,15,3689513,6.676974552689233,CV < 10%
34. Taraba,2. North East,Plantains,0.43186529260989814,0.31291902009149264,0,1.0451865719892237,0.7245755226136009,107,15,3689513,6.676974552689233,CV < 10%
34. Taraba,2. North East,Pork,0.4095827390802039,0.28281641684093445,0,0.9639029160884354,0.6904988659337857,107,15,3689513,6.676974552689233,CV < 10%
34. Taraba,2. North East,Potatoes,0.862818355589422,0.6252902922445338,0,2.088387328388708,0.7247067568670067,107,15,3689513,6.676974552689233,CV < 10%
34. Taraba,2. North East,Rice - imported,0,0,0,0,NA,107,15,3689513,6.676974552689233,No estimate
34. Taraba,2. North East,Rice - local,21.765745328016354,3.835942901421163,14.247297241230875,29.284193414801834,0.17623760838934505,107,15,3689513,6.676974552689233,CV < 10%
34. Taraba,2. North East,Sachet water,55.59729620157101,28.421724633639432,0,111.3038764835043,0.5112069574497818,107,15,3689513,6.676974552689233,CV < 10%
34. Taraba,2. North East,Salt,0.7444059485464395,0.10490683031440318,0.5387885611302092,0.9500233359626697,0.14092691026885124,107,15,3689513,6.676974552689233,CV < 10%
34. Taraba,2. North East,Seafood,0,0,0,0,NA,107,15,3689513,6.676974552689233,No estimate
34. Taraba,2. North East,Snails,0,0,0,0,NA,107,15,3689513,6.676974552689233,No estimate
34. Taraba,2. North East,Soft drinks,5.473144428319692,3.6553700399264337,0,12.637669706575501,0.6678738498133636,107,15,3689513,6.676974552689233,CV < 10%
34. Taraba,2. North East,Soya beans,0,0,0,0,NA,107,15,3689513,6.676974552689233,No estimate
34. Taraba,2. North East,Sugar,0.881533837627804,0.254109221102068,0.3834797642677507,1.3795879109878573,0.2882580455287713,107,15,3689513,6.676974552689233,CV < 10%
34. Taraba,2. North East,Sweet potatoes,6.921487509815574,0.7776220485339385,5.3973482946890545,8.445626724942093,0.11234897808183122,107,15,3689513,6.676974552689233,CV < 10%
34. Taraba,2. North East,Tea,0.048415700703547865,0.035168250209304856,0,0.11734547111378538,0.7263811056797894,107,15,3689513,6.676974552689233,CV < 10%
34. Taraba,2. North East,Tomato puree - canned,0.4069826702339423,0.17952394918194134,0.05511572983733726,0.7588496106305473,0.4411095663575728,107,15,3689513,6.676974552689233,CV < 10%
34. Taraba,2. North East,Tomatoes,1.3345765476541063,0.27578324928359016,0.7940413790582695,1.8751117162499429,0.20664475916975822,107,15,3689513,6.676974552689233,CV < 10%
34. Taraba,2. North East,Watermelon,0.44752475801196184,0.28633519094927745,0,1.0087417322725456,0.639819777170013,107,15,3689513,6.676974552689233,CV < 10%
34. Taraba,2. North East,Wheat flour,0,0,0,0,NA,107,15,3689513,6.676974552689233,No estimate
34. Taraba,2. North East,White beans,6.069385029226944,1.186867825427327,3.743124091389383,8.395645967064505,0.1955499312882607,107,15,3689513,6.676974552689233,CV < 10%
34. Taraba,2. North East,Wild game/Bush meat,0.30433105233231955,0.17538463119136918,0,0.6480849294674031,0.5762955500178631,107,15,3689513,6.676974552689233,CV < 10%
34. Taraba,2. North East,Yam flour,0,0,0,0,NA,107,15,3689513,6.676974552689233,No estimate
34. Taraba,2. North East,Yam roots,40.6913699084496,12.379026002981938,16.428478942605004,64.95426087429419,0.30421747979567093,107,15,3689513,6.676974552689233,CV < 10%
35. Yobe,2. North East,Agricultural eggs,0,0,0,0,NA,69,8,3585594.6103193723,7.633141084912901,No estimate
35. Yobe,2. North East,Animal fat,0.06929102609034128,0.07188239155426755,0,0.2101805135367057,1.0373982838780258,69,8,3585594.6103193723,7.633141084912901,CV < 10%
35. Yobe,2. North East,Apples,0,0,0,0,NA,69,8,3585594.6103193723,7.633141084912901,No estimate
35. Yobe,2. North East,Avocado pear,0,0,0,0,NA,69,8,3585594.6103193723,7.633141084912901,No estimate
35. Yobe,2. North East,Baby milk powder,0,0,0,0,NA,69,8,3585594.6103193723,7.633141084912901,No estimate
35. Yobe,2. North East,Bananas,0.15002968218004434,0.055832856708017686,0.04059728303232968,0.259462081327759,0.372145404140862,69,8,3585594.6103193723,7.633141084912901,CV < 10%
35. Yobe,2. North East,Beef,0.5620304979781116,0.1520132894922415,0.26408445057331825,0.8599765453829049,0.27047160258937,69,8,3585594.6103193723,7.633141084912901,CV < 10%
35. Yobe,2. North East,Beer,0,0,0,0,NA,69,8,3585594.6103193723,7.633141084912901,No estimate
35. Yobe,2. North East,Biscuits,0.20237449683166545,0.09693993140307697,0.012372231281634588,0.3923767623816963,0.4790125876567903,69,8,3585594.6103193723,7.633141084912901,CV < 10%
35. Yobe,2. North East,Bottled water,0,0,0,0,NA,69,8,3585594.6103193723,7.633141084912901,No estimate
35. Yobe,2. North East,Bread,4.087331093895522,0.8471289276046777,2.426958395790354,5.74770379200069,0.2072572317104124,69,8,3585594.6103193723,7.633141084912901,CV < 10%
35. Yobe,2. North East,Brown beans,1.9268453972911885,0.37081977502763175,1.2000386382370303,2.6536521563453466,0.1924491583751038,69,8,3585594.6103193723,7.633141084912901,CV < 10%
35. Yobe,2. North East,Buns/Pofpof/Donuts,0.0052500084721219965,0.005446349779324455,0,0.015924854039597928,1.0373982838780258,69,8,3585594.6103193723,7.633141084912901,CV < 10%
35. Yobe,2. North East,Butter/Margarine,0,0,0,0,NA,69,8,3585594.6103193723,7.633141084912901,No estimate
35. Yobe,2. North East,Cake,2.658883600316503,0.6821393636456593,1.321890447571011,3.995876753061995,0.25655104404136386,69,8,3585594.6103193723,7.633141084912901,CV < 10%
35. Yobe,2. North East,Canned fish/seafood,0,0,0,0,NA,69,8,3585594.6103193723,7.633141084912901,No estimate
35. Yobe,2. North East,Cashew nut,0.00288658166103683,0.0031465174313582414,0,0.009053755826498982,1.0900496853527593,69,8,3585594.6103193723,7.633141084912901,CV < 10%
35. Yobe,2. North East,Cassava flour,0.41667913836789294,0.23622087750660042,0,0.8796720582808297,0.5669131371247991,69,8,3585594.6103193723,7.633141084912901,CV < 10%
35. Yobe,2. North East,Cassava roots,31.904095111152944,17.580861774984562,0,66.36258419012269,0.5510534529731481,69,8,3585594.6103193723,7.633141084912901,CV < 10%
35. Yobe,2. North East,Cheese/wara,0.39392176599745343,0.05615263811412328,0.2838625952937718,0.5039809367011351,0.1425476908389121,69,8,3585594.6103193723,7.633141084912901,CV < 10%
35. Yobe,2. North East,Chicken,1.6804178258161173,0.746979874484864,0.21633727182578388,3.1444983798064507,0.4445203228679649,69,8,3585594.6103193723,7.633141084912901,CV < 10%
35. Yobe,2. North East,Chocolate drinks,0.18299123186521987,0.08050511531819858,0.025201205841550667,0.3407812578888891,0.4399397419079277,69,8,3585594.6103193723,7.633141084912901,CV < 10%
35. Yobe,2. North East,Coconut,0.23204758215824617,0.13130326614659807,0,0.48940198380557837,0.5658463015445473,69,8,3585594.6103193723,7.633141084912901,CV < 10%
35. Yobe,2. North East,Cocoyam,0,0,0,0,NA,69,8,3585594.6103193723,7.633141084912901,No estimate
35. Yobe,2. North East,Coffee,0.0028152537727648497,0.0024925631135359816,0,0.007700677475295374,0.8853777722098726,69,8,3585594.6103193723,7.633141084912901,CV < 10%
35. Yobe,2. North East,Dry pepper,0.05923734703819711,0.009565904637812199,0.040488173948085196,0.07798652012830902,0.1614843526271351,69,8,3585594.6103193723,7.633141084912901,CV < 10%
35. Yobe,2. North East,Duck,0,0,0,0,NA,69,8,3585594.6103193723,7.633141084912901,No estimate
35. Yobe,2. North East,Fish - dried,0.7144855709492902,0.15415226594943332,0.4123471296884009,1.0166240122101795,0.2157528048391814,69,8,3585594.6103193723,7.633141084912901,CV < 10%
35. Yobe,2. North East,Fish - fresh,2.4823900621327737,1.9711892142196052,0,6.3459209220032005,0.7940690886129457,69,8,3585594.6103193723,7.633141084912901,CV < 10%
35. Yobe,2. North East,Fish - frozen,0.2449297740725403,0.14017129651931884,0,0.5196655152504053,0.5722917805730088,69,8,3585594.6103193723,7.633141084912901,CV < 10%
35. Yobe,2. North East,Fish - smoked,1.996384796965261,0.3980153218625249,1.2162747661147122,2.77649482781581,0.1993680389008947,69,8,3585594.6103193723,7.633141084912901,CV < 10%
35. Yobe,2. North East,Fresh milk,2.3303339684022353,1.6182552696004493,0,5.502114296819116,0.6944306230535643,69,8,3585594.6103193723,7.633141084912901,CV < 10%
35. Yobe,2. North East,Fresh pepper,1.388074959837818,0.2697741276795376,0.8593176695859241,1.9168322500897117,0.1943512673919699,69,8,3585594.6103193723,7.633141084912901,CV < 10%
35. Yobe,2. North East,Fruit juice,0,0,0,0,NA,69,8,3585594.6103193723,7.633141084912901,No estimate
35. Yobe,2. North East,Garden eggs/Eggplant,0.10214477400517134,0.06869233083979975,0,0.23678174245117883,0.6724997094449691,69,8,3585594.6103193723,7.633141084912901,CV < 10%
35. Yobe,2. North East,Gari - white,1.9404776068108693,0.5564356636588462,0.8498637060395307,3.0310915075822082,0.28675191185191545,69,8,3585594.6103193723,7.633141084912901,CV < 10%
35. Yobe,2. North East,Gari - yellow,0.23246589729476483,0.22898191205108975,0,0.6812704449149007,0.9850129189519037,69,8,3585594.6103193723,7.633141084912901,CV < 10%
35. Yobe,2. North East,Gin,0,0,0,0,NA,69,8,3585594.6103193723,7.633141084912901,No estimate
35. Yobe,2. North East,Goat,2.168956311421254,0.7877272279560115,0.6250109446274714,3.712901678215036,0.36318261636161625,69,8,3585594.6103193723,7.633141084912901,CV < 10%
35. Yobe,2. North East,Ground pepper,0.04979462490261259,0.04068556227913492,0,0.129538326969717,0.8170673513196854,69,8,3585594.6103193723,7.633141084912901,CV < 10%
35. Yobe,2. North East,Groundnut oil,2.260984234750698,0.26158529190659807,1.748277062613766,2.77369140688763,0.11569531882889982,69,8,3585594.6103193723,7.633141084912901,CV < 10%
35. Yobe,2. North East,Groundnuts - shelled,0.062315372946956986,0.03410656153220121,0,0.12916423355007134,0.5473217910648277,69,8,3585594.6103193723,7.633141084912901,CV < 10%
35. Yobe,2. North East,Groundnuts - unshelled,0.5432197597090456,0.2447627944903547,0.06348468250795036,1.0229548369101407,0.45057785567567044,69,8,3585594.6103193723,7.633141084912901,CV < 10%
35. Yobe,2. North East,Guava,0.06414839548788284,0.058177595186202795,0,0.1781764820528403,0.9069220631900624,69,8,3585594.6103193723,7.633141084912901,CV < 10%
35. Yobe,2. North East,Guinea corn / sorghum,8.213605649838087,2.217790999064531,3.8667352916716062,12.560476008004567,0.2700143023190126,69,8,3585594.6103193723,7.633141084912901,CV < 10%
35. Yobe,2. North East,Honey,0.06929102609034128,0.07188239155426755,0,0.2101805135367057,1.0373982838780258,69,8,3585594.6103193723,7.633141084912901,CV < 10%
35. Yobe,2. North East,Kola nut,0.02885024155616778,0.006099873035345108,0.016894490406891366,0.040805992705444195,0.21143230372852945,69,8,3585594.6103193723,7.633141084912901,CV < 10%
35. Yobe,2. North East,Leaves,3.735763919020431,0.7400070529514753,2.2853500952355392,5.186177742805322,0.1980872102714444,69,8,3585594.6103193723,7.633141084912901,CV < 10%
35. Yobe,2. North East,Local eggs,0.06118240244346721,0.029180701212925764,0.003988228066132714,0.11837657682080172,0.47694598524287846,69,8,3585594.6103193723,7.633141084912901,CV < 10%
35. Yobe,2. North East,Maize - shelled/off cob,0,0,0,0,NA,69,8,3585594.6103193723,7.633141084912901,No estimate
35. Yobe,2. North East,Maize - unshelled/on cob,0,0,0,0,NA,69,8,3585594.6103193723,7.633141084912901,No estimate
35. Yobe,2. North East,Maize flour,18.481311056208813,1.166624339342742,16.19472735109704,20.767894761320587,0.06312454434615522,69,8,3585594.6103193723,7.633141084912901,CV < 10%
35. Yobe,2. North East,Malt drinks,0.30756848798387,0.14568141897314948,0.022032906796496998,0.593104069171243,0.4736552171781316,69,8,3585594.6103193723,7.633141084912901,CV < 10%
35. Yobe,2. North East,Mangoes,0.2722582116860189,0.2796043624084686,0,0.8202827620066173,1.0269822925705603,69,8,3585594.6103193723,7.633141084912901,CV < 10%
35. Yobe,2. North East,Meat pie/Sausage roll,0,0,0,0,NA,69,8,3585594.6103193723,7.633141084912901,No estimate
35. Yobe,2. North East,Melon - ground,0,0,0,0,NA,69,8,3585594.6103193723,7.633141084912901,No estimate
35. Yobe,2. North East,Melon - shelled,0,0,0,0,NA,69,8,3585594.6103193723,7.633141084912901,No estimate
35. Yobe,2. North East,Melon - unshelled,0,0,0,0,NA,69,8,3585594.6103193723,7.633141084912901,No estimate
35. Yobe,2. North East,Milk - tinned,0.013685403716574474,0.014917770015177486,0,0.04292423294632235,1.0900496853527593,69,8,3585594.6103193723,7.633141084912901,CV < 10%
35. Yobe,2. North East,Milk powder,0.1588346635589813,0.0925654615684867,0,0.3402629682332152,0.5827787177835628,69,8,3585594.6103193723,7.633141084912901,CV < 10%
35. Yobe,2. North East,Millet,2.4380140005444098,0.6956165384945305,1.07460558509513,3.80142241599369,0.2853209777873298,69,8,3585594.6103193723,7.633141084912901,CV < 10%
35. Yobe,2. North East,Mutton,0.7322836343035846,0.23594133894589178,0.26983860996963666,1.1947286586375325,0.32219938817870264,69,8,3585594.6103193723,7.633141084912901,CV < 10%
35. Yobe,2. North East,Ogbono - ground,0,0,0,0,NA,69,8,3585594.6103193723,7.633141084912901,No estimate
35. Yobe,2. North East,Ogbono - unground,0,0,0,0,NA,69,8,3585594.6103193723,7.633141084912901,No estimate
35. Yobe,2. North East,Okra - dried,0.10923882450450431,0.02166978974900875,0.06676603659644717,0.15171161241256145,0.19837077016619878,69,8,3585594.6103193723,7.633141084912901,CV < 10%
35. Yobe,2. North East,Okra - fresh,0.6818301025526422,0.18831015493689165,0.3127421988763346,1.0509180062289498,0.2761833985209721,69,8,3585594.6103193723,7.633141084912901,CV < 10%
35. Yobe,2. North East,Onions,4.493460489963763,0.618888725086911,3.2804385887934173,5.706482391134108,0.13773098182774984,69,8,3585594.6103193723,7.633141084912901,CV < 10%
35. Yobe,2. North East,Orange/Tangerine,1.2346230442123218,0.5082528314901046,0.23844749449171687,2.230798593932927,0.4116664060926914,69,8,3585594.6103193723,7.633141084912901,CV < 10%
35. Yobe,2. North East,Other alcoholic beverages,0,0,0,0,NA,69,8,3585594.6103193723,7.633141084912901,No estimate
35. Yobe,2. North East,Other domestic poultry,0,0,0,0,NA,69,8,3585594.6103193723,7.633141084912901,No estimate
35. Yobe,2. North East,Other eggs,0,0,0,0,NA,69,8,3585594.6103193723,7.633141084912901,No estimate
35. Yobe,2. North East,Other fish/seafood,0,0,0,0,NA,69,8,3585594.6103193723,7.633141084912901,No estimate
35. Yobe,2. North East,Other fruits,0,0,0,0,NA,69,8,3585594.6103193723,7.633141084912901,No estimate
35. Yobe,2. North East,Other grains/flour,0,0,0,0,NA,69,8,3585594.6103193723,7.633141084912901,No estimate
35. Yobe,2. North East,Other meat,0,0,0,0,NA,69,8,3585594.6103193723,7.633141084912901,No estimate
35. Yobe,2. North East,Other non-alcoholic drinks,0,0,0,0,NA,69,8,3585594.6103193723,7.633141084912901,No estimate
35. Yobe,2. North East,Other nuts/seeds/pulses,0,0,0,0,NA,69,8,3585594.6103193723,7.633141084912901,No estimate
35. Yobe,2. North East,Other oil/fat,0,0,0,0,NA,69,8,3585594.6103193723,7.633141084912901,No estimate
35. Yobe,2. North East,Other spices,0.3481086465990926,0.06047989232362027,0.22956805764479685,0.46664923555338833,0.17373855235854957,69,8,3585594.6103193723,7.633141084912901,CV < 10%
35. Yobe,2. North East,Other vegetables,0,0,0,0,NA,69,8,3585594.6103193723,7.633141084912901,No estimate
35. Yobe,2. North East,Palm oil,3.171945303383139,0.6689690237833344,1.8607660167678035,4.483124589998475,0.21090181569960373,69,8,3585594.6103193723,7.633141084912901,CV < 10%
35. Yobe,2. North East,Palm wine,0,0,0,0,NA,69,8,3585594.6103193723,7.633141084912901,No estimate
35. Yobe,2. North East,Pawpaw,0,0,0,0,NA,69,8,3585594.6103193723,7.633141084912901,No estimate
35. Yobe,2. North East,Pineapples,0.5648589083639255,0.500113521900153,0,1.5450814112882254,0.8853777722098728,69,8,3585594.6103193723,7.633141084912901,CV < 10%
35. Yobe,2. North East,Pito,0,0,0,0,NA,69,8,3585594.6103193723,7.633141084912901,No estimate
35. Yobe,2. North East,Plantains,0.015499487677952478,0.016895211666481072,0,0.048614102544255376,1.0900496853527595,69,8,3585594.6103193723,7.633141084912901,CV < 10%
35. Yobe,2. North East,Pork,0,0,0,0,NA,69,8,3585594.6103193723,7.633141084912901,No estimate
35. Yobe,2. North East,Potatoes,0.35269133337280867,0.36588138397960446,0,1.0698188459728333,1.037398283878026,69,8,3585594.6103193723,7.633141084912901,CV < 10%
35. Yobe,2. North East,Rice - imported,0,0,0,0,NA,69,8,3585594.6103193723,7.633141084912901,No estimate
35. Yobe,2. North East,Rice - local,7.9374811150217175,0.3247046772980704,7.3010599475174995,8.573902282525935,0.04090777320824933,69,8,3585594.6103193723,7.633141084912901,CV < 10%
35. Yobe,2. North East,Sachet water,16.292506626299122,3.106867026838467,10.203047253695727,22.381965998902515,0.19069300372868397,69,8,3585594.6103193723,7.633141084912901,CV < 10%
35. Yobe,2. North East,Salt,1.4191282979144932,0.145530858353682,1.1338878155412764,1.70436878028771,0.10254947249487564,69,8,3585594.6103193723,7.633141084912901,CV < 10%
35. Yobe,2. North East,Seafood,0,0,0,0,NA,69,8,3585594.6103193723,7.633141084912901,No estimate
35. Yobe,2. North East,Snails,0,0,0,0,NA,69,8,3585594.6103193723,7.633141084912901,No estimate
35. Yobe,2. North East,Soft drinks,2.6480880603467463,0.5180871067617813,1.632637331093655,3.6635387895998375,0.19564572436988437,69,8,3585594.6103193723,7.633141084912901,CV < 10%
35. Yobe,2. North East,Soya beans,0.5237828119658094,0.2738128031399719,0,1.0604559061201544,0.5227601915998827,69,8,3585594.6103193723,7.633141084912901,CV < 10%
35. Yobe,2. North East,Sugar,0.8846111528048429,0.07282635356905695,0.7418714998094913,1.0273508058001946,0.08232583699419334,69,8,3585594.6103193723,7.633141084912901,CV < 10%
35. Yobe,2. North East,Sweet potatoes,3.6669582977158752,0.6656311031159547,2.3623213356086037,4.971595259823147,0.1815213179627846,69,8,3585594.6103193723,7.633141084912901,CV < 10%
35. Yobe,2. North East,Tea,0.04399490367661963,0.030857829333719004,0,0.10447624917070888,0.7013955425504862,69,8,3585594.6103193723,7.633141084912901,CV < 10%
35. Yobe,2. North East,Tomato puree - canned,0.04489040359120539,0.020511516993490145,0.00468783028396471,0.08509297689844608,0.45692431683792245,69,8,3585594.6103193723,7.633141084912901,CV < 10%
35. Yobe,2. North East,Tomatoes,3.490428159202852,0.5317359472453314,2.4482257026020022,4.5326306158037015,0.15234118079277983,69,8,3585594.6103193723,7.633141084912901,CV < 10%
35. Yobe,2. North East,Watermelon,8.864807932746727,1.573294240851297,5.7811512206781845,11.94846464481527,0.1774764047667097,69,8,3585594.6103193723,7.633141084912901,CV < 10%
35. Yobe,2. North East,Wheat flour,1.0237281071962387,0.6483127928098592,0,2.294421181103563,0.6332861120570795,69,8,3585594.6103193723,7.633141084912901,CV < 10%
35. Yobe,2. North East,White beans,6.830352574532803,0.6281880396436132,5.599104016831321,8.061601132234285,0.09197007515919943,69,8,3585594.6103193723,7.633141084912901,CV < 10%
35. Yobe,2. North East,Wild game/Bush meat,0.06929102609034128,0.07188239155426755,0,0.2101805135367057,1.0373982838780258,69,8,3585594.6103193723,7.633141084912901,CV < 10%
35. Yobe,2. North East,Yam flour,0.08014965491294532,0.07268949039761989,0,0.2226210560922803,0.9069220631900624,69,8,3585594.6103193723,7.633141084912901,CV < 10%
35. Yobe,2. North East,Yam roots,3.7032033753864786,1.8918551862441222,0,7.411239540424958,0.5108699130105653,69,8,3585594.6103193723,7.633141084912901,CV < 10%
36. Zamfara,3. North West,Agricultural eggs,0.2521214204104042,0.1603686181213217,0,0.5664439119281948,0.6360769261900597,54,7,5990131,8.261195066059951,CV < 10%
36. Zamfara,3. North West,Animal fat,0,0,0,0,NA,54,7,5990131,8.261195066059951,No estimate
36. Zamfara,3. North West,Apples,0,0,0,0,NA,54,7,5990131,8.261195066059951,No estimate
36. Zamfara,3. North West,Avocado pear,0,0,0,0,NA,54,7,5990131,8.261195066059951,No estimate
36. Zamfara,3. North West,Baby milk powder,0,0,0,0,NA,54,7,5990131,8.261195066059951,No estimate
36. Zamfara,3. North West,Bananas,0.9755535990522636,0.5771945532324264,0,2.1068549233878193,0.5916584734997264,54,7,5990131,8.261195066059951,CV < 10%
36. Zamfara,3. North West,Beef,1.6760834814809924,0.1713641205910459,1.3402098051225424,2.011957157839442,0.10224080273115516,54,7,5990131,8.261195066059951,CV < 10%
36. Zamfara,3. North West,Beer,0,0,0,0,NA,54,7,5990131,8.261195066059951,No estimate
36. Zamfara,3. North West,Biscuits,0.1459160523856491,0.0531531007121449,0.04173597498984509,0.25009612978145307,0.3642717839683863,54,7,5990131,8.261195066059951,CV < 10%
36. Zamfara,3. North West,Bottled water,0.04223507698775385,0.04722517933239467,0,0.1347964284792474,1.1181506629214317,54,7,5990131,8.261195066059951,CV < 10%
36. Zamfara,3. North West,Bread,2.718180724346164,0.6151040170993617,1.5125768508314152,3.923784597860913,0.22629253882569558,54,7,5990131,8.261195066059951,CV < 10%
36. Zamfara,3. North West,Brown beans,1.2470915987914428,0.49377242052695225,0.27929765455861644,2.2148855430242693,0.39593917640489873,54,7,5990131,8.261195066059951,CV < 10%
36. Zamfara,3. North West,Buns/Pofpof/Donuts,0,0,0,0,NA,54,7,5990131,8.261195066059951,No estimate
36. Zamfara,3. North West,Butter/Margarine,0,0,0,0,NA,54,7,5990131,8.261195066059951,No estimate
36. Zamfara,3. North West,Cake,0.18469270611212887,0.15059418316037929,0,0.4798573051064723,0.8153769920342819,54,7,5990131,8.261195066059951,CV < 10%
36. Zamfara,3. North West,Canned fish/seafood,0,0,0,0,NA,54,7,5990131,8.261195066059951,No estimate
36. Zamfara,3. North West,Cashew nut,0,0,0,0,NA,54,7,5990131,8.261195066059951,No estimate
36. Zamfara,3. North West,Cassava flour,0,0,0,0,NA,54,7,5990131,8.261195066059951,No estimate
36. Zamfara,3. North West,Cassava roots,45.24890849776073,7.724121465489806,30.10963042540071,60.38818657012075,0.17070293454420135,54,7,5990131,8.261195066059951,CV < 10%
36. Zamfara,3. North West,Cheese/wara,1.0501580799511852,0.43031707102330474,0.20673662074550792,1.8935795391568624,0.40976409098648015,54,7,5990131,8.261195066059951,CV < 10%
36. Zamfara,3. North West,Chicken,1.620639647983505,0.5238278764204302,0.5939370101994619,2.6473422857675484,0.3232229182299764,54,7,5990131,8.261195066059951,CV < 10%
36. Zamfara,3. North West,Chocolate drinks,0.003781225247769343,0.004056455628546321,0,0.011731878279720132,1.0727886763528158,54,7,5990131,8.261195066059951,CV < 10%
36. Zamfara,3. North West,Coconut,0,0,0,0,NA,54,7,5990131,8.261195066059951,No estimate
36. Zamfara,3. North West,Cocoyam,0.07593961146129329,0.08146715526230798,0,0.23561523577541693,1.0727886763528163,54,7,5990131,8.261195066059951,CV < 10%
36. Zamfara,3. North West,Coffee,0,0,0,0,NA,54,7,5990131,8.261195066059951,No estimate
36. Zamfara,3. North West,Dry pepper,0.42694418749878504,0.25353062186227243,0,0.9238642063488389,0.5938261470370618,54,7,5990131,8.261195066059951,CV < 10%
36. Zamfara,3. North West,Duck,0,0,0,0,NA,54,7,5990131,8.261195066059951,No estimate
36. Zamfara,3. North West,Fish - dried,0.03805768558335095,0.040906209192003905,0,0.11823385559967861,1.0748475259330823,54,7,5990131,8.261195066059951,CV < 10%
36. Zamfara,3. North West,Fish - fresh,0.27103365274740665,0.29076183357795915,0,0.8409268465602066,1.072788676352816,54,7,5990131,8.261195066059951,CV < 10%
36. Zamfara,3. North West,Fish - frozen,0.11795017249962507,0.09979886100615873,0,0.3135559400716962,0.8461103438104421,54,7,5990131,8.261195066059951,CV < 10%
36. Zamfara,3. North West,Fish - smoked,0,0,0,0,NA,54,7,5990131,8.261195066059951,No estimate
36. Zamfara,3. North West,Fresh milk,5.082697300953318,0.583730900852792,3.9385847352818457,6.22680986662479,0.11484667810992927,54,7,5990131,8.261195066059951,CV < 10%
36. Zamfara,3. North West,Fresh pepper,4.080893675754789,0.4930832327478749,3.1144505395689537,5.047336811940624,0.12082726773239831,54,7,5990131,8.261195066059951,CV < 10%
36. Zamfara,3. North West,Fruit juice,0,0,0,0,NA,54,7,5990131,8.261195066059951,No estimate
36. Zamfara,3. North West,Garden eggs/Eggplant,0.769635635741225,0.23724681988535207,0.3046318687659349,1.234639402716515,0.3082586211809996,54,7,5990131,8.261195066059951,CV < 10%
36. Zamfara,3. North West,Gari - white,1.8134726742183225,0.8379639707193838,0.17106329160833034,3.4558820568283144,0.46207697674881093,54,7,5990131,8.261195066059951,CV < 10%
36. Zamfara,3. North West,Gari - yellow,3.3940620622702995,0.45360843784717136,2.5049895240898437,4.283134600450755,0.13364765567773712,54,7,5990131,8.261195066059951,CV < 10%
36. Zamfara,3. North West,Gin,0,0,0,0,NA,54,7,5990131,8.261195066059951,No estimate
36. Zamfara,3. North West,Goat,0.6185147171766688,0.2256575684539696,0.17622588300688846,1.0608035513464493,0.36483783196627495,54,7,5990131,8.261195066059951,CV < 10%
36. Zamfara,3. North West,Ground pepper,0.09645039288975954,0.04948198315253385,0,0.19343507986872588,0.5130303949004185,54,7,5990131,8.261195066059951,CV < 10%
36. Zamfara,3. North West,Groundnut oil,3.320411321160975,0.10812118130823274,3.108493805796839,3.532328836525111,0.032562586634727046,54,7,5990131,8.261195066059951,CV < 10%
36. Zamfara,3. North West,Groundnuts - shelled,1.6092750181976592,0.47632073143231474,0.6756863845903223,2.5428636518049963,0.2959846676584714,54,7,5990131,8.261195066059951,CV < 10%
36. Zamfara,3. North West,Groundnuts - unshelled,1.5391987852866778,0.581523742668983,0.39941224965547106,2.678985320917884,0.37780938253578045,54,7,5990131,8.261195066059951,CV < 10%
36. Zamfara,3. North West,Guava,0,0,0,0,NA,54,7,5990131,8.261195066059951,No estimate
36. Zamfara,3. North West,Guinea corn / sorghum,55.369865006599625,1.9839829931564028,51.48125834001308,59.25847167318617,0.03583145801276432,54,7,5990131,8.261195066059951,CV < 10%
36. Zamfara,3. North West,Honey,0.05201146925632041,0.05590439905030056,0,0.1615840913949095,1.0748475259330823,54,7,5990131,8.261195066059951,CV < 10%
36. Zamfara,3. North West,Kola nut,0.2558030862502937,0.03439467727211251,0.18838951879695315,0.3232166537036342,0.1344576321431033,54,7,5990131,8.261195066059951,CV < 10%
36. Zamfara,3. North West,Leaves,2.670221767804087,0.35946466812032185,1.9656710182882562,3.374772517319918,0.13461978044465392,54,7,5990131,8.261195066059951,CV < 10%
36. Zamfara,3. North West,Local eggs,0.33787448713715845,0.18733861406435792,0,0.7050581707032999,0.5544621485087412,54,7,5990131,8.261195066059951,CV < 10%
36. Zamfara,3. North West,Maize - shelled/off cob,10.110970936234946,2.605313630706101,5.004556220050988,15.217385652418903,0.2576719532809032,54,7,5990131,8.261195066059951,CV < 10%
36. Zamfara,3. North West,Maize - unshelled/on cob,0.102297849890422,0.11438440867041251,0,0.3264912908844305,1.1181506629214322,54,7,5990131,8.261195066059951,CV < 10%
36. Zamfara,3. North West,Maize flour,1.5247481787748431,0.7013525107571786,0.1500972576907731,2.899399099858913,0.45997924150381697,54,7,5990131,8.261195066059951,CV < 10%
36. Zamfara,3. North West,Malt drinks,0.18346299895645182,0.12191170119708616,0,0.4224099333027407,0.6645029346000392,54,7,5990131,8.261195066059951,CV < 10%
36. Zamfara,3. North West,Mangoes,0,0,0,0,NA,54,7,5990131,8.261195066059951,No estimate
36. Zamfara,3. North West,Meat pie/Sausage roll,0,0,0,0,NA,54,7,5990131,8.261195066059951,No estimate
36. Zamfara,3. North West,Melon - ground,0,0,0,0,NA,54,7,5990131,8.261195066059951,No estimate
36. Zamfara,3. North West,Melon - shelled,0,0,0,0,NA,54,7,5990131,8.261195066059951,No estimate
36. Zamfara,3. North West,Melon - unshelled,0,0,0,0,NA,54,7,5990131,8.261195066059951,No estimate
36. Zamfara,3. North West,Milk - tinned,0,0,0,0,NA,54,7,5990131,8.261195066059951,No estimate
36. Zamfara,3. North West,Milk powder,0.035731650137236566,0.013367868019523605,0.0095306288189703,0.06193267145550283,0.37411840673970775,54,7,5990131,8.261195066059951,CV < 10%
36. Zamfara,3. North West,Millet,30.36951422036832,1.4112221861713423,27.603518735472488,33.13550970526415,0.0464683819415478,54,7,5990131,8.261195066059951,CV < 10%
36. Zamfara,3. North West,Mutton,0.8360451347168819,0.34442954605566234,0.16096322444778377,1.51112704498598,0.41197482259411733,54,7,5990131,8.261195066059951,CV < 10%
36. Zamfara,3. North West,Ogbono - ground,0,0,0,0,NA,54,7,5990131,8.261195066059951,No estimate
36. Zamfara,3. North West,Ogbono - unground,0,0,0,0,NA,54,7,5990131,8.261195066059951,No estimate
36. Zamfara,3. North West,Okra - dried,0.18274755159499204,0.03607911374033662,0.11203248866393226,0.2534626145260518,0.19742597602782505,54,7,5990131,8.261195066059951,CV < 10%
36. Zamfara,3. North West,Okra - fresh,0.23285137567182218,0.09609579493749436,0.044503617594333245,0.4211991337493111,0.41269154910611555,54,7,5990131,8.261195066059951,CV < 10%
36. Zamfara,3. North West,Onions,6.826394020389411,0.6654082444428082,5.522193861281506,8.130594179497315,0.09747580383659865,54,7,5990131,8.261195066059951,CV < 10%
36. Zamfara,3. North West,Orange/Tangerine,1.586526813939723,0.5990059242938646,0.41247520232374857,2.7605784255556975,0.37755802110043796,54,7,5990131,8.261195066059951,CV < 10%
36. Zamfara,3. North West,Other alcoholic beverages,0,0,0,0,NA,54,7,5990131,8.261195066059951,No estimate
36. Zamfara,3. North West,Other domestic poultry,0,0,0,0,NA,54,7,5990131,8.261195066059951,No estimate
36. Zamfara,3. North West,Other eggs,0,0,0,0,NA,54,7,5990131,8.261195066059951,No estimate
36. Zamfara,3. North West,Other fish/seafood,0,0,0,0,NA,54,7,5990131,8.261195066059951,No estimate
36. Zamfara,3. North West,Other fruits,0,0,0,0,NA,54,7,5990131,8.261195066059951,No estimate
36. Zamfara,3. North West,Other grains/flour,0,0,0,0,NA,54,7,5990131,8.261195066059951,No estimate
36. Zamfara,3. North West,Other meat,0,0,0,0,NA,54,7,5990131,8.261195066059951,No estimate
36. Zamfara,3. North West,Other non-alcoholic drinks,0,0,0,0,NA,54,7,5990131,8.261195066059951,No estimate
36. Zamfara,3. North West,Other nuts/seeds/pulses,0,0,0,0,NA,54,7,5990131,8.261195066059951,No estimate
36. Zamfara,3. North West,Other oil/fat,0,0,0,0,NA,54,7,5990131,8.261195066059951,No estimate
36. Zamfara,3. North West,Other spices,1.152145571758783,0.12824350052259106,0.9007883107345045,1.4035028327830614,0.11130841767401294,54,7,5990131,8.261195066059951,CV < 10%
36. Zamfara,3. North West,Other vegetables,0.19488376160617044,0.052962302928988195,0.09107764786535358,0.2986898753469873,0.2717635501926359,54,7,5990131,8.261195066059951,CV < 10%
36. Zamfara,3. North West,Palm oil,4.01440238060341,0.11798812316472714,3.7831456592005446,4.245659102006275,0.029391204961121062,54,7,5990131,8.261195066059951,CV < 10%
36. Zamfara,3. North West,Palm wine,0,0,0,0,NA,54,7,5990131,8.261195066059951,No estimate
36. Zamfara,3. North West,Pawpaw,0.09515291824015824,0.10207897320996709,0,0.2952277057316937,1.072788676352816,54,7,5990131,8.261195066059951,CV < 10%
36. Zamfara,3. North West,Pineapples,0.7612688779444002,0.6816238628100298,0,2.0972516490520587,0.8953786008572554,54,7,5990131,8.261195066059951,CV < 10%
36. Zamfara,3. North West,Pito,0,0,0,0,NA,54,7,5990131,8.261195066059951,No estimate
36. Zamfara,3. North West,Plantains,0,0,0,0,NA,54,7,5990131,8.261195066059951,No estimate
36. Zamfara,3. North West,Pork,0,0,0,0,NA,54,7,5990131,8.261195066059951,No estimate
36. Zamfara,3. North West,Potatoes,0.17448352138337528,0.1995230568415656,0,0.5655487127928438,1.1435065916807894,54,7,5990131,8.261195066059951,CV < 10%
36. Zamfara,3. North West,Rice - imported,0.774649681933702,0.7604334810744897,0,2.2650993048397017,0.9816482195878201,54,7,5990131,8.261195066059951,CV < 10%
36. Zamfara,3. North West,Rice - local,33.4044325357967,1.9169063384796934,29.6472961123765,37.1615689592169,0.057384789770803836,54,7,5990131,8.261195066059951,CV < 10%
36. Zamfara,3. North West,Sachet water,52.26989684591765,2.486194647202562,47.39695533740063,57.14283835443467,0.04756456004746711,54,7,5990131,8.261195066059951,CV < 10%
36. Zamfara,3. North West,Salt,1.561091339457312,0.07457476831658898,1.4149247935567977,1.7072578853578264,0.047770919248398165,54,7,5990131,8.261195066059951,CV < 10%
36. Zamfara,3. North West,Seafood,0,0,0,0,NA,54,7,5990131,8.261195066059951,No estimate
36. Zamfara,3. North West,Snails,0,0,0,0,NA,54,7,5990131,8.261195066059951,No estimate
36. Zamfara,3. North West,Soft drinks,0.32056772757042307,0.31739581299458264,0,0.942663521039805,0.990105321580933,54,7,5990131,8.261195066059951,CV < 10%
36. Zamfara,3. North West,Soya beans,11.140768036172599,2.1026806374002196,7.019513986868168,15.262022085477028,0.1887374937323077,54,7,5990131,8.261195066059951,CV < 10%
36. Zamfara,3. North West,Sugar,3.6274480831974962,0.7743534484688126,2.1097153241986235,5.145180842196369,0.21347058061441399,54,7,5990131,8.261195066059951,CV < 10%
36. Zamfara,3. North West,Sweet potatoes,12.61557775822513,0.8467558555184839,10.955936281408903,14.275219235041359,0.06711986337418548,54,7,5990131,8.261195066059951,CV < 10%
36. Zamfara,3. North West,Tea,0,0,0,0,NA,54,7,5990131,8.261195066059951,No estimate
36. Zamfara,3. North West,Tomato puree - canned,0,0,0,0,NA,54,7,5990131,8.261195066059951,No estimate
36. Zamfara,3. North West,Tomatoes,7.682929397792321,0.4968246032242112,6.709153175472867,8.656705620111776,0.06466603784839843,54,7,5990131,8.261195066059951,CV < 10%
36. Zamfara,3. North West,Watermelon,16.745337002504048,2.095803694122035,12.637561762024859,20.853112242983237,0.12515745092551048,54,7,5990131,8.261195066059951,CV < 10%
36. Zamfara,3. North West,Wheat flour,0,0,0,0,NA,54,7,5990131,8.261195066059951,No estimate
36. Zamfara,3. North West,White beans,8.121553977930184,0.7518021487647144,6.648021766351343,9.595086189509024,0.09256875602965761,54,7,5990131,8.261195066059951,CV < 10%
36. Zamfara,3. North West,Wild game/Bush meat,0,0,0,0,NA,54,7,5990131,8.261195066059951,No estimate
36. Zamfara,3. North West,Yam flour,0,0,0,0,NA,54,7,5990131,8.261195066059951,No estimate
36. Zamfara,3. North West,Yam roots,15.109665653365077,3.9873003438524943,7.294556979414189,22.924774327315966,0.26389070647400337,54,7,5990131,8.261195066059951,CV < 10%
37. FCT,1. North Central,Agricultural eggs,2.1283706922412886,0.6504154260939378,0.8535564570971705,3.4031849273854067,0.30559311329786043,112,16,3169587.9777291943,6.075484370151175,CV < 10%
37. FCT,1. North Central,Animal fat,0,0,0,0,NA,112,16,3169587.9777291943,6.075484370151175,No estimate
37. FCT,1. North Central,Apples,0.08857607422772401,0.06867277779878896,0,0.22317471871335037,0.7752971487789714,112,16,3169587.9777291943,6.075484370151175,CV < 10%
37. FCT,1. North Central,Avocado pear,0.5628642227662158,0.32783471129940966,0,1.2054202569130588,0.5824401303892697,112,16,3169587.9777291943,6.075484370151175,CV < 10%
37. FCT,1. North Central,Baby milk powder,0.025060374929555963,0.022559741466757967,0,0.06927746820440159,0.9002156404352605,112,16,3169587.9777291943,6.075484370151175,CV < 10%
37. FCT,1. North Central,Bananas,3.0806433349301656,1.1832269013850183,0.7615186082155296,5.399768061644801,0.3840843527612847,112,16,3169587.9777291943,6.075484370151175,CV < 10%
37. FCT,1. North Central,Beef,3.62804540206245,0.6148227433940469,2.4229928250101187,4.833097979114782,0.16946390556318175,112,16,3169587.9777291943,6.075484370151175,CV < 10%
37. FCT,1. North Central,Beer,0.7014344029697575,0.4232787655665371,0,1.5310607834801702,0.6034473983232711,112,16,3169587.9777291943,6.075484370151175,CV < 10%
37. FCT,1. North Central,Biscuits,0.7667352235876149,0.15910433015038283,0.4548907364928646,1.0785797106823654,0.2075088312832702,112,16,3169587.9777291943,6.075484370151175,CV < 10%
37. FCT,1. North Central,Bottled water,4.600981307223443,3.157078300597943,0,10.78885477639541,0.6861749895921978,112,16,3169587.9777291943,6.075484370151175,CV < 10%
37. FCT,1. North Central,Bread,7.415053714923425,0.9249660734523354,5.602120210956848,9.227987218890002,0.1247416551535915,112,16,3169587.9777291943,6.075484370151175,CV < 10%
37. FCT,1. North Central,Brown beans,3.5088411255959264,0.9735899516154516,1.6006048204296413,5.417077430762212,0.277467664327521,112,16,3169587.9777291943,6.075484370151175,CV < 10%
37. FCT,1. North Central,Buns/Pofpof/Donuts,0.2556729128418892,0.08074612742574369,0.09741050308743157,0.4139353225963468,0.31581807602621537,112,16,3169587.9777291943,6.075484370151175,CV < 10%
37. FCT,1. North Central,Butter/Margarine,0,0,0,0,NA,112,16,3169587.9777291943,6.075484370151175,No estimate
37. FCT,1. North Central,Cake,0.2324276481265772,0.14510742269737015,0,0.5168381966134227,0.6243122273402967,112,16,3169587.9777291943,6.075484370151175,CV < 10%
37. FCT,1. North Central,Canned fish/seafood,0,0,0,0,NA,112,16,3169587.9777291943,6.075484370151175,No estimate
37. FCT,1. North Central,Cashew nut,0.026017041203224102,0.022726792601411624,0,0.07056155470199088,0.8735348660091009,112,16,3169587.9777291943,6.075484370151175,CV < 10%
37. FCT,1. North Central,Cassava flour,2.979706515768842,0.4606915816964961,2.0767510156437097,3.8826620158939744,0.1546097171847227,112,16,3169587.9777291943,6.075484370151175,CV < 10%
37. FCT,1. North Central,Cassava roots,0,0,0,0,NA,112,16,3169587.9777291943,6.075484370151175,No estimate
37. FCT,1. North Central,Cheese/wara,0.014163719844528699,0.013779312323505518,0,0.041171171998599515,0.972859705978181,112,16,3169587.9777291943,6.075484370151175,CV < 10%
37. FCT,1. North Central,Chicken,2.182984400295223,0.8689730233279928,0.4797972745723573,3.8861715260180887,0.398066529110549,112,16,3169587.9777291943,6.075484370151175,CV < 10%
37. FCT,1. North Central,Chocolate drinks,0.46989594928516865,0.10038385756334214,0.27314358846101805,0.6666483101093192,0.21362997003070902,112,16,3169587.9777291943,6.075484370151175,CV < 10%
37. FCT,1. North Central,Coconut,0.06392978846134409,0.062194715205750394,0,0.18583143026461485,0.9728597059781791,112,16,3169587.9777291943,6.075484370151175,CV < 10%
37. FCT,1. North Central,Cocoyam,0.1152834507931824,0.08448042563603016,0,0.2808650850398015,0.7328061838432246,112,16,3169587.9777291943,6.075484370151175,CV < 10%
37. FCT,1. North Central,Coffee,0.04856265380480303,0.035539831496182533,0,0.11822072353732078,0.7318346241750798,112,16,3169587.9777291943,6.075484370151175,CV < 10%
37. FCT,1. North Central,Dry pepper,0.18254542747940244,0.08399101936295932,0.017923029528002177,0.3471678254308027,0.46011023405358353,112,16,3169587.9777291943,6.075484370151175,CV < 10%
37. FCT,1. North Central,Duck,0,0,0,0,NA,112,16,3169587.9777291943,6.075484370151175,No estimate
37. FCT,1. North Central,Fish - dried,1.3563723922397275,0.2482261634006259,0.8698491119745008,1.8428956725049543,0.18300738412313097,112,16,3169587.9777291943,6.075484370151175,CV < 10%
37. FCT,1. North Central,Fish - fresh,7.217604369357615,2.8318753197707873,1.667128742606872,12.768079996108359,0.39235668441367216,112,16,3169587.9777291943,6.075484370151175,CV < 10%
37. FCT,1. North Central,Fish - frozen,0.7060026960061756,0.26947570882010297,0.17783030671877376,1.2341750852935776,0.3816921809853057,112,16,3169587.9777291943,6.075484370151175,CV < 10%
37. FCT,1. North Central,Fish - smoked,0.47909275905389614,0.1967685954245597,0.0934263120217591,0.8647592060860332,0.4107108523475388,112,16,3169587.9777291943,6.075484370151175,CV < 10%
37. FCT,1. North Central,Fresh milk,0.09869166807590492,0.06288789145826344,0,0.22195193533410126,0.6372158124827279,112,16,3169587.9777291943,6.075484370151175,CV < 10%
37. FCT,1. North Central,Fresh pepper,2.631138231419217,0.3398796725341914,1.9649740732522019,3.2973023895862323,0.1291759089186518,112,16,3169587.9777291943,6.075484370151175,CV < 10%
37. FCT,1. North Central,Fruit juice,0.2789754421631828,0.14550880169937885,0,0.5641726934939654,0.5215828338548362,112,16,3169587.9777291943,6.075484370151175,CV < 10%
37. FCT,1. North Central,Garden eggs/Eggplant,1.8164325629628668,0.627340074220053,0.5868460174915631,3.0460191084341703,0.345369317315458,112,16,3169587.9777291943,6.075484370151175,CV < 10%
37. FCT,1. North Central,Gari - white,6.8198813349424325,0.8804238185955324,5.094250650495189,8.545512019389676,0.1290966477795708,112,16,3169587.9777291943,6.075484370151175,CV < 10%
37. FCT,1. North Central,Gari - yellow,1.7151891820941847,0.5804651064653854,0.5774775734220292,2.8529007907663404,0.3384262870388783,112,16,3169587.9777291943,6.075484370151175,CV < 10%
37. FCT,1. North Central,Gin,0,0,0,0,NA,112,16,3169587.9777291943,6.075484370151175,No estimate
37. FCT,1. North Central,Goat,1.4851096898852765,0.4858354451529987,0.532872217385399,2.437347162385154,0.32713775181854016,112,16,3169587.9777291943,6.075484370151175,CV < 10%
37. FCT,1. North Central,Ground pepper,0.21239489093394676,0.12156014558505744,0,0.45065277628065936,0.5723308364458811,112,16,3169587.9777291943,6.075484370151175,CV < 10%
37. FCT,1. North Central,Groundnut oil,5.833722459315667,1.0080768305387493,3.8578918714597186,7.809553047171615,0.17280164381646004,112,16,3169587.9777291943,6.075484370151175,CV < 10%
37. FCT,1. North Central,Groundnuts - shelled,0.6810531529636703,0.2540500969871073,0.18311496286894002,1.1789913430584007,0.37302535915380924,112,16,3169587.9777291943,6.075484370151175,CV < 10%
37. FCT,1. North Central,Groundnuts - unshelled,0.06890466364915683,0.03226603814756975,0.005663228879920115,0.13214609841839353,0.46827074451533995,112,16,3169587.9777291943,6.075484370151175,CV < 10%
37. FCT,1. North Central,Guava,0,0,0,0,NA,112,16,3169587.9777291943,6.075484370151175,No estimate
37. FCT,1. North Central,Guinea corn / sorghum,11.191241999812613,2.370555768806565,6.544952692951745,15.83753130667348,0.21182240262932905,112,16,3169587.9777291943,6.075484370151175,CV < 10%
37. FCT,1. North Central,Honey,0.4474851286345352,0.21791696355599371,0.020367880064787514,0.8746023772042829,0.4869814651068959,112,16,3169587.9777291943,6.075484370151175,CV < 10%
37. FCT,1. North Central,Kola nut,0.06515617460028815,0.01897375868265092,0.02796760758229235,0.10234474161828394,0.2912043071750104,112,16,3169587.9777291943,6.075484370151175,CV < 10%
37. FCT,1. North Central,Leaves,8.260635531596161,1.1926497695302878,5.923041983316797,10.598229079875527,0.1443774834234622,112,16,3169587.9777291943,6.075484370151175,CV < 10%
37. FCT,1. North Central,Local eggs,0.07562680914869689,0.05871048632274744,0,0.19069936234128188,0.7763184376496872,112,16,3169587.9777291943,6.075484370151175,CV < 10%
37. FCT,1. North Central,Maize - shelled/off cob,2.6499894091668867,0.9004401612079626,0.8851266931992803,4.414852125134493,0.33979009806346594,112,16,3169587.9777291943,6.075484370151175,CV < 10%
37. FCT,1. North Central,Maize - unshelled/on cob,0.2124316260547239,0.19643049609561072,0,0.5974353984021209,0.9246763287732347,112,16,3169587.9777291943,6.075484370151175,CV < 10%
37. FCT,1. North Central,Maize flour,12.820407577236008,2.332727396245918,8.248261880594008,17.392553273878008,0.18195423056501908,112,16,3169587.9777291943,6.075484370151175,CV < 10%
37. FCT,1. North Central,Malt drinks,0.9204861697042075,0.3231165071825305,0.28717781562644773,1.5537945237819673,0.35102809560556675,112,16,3169587.9777291943,6.075484370151175,CV < 10%
37. FCT,1. North Central,Mangoes,1.3713894934774145,1.0129330212036645,0,3.3567382150365965,0.7386180410608101,112,16,3169587.9777291943,6.075484370151175,CV < 10%
37. FCT,1. North Central,Meat pie/Sausage roll,0.14131563633728728,0.0631799412683824,0.017482951451257764,0.2651483212233168,0.4470838677581772,112,16,3169587.9777291943,6.075484370151175,CV < 10%
37. FCT,1. North Central,Melon - ground,0.5640371939708854,0.14878214353822314,0.272424192635968,0.8556501953058027,0.2637807313570584,112,16,3169587.9777291943,6.075484370151175,CV < 10%
37. FCT,1. North Central,Melon - shelled,0.3957275518908473,0.17100327963461986,0.060561123806992356,0.7308939799747023,0.43212376499321264,112,16,3169587.9777291943,6.075484370151175,CV < 10%
37. FCT,1. North Central,Melon - unshelled,0.018393376459863633,0.012260619400420572,0,0.04242419048468796,0.6665779622993413,112,16,3169587.9777291943,6.075484370151175,CV < 10%
37. FCT,1. North Central,Milk - tinned,0.09110201484325925,0.06325470822358284,0,0.21508124296148162,0.6943283124134233,112,16,3169587.9777291943,6.075484370151175,CV < 10%
37. FCT,1. North Central,Milk powder,0.8916530783167222,0.21305089833601687,0.4740733175781292,1.3092328390553152,0.23893922817853996,112,16,3169587.9777291943,6.075484370151175,CV < 10%
37. FCT,1. North Central,Millet,4.023482507057265,0.7457400561912426,2.5618319969224297,5.4851330171921004,0.18534691150842594,112,16,3169587.9777291943,6.075484370151175,CV < 10%
37. FCT,1. North Central,Mutton,0.3495136899720712,0.28723989153212653,0,0.9125038773750392,0.8218272982528357,112,16,3169587.9777291943,6.075484370151175,CV < 10%
37. FCT,1. North Central,Ogbono - ground,0.2626407710895042,0.13366946804375862,6.486137237372569e-4,0.5246329284552711,0.5089440892564467,112,16,3169587.9777291943,6.075484370151175,CV < 10%
37. FCT,1. North Central,Ogbono - unground,0.04731424537253629,0.027713850110467363,0,0.10163339158905232,0.5857400850897636,112,16,3169587.9777291943,6.075484370151175,CV < 10%
37. FCT,1. North Central,Okra - dried,0.6049241033750262,0.23548338321262352,0.14337667227828416,1.0664715344717683,0.38927756705147226,112,16,3169587.9777291943,6.075484370151175,CV < 10%
37. FCT,1. North Central,Okra - fresh,2.519313479359067,0.3606312906804813,1.8124761496253239,3.22615080909281,0.1431466523063373,112,16,3169587.9777291943,6.075484370151175,CV < 10%
37. FCT,1. North Central,Onions,9.883046582170229,1.8514475555745324,6.254209373244145,13.511883791096313,0.18733571072250993,112,16,3169587.9777291943,6.075484370151175,CV < 10%
37. FCT,1. North Central,Orange/Tangerine,7.544834738825345,1.0341169369400345,5.517965542422877,9.571703935227813,0.13706290100941776,112,16,3169587.9777291943,6.075484370151175,CV < 10%
37. FCT,1. North Central,Other alcoholic beverages,0,0,0,0,NA,112,16,3169587.9777291943,6.075484370151175,No estimate
37. FCT,1. North Central,Other domestic poultry,0,0,0,0,NA,112,16,3169587.9777291943,6.075484370151175,No estimate
37. FCT,1. North Central,Other eggs,0.009093334146040272,0.008358564490511986,0,0.025476120547443762,0.9191968926108094,112,16,3169587.9777291943,6.075484370151175,CV < 10%
37. FCT,1. North Central,Other fish/seafood,0,0,0,0,NA,112,16,3169587.9777291943,6.075484370151175,No estimate
37. FCT,1. North Central,Other fruits,0,0,0,0,NA,112,16,3169587.9777291943,6.075484370151175,No estimate
37. FCT,1. North Central,Other grains/flour,0.003523721162402006,0.0034280863340034966,0,0.01024277037704886,0.9728597059781773,112,16,3169587.9777291943,6.075484370151175,CV < 10%
37. FCT,1. North Central,Other meat,0.03333408293213375,0.030806780746027215,0,0.09371537319434708,0.9241826393948807,112,16,3169587.9777291943,6.075484370151175,CV < 10%
37. FCT,1. North Central,Other non-alcoholic drinks,0,0,0,0,NA,112,16,3169587.9777291943,6.075484370151175,No estimate
37. FCT,1. North Central,Other nuts/seeds/pulses,0,0,0,0,NA,112,16,3169587.9777291943,6.075484370151175,No estimate
37. FCT,1. North Central,Other oil/fat,0,0,0,0,NA,112,16,3169587.9777291943,6.075484370151175,No estimate
37. FCT,1. North Central,Other spices,1.0347832328893427,0.13078991485707603,0.7784349997694737,1.2911314660092117,0.12639353895586594,112,16,3169587.9777291943,6.075484370151175,CV < 10%
37. FCT,1. North Central,Other vegetables,0,0,0,0,NA,112,16,3169587.9777291943,6.075484370151175,No estimate
37. FCT,1. North Central,Palm oil,5.673163008874267,0.7125333188182701,4.276597703990458,7.069728313758077,0.12559718761891506,112,16,3169587.9777291943,6.075484370151175,CV < 10%
37. FCT,1. North Central,Palm wine,0.27966348869966795,0.16567183863541968,0,0.6043802924250905,0.5923970962592672,112,16,3169587.9777291943,6.075484370151175,CV < 10%
37. FCT,1. North Central,Pawpaw,1.0005717574161952,0.42824875507750765,0.16120419746428027,1.8399393173681102,0.428004040593137,112,16,3169587.9777291943,6.075484370151175,CV < 10%
37. FCT,1. North Central,Pineapples,9.800525763851661,3.9480317729839944,2.0623834888030323,17.53866803890029,0.40283877295093157,112,16,3169587.9777291943,6.075484370151175,CV < 10%
37. FCT,1. North Central,Pito,0,0,0,0,NA,112,16,3169587.9777291943,6.075484370151175,No estimate
37. FCT,1. North Central,Plantains,5.887203573022851,1.9471532120520043,2.0707832774009227,9.70362386864478,0.3307433126611276,112,16,3169587.9777291943,6.075484370151175,CV < 10%
37. FCT,1. North Central,Pork,0.04017437612425867,0.04014380393334573,0,0.11885623183361631,0.9992390126776735,112,16,3169587.9777291943,6.075484370151175,CV < 10%
37. FCT,1. North Central,Potatoes,4.813452042280131,2.7897133363640387,0,10.281290181553647,0.5795660394785095,112,16,3169587.9777291943,6.075484370151175,CV < 10%
37. FCT,1. North Central,Rice - imported,1.700063876869923,1.3577621044038406,0,4.361277601501451,0.7986535817134635,112,16,3169587.9777291943,6.075484370151175,CV < 10%
37. FCT,1. North Central,Rice - local,57.40431287924,36.764331700938094,0,129.46240301307867,0.6404454623170612,112,16,3169587.9777291943,6.075484370151175,CV < 10%
37. FCT,1. North Central,Sachet water,168.69873467238062,46.660123435376825,77.24489273904204,260.1525766057192,0.27658846123530545,112,16,3169587.9777291943,6.075484370151175,CV < 10%
37. FCT,1. North Central,Salt,7.547030685753461,5.980214893438027,0,19.268251876891995,0.7923930804636697,112,16,3169587.9777291943,6.075484370151175,CV < 10%
37. FCT,1. North Central,Seafood,0.041908522032516646,0.028309008146399868,0,0.09739417799946039,0.6754952638137662,112,16,3169587.9777291943,6.075484370151175,CV < 10%
37. FCT,1. North Central,Snails,0.05329900724644339,0.05401885006283619,0,0.15917595336960233,1.0135057452958627,112,16,3169587.9777291943,6.075484370151175,CV < 10%
37. FCT,1. North Central,Soft drinks,9.806750093938003,2.089005814754223,5.712298697019726,13.90120149085628,0.21301713562024305,112,16,3169587.9777291943,6.075484370151175,CV < 10%
37. FCT,1. North Central,Soya beans,0.6923849532957345,0.22400383500921867,0.2533374366776659,1.131432469913803,0.32352498988166367,112,16,3169587.9777291943,6.075484370151175,CV < 10%
37. FCT,1. North Central,Sugar,2.148746924391882,0.2954649895700905,1.569635544834505,2.7278583039492594,0.13750571843341214,112,16,3169587.9777291943,6.075484370151175,CV < 10%
37. FCT,1. North Central,Sweet potatoes,7.288100108861233,1.6978495234116078,3.960315042974482,10.615885174747984,0.2329618828022516,112,16,3169587.9777291943,6.075484370151175,CV < 10%
37. FCT,1. North Central,Tea,0.3196331372185997,0.18168468482216366,0,0.6757351194700405,0.5684162987703869,112,16,3169587.9777291943,6.075484370151175,CV < 10%
37. FCT,1. North Central,Tomato puree - canned,0.8341603510594714,0.29302396760069915,0.2598333745621011,1.4084873275568417,0.3512801432344847,112,16,3169587.9777291943,6.075484370151175,CV < 10%
37. FCT,1. North Central,Tomatoes,8.243927866238993,1.9235350930810635,4.473799083800108,12.014056648677878,0.23332750168259417,112,16,3169587.9777291943,6.075484370151175,CV < 10%
37. FCT,1. North Central,Watermelon,14.231402951452417,3.79712797671349,6.789032117093977,21.673773785810855,0.2668133275170854,112,16,3169587.9777291943,6.075484370151175,CV < 10%
37. FCT,1. North Central,Wheat flour,0.6393329570709031,0.26150739307336096,0.12677846664711567,1.1518874474946905,0.4090316167517067,112,16,3169587.9777291943,6.075484370151175,CV < 10%
37. FCT,1. North Central,White beans,9.135927999426976,0.972427909874901,7.22996929607217,11.041886702781781,0.10643997084214037,112,16,3169587.9777291943,6.075484370151175,CV < 10%
37. FCT,1. North Central,Wild game/Bush meat,0.04017437612425867,0.04014380393334573,0,0.11885623183361631,0.9992390126776735,112,16,3169587.9777291943,6.075484370151175,CV < 10%
37. FCT,1. North Central,Yam flour,2.519798822079803,0.8987127169969683,0.7583218967657452,4.281275747393861,0.3566605036568692,112,16,3169587.9777291943,6.075484370151175,CV < 10%
37. FCT,1. North Central,Yam roots,58.66256961560516,7.812269824406252,43.350520759768905,73.97461847144142,0.13317299047070838,112,16,3169587.9777291943,6.075484370151175,CV < 10%
4. Anambra,4. South East,Agricultural eggs,0.7436011470684498,0.3698040620086631,0.018785185531470128,1.4684171086054296,0.49731507739944625,118,22,6112002.48526096,4.355180524124476,CV < 10%
4. Anambra,4. South East,Animal fat,0,0,0,0,NA,118,22,6112002.48526096,4.355180524124476,No estimate
4. Anambra,4. South East,Apples,0.09571390874112538,0.06833523593795603,0,0.22965097117951921,0.7139530381397373,118,22,6112002.48526096,4.355180524124476,CV < 10%
4. Anambra,4. South East,Avocado pear,0.9584765331741674,0.27110796806956883,0.4271049157578125,1.4898481505905221,0.2828530054583038,118,22,6112002.48526096,4.355180524124476,CV < 10%
4. Anambra,4. South East,Baby milk powder,0.07515408593644322,0.04496037855364308,0,0.16327642790158364,0.5982426370226291,118,22,6112002.48526096,4.355180524124476,CV < 10%
4. Anambra,4. South East,Bananas,1.8149890711594885,0.4697147847108726,0.8943480931261782,2.7356300491927987,0.25879758295778593,118,22,6112002.48526096,4.355180524124476,CV < 10%
4. Anambra,4. South East,Beef,6.874790545968472,0.46676970699840326,5.959921920251602,7.789659171685343,0.06789584408097019,118,22,6112002.48526096,4.355180524124476,CV < 10%
4. Anambra,4. South East,Beer,1.8205446316303178,0.6042975829955198,0.636121368959099,3.0049678943015365,0.3319323088796591,118,22,6112002.48526096,4.355180524124476,CV < 10%
4. Anambra,4. South East,Biscuits,0.1258363893789761,0.03693005798157297,0.05345347573509307,0.19821930302285912,0.2934767769786551,118,22,6112002.48526096,4.355180524124476,CV < 10%
4. Anambra,4. South East,Bottled water,0.11535830344431156,0.0847588501181301,0,0.28148564967584655,0.7347442497630599,118,22,6112002.48526096,4.355180524124476,CV < 10%
4. Anambra,4. South East,Bread,6.020280712103639,0.41673099755257204,5.203487956900598,6.83707346730668,0.06922119041969982,118,22,6112002.48526096,4.355180524124476,CV < 10%
4. Anambra,4. South East,Brown beans,3.6978627901678998,1.1532763588186559,1.4374411268833343,5.958284453452466,0.31187646060991137,118,22,6112002.48526096,4.355180524124476,CV < 10%
4. Anambra,4. South East,Buns/Pofpof/Donuts,0,0,0,0,NA,118,22,6112002.48526096,4.355180524124476,No estimate
4. Anambra,4. South East,Butter/Margarine,0,0,0,0,NA,118,22,6112002.48526096,4.355180524124476,No estimate
4. Anambra,4. South East,Cake,0,0,0,0,NA,118,22,6112002.48526096,4.355180524124476,No estimate
4. Anambra,4. South East,Canned fish/seafood,0,0,0,0,NA,118,22,6112002.48526096,4.355180524124476,No estimate
4. Anambra,4. South East,Cashew nut,0,0,0,0,NA,118,22,6112002.48526096,4.355180524124476,No estimate
4. Anambra,4. South East,Cassava flour,0.980125392189078,0.82053180297114,0,2.588367726012512,0.8371702330234595,118,22,6112002.48526096,4.355180524124476,CV < 10%
4. Anambra,4. South East,Cassava roots,25.672476844597462,10.194009835614478,5.692217566793083,45.65273612240184,0.397079327301437,118,22,6112002.48526096,4.355180524124476,CV < 10%
4. Anambra,4. South East,Cheese/wara,0,0,0,0,NA,118,22,6112002.48526096,4.355180524124476,No estimate
4. Anambra,4. South East,Chicken,0.4332618387734,0.2665816715399604,0,0.95576191499172225,0.6152899879081782,118,22,6112002.48526096,4.355180524124476,CV < 10%
4. Anambra,4. South East,Chocolate drinks,0.37961702121010893,0.05188856854341003,0.2779154268650253,0.48131861555519256,0.13668662268621234,118,22,6112002.48526096,4.355180524124476,CV < 10%
4. Anambra,4. South East,Coconut,1.8276189701024876,0.28786580304416653,1.2634019961359213,2.391835944069054,0.15750865347388238,118,22,6112002.48526096,4.355180524124476,CV < 10%
4. Anambra,4. South East,Cocoyam,7.3805673447644775,2.1716084751992257,3.1242147333739956,11.636919956154959,0.29423327147603234,118,22,6112002.48526096,4.355180524124476,CV < 10%
4. Anambra,4. South East,Coffee,0,0,0,0,NA,118,22,6112002.48526096,4.355180524124476,No estimate
4. Anambra,4. South East,Dry pepper,0.032416799092620956,0.017250977141790896,0,0.06622871429053111,0.53216164534017,118,22,6112002.48526096,4.355180524124476,CV < 10%
4. Anambra,4. South East,Duck,0,0,0,0,NA,118,22,6112002.48526096,4.355180524124476,No estimate
4. Anambra,4. South East,Fish - dried,0.6598426317419976,0.18655401574232564,0.2941967608870394,1.0254885025969558,0.2827250116437905,118,22,6112002.48526096,4.355180524124476,CV < 10%
4. Anambra,4. South East,Fish - fresh,2.4414571681717145,0.5889235047502267,1.2871670988612702,3.5957472374821586,0.24121803668226632,118,22,6112002.48526096,4.355180524124476,CV < 10%
4. Anambra,4. South East,Fish - frozen,1.4902646164521922,0.25097870874847666,0.9983463473051779,1.9821828855992065,0.16841217725880836,118,22,6112002.48526096,4.355180524124476,CV < 10%
4. Anambra,4. South East,Fish - smoked,1.2281678477935496,0.31089438095609384,0.6188148611196057,1.8375208344674934,0.2531367202900055,118,22,6112002.48526096,4.355180524124476,CV < 10%
4. Anambra,4. South East,Fresh milk,0,0,0,0,NA,118,22,6112002.48526096,4.355180524124476,No estimate
4. Anambra,4. South East,Fresh pepper,1.9953360225031413,0.22071173398950852,1.5627410238837047,2.427931021122578,0.11061381717181977,118,22,6112002.48526096,4.355180524124476,CV < 10%
4. Anambra,4. South East,Fruit juice,0,0,0,0,NA,118,22,6112002.48526096,4.355180524124476,No estimate
4. Anambra,4. South East,Garden eggs/Eggplant,0.9190028202499104,0.2881012218190774,0.3543244254845188,1.483681215015302,0.3134932945480321,118,22,6112002.48526096,4.355180524124476,CV < 10%
4. Anambra,4. South East,Gari - white,14.352312816709524,2.641153309578568,9.17565232993553,19.528973303483518,0.1840228361315839,118,22,6112002.48526096,4.355180524124476,CV < 10%
4. Anambra,4. South East,Gari - yellow,0.5215978623417699,0.26851887951824105,0,1.0478948661975223,0.5148005751263944,118,22,6112002.48526096,4.355180524124476,CV < 10%
4. Anambra,4. South East,Gin,0,0,0,0,NA,118,22,6112002.48526096,4.355180524124476,No estimate
4. Anambra,4. South East,Goat,0.46038978618811094,0.2749438803473357,0,0.9992797916688889,0.5971980452124892,118,22,6112002.48526096,4.355180524124476,CV < 10%
4. Anambra,4. South East,Ground pepper,0.15980413469401278,0.029982842013182274,0.10103776434817552,0.21857050503985004,0.1876224421263714,118,22,6112002.48526096,4.355180524124476,CV < 10%
4. Anambra,4. South East,Groundnut oil,2.6569104808859194,0.19272815387762454,2.2791632992857753,3.0346576624860635,0.07253844465748102,118,22,6112002.48526096,4.355180524124476,CV < 10%
4. Anambra,4. South East,Groundnuts - shelled,0.3859284351344233,0.12274099006771987,0.14535609460169238,0.6265007756671542,0.3180408047024775,118,22,6112002.48526096,4.355180524124476,CV < 10%
4. Anambra,4. South East,Groundnuts - unshelled,0.011249524979996645,0.011178718715027193,0,0.03315981366144994,0.993705844016049,118,22,6112002.48526096,4.355180524124476,CV < 10%
4. Anambra,4. South East,Guava,0.14463707344203905,0.10047990549897544,0,0.3415776882200309,0.694703668345731,118,22,6112002.48526096,4.355180524124476,CV < 10%
4. Anambra,4. South East,Guinea corn / sorghum,0,0,0,0,NA,118,22,6112002.48526096,4.355180524124476,No estimate
4. Anambra,4. South East,Honey,0,0,0,0,NA,118,22,6112002.48526096,4.355180524124476,No estimate
4. Anambra,4. South East,Kola nut,0.01137261901568118,0.006254906458519165,0,0.023632235674378742,0.549997010353953,118,22,6112002.48526096,4.355180524124476,CV < 10%
4. Anambra,4. South East,Leaves,5.60298473575503,0.8435107263127581,3.9497037121820244,7.256265759328036,0.15054667576193045,118,22,6112002.48526096,4.355180524124476,CV < 10%
4. Anambra,4. South East,Local eggs,0.06756796091355126,0.03425383403794439,4.304461991802566e-4,0.13470547562792226,0.5069537925196516,118,22,6112002.48526096,4.355180524124476,CV < 10%
4. Anambra,4. South East,Maize - shelled/off cob,0,0,0,0,NA,118,22,6112002.48526096,4.355180524124476,No estimate
4. Anambra,4. South East,Maize - unshelled/on cob,0,0,0,0,NA,118,22,6112002.48526096,4.355180524124476,No estimate
4. Anambra,4. South East,Maize flour,0.46188020191967305,0.30970630790017817,0,1.0689045654040221,0.6705338453845227,118,22,6112002.48526096,4.355180524124476,CV < 10%
4. Anambra,4. South East,Malt drinks,1.0272150978522707,0.3286739785844623,0.38301409982672463,1.6714160958778168,0.3199660706619897,118,22,6112002.48526096,4.355180524124476,CV < 10%
4. Anambra,4. South East,Mangoes,1.6583225019807208,0.65320150569719,0.3780475508142285,2.938597453147213,0.3938929278936987,118,22,6112002.48526096,4.355180524124476,CV < 10%
4. Anambra,4. South East,Meat pie/Sausage roll,0.02432220935769426,0.014545461212620089,0,0.052831313334429635,0.598032070142455,118,22,6112002.48526096,4.355180524124476,CV < 10%
4. Anambra,4. South East,Melon - ground,0.5272545951521874,0.14953533596285987,0.23416533666498207,0.8203438536393928,0.2836112522067215,118,22,6112002.48526096,4.355180524124476,CV < 10%
4. Anambra,4. South East,Melon - shelled,0.08719431960586373,0.04370046141492481,0.0015414152326111014,0.17284722397911634,0.5011847286894363,118,22,6112002.48526096,4.355180524124476,CV < 10%
4. Anambra,4. South East,Melon - unshelled,0.009881251902856809,0.009819057762063588,0,0.02912660511650144,0.9937058440160563,118,22,6112002.48526096,4.355180524124476,CV < 10%
4. Anambra,4. South East,Milk - tinned,0.10212963921743654,0.04300228345742616,0.017845163640881262,0.1864141147939918,0.4210558637720558,118,22,6112002.48526096,4.355180524124476,CV < 10%
4. Anambra,4. South East,Milk powder,0.5208673911207364,0.07435216582070614,0.37513714611215243,0.6665976361293204,0.14274682402506436,118,22,6112002.48526096,4.355180524124476,CV < 10%
4. Anambra,4. South East,Millet,0,0,0,0,NA,118,22,6112002.48526096,4.355180524124476,No estimate
4. Anambra,4. South East,Mutton,0,0,0,0,NA,118,22,6112002.48526096,4.355180524124476,No estimate
4. Anambra,4. South East,Ogbono - ground,0.11499671670726577,0.03911356860555986,0.038334122240368446,0.1916593111741631,0.34012769864662207,118,22,6112002.48526096,4.355180524124476,CV < 10%
4. Anambra,4. South East,Ogbono - unground,0.05258161857952467,0.0215040119145473,0.01043375522701196,0.09472948193203737,0.4089644346345965,118,22,6112002.48526096,4.355180524124476,CV < 10%
4. Anambra,4. South East,Okra - dried,0,0,0,0,NA,118,22,6112002.48526096,4.355180524124476,No estimate
4. Anambra,4. South East,Okra - fresh,3.7264184132875555,0.45101882217468797,2.842421521825167,4.610415304749944,0.12103279131684677,118,22,6112002.48526096,4.355180524124476,CV < 10%
4. Anambra,4. South East,Onions,5.320701386900447,0.2954051876036981,4.741707219197199,5.899695554603696,0.05551997116977564,118,22,6112002.48526096,4.355180524124476,CV < 10%
4. Anambra,4. South East,Orange/Tangerine,3.7392708554686087,1.0436083065834656,1.6937985745650161,5.784743136372201,0.2790940659078519,118,22,6112002.48526096,4.355180524124476,CV < 10%
4. Anambra,4. South East,Other alcoholic beverages,0,0,0,0,NA,118,22,6112002.48526096,4.355180524124476,No estimate
4. Anambra,4. South East,Other domestic poultry,0,0,0,0,NA,118,22,6112002.48526096,4.355180524124476,No estimate
4. Anambra,4. South East,Other eggs,0,0,0,0,NA,118,22,6112002.48526096,4.355180524124476,No estimate
4. Anambra,4. South East,Other fish/seafood,0,0,0,0,NA,118,22,6112002.48526096,4.355180524124476,No estimate
4. Anambra,4. South East,Other fruits,0,0,0,0,NA,118,22,6112002.48526096,4.355180524124476,No estimate
4. Anambra,4. South East,Other grains/flour,0,0,0,0,NA,118,22,6112002.48526096,4.355180524124476,No estimate
4. Anambra,4. South East,Other meat,0,0,0,0,NA,118,22,6112002.48526096,4.355180524124476,No estimate
4. Anambra,4. South East,Other non-alcoholic drinks,0,0,0,0,NA,118,22,6112002.48526096,4.355180524124476,No estimate
4. Anambra,4. South East,Other nuts/seeds/pulses,0,0,0,0,NA,118,22,6112002.48526096,4.355180524124476,No estimate
4. Anambra,4. South East,Other oil/fat,0,0,0,0,NA,118,22,6112002.48526096,4.355180524124476,No estimate
4. Anambra,4. South East,Other spices,0.33115173599007536,0.028464080352562628,0.2753621384990526,0.3869413334810981,0.08595479733017525,118,22,6112002.48526096,4.355180524124476,CV < 10%
4. Anambra,4. South East,Other vegetables,0.03220375628358233,0.03271201693130636,0,0.0963193094689428,1.0157826510438208,118,22,6112002.48526096,4.355180524124476,CV < 10%
4. Anambra,4. South East,Palm oil,4.484531714285103,0.45684685281060194,3.589111882776323,5.379951545793882,0.10187169629224704,118,22,6112002.48526096,4.355180524124476,CV < 10%
4. Anambra,4. South East,Palm wine,0.16978660683359864,0.12966260667822715,0,0.4239253159229239,0.7636798278518194,118,22,6112002.48526096,4.355180524124476,CV < 10%
4. Anambra,4. South East,Pawpaw,7.4133944073783224,1.9653401892166744,3.561327636513641,11.265461178243005,0.2651066544173924,118,22,6112002.48526096,4.355180524124476,CV < 10%
4. Anambra,4. South East,Pineapples,0.08873247200198797,0.08917020278768177,0,0.2635060694658442,1.004933152157465,118,22,6112002.48526096,4.355180524124476,CV < 10%
4. Anambra,4. South East,Pito,0,0,0,0,NA,118,22,6112002.48526096,4.355180524124476,No estimate
4. Anambra,4. South East,Plantains,4.632591429702274,0.676420821801673,3.3068066189709953,5.958376240433553,0.14601348555470278,118,22,6112002.48526096,4.355180524124476,CV < 10%
4. Anambra,4. South East,Pork,0,0,0,0,NA,118,22,6112002.48526096,4.355180524124476,No estimate
4. Anambra,4. South East,Potatoes,0,0,0,0,NA,118,22,6112002.48526096,4.355180524124476,No estimate
4. Anambra,4. South East,Rice - imported,6.316452656482053,5.409267533711476,0,16.918617022556546,0.8563774364967958,118,22,6112002.48526096,4.355180524124476,CV < 10%
4. Anambra,4. South East,Rice - local,22.232426596956238,1.4069162505496047,19.474870745879013,24.989982448033462,0.06328217229972641,118,22,6112002.48526096,4.355180524124476,CV < 10%
4. Anambra,4. South East,Sachet water,67.78170520007254,16.74382166547655,34.9638147357385,100.59959566440656,0.24702567774082246,118,22,6112002.48526096,4.355180524124476,CV < 10%
4. Anambra,4. South East,Salt,0.7995392169648824,0.15754585344540628,0.4907493442118861,1.1083290897178788,0.19704581101532892,118,22,6112002.48526096,4.355180524124476,CV < 10%
4. Anambra,4. South East,Seafood,0,0,0,0,NA,118,22,6112002.48526096,4.355180524124476,No estimate
4. Anambra,4. South East,Snails,0,0,0,0,NA,118,22,6112002.48526096,4.355180524124476,No estimate
4. Anambra,4. South East,Soft drinks,2.571386619407134,0.42018977623722925,1.7478146579821647,3.3949585808321032,0.16340980118116558,118,22,6112002.48526096,4.355180524124476,CV < 10%
4. Anambra,4. South East,Soya beans,0.28079541365444577,0.10811178840369674,0.06889630838320016,0.4926945189256914,0.38501978004791043,118,22,6112002.48526096,4.355180524124476,CV < 10%
4. Anambra,4. South East,Sugar,0.6268774746312317,0.06602214492139477,0.4974740705852979,0.7562808786771654,0.10531905769980505,118,22,6112002.48526096,4.355180524124476,CV < 10%
4. Anambra,4. South East,Sweet potatoes,0.9250725734640718,0.5759893286092819,0,2.0540116575382643,0.6226423149184979,118,22,6112002.48526096,4.355180524124476,CV < 10%
4. Anambra,4. South East,Tea,0.019786131769110222,0.008448972508598173,0.003226145652257803,0.03634611788596264,0.4270148711830863,118,22,6112002.48526096,4.355180524124476,CV < 10%
4. Anambra,4. South East,Tomato puree - canned,2.6147115688326217,0.24373364504623155,2.136993624542008,3.0924295131232356,0.09321626444443744,118,22,6112002.48526096,4.355180524124476,CV < 10%
4. Anambra,4. South East,Tomatoes,7.741325166486098,0.6297492171992942,6.5070167007754804,8.975633632196715,0.08134902018140477,118,22,6112002.48526096,4.355180524124476,CV < 10%
4. Anambra,4. South East,Watermelon,4.618325092282193,2.675413089675913,0,9.862134748046984,0.5793037597433034,118,22,6112002.48526096,4.355180524124476,CV < 10%
4. Anambra,4. South East,Wheat flour,0.6816992667579492,0.5142431180231787,0,1.6896157780833794,0.7543548058498512,118,22,6112002.48526096,4.355180524124476,CV < 10%
4. Anambra,4. South East,White beans,4.08200622370544,0.4353959941278849,3.2286300752147854,4.935382372196094,0.1066622563188192,118,22,6112002.48526096,4.355180524124476,CV < 10%
4. Anambra,4. South East,Wild game/Bush meat,0,0,0,0,NA,118,22,6112002.48526096,4.355180524124476,No estimate
4. Anambra,4. South East,Yam flour,0,0,0,0,NA,118,22,6112002.48526096,4.355180524124476,No estimate
4. Anambra,4. South East,Yam roots,55.024967269555894,10.571533534858094,34.30476154123403,75.74517299787776,0.192122486562697,118,22,6112002.48526096,4.355180524124476,CV < 10%
5. Bauchi,2. North East,Agricultural eggs,0.02076883367707923,0.015095141759681652,0,0.05035531152605527,0.7268170179599858,225,24,8529872,8.108663628254828,CV < 10%
5. Bauchi,2. North East,Animal fat,0,0,0,0,NA,225,24,8529872,8.108663628254828,No estimate
5. Bauchi,2. North East,Apples,0.016440972857781386,0.01683005746461529,0,0.04942788548842735,1.023665546449081,225,24,8529872,8.108663628254828,CV < 10%
5. Bauchi,2. North East,Avocado pear,0.05242129027580003,0.05217486003716151,0,0.1546840159486366,0.9952990428632719,225,24,8529872,8.108663628254828,CV < 10%
5. Bauchi,2. North East,Baby milk powder,0,0,0,0,NA,225,24,8529872,8.108663628254828,No estimate
5. Bauchi,2. North East,Bananas,0.1773728145750567,0.06589045427483624,0.04822752419637766,0.3065181049537357,0.3714800062946184,225,24,8529872,8.108663628254828,CV < 10%
5. Bauchi,2. North East,Beef,0.5245988934486515,0.22433507557278215,0.08490214532599849,0.9642956415713045,0.427631621748246,225,24,8529872,8.108663628254828,CV < 10%
5. Bauchi,2. North East,Beer,0,0,0,0,NA,225,24,8529872,8.108663628254828,No estimate
5. Bauchi,2. North East,Biscuits,0.1704162604429746,0.0432938622457587,0.08556029044128753,0.25527223044466163,0.2540477189983046,225,24,8529872,8.108663628254828,CV < 10%
5. Bauchi,2. North East,Bottled water,0,0,0,0,NA,225,24,8529872,8.108663628254828,No estimate
5. Bauchi,2. North East,Bread,3.8766445501253415,0.5207838570259619,2.855908190354456,4.897380909896227,0.13433882067137767,225,24,8529872,8.108663628254828,CV < 10%
5. Bauchi,2. North East,Brown beans,0.06843967053882996,0.06891619876407956,0,0.2035154201164259,1.0069627486733623,225,24,8529872,8.108663628254828,CV < 10%
5. Bauchi,2. North East,Buns/Pofpof/Donuts,0.012254602913582742,0.007253659582945868,0,0.026471775696156642,0.5919130659799727,225,24,8529872,8.108663628254828,CV < 10%
5. Bauchi,2. North East,Butter/Margarine,4.956317803926596e-4,5.073611773131828e-4,0,0.0014900596879264978,1.023665546449081,225,24,8529872,8.108663628254828,CV < 10%
5. Bauchi,2. North East,Cake,0,0,0,0,NA,225,24,8529872,8.108663628254828,No estimate
5. Bauchi,2. North East,Canned fish/seafood,0,0,0,0,NA,225,24,8529872,8.108663628254828,No estimate
5. Bauchi,2. North East,Cashew nut,0.001246238950152304,0.0012745822646191296,0,0.0037444201888057983,1.0227430818651284,225,24,8529872,8.108663628254828,CV < 10%
5. Bauchi,2. North East,Cassava flour,1.2513414137108778,0.538946665060434,0.19500595019242728,2.307676877229328,0.4306951397558057,225,24,8529872,8.108663628254828,CV < 10%
5. Bauchi,2. North East,Cassava roots,3.4195743478443106,1.6361558310108015,0.2127089190631395,6.626439776625482,0.47846768766476133,225,24,8529872,8.108663628254828,CV < 10%
5. Bauchi,2. North East,Cheese/wara,0.03174382630722496,0.022276860402926948,0,0.07540647269696177,0.7017698555720956,225,24,8529872,8.108663628254828,CV < 10%
5. Bauchi,2. North East,Chicken,0.8758954505834246,0.2352305603742295,0.4148435522499347,1.3369473489169144,0.268560089240725,225,24,8529872,8.108663628254828,CV < 10%
5. Bauchi,2. North East,Chocolate drinks,0.007966130733627693,0.005230015308884078,0,0.018216960739040486,0.6565314434028103,225,24,8529872,8.108663628254828,CV < 10%
5. Bauchi,2. North East,Coconut,0,0,0,0,NA,225,24,8529872,8.108663628254828,No estimate
5. Bauchi,2. North East,Cocoyam,0,0,0,0,NA,225,24,8529872,8.108663628254828,No estimate
5. Bauchi,2. North East,Coffee,0,0,0,0,NA,225,24,8529872,8.108663628254828,No estimate
5. Bauchi,2. North East,Dry pepper,0.19642029639981554,0.03973893021524566,0.11853199317793404,0.274308599621697,0.2023158041384718,225,24,8529872,8.108663628254828,CV < 10%
5. Bauchi,2. North East,Duck,0.3466362083833751,0.1547049838001727,0.04341444013503665,0.6498579766317136,0.44630358877301995,225,24,8529872,8.108663628254828,CV < 10%
5. Bauchi,2. North East,Fish - dried,0.571520400143521,0.10018953112639876,0.3751489191357794,0.7678918811512626,0.17530350815340803,225,24,8529872,8.108663628254828,CV < 10%
5. Bauchi,2. North East,Fish - fresh,1.254085339873438,0.2898087938516344,0.6860601039242346,1.8221105758226415,0.23109176436181117,225,24,8529872,8.108663628254828,CV < 10%
5. Bauchi,2. North East,Fish - frozen,0.03043524760278818,0.0187972521485511,0,0.06727786181394833,0.6176145630183432,225,24,8529872,8.108663628254828,CV < 10%
5. Bauchi,2. North East,Fish - smoked,0.037374247602281536,0.025796507768755198,0,0.08793540282904172,0.6902214605968532,225,24,8529872,8.108663628254828,CV < 10%
5. Bauchi,2. North East,Fresh milk,0.6363166957671063,0.25471049497185283,0.13708412562227473,1.1355492659119377,0.40028887606789687,225,24,8529872,8.108663628254828,CV < 10%
5. Bauchi,2. North East,Fresh pepper,0.8761417221620803,0.20800800839503397,0.46844602570781374,1.2838374186163468,0.23741365481571472,225,24,8529872,8.108663628254828,CV < 10%
5. Bauchi,2. North East,Fruit juice,0,0,0,0,NA,225,24,8529872,8.108663628254828,No estimate
5. Bauchi,2. North East,Garden eggs/Eggplant,0.6989800370732165,0.2460172197202727,0.216786286421482,1.181173787724951,0.35196601715608505,225,24,8529872,8.108663628254828,CV < 10%
5. Bauchi,2. North East,Gari - white,0.3320448002326363,0.09456314409479406,0.1467010378068399,0.5173885626584327,0.28479031753709594,225,24,8529872,8.108663628254828,CV < 10%
5. Bauchi,2. North East,Gari - yellow,0.04285149351280667,0.033171974843249456,0,0.10786856420557561,0.7741147886324108,225,24,8529872,8.108663628254828,CV < 10%
5. Bauchi,2. North East,Gin,0,0,0,0,NA,225,24,8529872,8.108663628254828,No estimate
5. Bauchi,2. North East,Goat,0.6012748455871434,0.16002614126744408,0.287623608702953,0.9149260824713338,0.26614474635335683,225,24,8529872,8.108663628254828,CV < 10%
5. Bauchi,2. North East,Ground pepper,0.10835180775721548,0.020885003292444915,0.06741720130402346,0.1492864142104075,0.19275177521026748,225,24,8529872,8.108663628254828,CV < 10%
5. Bauchi,2. North East,Groundnut oil,1.5075192838687692,0.13517999316335988,1.242566497268584,1.7724720704689545,0.08967049019528656,225,24,8529872,8.108663628254828,CV < 10%
5. Bauchi,2. North East,Groundnuts - shelled,0.9328534392381245,0.19035810071291745,0.5597515618408062,1.3059553166354427,0.20406002991036384,225,24,8529872,8.108663628254828,CV < 10%
5. Bauchi,2. North East,Groundnuts - unshelled,0.43601028661199215,0.1909682069391016,0.06171260101135301,0.8103079722126313,0.4379901410652846,225,24,8529872,8.108663628254828,CV < 10%
5. Bauchi,2. North East,Guava,0.15381384777549745,0.08343114949120838,0,0.3173389007782659,0.542416373413805,225,24,8529872,8.108663628254828,CV < 10%
5. Bauchi,2. North East,Guinea corn / sorghum,62.95977638721126,5.39619807558728,52.38322815906019,73.53632461536233,0.08570866011975521,225,24,8529872,8.108663628254828,CV < 10%
5. Bauchi,2. North East,Honey,0.026581504768801802,0.013681339780509087,0,0.05339693073859961,0.5146939535404561,225,24,8529872,8.108663628254828,CV < 10%
5. Bauchi,2. North East,Kola nut,0.14767767480581698,0.03487344516640688,0.0793257222796595,0.21602962733197445,0.23614568154775162,225,24,8529872,8.108663628254828,CV < 10%
5. Bauchi,2. North East,Leaves,1.6043847714957595,0.2491514190514421,1.116047990154933,2.092721552836586,0.1552940563124141,225,24,8529872,8.108663628254828,CV < 10%
5. Bauchi,2. North East,Local eggs,0.06684602560083543,0.026430121143024995,0.015042988160506435,0.11864906304116442,0.3953880713993365,225,24,8529872,8.108663628254828,CV < 10%
5. Bauchi,2. North East,Maize - shelled/off cob,2.772349975227055,2.3457579273987403,0,7.3700355129285855,0.846126191988666,225,24,8529872,8.108663628254828,CV < 10%
5. Bauchi,2. North East,Maize - unshelled/on cob,0,0,0,0,NA,225,24,8529872,8.108663628254828,No estimate
5. Bauchi,2. North East,Maize flour,11.110761542733659,2.7589054504483457,5.7033068598549015,16.518216225612417,0.24830930263755374,225,24,8529872,8.108663628254828,CV < 10%
5. Bauchi,2. North East,Malt drinks,0.17600480504067892,0.06635248512796049,0.045953934189876366,0.30605567589148147,0.3769924639990644,225,24,8529872,8.108663628254828,CV < 10%
5. Bauchi,2. North East,Mangoes,0.006160141405235153,0.006215562821537319,0,0.0183426445354483,1.0089967766413717,225,24,8529872,8.108663628254828,CV < 10%
5. Bauchi,2. North East,Meat pie/Sausage roll,0.017040144237515164,0.01685449245538448,0,0.05007494945006874,0.9891050345852145,225,24,8529872,8.108663628254828,CV < 10%
5. Bauchi,2. North East,Melon - ground,0,0,0,0,NA,225,24,8529872,8.108663628254828,No estimate
5. Bauchi,2. North East,Melon - shelled,0,0,0,0,NA,225,24,8529872,8.108663628254828,No estimate
5. Bauchi,2. North East,Melon - unshelled,0,0,0,0,NA,225,24,8529872,8.108663628254828,No estimate
5. Bauchi,2. North East,Milk - tinned,0,0,0,0,NA,225,24,8529872,8.108663628254828,No estimate
5. Bauchi,2. North East,Milk powder,0.03701261278135341,0.01923099220031839,0,0.07470535749397746,0.5195794286105295,225,24,8529872,8.108663628254828,CV < 10%
5. Bauchi,2. North East,Millet,31.373100294781494,7.1748082815714325,17.310476062901486,45.4357245266615,0.2286929954055216,225,24,8529872,8.108663628254828,CV < 10%
5. Bauchi,2. North East,Mutton,0.1953984613763496,0.08118216172057534,0.03628142440402196,0.35451549834867724,0.41546981050282394,225,24,8529872,8.108663628254828,CV < 10%
5. Bauchi,2. North East,Ogbono - ground,5.611793471066267e-4,5.744599630118435e-4,0,0.0016871208746098401,1.023665546449081,225,24,8529872,8.108663628254828,CV < 10%
5. Bauchi,2. North East,Ogbono - unground,0,0,0,0,NA,225,24,8529872,8.108663628254828,No estimate
5. Bauchi,2. North East,Okra - dried,0.5952097995796847,0.09313041895295762,0.41267417843188775,0.7777454207274817,0.15646654174498287,225,24,8529872,8.108663628254828,CV < 10%
5. Bauchi,2. North East,Okra - fresh,0.27750319018340647,0.08974814195696429,0.10159683194775646,0.45340954841905645,0.32341300976629583,225,24,8529872,8.108663628254828,CV < 10%
5. Bauchi,2. North East,Onions,5.498056129376477,0.519601999449793,4.479636210454882,6.516476048298071,0.09450649233526832,225,24,8529872,8.108663628254828,CV < 10%
5. Bauchi,2. North East,Orange/Tangerine,2.1297723175441154,0.3224825509382621,1.4977065177051219,2.761838117383109,0.15141644404042373,225,24,8529872,8.108663628254828,CV < 10%
5. Bauchi,2. North East,Other alcoholic beverages,0,0,0,0,NA,225,24,8529872,8.108663628254828,No estimate
5. Bauchi,2. North East,Other domestic poultry,0,0,0,0,NA,225,24,8529872,8.108663628254828,No estimate
5. Bauchi,2. North East,Other eggs,0,0,0,0,NA,225,24,8529872,8.108663628254828,No estimate
5. Bauchi,2. North East,Other fish/seafood,0,0,0,0,NA,225,24,8529872,8.108663628254828,No estimate
5. Bauchi,2. North East,Other fruits,0,0,0,0,NA,225,24,8529872,8.108663628254828,No estimate
5. Bauchi,2. North East,Other grains/flour,0,0,0,0,NA,225,24,8529872,8.108663628254828,No estimate
5. Bauchi,2. North East,Other meat,0,0,0,0,NA,225,24,8529872,8.108663628254828,No estimate
5. Bauchi,2. North East,Other non-alcoholic drinks,0.07003783991110862,0.055059917197096304,0,0.17795527761741736,0.7861452789945812,225,24,8529872,8.108663628254828,CV < 10%
5. Bauchi,2. North East,Other nuts/seeds/pulses,0,0,0,0,NA,225,24,8529872,8.108663628254828,No estimate
5. Bauchi,2. North East,Other oil/fat,0,0,0,0,NA,225,24,8529872,8.108663628254828,No estimate
5. Bauchi,2. North East,Other spices,0.8561479983365332,0.12361586015163915,0.6138609124393205,1.098435084233746,0.1443860879098247,225,24,8529872,8.108663628254828,CV < 10%
5. Bauchi,2. North East,Other vegetables,0,0,0,0,NA,225,24,8529872,8.108663628254828,No estimate
5. Bauchi,2. North East,Palm oil,3.84050749286991,0.15951020180399697,3.527867497334076,4.153147488405744,0.04153362598566347,225,24,8529872,8.108663628254828,CV < 10%
5. Bauchi,2. North East,Palm wine,0.046276832019576886,0.03664545938519148,0,0.11810193241455219,0.7918748493779574,225,24,8529872,8.108663628254828,CV < 10%
5. Bauchi,2. North East,Pawpaw,0.058699318497476984,0.0600884699459084,0,0.17647271959145744,1.0236655464490805,225,24,8529872,8.108663628254828,CV < 10%
5. Bauchi,2. North East,Pineapples,0,0,0,0,NA,225,24,8529872,8.108663628254828,No estimate
5. Bauchi,2. North East,Pito,0.03355561715028023,0.03392945188797544,0,0.10005734285071209,1.011140749878656,225,24,8529872,8.108663628254828,CV < 10%
5. Bauchi,2. North East,Plantains,0,0,0,0,NA,225,24,8529872,8.108663628254828,No estimate
5. Bauchi,2. North East,Pork,0,0,0,0,NA,225,24,8529872,8.108663628254828,No estimate
5. Bauchi,2. North East,Potatoes,0.0287135229135298,0.029393044123756686,0,0.0863238893960929,1.023665546449081,225,24,8529872,8.108663628254828,CV < 10%
5. Bauchi,2. North East,Rice - imported,0,0,0,0,NA,225,24,8529872,8.108663628254828,No estimate
5. Bauchi,2. North East,Rice - local,21.70868874402085,2.4646305108123485,16.878012942828647,26.539364545213054,0.11353198435309333,225,24,8529872,8.108663628254828,CV < 10%
5. Bauchi,2. North East,Sachet water,12.999060650785177,2.4712407496276483,8.155428781514987,17.842692520055365,0.19010917911813718,225,24,8529872,8.108663628254828,CV < 10%
5. Bauchi,2. North East,Salt,1.4964344974343624,0.08016084624651507,1.339319238791193,1.6535497560775319,0.0535678951427215,225,24,8529872,8.108663628254828,CV < 10%
5. Bauchi,2. North East,Seafood,0.007542013733601444,0.007422913333390012,0,0.022090923867045868,0.9842084084677795,225,24,8529872,8.108663628254828,CV < 10%
5. Bauchi,2. North East,Snails,0,0,0,0,NA,225,24,8529872,8.108663628254828,No estimate
5. Bauchi,2. North East,Soft drinks,1.294197859277741,0.285388318161602,0.7348367556810012,1.8535589628744809,0.22051366884571263,225,24,8529872,8.108663628254828,CV < 10%
5. Bauchi,2. North East,Soya beans,1.5269234122782687,0.48018796617971665,0.5857549985660241,2.468091825990513,0.3144807148272388,225,24,8529872,8.108663628254828,CV < 10%
5. Bauchi,2. North East,Sugar,1.0917836382303248,0.12940876439081114,0.8381424600243349,1.3454248164363145,0.11852967919593499,225,24,8529872,8.108663628254828,CV < 10%
5. Bauchi,2. North East,Sweet potatoes,5.818138278168329,1.045096144142926,3.7697498356481938,7.866526720688464,0.1796272440042357,225,24,8529872,8.108663628254828,CV < 10%
5. Bauchi,2. North East,Tea,0.02021069875631106,0.008629695622292636,0.0032964953366174977,0.03712490217600463,0.4269865048380822,225,24,8529872,8.108663628254828,CV < 10%
5. Bauchi,2. North East,Tomato puree - canned,0.06685899551790463,0.03147403530725451,0.0051698863156857885,0.12854810472012346,0.47075244046742915,225,24,8529872,8.108663628254828,CV < 10%
5. Bauchi,2. North East,Tomatoes,4.925958677591747,0.5087887688191537,3.9287326907062057,5.923184664477288,0.10328725880987202,225,24,8529872,8.108663628254828,CV < 10%
5. Bauchi,2. North East,Watermelon,4.953571654525594,0.9508176248620698,3.089969109795937,6.81717419925525,0.19194587081291148,225,24,8529872,8.108663628254828,CV < 10%
5. Bauchi,2. North East,Wheat flour,0.27470092851075045,0.25991235178081856,0,0.7841291380011548,0.9461648098166033,225,24,8529872,8.108663628254828,CV < 10%
5. Bauchi,2. North East,White beans,8.161190153994733,0.34263758886738,7.489620479814668,8.832759828174797,0.04198377717000823,225,24,8529872,8.108663628254828,CV < 10%
5. Bauchi,2. North East,Wild game/Bush meat,0,0,0,0,NA,225,24,8529872,8.108663628254828,No estimate
5. Bauchi,2. North East,Yam flour,0.03752602384951737,0.03841409770997745,0,0.11281765536107319,1.0236655464490811,225,24,8529872,8.108663628254828,CV < 10%
5. Bauchi,2. North East,Yam roots,4.5482661351800004,1.3681165938582753,1.866757611217781,7.22977465914222,0.30079959114004906,225,24,8529872,8.108663628254828,CV < 10%
6. Bayelsa,5. South South,Agricultural eggs,0.6759182159843714,0.16610919666869603,0.35034419051372717,1.0014922414550156,0.24575339551514144,75,14,2583352,4.8683820273230936,CV < 10%
6. Bayelsa,5. South South,Animal fat,0,0,0,0,NA,75,14,2583352,4.8683820273230936,No estimate
6. Bayelsa,5. South South,Apples,0.020663478019851057,0.02204729460769652,0,0.06387617545093624,1.0669691997889248,75,14,2583352,4.8683820273230936,CV < 10%
6. Bayelsa,5. South South,Avocado pear,0.1615158269448522,0.13628478270099229,0,0.4286340010387971,0.843785932802271,75,14,2583352,4.8683820273230936,CV < 10%
6. Bayelsa,5. South South,Baby milk powder,0.020987055448378426,0.022400495257682892,0,0.0648920261534369,1.0673481714850892,75,14,2583352,4.8683820273230936,CV < 10%
6. Bayelsa,5. South South,Bananas,6.550564964440878,2.82340589506992,1.0166894101038348,12.084440518777921,0.4310171581224691,75,14,2583352,4.8683820273230936,CV < 10%
6. Bayelsa,5. South South,Beef,1.0991630329774413,0.5668752357612729,0,2.210238495069536,0.5157335342926395,75,14,2583352,4.8683820273230936,CV < 10%
6. Bayelsa,5. South South,Beer,0.20160344801177996,0.1737763953945282,0,0.5422051829850552,0.8619713457697122,75,14,2583352,4.8683820273230936,CV < 10%
6. Bayelsa,5. South South,Biscuits,1.0677388285217477,0.23613180353230723,0.6049204935984256,1.5305571634450699,0.2211512752226353,75,14,2583352,4.8683820273230936,CV < 10%
6. Bayelsa,5. South South,Bottled water,2.6106607840692586,1.7563887270030816,0,6.053182688995298,0.6727755431578453,75,14,2583352,4.8683820273230936,CV < 10%
6. Bayelsa,5. South South,Bread,18.590651929644263,2.756659335433734,13.187599632194145,23.993704227094383,0.14828201538419547,75,14,2583352,4.8683820273230936,CV < 10%
6. Bayelsa,5. South South,Brown beans,0.658891253034748,0.3961488989072623,0,1.4353430948929822,0.6012356319539282,75,14,2583352,4.8683820273230936,CV < 10%
6. Bayelsa,5. South South,Buns/Pofpof/Donuts,0.554323050775534,0.1488475275795838,0.26258189671954973,0.8460642048315183,0.2685212663830891,75,14,2583352,4.8683820273230936,CV < 10%
6. Bayelsa,5. South South,Butter/Margarine,0.018420656976463102,0.013346145407297057,0,0.044579101974765334,0.7245205979542437,75,14,2583352,4.8683820273230936,CV < 10%
6. Bayelsa,5. South South,Cake,0.0531672039434248,0.05674791791198928,0,0.1643931230509238,1.067348171485089,75,14,2583352,4.8683820273230936,CV < 10%
6. Bayelsa,5. South South,Canned fish/seafood,0,0,0,0,NA,75,14,2583352,4.8683820273230936,No estimate
6. Bayelsa,5. South South,Cashew nut,0,0,0,0,NA,75,14,2583352,4.8683820273230936,No estimate
6. Bayelsa,5. South South,Cassava flour,0,0,0,0,NA,75,14,2583352,4.8683820273230936,No estimate
6. Bayelsa,5. South South,Cassava roots,21.089776836886866,12.48750929218453,0,45.56529504956855,0.5921119691671357,75,14,2583352,4.8683820273230936,CV < 10%
6. Bayelsa,5. South South,Cheese/wara,0,0,0,0,NA,75,14,2583352,4.8683820273230936,No estimate
6. Bayelsa,5. South South,Chicken,0.04963736284357366,0.05398258793714338,0,0.15544323520037467,1.0875394026726035,75,14,2583352,4.8683820273230936,CV < 10%
6. Bayelsa,5. South South,Chocolate drinks,0.19255960331622557,0.04407850683859519,0.106165729912579,0.27895347671987214,0.2289083799482517,75,14,2583352,4.8683820273230936,CV < 10%
6. Bayelsa,5. South South,Coconut,1.82752739459481,0.5396701536662727,0.7697738934089156,2.8852808957807046,0.29530071902748445,75,14,2583352,4.8683820273230936,CV < 10%
6. Bayelsa,5. South South,Cocoyam,3.3176369427638894,2.1237204677036696,0,7.480129059463081,0.6401304616334601,75,14,2583352,4.8683820273230936,CV < 10%
6. Bayelsa,5. South South,Coffee,0.00956899752106695,0.004179918844793159,0.001376356585272357,0.01776163845686154,0.4368188867841922,75,14,2583352,4.8683820273230936,CV < 10%
6. Bayelsa,5. South South,Dry pepper,0.03132143505588533,0.015367482177025056,0.0012011699889162217,0.061441700122854444,0.49063786986789065,75,14,2583352,4.8683820273230936,CV < 10%
6. Bayelsa,5. South South,Duck,0,0,0,0,NA,75,14,2583352,4.8683820273230936,No estimate
6. Bayelsa,5. South South,Fish - dried,2.283566249142543,0.3895391517994036,1.520069511615712,3.047062986669374,0.17058368766208198,75,14,2583352,4.8683820273230936,CV < 10%
6. Bayelsa,5. South South,Fish - fresh,13.661202733776475,1.8262930989120312,10.081668259908895,17.240737207644056,0.13368464947794348,75,14,2583352,4.8683820273230936,CV < 10%
6. Bayelsa,5. South South,Fish - frozen,0.19778791453971942,0.1232762623798276,0,0.4394093888041815,0.6232749997223489,75,14,2583352,4.8683820273230936,CV < 10%
6. Bayelsa,5. South South,Fish - smoked,0.7845760920152802,0.4973081038564998,0,1.7592999755740197,0.6338557966749953,75,14,2583352,4.8683820273230936,CV < 10%
6. Bayelsa,5. South South,Fresh milk,0,0,0,0,NA,75,14,2583352,4.8683820273230936,No estimate
6. Bayelsa,5. South South,Fresh pepper,2.622476079923212,0.4711611451601996,1.6990002354092208,3.545951924437203,0.1796627045589661,75,14,2583352,4.8683820273230936,CV < 10%
6. Bayelsa,5. South South,Fruit juice,0,0,0,0,NA,75,14,2583352,4.8683820273230936,No estimate
6. Bayelsa,5. South South,Garden eggs/Eggplant,0.044278880109603416,0.047244201278093305,0,0.1368775146146663,1.066969199788925,75,14,2583352,4.8683820273230936,CV < 10%
6. Bayelsa,5. South South,Gari - white,30.67687292299541,10.563902917020272,9.97162320563568,51.38212264035514,0.34436048757438903,75,14,2583352,4.8683820273230936,CV < 10%
6. Bayelsa,5. South South,Gari - yellow,24.51176947338859,12.020524082989027,0.9515422707300978,48.07199667604708,0.490398055352112,75,14,2583352,4.8683820273230936,CV < 10%
6. Bayelsa,5. South South,Gin,0,0,0,0,NA,75,14,2583352,4.8683820273230936,No estimate
6. Bayelsa,5. South South,Goat,0,0,0,0,NA,75,14,2583352,4.8683820273230936,No estimate
6. Bayelsa,5. South South,Ground pepper,0.4058084355316896,0.0660344338540906,0.27638094517767203,0.5352359258857071,0.16272316707160703,75,14,2583352,4.8683820273230936,CV < 10%
6. Bayelsa,5. South South,Groundnut oil,1.414066352880996,0.27922733624818863,0.8667807738345463,1.9613519319274457,0.19746409755051123,75,14,2583352,4.8683820273230936,CV < 10%
6. Bayelsa,5. South South,Groundnuts - shelled,1.5482531831696749,0.1482956893548323,1.2575936320342036,1.8389127343051461,0.09578258321499632,75,14,2583352,4.8683820273230936,CV < 10%
6. Bayelsa,5. South South,Groundnuts - unshelled,1.1172872732848025,0.21882452441872424,0.688391205424103,1.546183341145502,0.19585341178673277,75,14,2583352,4.8683820273230936,CV < 10%
6. Bayelsa,5. South South,Guava,3.517431245529157,1.6320860599129496,0.318542568099776,6.716319922958538,0.4639994205963281,75,14,2583352,4.8683820273230936,CV < 10%
6. Bayelsa,5. South South,Guinea corn / sorghum,0,0,0,0,NA,75,14,2583352,4.8683820273230936,No estimate
6. Bayelsa,5. South South,Honey,0,0,0,0,NA,75,14,2583352,4.8683820273230936,No estimate
6. Bayelsa,5. South South,Kola nut,0,0,0,0,NA,75,14,2583352,4.8683820273230936,No estimate
6. Bayelsa,5. South South,Leaves,3.7512752807016425,0.20846604743651478,3.3426818277260737,4.159868733677212,0.055572047327202036,75,14,2583352,4.8683820273230936,CV < 10%
6. Bayelsa,5. South South,Local eggs,0,0,0,0,NA,75,14,2583352,4.8683820273230936,No estimate
6. Bayelsa,5. South South,Maize - shelled/off cob,0,0,0,0,NA,75,14,2583352,4.8683820273230936,No estimate
6. Bayelsa,5. South South,Maize - unshelled/on cob,0.05408876278022498,0.059817203716298346,0,0.17133048206416973,1.1059081524816778,75,14,2583352,4.8683820273230936,CV < 10%
6. Bayelsa,5. South South,Maize flour,0,0,0,0,NA,75,14,2583352,4.8683820273230936,No estimate
6. Bayelsa,5. South South,Malt drinks,0.4405373304339458,0.11729788654872586,0.21063347279844308,0.6704411880694485,0.2662609464518774,75,14,2583352,4.8683820273230936,CV < 10%
6. Bayelsa,5. South South,Mangoes,0,0,0,0,NA,75,14,2583352,4.8683820273230936,No estimate
6. Bayelsa,5. South South,Meat pie/Sausage roll,0.12286012112781805,0.07806765024018332,0,0.27587271559857734,0.6354189587601441,75,14,2583352,4.8683820273230936,CV < 10%
6. Bayelsa,5. South South,Melon - ground,0.3388197528658884,0.17878616175952514,0,0.6892406299145577,0.5276733727808729,75,14,2583352,4.8683820273230936,CV < 10%
6. Bayelsa,5. South South,Melon - shelled,0.042193118532717004,0.04503474791514912,0,0.13046122444640929,1.0673481714850892,75,14,2583352,4.8683820273230936,CV < 10%
6. Bayelsa,5. South South,Melon - unshelled,0,0,0,0,NA,75,14,2583352,4.8683820273230936,No estimate
6. Bayelsa,5. South South,Milk - tinned,0.16017336676376645,0.06447996371660758,0.033792637879215603,0.2865540956483173,0.4025635785736252,75,14,2583352,4.8683820273230936,CV < 10%
6. Bayelsa,5. South South,Milk powder,0.454193676402943,0.09268126443013068,0.2725383981198869,0.6358489546859991,0.20405670366028492,75,14,2583352,4.8683820273230936,CV < 10%
6. Bayelsa,5. South South,Millet,0,0,0,0,NA,75,14,2583352,4.8683820273230936,No estimate
6. Bayelsa,5. South South,Mutton,0,0,0,0,NA,75,14,2583352,4.8683820273230936,No estimate
6. Bayelsa,5. South South,Ogbono - ground,0.3223508870253015,0.12247617655898975,0.08229758096968162,0.5624041930809214,0.3799467645000664,75,14,2583352,4.8683820273230936,CV < 10%
6. Bayelsa,5. South South,Ogbono - unground,0.17302303552421902,0.03502559747909778,0.10437286446518737,0.24167320658325067,0.2024331463898924,75,14,2583352,4.8683820273230936,CV < 10%
6. Bayelsa,5. South South,Okra - dried,0,0,0,0,NA,75,14,2583352,4.8683820273230936,No estimate
6. Bayelsa,5. South South,Okra - fresh,5.741541181082435,0.8720919381546407,4.0322409822993395,7.450841379865531,0.15189161074522292,75,14,2583352,4.8683820273230936,CV < 10%
6. Bayelsa,5. South South,Onions,6.18019572538929,0.5415760068303438,5.118706752001817,7.241684698776764,0.08763088272519556,75,14,2583352,4.8683820273230936,CV < 10%
6. Bayelsa,5. South South,Orange/Tangerine,1.4319768082663413,0.5676651865159972,0.3193530426949869,2.5446005738376956,0.39642065656304537,75,14,2583352,4.8683820273230936,CV < 10%
6. Bayelsa,5. South South,Other alcoholic beverages,0,0,0,0,NA,75,14,2583352,4.8683820273230936,No estimate
6. Bayelsa,5. South South,Other domestic poultry,0,0,0,0,NA,75,14,2583352,4.8683820273230936,No estimate
6. Bayelsa,5. South South,Other eggs,0,0,0,0,NA,75,14,2583352,4.8683820273230936,No estimate
6. Bayelsa,5. South South,Other fish/seafood,0,0,0,0,NA,75,14,2583352,4.8683820273230936,No estimate
6. Bayelsa,5. South South,Other fruits,0,0,0,0,NA,75,14,2583352,4.8683820273230936,No estimate
6. Bayelsa,5. South South,Other grains/flour,0,0,0,0,NA,75,14,2583352,4.8683820273230936,No estimate
6. Bayelsa,5. South South,Other meat,0,0,0,0,NA,75,14,2583352,4.8683820273230936,No estimate
6. Bayelsa,5. South South,Other non-alcoholic drinks,0,0,0,0,NA,75,14,2583352,4.8683820273230936,No estimate
6. Bayelsa,5. South South,Other nuts/seeds/pulses,0,0,0,0,NA,75,14,2583352,4.8683820273230936,No estimate
6. Bayelsa,5. South South,Other oil/fat,0,0,0,0,NA,75,14,2583352,4.8683820273230936,No estimate
6. Bayelsa,5. South South,Other spices,0.4385746388327115,0.037570349980369545,0.3649367528711872,0.5122125247942358,0.08566466606542714,75,14,2583352,4.8683820273230936,CV < 10%
6. Bayelsa,5. South South,Other vegetables,0,0,0,0,NA,75,14,2583352,4.8683820273230936,No estimate
6. Bayelsa,5. South South,Palm oil,4.0574089836983696,0.4726040656539535,3.1311050150166206,4.9837129523801185,0.11647927718224997,75,14,2583352,4.8683820273230936,CV < 10%
6. Bayelsa,5. South South,Palm wine,0.058492386452122985,0.06361277502303692,0,0.18317342549727533,1.0875394026726035,75,14,2583352,4.8683820273230936,CV < 10%
6. Bayelsa,5. South South,Pawpaw,7.056745913001372,3.9896754289237046,0,14.876509753691833,0.5653704240042303,75,14,2583352,4.8683820273230936,CV < 10%
6. Bayelsa,5. South South,Pineapples,0.4391853321712437,0.3626457820466032,0,1.149971064982586,0.8257238015071122,75,14,2583352,4.8683820273230936,CV < 10%
6. Bayelsa,5. South South,Pito,0,0,0,0,NA,75,14,2583352,4.8683820273230936,No estimate
6. Bayelsa,5. South South,Plantains,21.904098865119256,4.787483635991091,12.520630938576717,31.287566791661796,0.21856565136376477,75,14,2583352,4.8683820273230936,CV < 10%
6. Bayelsa,5. South South,Pork,0,0,0,0,NA,75,14,2583352,4.8683820273230936,No estimate
6. Bayelsa,5. South South,Potatoes,0,0,0,0,NA,75,14,2583352,4.8683820273230936,No estimate
6. Bayelsa,5. South South,Rice - imported,1.2833245927843147,0.6576266703543475,0,2.5722728666788357,0.512439856644182,75,14,2583352,4.8683820273230936,CV < 10%
6. Bayelsa,5. South South,Rice - local,27.05542395067972,5.713918948861428,15.856142810911322,38.25470509044812,0.21119310343380798,75,14,2583352,4.8683820273230936,CV < 10%
6. Bayelsa,5. South South,Sachet water,76.13420823473972,31.15590740435652,15.068629722200939,137.1997867472785,0.40922350316293443,75,14,2583352,4.8683820273230936,CV < 10%
6. Bayelsa,5. South South,Salt,0.39331558733451355,0.030096519251430028,0.3343264096017107,0.45230476506731643,0.07652002671796743,75,14,2583352,4.8683820273230936,CV < 10%
6. Bayelsa,5. South South,Seafood,0.19005487727949913,0.12293028229928173,0,0.4309982305860913,0.6468146677367168,75,14,2583352,4.8683820273230936,CV < 10%
6. Bayelsa,5. South South,Snails,0.012297098141051477,0.013125285215423985,0,0.038022657163282486,1.0673481714850892,75,14,2583352,4.8683820273230936,CV < 10%
6. Bayelsa,5. South South,Soft drinks,4.379876018882132,0.9484921615622708,2.5208313822200807,6.238920655544183,0.2165568517175408,75,14,2583352,4.8683820273230936,CV < 10%
6. Bayelsa,5. South South,Soya beans,0,0,0,0,NA,75,14,2583352,4.8683820273230936,No estimate
6. Bayelsa,5. South South,Sugar,0.43453233007487835,0.10592462256045834,0.22692006985638,0.6421445902933767,0.24376695410029783,75,14,2583352,4.8683820273230936,CV < 10%
6. Bayelsa,5. South South,Sweet potatoes,6.918620653288009,4.385852560256667,0,15.514891671391076,0.633920080322995,75,14,2583352,4.8683820273230936,CV < 10%
6. Bayelsa,5. South South,Tea,0.036598553633568925,0.03377227369190886,0,0.10279221006971029,0.9227761848198356,75,14,2583352,4.8683820273230936,CV < 10%
6. Bayelsa,5. South South,Tomato puree - canned,0.7130343108433363,0.12269298065810906,0.4725560687534426,0.9535125529332301,0.17207163637468553,75,14,2583352,4.8683820273230936,CV < 10%
6. Bayelsa,5. South South,Tomatoes,1.035110284575982,0.3984644876371148,0.2541198888072371,1.816100680344727,0.38494882484946036,75,14,2583352,4.8683820273230936,CV < 10%
6. Bayelsa,5. South South,Watermelon,0.4121003505023863,0.346316097712174,0,1.0908799020182474,0.8403683648654616,75,14,2583352,4.8683820273230936,CV < 10%
6. Bayelsa,5. South South,Wheat flour,0,0,0,0,NA,75,14,2583352,4.8683820273230936,No estimate
6. Bayelsa,5. South South,White beans,16.97076085173399,4.065319769779096,9.002734102966961,24.938787600501016,0.23954846840963656,75,14,2583352,4.8683820273230936,CV < 10%
6. Bayelsa,5. South South,Wild game/Bush meat,0,0,0,0,NA,75,14,2583352,4.8683820273230936,No estimate
6. Bayelsa,5. South South,Yam flour,0,0,0,0,NA,75,14,2583352,4.8683820273230936,No estimate
6. Bayelsa,5. South South,Yam roots,27.975180708907157,11.533151641005384,5.370203492536604,50.58015792527771,0.4122637047821924,75,14,2583352,4.8683820273230936,CV < 10%
7. Benue,1. North Central,Agricultural eggs,0.10590921682731846,0.05325660603582071,0.0015262689971098642,0.21029216465752706,0.50285147630403,163,20,6259867,5.029375723295694,CV < 10%
7. Benue,1. North Central,Animal fat,0,0,0,0,NA,163,20,6259867,5.029375723295694,No estimate
7. Benue,1. North Central,Apples,0,0,0,0,NA,163,20,6259867,5.029375723295694,No estimate
7. Benue,1. North Central,Avocado pear,0,0,0,0,NA,163,20,6259867,5.029375723295694,No estimate
7. Benue,1. North Central,Baby milk powder,0,0,0,0,NA,163,20,6259867,5.029375723295694,No estimate
7. Benue,1. North Central,Bananas,1.8971989968641187,0.6656258656990075,0.5925723000940641,3.2018256936341736,0.35084662536677536,163,20,6259867,5.029375723295694,CV < 10%
7. Benue,1. North Central,Beef,2.115125150997708,0.6330975646272026,0.8742539243283911,3.355996377667025,0.29931919835976106,163,20,6259867,5.029375723295694,CV < 10%
7. Benue,1. North Central,Beer,1.0350243349389778,0.41268898190149855,0.22615393041204068,1.8438947394659149,0.3987239410422457,163,20,6259867,5.029375723295694,CV < 10%
7. Benue,1. North Central,Biscuits,0.2650392848354007,0.07488388122010257,0.11826687764399962,0.41181169202680173,0.28253879898071815,163,20,6259867,5.029375723295694,CV < 10%
7. Benue,1. North Central,Bottled water,0,0,0,0,NA,163,20,6259867,5.029375723295694,No estimate
7. Benue,1. North Central,Bread,2.4860823408959436,0.5274600264112924,1.4522606891298104,3.5199039926620768,0.21216514744286563,163,20,6259867,5.029375723295694,CV < 10%
7. Benue,1. North Central,Brown beans,0.11348846309666402,0.07511819051757711,0,0.26072011651111515,0.6619015578138109,163,20,6259867,5.029375723295694,CV < 10%
7. Benue,1. North Central,Buns/Pofpof/Donuts,0.01706217096023252,0.016106231248032815,0,0.04863038420637684,0.943973148878431,163,20,6259867,5.029375723295694,CV < 10%
7. Benue,1. North Central,Butter/Margarine,0,0,0,0,NA,163,20,6259867,5.029375723295694,No estimate
7. Benue,1. North Central,Cake,0.17894528073964822,0.14696062663042667,0,0.4669881089352845,0.8212601417762071,163,20,6259867,5.029375723295694,CV < 10%
7. Benue,1. North Central,Canned fish/seafood,0,0,0,0,NA,163,20,6259867,5.029375723295694,No estimate
7. Benue,1. North Central,Cashew nut,0.036009789298233785,0.02632664863316035,0,0.08761002061922807,0.7310969918519247,163,20,6259867,5.029375723295694,CV < 10%
7. Benue,1. North Central,Cassava flour,6.663825566755443,0.9628695980393565,4.776601154598304,8.551049978912582,0.14449201714446572,163,20,6259867,5.029375723295694,CV < 10%
7. Benue,1. North Central,Cassava roots,9.890696328779034,3.777811716342366,2.486185364747997,17.295207292810073,0.38195609194370256,163,20,6259867,5.029375723295694,CV < 10%
7. Benue,1. North Central,Cheese/wara,0,0,0,0,NA,163,20,6259867,5.029375723295694,No estimate
7. Benue,1. North Central,Chicken,1.636715282631898,0.530888688931928,0.5961734523253193,2.677257112938477,0.32436227275781254,163,20,6259867,5.029375723295694,CV < 10%
7. Benue,1. North Central,Chocolate drinks,0.0565170444487694,0.022556113272201403,0.012307062435254652,0.10072702646228415,0.3991028457379381,163,20,6259867,5.029375723295694,CV < 10%
7. Benue,1. North Central,Coconut,0.33676060671574565,0.17325238870927112,0,0.6763352885859171,0.5144675037823255,163,20,6259867,5.029375723295694,CV < 10%
7. Benue,1. North Central,Cocoyam,0,0,0,0,NA,163,20,6259867,5.029375723295694,No estimate
7. Benue,1. North Central,Coffee,0,0,0,0,NA,163,20,6259867,5.029375723295694,No estimate
7. Benue,1. North Central,Dry pepper,0.21834926156690349,0.058081602470379856,0.10450932072495897,0.33218920240884797,0.26600320080580314,163,20,6259867,5.029375723295694,CV < 10%
7. Benue,1. North Central,Duck,0,0,0,0,NA,163,20,6259867,5.029375723295694,No estimate
7. Benue,1. North Central,Fish - dried,1.456672680000009,0.3447829733347529,0.7808980522638933,2.1324473077361246,0.23669213960596197,163,20,6259867,5.029375723295694,CV < 10%
7. Benue,1. North Central,Fish - fresh,4.1152806524123164,1.8249630790204272,0.538353017532279,7.692208287292354,0.44346017517679165,163,20,6259867,5.029375723295694,CV < 10%
7. Benue,1. North Central,Fish - frozen,1.735651424454339,0.4744567318092107,0.8057162301082861,2.665586618800392,0.27335945750649343,163,20,6259867,5.029375723295694,CV < 10%
7. Benue,1. North Central,Fish - smoked,1.6390176639504586,0.3786977654954596,0.8967700435793577,2.381265284321559,0.23105166821857157,163,20,6259867,5.029375723295694,CV < 10%
7. Benue,1. North Central,Fresh milk,0,0,0,0,NA,163,20,6259867,5.029375723295694,No estimate
7. Benue,1. North Central,Fresh pepper,1.697333634905001,0.3235484725334484,1.0631786287394422,2.3314886410705595,0.1906216113790482,163,20,6259867,5.029375723295694,CV < 10%
7. Benue,1. North Central,Fruit juice,0,0,0,0,NA,163,20,6259867,5.029375723295694,No estimate
7. Benue,1. North Central,Garden eggs/Eggplant,0.17409687816934197,0.12340596911179073,0,0.4159725776284518,0.7088350486776404,163,20,6259867,5.029375723295694,CV < 10%
7. Benue,1. North Central,Gari - white,7.710667529471018,1.3284023911891203,5.106998842740342,10.314336216201694,0.17228111393881534,163,20,6259867,5.029375723295694,CV < 10%
7. Benue,1. North Central,Gari - yellow,1.1398102058446866,0.4533945366189814,0.2511569140714831,2.0284634976178904,0.3977807307691032,163,20,6259867,5.029375723295694,CV < 10%
7. Benue,1. North Central,Gin,0,0,0,0,NA,163,20,6259867,5.029375723295694,No estimate
7. Benue,1. North Central,Goat,0.8641725179203549,0.20209748423832544,0.468061448813237,1.2602835870274727,0.23386242914166758,163,20,6259867,5.029375723295694,CV < 10%
7. Benue,1. North Central,Ground pepper,0.2752819307577264,0.04283653032276017,0.19132233132511645,0.35924153019033633,0.15560966971152307,163,20,6259867,5.029375723295694,CV < 10%
7. Benue,1. North Central,Groundnut oil,1.9502834523099573,0.4346005705373411,1.0984663340567686,2.802100570563146,0.22283969544149643,163,20,6259867,5.029375723295694,CV < 10%
7. Benue,1. North Central,Groundnuts - shelled,0.084195705421071,0.04546359704940274,0,0.17330435563790036,0.5399752495930146,163,20,6259867,5.029375723295694,CV < 10%
7. Benue,1. North Central,Groundnuts - unshelled,0.4669806563569792,0.13425597136547143,0.2038389524806552,0.7301223602333032,0.28749792852841566,163,20,6259867,5.029375723295694,CV < 10%
7. Benue,1. North Central,Guava,0.0363531087649009,0.03654390851489608,0,0.10797916945409722,1.0052485126163238,163,20,6259867,5.029375723295694,CV < 10%
7. Benue,1. North Central,Guinea corn / sorghum,10.132750100898315,2.6527361295776712,4.93338728692608,15.33211291487055,0.2617982386975569,163,20,6259867,5.029375723295694,CV < 10%
7. Benue,1. North Central,Honey,0.13777131003957963,0.1349864223694662,0,0.4023446978837334,0.9797861567164211,163,20,6259867,5.029375723295694,CV < 10%
7. Benue,1. North Central,Kola nut,0.01871972580429482,0.0058352594834812236,0.007282617216671623,0.03015683439191802,0.31171714503117637,163,20,6259867,5.029375723295694,CV < 10%
7. Benue,1. North Central,Leaves,0.6806198947371208,0.1932378200809886,0.3018737673783831,1.0593660220958585,0.28391444560348006,163,20,6259867,5.029375723295694,CV < 10%
7. Benue,1. North Central,Local eggs,0.06362937323282636,0.038734294106099,0,0.13954858968078038,0.608748635074029,163,20,6259867,5.029375723295694,CV < 10%
7. Benue,1. North Central,Maize - shelled/off cob,0,0,0,0,NA,163,20,6259867,5.029375723295694,No estimate
7. Benue,1. North Central,Maize - unshelled/on cob,0.5525864954203826,0.41416246585621613,0,1.3643449284985663,0.7494979868104453,163,20,6259867,5.029375723295694,CV < 10%
7. Benue,1. North Central,Maize flour,6.969385362499666,2.0934358718980057,2.8662510535795747,11.072519671419757,0.3003759676085936,163,20,6259867,5.029375723295694,CV < 10%
7. Benue,1. North Central,Malt drinks,0.21758898538304094,0.12936097235820612,0,0.47113649120512496,0.5945198564646123,163,20,6259867,5.029375723295694,CV < 10%
7. Benue,1. North Central,Mangoes,9.74262945433528,5.7233763255341925,0,20.960447052382296,0.587457046617677,163,20,6259867,5.029375723295694,CV < 10%
7. Benue,1. North Central,Meat pie/Sausage roll,0,0,0,0,NA,163,20,6259867,5.029375723295694,No estimate
7. Benue,1. North Central,Melon - ground,0.10109959540878839,0.03825970791526567,0.02611056789486768,0.1760886229227091,0.37843581629150447,163,20,6259867,5.029375723295694,CV < 10%
7. Benue,1. North Central,Melon - shelled,0.5977433072785152,0.11852159945382837,0.36544097234901163,0.8300456422080188,0.19828176745875947,163,20,6259867,5.029375723295694,CV < 10%
7. Benue,1. North Central,Melon - unshelled,0.12147311217869385,0.049801990825860565,0.02386121016000714,0.21908501419738055,0.40998365755706506,163,20,6259867,5.029375723295694,CV < 10%
7. Benue,1. North Central,Milk - tinned,0,0,0,0,NA,163,20,6259867,5.029375723295694,No estimate
7. Benue,1. North Central,Milk powder,0.10793960047708694,0.05056105036873906,0.008839941754358371,0.2070392591998155,0.46841983984804536,163,20,6259867,5.029375723295694,CV < 10%
7. Benue,1. North Central,Millet,0.6738646214984869,0.45738870024115924,0,1.570346473971159,0.6787545831150096,163,20,6259867,5.029375723295694,CV < 10%
7. Benue,1. North Central,Mutton,0,0,0,0,NA,163,20,6259867,5.029375723295694,No estimate
7. Benue,1. North Central,Ogbono - ground,0.07435680130214513,0.02186228523525626,0.03150672224104286,0.11720688036324739,0.2940186351806604,163,20,6259867,5.029375723295694,CV < 10%
7. Benue,1. North Central,Ogbono - unground,0.18742161224089662,0.054008900576167564,0.0815641671116082,0.29327905737018506,0.2881679435493751,163,20,6259867,5.029375723295694,CV < 10%
7. Benue,1. North Central,Okra - dried,0.7562735733918938,0.19475899258870916,0.37454594791802387,1.138001198865764,0.25752452477641563,163,20,6259867,5.029375723295694,CV < 10%
7. Benue,1. North Central,Okra - fresh,1.7853608260400935,0.3787884763364566,1.0429354124206385,2.5277862396595485,0.21216354185198766,163,20,6259867,5.029375723295694,CV < 10%
7. Benue,1. North Central,Onions,6.899453145885188,0.7660474203630978,5.398000201973516,8.400906089796859,0.11103016487907684,163,20,6259867,5.029375723295694,CV < 10%
7. Benue,1. North Central,Orange/Tangerine,5.636010912313245,1.4365498750343717,2.820373157245877,8.451648667380613,0.25488770291339874,163,20,6259867,5.029375723295694,CV < 10%
7. Benue,1. North Central,Other alcoholic beverages,0,0,0,0,NA,163,20,6259867,5.029375723295694,No estimate
7. Benue,1. North Central,Other domestic poultry,0,0,0,0,NA,163,20,6259867,5.029375723295694,No estimate
7. Benue,1. North Central,Other eggs,0,0,0,0,NA,163,20,6259867,5.029375723295694,No estimate
7. Benue,1. North Central,Other fish/seafood,0,0,0,0,NA,163,20,6259867,5.029375723295694,No estimate
7. Benue,1. North Central,Other fruits,0.01038660295337385,0.010441117170015383,0,0.030851192606604003,1.0052485126163242,163,20,6259867,5.029375723295694,CV < 10%
7. Benue,1. North Central,Other grains/flour,0,0,0,0,NA,163,20,6259867,5.029375723295694,No estimate
7. Benue,1. North Central,Other meat,0,0,0,0,NA,163,20,6259867,5.029375723295694,No estimate
7. Benue,1. North Central,Other non-alcoholic drinks,0,0,0,0,NA,163,20,6259867,5.029375723295694,No estimate
7. Benue,1. North Central,Other nuts/seeds/pulses,0,0,0,0,NA,163,20,6259867,5.029375723295694,No estimate
7. Benue,1. North Central,Other oil/fat,0,0,0,0,NA,163,20,6259867,5.029375723295694,No estimate
7. Benue,1. North Central,Other spices,0.6341245346376568,0.06369410988750022,0.5092840792581564,0.7589649900171572,0.10044416578818462,163,20,6259867,5.029375723295694,CV < 10%
7. Benue,1. North Central,Other vegetables,0,0,0,0,NA,163,20,6259867,5.029375723295694,No estimate
7. Benue,1. North Central,Palm oil,6.6442453129474615,0.24402096840867749,6.165964214866453,7.12252641102847,0.03672666449162562,163,20,6259867,5.029375723295694,CV < 10%
7. Benue,1. North Central,Palm wine,0.6528014888604758,0.30704930130306524,0.05098485830646804,1.2546181194144836,0.4703563128188442,163,20,6259867,5.029375723295694,CV < 10%
7. Benue,1. North Central,Pawpaw,0.7962309687836099,0.4149905660289993,0,1.6096124782004484,0.5211937017006186,163,20,6259867,5.029375723295694,CV < 10%
7. Benue,1. North Central,Pineapples,0.5880621937112148,0.4815720484159019,0,1.5319434086063826,0.8189134645380587,163,20,6259867,5.029375723295694,CV < 10%
7. Benue,1. North Central,Pito,0,0,0,0,NA,163,20,6259867,5.029375723295694,No estimate
7. Benue,1. North Central,Plantains,1.1505465876354593,0.48661999773054454,0.19677139208359196,2.1043217831873267,0.4229468002079077,163,20,6259867,5.029375723295694,CV < 10%
7. Benue,1. North Central,Pork,1.1904028580277317,0.3928288857444187,0.4204582419686711,1.9603474740867923,0.3299965915700677,163,20,6259867,5.029375723295694,CV < 10%
7. Benue,1. North Central,Potatoes,0,0,0,0,NA,163,20,6259867,5.029375723295694,No estimate
7. Benue,1. North Central,Rice - imported,0,0,0,0,NA,163,20,6259867,5.029375723295694,No estimate
7. Benue,1. North Central,Rice - local,17.25628335780068,1.4705497447176388,14.374005858154108,20.138560857447253,0.08521821960305716,163,20,6259867,5.029375723295694,CV < 10%
7. Benue,1. North Central,Sachet water,26.447284102675862,9.869600245015793,7.102867622444908,45.79170058290681,0.37318010449387556,163,20,6259867,5.029375723295694,CV < 10%
7. Benue,1. North Central,Salt,1.3204675781586381,0.09825609847235252,1.1278856251528273,1.513049531164449,0.07441008026063646,163,20,6259867,5.029375723295694,CV < 10%
7. Benue,1. North Central,Seafood,0,0,0,0,NA,163,20,6259867,5.029375723295694,No estimate
7. Benue,1. North Central,Snails,0,0,0,0,NA,163,20,6259867,5.029375723295694,No estimate
7. Benue,1. North Central,Soft drinks,2.4442838721841182,0.5069574406320798,1.450647288545242,3.4379204558229945,0.20740530443343397,163,20,6259867,5.029375723295694,CV < 10%
7. Benue,1. North Central,Soya beans,0.21284301797413008,0.19512635889097465,0,0.5952906814004404,0.9167618498751564,163,20,6259867,5.029375723295694,CV < 10%
7. Benue,1. North Central,Sugar,0.30841917120700596,0.07461719984409133,0.16216945951258696,0.45466888290142493,0.2419343763621279,163,20,6259867,5.029375723295694,CV < 10%
7. Benue,1. North Central,Sweet potatoes,10.44702758749381,3.588395017606189,3.4137733529856797,17.480281822001942,0.3434847843133749,163,20,6259867,5.029375723295694,CV < 10%
7. Benue,1. North Central,Tea,0.0834114090088516,0.0542516659437945,0,0.18974467425868882,0.6504106163467077,163,20,6259867,5.029375723295694,CV < 10%
7. Benue,1. North Central,Tomato puree - canned,0.34962461071317685,0.07210600753378177,0.20829683594696458,0.49095238547938913,0.20623836344557478,163,20,6259867,5.029375723295694,CV < 10%
7. Benue,1. North Central,Tomatoes,3.9762102771330987,0.5278841672007071,2.941557309419713,5.010863244846485,0.13276062642776496,163,20,6259867,5.029375723295694,CV < 10%
7. Benue,1. North Central,Watermelon,0,0,0,0,NA,163,20,6259867,5.029375723295694,No estimate
7. Benue,1. North Central,Wheat flour,0.4515143008953634,0.3039154139201094,0,1.0471885121787778,0.673102520379616,163,20,6259867,5.029375723295694,CV < 10%
7. Benue,1. North Central,White beans,5.501569194344318,0.5674740988748551,4.389319960549602,6.613818428139035,0.1031476800215883,163,20,6259867,5.029375723295694,CV < 10%
7. Benue,1. North Central,Wild game/Bush meat,0,0,0,0,NA,163,20,6259867,5.029375723295694,No estimate
7. Benue,1. North Central,Yam flour,9.82264037075746,2.769139682779151,4.395126592510324,15.250154149004597,0.2819139842504091,163,20,6259867,5.029375723295694,CV < 10%
7. Benue,1. North Central,Yam roots,199.8460324313313,13.611490284596975,173.16751147352124,226.52455338914137,0.06810988498995592,163,20,6259867,5.029375723295694,CV < 10%
8. Borno,2. North East,Agricultural eggs,0.08768524148044951,0.06467041351938833,0,0.21443925197845065,0.737529057655699,46,7,6350584.389680628,8.4993679470667,CV < 10%
8. Borno,2. North East,Animal fat,0,0,0,0,NA,46,7,6350584.389680628,8.4993679470667,No estimate
8. Borno,2. North East,Apples,0,0,0,0,NA,46,7,6350584.389680628,8.4993679470667,No estimate
8. Borno,2. North East,Avocado pear,0,0,0,0,NA,46,7,6350584.389680628,8.4993679470667,No estimate
8. Borno,2. North East,Baby milk powder,0,0,0,0,NA,46,7,6350584.389680628,8.4993679470667,No estimate
8. Borno,2. North East,Bananas,0.18542581981379566,0.12923448669117857,0,0.4387254137285056,0.6969605787422466,46,7,6350584.389680628,8.4993679470667,CV < 10%
8. Borno,2. North East,Beef,0.3937947409287983,0.18423043055866753,0.032703097033809914,0.7548863848237867,0.4678336488804915,46,7,6350584.389680628,8.4993679470667,CV < 10%
8. Borno,2. North East,Beer,0,0,0,0,NA,46,7,6350584.389680628,8.4993679470667,No estimate
8. Borno,2. North East,Biscuits,0.17280833584705252,0.05544842396324378,0.06412942487909472,0.2814872468150103,0.3208666045619438,46,7,6350584.389680628,8.4993679470667,CV < 10%
8. Borno,2. North East,Bottled water,0,0,0,0,NA,46,7,6350584.389680628,8.4993679470667,No estimate
8. Borno,2. North East,Bread,1.7800203856466417,0.45153139684481036,0.8950188478308134,2.66502192346247,0.25366641892743214,46,7,6350584.389680628,8.4993679470667,CV < 10%
8. Borno,2. North East,Brown beans,1.2255475830531497,0.7622277397742503,0,2.71951395301068,0.621948711183737,46,7,6350584.389680628,8.4993679470667,CV < 10%
8. Borno,2. North East,Buns/Pofpof/Donuts,0.03570058637787816,0.04031527431936382,0,0.11471852404383123,1.1292608444197754,46,7,6350584.389680628,8.4993679470667,CV < 10%
8. Borno,2. North East,Butter/Margarine,0,0,0,0,NA,46,7,6350584.389680628,8.4993679470667,No estimate
8. Borno,2. North East,Cake,0,0,0,0,NA,46,7,6350584.389680628,8.4993679470667,No estimate
8. Borno,2. North East,Canned fish/seafood,0,0,0,0,NA,46,7,6350584.389680628,8.4993679470667,No estimate
8. Borno,2. North East,Cashew nut,0.03689265260723372,0.0393763826104154,0,0.1140703625236479,1.0673231613249377,46,7,6350584.389680628,8.4993679470667,CV < 10%
8. Borno,2. North East,Cassava flour,0.5756943088221682,0.3159227715746131,0,1.1949029411084098,0.5487682729067964,46,7,6350584.389680628,8.4993679470667,CV < 10%
8. Borno,2. North East,Cassava roots,1.9819295234290073,2.130973155687498,0,6.1586369085765025,1.0752012775916597,46,7,6350584.389680628,8.4993679470667,CV < 10%
8. Borno,2. North East,Cheese/wara,0,0,0,0,NA,46,7,6350584.389680628,8.4993679470667,No estimate
8. Borno,2. North East,Chicken,1.0101383315332002,0.47826050375340473,0.07274774417652696,1.9475289188898735,0.47346040519766747,46,7,6350584.389680628,8.4993679470667,CV < 10%
8. Borno,2. North East,Chocolate drinks,0.012048203410587,0.012954243699747339,0,0.037438521062091785,1.07520127759166,46,7,6350584.389680628,8.4993679470667,CV < 10%
8. Borno,2. North East,Coconut,0,0,0,0,NA,46,7,6350584.389680628,8.4993679470667,No estimate
8. Borno,2. North East,Cocoyam,0.217771281157107,0.23414795972289396,0,0.6767012822139792,1.0752012775916595,46,7,6350584.389680628,8.4993679470667,CV < 10%
8. Borno,2. North East,Coffee,0,0,0,0,NA,46,7,6350584.389680628,8.4993679470667,No estimate
8. Borno,2. North East,Dry pepper,0.4470931704225573,0.027602893749498633,0.39299149867354,0.5011948421715746,0.06173857167938966,46,7,6350584.389680628,8.4993679470667,CV < 10%
8. Borno,2. North East,Duck,0.12530130900694492,0.13472412752817453,0,0.389360598962167,1.07520127759166,46,7,6350584.389680628,8.4993679470667,CV < 10%
8. Borno,2. North East,Fish - dried,0.9067450513271217,0.3191318254847915,0.2812466733769303,1.532243429277313,0.35195320340343383,46,7,6350584.389680628,8.4993679470667,CV < 10%
8. Borno,2. North East,Fish - fresh,0.022289176264702896,0.023965350796274258,0,0.06926126382540045,1.07520127759166,46,7,6350584.389680628,8.4993679470667,CV < 10%
8. Borno,2. North East,Fish - frozen,0,0,0,0,NA,46,7,6350584.389680628,8.4993679470667,No estimate
8. Borno,2. North East,Fish - smoked,0.10779692737833797,0.034042271678522605,0.04107407488843366,0.1745197798682423,0.31580001866883894,46,7,6350584.389680628,8.4993679470667,CV < 10%
8. Borno,2. North East,Fresh milk,1.394294957409141,1.3388916751048312,0,4.01852264061461,0.9602643027503597,46,7,6350584.389680628,8.4993679470667,CV < 10%
8. Borno,2. North East,Fresh pepper,1.0040558084606952,0.42699182873355435,0.16715182414292873,1.8409597927784618,0.42526702712687847,46,7,6350584.389680628,8.4993679470667,CV < 10%
8. Borno,2. North East,Fruit juice,0,0,0,0,NA,46,7,6350584.389680628,8.4993679470667,No estimate
8. Borno,2. North East,Garden eggs/Eggplant,1.2148557800444313,0.5725759514926179,0.0926069151189004,2.337104644969962,0.4713118716623934,46,7,6350584.389680628,8.4993679470667,CV < 10%
8. Borno,2. North East,Gari - white,4.37296869319854,1.5588829442610599,1.3175581224468624,7.428379263950217,0.3564816154951339,46,7,6350584.389680628,8.4993679470667,CV < 10%
8. Borno,2. North East,Gari - yellow,0,0,0,0,NA,46,7,6350584.389680628,8.4993679470667,No estimate
8. Borno,2. North East,Gin,0,0,0,0,NA,46,7,6350584.389680628,8.4993679470667,No estimate
8. Borno,2. North East,Goat,0.047211263937540444,0.050389675475961695,0,0.14597502787042538,1.0673231613249377,46,7,6350584.389680628,8.4993679470667,CV < 10%
8. Borno,2. North East,Ground pepper,0,0,0,0,NA,46,7,6350584.389680628,8.4993679470667,No estimate
8. Borno,2. North East,Groundnut oil,1.0790215877873528,0.2394229336591614,0.6097526378153965,1.5482905377593092,0.2218889189697523,46,7,6350584.389680628,8.4993679470667,CV < 10%
8. Borno,2. North East,Groundnuts - shelled,1.2170942432392675,0.36908460566699264,0.4936884161319619,1.9405000703465731,0.30325063791665197,46,7,6350584.389680628,8.4993679470667,CV < 10%
8. Borno,2. North East,Groundnuts - unshelled,0.7900872731638471,0.1096884685372845,0.5750978748307695,1.0050766714969246,0.13883082573656072,46,7,6350584.389680628,8.4993679470667,CV < 10%
8. Borno,2. North East,Guava,0,0,0,0,NA,46,7,6350584.389680628,8.4993679470667,No estimate
8. Borno,2. North East,Guinea corn / sorghum,7.261803655972033,3.676310261222361,0.05623554397620545,14.46737176796786,0.5062530516366965,46,7,6350584.389680628,8.4993679470667,CV < 10%
8. Borno,2. North East,Honey,0.06024101615527391,0.06477121753357033,0,0.18719260252107175,1.07520127759166,46,7,6350584.389680628,8.4993679470667,CV < 10%
8. Borno,2. North East,Kola nut,0.27989364143674333,0.14774026341367846,0,0.5694645577275531,0.527844300625415,46,7,6350584.389680628,8.4993679470667,CV < 10%
8. Borno,2. North East,Leaves,1.2722392284223136,0.40628959531314596,0.4759116216085476,2.0685668352360795,0.3193499982051175,46,7,6350584.389680628,8.4993679470667,CV < 10%
8. Borno,2. North East,Local eggs,0.05421691669413314,0.05829409809661253,0,0.1684733489634937,1.0752012775916597,46,7,6350584.389680628,8.4993679470667,CV < 10%
8. Borno,2. North East,Maize - shelled/off cob,0,0,0,0,NA,46,7,6350584.389680628,8.4993679470667,No estimate
8. Borno,2. North East,Maize - unshelled/on cob,0,0,0,0,NA,46,7,6350584.389680628,8.4993679470667,No estimate
8. Borno,2. North East,Maize flour,27.199827729513665,2.087454481235939,23.108416946291225,31.291238512736104,0.07674513610874485,46,7,6350584.389680628,8.4993679470667,CV < 10%
8. Borno,2. North East,Malt drinks,0.1667113299654931,0.11386385424180459,0,0.3898844842794301,0.683000095226718,46,7,6350584.389680628,8.4993679470667,CV < 10%
8. Borno,2. North East,Mangoes,0,0,0,0,NA,46,7,6350584.389680628,8.4993679470667,No estimate
8. Borno,2. North East,Meat pie/Sausage roll,0,0,0,0,NA,46,7,6350584.389680628,8.4993679470667,No estimate
8. Borno,2. North East,Melon - ground,0,0,0,0,NA,46,7,6350584.389680628,8.4993679470667,No estimate
8. Borno,2. North East,Melon - shelled,0,0,0,0,NA,46,7,6350584.389680628,8.4993679470667,No estimate
8. Borno,2. North East,Melon - unshelled,0,0,0,0,NA,46,7,6350584.389680628,8.4993679470667,No estimate
8. Borno,2. North East,Milk - tinned,0,0,0,0,NA,46,7,6350584.389680628,8.4993679470667,No estimate
8. Borno,2. North East,Milk powder,0.059108650859109914,0.032395882038044374,0,0.12260457965367688,0.5480734472397701,46,7,6350584.389680628,8.4993679470667,CV < 10%
8. Borno,2. North East,Millet,1.4903560656593582,0.9142874253842593,0,3.2823594194125065,0.6134691208706313,46,7,6350584.389680628,8.4993679470667,CV < 10%
8. Borno,2. North East,Mutton,0.08558137482341058,0.06955298314688092,0,0.22190522179129718,0.8127116827744029,46,7,6350584.389680628,8.4993679470667,CV < 10%
8. Borno,2. North East,Ogbono - ground,0,0,0,0,NA,46,7,6350584.389680628,8.4993679470667,No estimate
8. Borno,2. North East,Ogbono - unground,0,0,0,0,NA,46,7,6350584.389680628,8.4993679470667,No estimate
8. Borno,2. North East,Okra - dried,0.5084590671225726,0.11304798100884729,0.2868850243452319,0.7300331098999133,0.22233447748035767,46,7,6350584.389680628,8.4993679470667,CV < 10%
8. Borno,2. North East,Okra - fresh,0.36587068639588227,0.11936764051478425,0.13191011098690514,0.5998312618048594,0.3262563658505977,46,7,6350584.389680628,8.4993679470667,CV < 10%
8. Borno,2. North East,Onions,6.184985722372461,0.32416959037663606,5.549613325234254,6.820358119510668,0.05241234255465506,46,7,6350584.389680628,8.4993679470667,CV < 10%
8. Borno,2. North East,Orange/Tangerine,3.671339126763655,1.6806043469785148,0.37735460668576604,6.965323646841544,0.4577633089591467,46,7,6350584.389680628,8.4993679470667,CV < 10%
8. Borno,2. North East,Other alcoholic beverages,0,0,0,0,NA,46,7,6350584.389680628,8.4993679470667,No estimate
8. Borno,2. North East,Other domestic poultry,0,0,0,0,NA,46,7,6350584.389680628,8.4993679470667,No estimate
8. Borno,2. North East,Other eggs,0,0,0,0,NA,46,7,6350584.389680628,8.4993679470667,No estimate
8. Borno,2. North East,Other fish/seafood,0,0,0,0,NA,46,7,6350584.389680628,8.4993679470667,No estimate
8. Borno,2. North East,Other fruits,0,0,0,0,NA,46,7,6350584.389680628,8.4993679470667,No estimate
8. Borno,2. North East,Other grains/flour,0,0,0,0,NA,46,7,6350584.389680628,8.4993679470667,No estimate
8. Borno,2. North East,Other meat,0,0,0,0,NA,46,7,6350584.389680628,8.4993679470667,No estimate
8. Borno,2. North East,Other non-alcoholic drinks,0,0,0,0,NA,46,7,6350584.389680628,8.4993679470667,No estimate
8. Borno,2. North East,Other nuts/seeds/pulses,0.12484950540730208,0.13423834772061802,0,0.3879566669397134,1.0752012775916597,46,7,6350584.389680628,8.4993679470667,CV < 10%
8. Borno,2. North East,Other oil/fat,0.6301617616084795,0.1781947969926211,0.2808999595029421,0.9794235637140168,0.2827762772177437,46,7,6350584.389680628,8.4993679470667,CV < 10%
8. Borno,2. North East,Other spices,1.8016904732142436,0.07572853761092865,1.6532625394968234,1.9501184069316637,0.04203193541664666,46,7,6350584.389680628,8.4993679470667,CV < 10%
8. Borno,2. North East,Other vegetables,0.12092741770191309,0.09514581277221365,0,0.3074132107354518,0.7868009966668496,46,7,6350584.389680628,8.4993679470667,CV < 10%
8. Borno,2. North East,Palm oil,1.3705420142168687,0.31864560861781915,0.7459966213259432,1.9950874071077942,0.23249605288451816,46,7,6350584.389680628,8.4993679470667,CV < 10%
8. Borno,2. North East,Palm wine,0,0,0,0,NA,46,7,6350584.389680628,8.4993679470667,No estimate
8. Borno,2. North East,Pawpaw,0,0,0,0,NA,46,7,6350584.389680628,8.4993679470667,No estimate
8. Borno,2. North East,Pineapples,0,0,0,0,NA,46,7,6350584.389680628,8.4993679470667,No estimate
8. Borno,2. North East,Pito,0,0,0,0,NA,46,7,6350584.389680628,8.4993679470667,No estimate
8. Borno,2. North East,Plantains,0,0,0,0,NA,46,7,6350584.389680628,8.4993679470667,No estimate
8. Borno,2. North East,Pork,0,0,0,0,NA,46,7,6350584.389680628,8.4993679470667,No estimate
8. Borno,2. North East,Potatoes,0,0,0,0,NA,46,7,6350584.389680628,8.4993679470667,No estimate
8. Borno,2. North East,Rice - imported,0,0,0,0,NA,46,7,6350584.389680628,8.4993679470667,No estimate
8. Borno,2. North East,Rice - local,14.399188679287484,2.050640891413669,10.379932532116692,18.418444826458277,0.1424136412882355,46,7,6350584.389680628,8.4993679470667,CV < 10%
8. Borno,2. North East,Sachet water,14.320666578045337,15.28477912435973,0,44.27883366179041,1.0673231613249379,46,7,6350584.389680628,8.4993679470667,CV < 10%
8. Borno,2. North East,Salt,0.782637498767476,0.03564545573291205,0.7127724055309684,0.8525025920039836,0.045545294966121246,46,7,6350584.389680628,8.4993679470667,CV < 10%
8. Borno,2. North East,Seafood,0,0,0,0,NA,46,7,6350584.389680628,8.4993679470667,No estimate
8. Borno,2. North East,Snails,0,0,0,0,NA,46,7,6350584.389680628,8.4993679470667,No estimate
8. Borno,2. North East,Soft drinks,0.21394170642472596,0.189981981876615,0,0.5863063909028914,0.8880081637726815,46,7,6350584.389680628,8.4993679470667,CV < 10%
8. Borno,2. North East,Soya beans,0.14072301167050869,0.151305561934677,0,0.43728191306247566,1.07520127759166,46,7,6350584.389680628,8.4993679470667,CV < 10%
8. Borno,2. North East,Sugar,0.8445257250651371,0.29861421249884873,0.2592418685673936,1.4298095815628806,0.3535880597074968,46,7,6350584.389680628,8.4993679470667,CV < 10%
8. Borno,2. North East,Sweet potatoes,3.59348486187563,0.7821835745010055,2.0604050558536593,5.1265646678976005,0.21766714055189937,46,7,6350584.389680628,8.4993679470667,CV < 10%
8. Borno,2. North East,Tea,0.2054234648358878,0.08265342907740857,0.04342274384416703,0.3674241858276086,0.402356318658339,46,7,6350584.389680628,8.4993679470667,CV < 10%
8. Borno,2. North East,Tomato puree - canned,0.10100169143568033,0.07926702188549441,0,0.25636505433124934,0.784808855760332,46,7,6350584.389680628,8.4993679470667,CV < 10%
8. Borno,2. North East,Tomatoes,3.2178944708427104,0.6037147395784558,2.034613581268937,4.401175360416484,0.1876117271864274,46,7,6350584.389680628,8.4993679470667,CV < 10%
8. Borno,2. North East,Watermelon,1.9769975422743034,1.0370822452237403,0,4.009678742912834,0.5245743725258752,46,7,6350584.389680628,8.4993679470667,CV < 10%
8. Borno,2. North East,Wheat flour,0.2318680519268667,0.2474781421928382,0,0.7169252106248295,1.0673231613249379,46,7,6350584.389680628,8.4993679470667,CV < 10%
8. Borno,2. North East,White beans,3.493770596761046,0.2815109030927475,2.942009226699261,4.045531966822831,0.08057509653144558,46,7,6350584.389680628,8.4993679470667,CV < 10%
8. Borno,2. North East,Wild game/Bush meat,0,0,0,0,NA,46,7,6350584.389680628,8.4993679470667,No estimate
8. Borno,2. North East,Yam flour,0,0,0,0,NA,46,7,6350584.389680628,8.4993679470667,No estimate
8. Borno,2. North East,Yam roots,7.762452506054721,1.3516626025435852,5.113193805069295,10.411711207040149,0.1741282927643405,46,7,6350584.389680628,8.4993679470667,CV < 10%
9. Cross River,5. South South,Agricultural eggs,0.9963176428680491,0.6339377637394206,0,2.2388356597973136,0.6362807767957778,99,18,4490963,3.8476265824081706,CV < 10%
9. Cross River,5. South South,Animal fat,0,0,0,0,NA,99,18,4490963,3.8476265824081706,No estimate
9. Cross River,5. South South,Apples,0.3018891568886234,0.17567868692043426,0,0.6462193832526746,0.5819310926269795,99,18,4490963,3.8476265824081706,CV < 10%
9. Cross River,5. South South,Avocado pear,0.5840979460527795,0.34316763255687743,0,1.2567065058642592,0.5875172732175102,99,18,4490963,3.8476265824081706,CV < 10%
9. Cross River,5. South South,Baby milk powder,0.04750729179635064,0.025261916142484395,0,0.09702064743562006,0.5317481840635028,99,18,4490963,3.8476265824081706,CV < 10%
9. Cross River,5. South South,Bananas,10.075122045132975,3.407987236841525,3.395467060923586,16.754777029342364,0.3382576629419426,99,18,4490963,3.8476265824081706,CV < 10%
9. Cross River,5. South South,Beef,7.792393928985995,0.7819289242020698,6.259813237549938,9.324974620422052,0.10034514827253097,99,18,4490963,3.8476265824081706,CV < 10%
9. Cross River,5. South South,Beer,2.19109948258077,0.7667354028411598,0.6882980930120968,3.693900872149443,0.3499318077233382,99,18,4490963,3.8476265824081706,CV < 10%
9. Cross River,5. South South,Biscuits,0.7639040778663864,0.10481009465851666,0.5584762923356937,0.969331863397079,0.13720321398369192,99,18,4490963,3.8476265824081706,CV < 10%
9. Cross River,5. South South,Bottled water,0,0,0,0,NA,99,18,4490963,3.8476265824081706,No estimate
9. Cross River,5. South South,Bread,8.363800860603828,1.7898731220705142,4.85564954134562,11.871952179862035,0.21400235992004402,99,18,4490963,3.8476265824081706,CV < 10%
9. Cross River,5. South South,Brown beans,0.07471641746508693,0.06931461562840636,0,0.2105730640967634,0.9277026118228341,99,18,4490963,3.8476265824081706,CV < 10%
9. Cross River,5. South South,Buns/Pofpof/Donuts,0.41073073824308115,0.09674138535765643,0.22111762294207454,0.6003438535440877,0.23553480747867075,99,18,4490963,3.8476265824081706,CV < 10%
9. Cross River,5. South South,Butter/Margarine,0,0,0,0,NA,99,18,4490963,3.8476265824081706,No estimate
9. Cross River,5. South South,Cake,0.31242747498730594,0.23746330687007047,0,0.777855556452644,0.7600589765023665,99,18,4490963,3.8476265824081706,CV < 10%
9. Cross River,5. South South,Canned fish/seafood,0,0,0,0,NA,99,18,4490963,3.8476265824081706,No estimate
9. Cross River,5. South South,Cashew nut,0,0,0,0,NA,99,18,4490963,3.8476265824081706,No estimate
9. Cross River,5. South South,Cassava flour,0.06248108507205967,0.06176808699537052,0,0.1835465355829859,0.9885885772331443,99,18,4490963,3.8476265824081706,CV < 10%
9. Cross River,5. South South,Cassava roots,11.372073660627597,5.233120645005504,1.1151571964168099,21.628990124838385,0.4601729465685417,99,18,4490963,3.8476265824081706,CV < 10%
9. Cross River,5. South South,Cheese/wara,0,0,0,0,NA,99,18,4490963,3.8476265824081706,No estimate
9. Cross River,5. South South,Chicken,2.007480392684113,0.3643785737888101,1.293298388058045,2.7216623973101806,0.18151040235148483,99,18,4490963,3.8476265824081706,CV < 10%
9. Cross River,5. South South,Chocolate drinks,0.19212669883882488,0.056201678384066124,0.08197140920605528,0.3022819884715945,0.292524041290137,99,18,4490963,3.8476265824081706,CV < 10%
9. Cross River,5. South South,Coconut,2.915256946326324,0.6411718411657015,1.6585601376415489,4.171953755011099,0.21993664811387467,99,18,4490963,3.8476265824081706,CV < 10%
9. Cross River,5. South South,Cocoyam,6.532880148036569,3.0867110088046164,0.4829265707795214,12.582833725293618,0.4724885408669735,99,18,4490963,3.8476265824081706,CV < 10%
9. Cross River,5. South South,Coffee,0.0012341561380179358,0.0010557414314511769,0,0.0033034093436622425,0.85543587146656,99,18,4490963,3.8476265824081706,CV < 10%
9. Cross River,5. South South,Dry pepper,1.084683386128347,0.13758541439170413,0.8150159739206069,1.354350798336087,0.12684384784651262,99,18,4490963,3.8476265824081706,CV < 10%
9. Cross River,5. South South,Duck,0,0,0,0,NA,99,18,4490963,3.8476265824081706,No estimate
9. Cross River,5. South South,Fish - dried,3.9898176723837384,0.4054414905869949,3.1951523508332285,4.784482993934248,0.10161905226730866,99,18,4490963,3.8476265824081706,CV < 10%
9. Cross River,5. South South,Fish - fresh,3.1148820520929728,1.060929265385314,1.0354606919377574,5.194303412248188,0.34060014075731926,99,18,4490963,3.8476265824081706,CV < 10%
9. Cross River,5. South South,Fish - frozen,2.47503314827403,0.4226254535877623,1.646687259242016,3.303379037306044,0.17075547205599292,99,18,4490963,3.8476265824081706,CV < 10%
9. Cross River,5. South South,Fish - smoked,3.0268763917050436,0.446778512426459,2.151190507349184,3.902562276060903,0.14760381813106946,99,18,4490963,3.8476265824081706,CV < 10%
9. Cross River,5. South South,Fresh milk,0,0,0,0,NA,99,18,4490963,3.8476265824081706,No estimate
9. Cross River,5. South South,Fresh pepper,3.6541239483738446,0.340601588815083,2.986544834296282,4.321703062451407,0.09321019035674946,99,18,4490963,3.8476265824081706,CV < 10%
9. Cross River,5. South South,Fruit juice,0.5047306826672938,0.24942128455442303,0.01586496494062467,0.993596400393963,0.4941670738864819,99,18,4490963,3.8476265824081706,CV < 10%
9. Cross River,5. South South,Garden eggs/Eggplant,1.6928658105329746,0.6174056704792472,0.4827506963936501,2.902980924672299,0.3647103430394556,99,18,4490963,3.8476265824081706,CV < 10%
9. Cross River,5. South South,Gari - white,1.3431721460547543,0.8277973389433599,0,2.9656549303837396,0.6163002571001907,99,18,4490963,3.8476265824081706,CV < 10%
9. Cross River,5. South South,Gari - yellow,40.79047343251138,5.516030794389719,29.97905307550753,51.60189378951522,0.13522840825851404,99,18,4490963,3.8476265824081706,CV < 10%
9. Cross River,5. South South,Gin,0.4704516192117864,0.21563162203869043,0.047813640015953174,0.8930895984076197,0.45835026011807195,99,18,4490963,3.8476265824081706,CV < 10%
9. Cross River,5. South South,Goat,2.6838716068053587,0.6314372319224265,1.4462546322374028,3.921488581373315,0.235271027988568,99,18,4490963,3.8476265824081706,CV < 10%
9. Cross River,5. South South,Ground pepper,0.45698914345748076,0.1239395490378262,0.21406762734334142,0.6999106595716201,0.27120895717593296,99,18,4490963,3.8476265824081706,CV < 10%
9. Cross River,5. South South,Groundnut oil,2.247405376342212,0.5166709780010822,1.234730259460091,3.2600804932243332,0.22989665480021027,99,18,4490963,3.8476265824081706,CV < 10%
9. Cross River,5. South South,Groundnuts - shelled,0.7862995725376684,0.20079692811766756,0.39273759342703995,1.1798615516482966,0.2553694992731898,99,18,4490963,3.8476265824081706,CV < 10%
9. Cross River,5. South South,Groundnuts - unshelled,0.5014188346125796,0.232170157405728,0.04636532609735278,0.9564723431278065,0.4630263990484399,99,18,4490963,3.8476265824081706,CV < 10%
9. Cross River,5. South South,Guava,1.4566019515701905,0.8712846284391536,0,3.1643198233109313,0.5981624749986945,99,18,4490963,3.8476265824081706,CV < 10%
9. Cross River,5. South South,Guinea corn / sorghum,0,0,0,0,NA,99,18,4490963,3.8476265824081706,No estimate
9. Cross River,5. South South,Honey,0.16561346809320862,0.15364004690310681,0,0.466747960023298,0.9277026118228315,99,18,4490963,3.8476265824081706,CV < 10%
9. Cross River,5. South South,Kola nut,0.01023260486838056,0.010765146777537583,0,0.03133229255235422,1.0520436307281456,99,18,4490963,3.8476265824081706,CV < 10%
9. Cross River,5. South South,Leaves,17.254217347300276,1.6186456495660273,14.081671874150864,20.42676282044969,0.09381159498488019,99,18,4490963,3.8476265824081706,CV < 10%
9. Cross River,5. South South,Local eggs,0.5785946139680193,0.19466811817274457,0.1970451023494399,0.9601441255865986,0.3364499313910041,99,18,4490963,3.8476265824081706,CV < 10%
9. Cross River,5. South South,Maize - shelled/off cob,0,0,0,0,NA,99,18,4490963,3.8476265824081706,No estimate
9. Cross River,5. South South,Maize - unshelled/on cob,0,0,0,0,NA,99,18,4490963,3.8476265824081706,No estimate
9. Cross River,5. South South,Maize flour,0,0,0,0,NA,99,18,4490963,3.8476265824081706,No estimate
9. Cross River,5. South South,Malt drinks,2.2927208549234974,0.7132685097880513,0.8947145757389168,3.6907271341080783,0.31110133109154775,99,18,4490963,3.8476265824081706,CV < 10%
9. Cross River,5. South South,Mangoes,0.11832606410813093,0.10977139871982906,0,0.3334780055989959,0.9277026118228332,99,18,4490963,3.8476265824081706,CV < 10%
9. Cross River,5. South South,Meat pie/Sausage roll,0.17978610359758915,0.07801329154094236,0.02688005217734213,0.33269215501783617,0.4339228114958073,99,18,4490963,3.8476265824081706,CV < 10%
9. Cross River,5. South South,Melon - ground,1.0804793961010914,0.17036403044121934,0.7465658964363016,1.4143928957658813,0.15767448324880393,99,18,4490963,3.8476265824081706,CV < 10%
9. Cross River,5. South South,Melon - shelled,0.5967541611561402,0.1824633939735255,0.2391259089680302,0.9543824133442502,0.305759734661966,99,18,4490963,3.8476265824081706,CV < 10%
9. Cross River,5. South South,Melon - unshelled,0.01376370363550129,0.010631764426611276,0,0.03460196191165939,0.7724493863111326,99,18,4490963,3.8476265824081706,CV < 10%
9. Cross River,5. South South,Milk - tinned,0.3164544667858794,0.2942953594623608,0,0.8932733713321066,0.9299769488211649,99,18,4490963,3.8476265824081706,CV < 10%
9. Cross River,5. South South,Milk powder,0.19470276061071215,0.0681185060926501,0.06119048866911794,0.32821503255230633,0.34985896388416365,99,18,4490963,3.8476265824081706,CV < 10%
9. Cross River,5. South South,Millet,3.8857979429589005,3.509255781516809,0,10.763939274731847,0.9030978535246823,99,18,4490963,3.8476265824081706,CV < 10%
9. Cross River,5. South South,Mutton,0.25505277325118336,0.18707292028508649,0,0.6217156970099529,0.7334675012565014,99,18,4490963,3.8476265824081706,CV < 10%
9. Cross River,5. South South,Ogbono - ground,0.20237587502188084,0.041534684244516944,0.12096789390262763,0.28378385614113405,0.20523535347296817,99,18,4490963,3.8476265824081706,CV < 10%
9. Cross River,5. South South,Ogbono - unground,0.13329119623426472,0.05658970235761625,0.022375379613336882,0.24420701285519256,0.4245569396658241,99,18,4490963,3.8476265824081706,CV < 10%
9. Cross River,5. South South,Okra - dried,0.2277649295909237,0.09319789756206587,0.04509705036927461,0.4104328088125728,0.4091845822333297,99,18,4490963,3.8476265824081706,CV < 10%
9. Cross River,5. South South,Okra - fresh,4.018819604865933,0.7664455741574444,2.516586279517342,5.521052930214524,0.1907141025263842,99,18,4490963,3.8476265824081706,CV < 10%
9. Cross River,5. South South,Onions,8.138783946750564,0.7071054887872802,6.752857188727495,9.524710704773634,0.08688097551349724,99,18,4490963,3.8476265824081706,CV < 10%
9. Cross River,5. South South,Orange/Tangerine,11.079610509060132,6.541637080107895,0,23.901219186071607,0.5904212133412633,99,18,4490963,3.8476265824081706,CV < 10%
9. Cross River,5. South South,Other alcoholic beverages,0,0,0,0,NA,99,18,4490963,3.8476265824081706,No estimate
9. Cross River,5. South South,Other domestic poultry,0,0,0,0,NA,99,18,4490963,3.8476265824081706,No estimate
9. Cross River,5. South South,Other eggs,0,0,0,0,NA,99,18,4490963,3.8476265824081706,No estimate
9. Cross River,5. South South,Other fish/seafood,0,0,0,0,NA,99,18,4490963,3.8476265824081706,No estimate
9. Cross River,5. South South,Other fruits,0,0,0,0,NA,99,18,4490963,3.8476265824081706,No estimate
9. Cross River,5. South South,Other grains/flour,0,0,0,0,NA,99,18,4490963,3.8476265824081706,No estimate
9. Cross River,5. South South,Other meat,0,0,0,0,NA,99,18,4490963,3.8476265824081706,No estimate
9. Cross River,5. South South,Other non-alcoholic drinks,0,0,0,0,NA,99,18,4490963,3.8476265824081706,No estimate
9. Cross River,5. South South,Other nuts/seeds/pulses,0,0,0,0,NA,99,18,4490963,3.8476265824081706,No estimate
9. Cross River,5. South South,Other oil/fat,0,0,0,0,NA,99,18,4490963,3.8476265824081706,No estimate
9. Cross River,5. South South,Other spices,0.9864881109865647,0.17169410171069172,0.6499676716336089,1.3230085503395206,0.17404578909621554,99,18,4490963,3.8476265824081706,CV < 10%
9. Cross River,5. South South,Other vegetables,0,0,0,0,NA,99,18,4490963,3.8476265824081706,No estimate
9. Cross River,5. South South,Palm oil,10.085524440649971,0.7791121114952657,8.55846470211925,11.612584179180692,0.07725053031005844,99,18,4490963,3.8476265824081706,CV < 10%
9. Cross River,5. South South,Palm wine,7.439198962866343,2.612417676301072,2.3188603173162425,12.559537608416445,0.35116921718874156,99,18,4490963,3.8476265824081706,CV < 10%
9. Cross River,5. South South,Pawpaw,6.8244778827248735,0.9394526571250991,4.983150674759679,8.665805090690068,0.1376592720013322,99,18,4490963,3.8476265824081706,CV < 10%
9. Cross River,5. South South,Pineapples,1.6564971440469034,1.1236311398776015,0,3.8588141782070027,0.6783175835320282,99,18,4490963,3.8476265824081706,CV < 10%
9. Cross River,5. South South,Pito,0,0,0,0,NA,99,18,4490963,3.8476265824081706,No estimate
9. Cross River,5. South South,Plantains,38.516551182488236,5.3089798678334965,28.110950641534583,48.922151723441885,0.1378363250302445,99,18,4490963,3.8476265824081706,CV < 10%
9. Cross River,5. South South,Pork,2.1259691581872056,0.8874015899825931,0.38666204182132313,3.865276274553088,0.4174103780222627,99,18,4490963,3.8476265824081706,CV < 10%
9. Cross River,5. South South,Potatoes,0,0,0,0,NA,99,18,4490963,3.8476265824081706,No estimate
9. Cross River,5. South South,Rice - imported,2.1010426222592775,1.6479521063250615,0,5.331028750656397,0.7843496789955636,99,18,4490963,3.8476265824081706,CV < 10%
9. Cross River,5. South South,Rice - local,17.0496436541854,2.147485242408441,12.840572579064855,21.258714729305943,0.12595484609329471,99,18,4490963,3.8476265824081706,CV < 10%
9. Cross River,5. South South,Sachet water,61.232896888187945,19.17585143250068,23.648228080486618,98.81756569588927,0.3131625712158618,99,18,4490963,3.8476265824081706,CV < 10%
9. Cross River,5. South South,Salt,1.7033745078699007,0.13083418669910718,1.4469395019396507,1.9598095138001508,0.0768088204294648,99,18,4490963,3.8476265824081706,CV < 10%
9. Cross River,5. South South,Seafood,0.2592625953071284,0.023912700071575865,0.21239370316683973,0.30613148744741714,0.09223351345090229,99,18,4490963,3.8476265824081706,CV < 10%
9. Cross River,5. South South,Snails,0,0,0,0,NA,99,18,4490963,3.8476265824081706,No estimate
9. Cross River,5. South South,Soft drinks,5.500393837066172,1.2819879937850138,2.987697369247545,8.013090304884798,0.23307203661416492,99,18,4490963,3.8476265824081706,CV < 10%
9. Cross River,5. South South,Soya beans,0,0,0,0,NA,99,18,4490963,3.8476265824081706,No estimate
9. Cross River,5. South South,Sugar,1.4148964874469516,0.5322044165573585,0.37177583099452893,2.458017143899374,0.3761437117691002,99,18,4490963,3.8476265824081706,CV < 10%
9. Cross River,5. South South,Sweet potatoes,2.8464161943879844,1.0355880100556119,0.8166636946789851,4.876168694096984,0.3638217109983371,99,18,4490963,3.8476265824081706,CV < 10%
9. Cross River,5. South South,Tea,0.030585012527062746,0.014884069028011685,0.0014122372321598436,0.05975778782196565,0.4866458372329164,99,18,4490963,3.8476265824081706,CV < 10%
9. Cross River,5. South South,Tomato puree - canned,1.537001230767283,0.15254027013462004,1.2380223013034275,1.8359801602311383,0.09924537930166182,99,18,4490963,3.8476265824081706,CV < 10%
9. Cross River,5. South South,Tomatoes,1.275571105632921,0.4634371191153386,0.3672343521668575,2.1839078590989844,0.3633173541394914,99,18,4490963,3.8476265824081706,CV < 10%
9. Cross River,5. South South,Watermelon,3.9816148124433686,1.6388814540371162,0.7694071625306211,7.193822462356116,0.4116122556394137,99,18,4490963,3.8476265824081706,CV < 10%
9. Cross River,5. South South,Wheat flour,0,0,0,0,NA,99,18,4490963,3.8476265824081706,No estimate
9. Cross River,5. South South,White beans,12.412591376242425,1.3196740076466773,9.826030321254937,14.999152431229913,0.10631736497606133,99,18,4490963,3.8476265824081706,CV < 10%
9. Cross River,5. South South,Wild game/Bush meat,0.6512985979011615,0.321688467611111,0.020789201383384026,1.281807994418939,0.493918563079617,99,18,4490963,3.8476265824081706,CV < 10%
9. Cross River,5. South South,Yam flour,0,0,0,0,NA,99,18,4490963,3.8476265824081706,No estimate
9. Cross River,5. South South,Yam roots,64.15695092685606,16.99718181492839,30.842474569596412,97.47142728411569,0.2649312595030663,99,18,4490963,3.8476265824081706,CV < 10%
