state,zone,product,Post-Harvest,Post-Planting,difference_post_harvest_minus_post_planting,ratio_post_harvest_to_post_planting
1. Abia,4. South East,Agricultural eggs,0.004491082738242763,0.014638373978022583,-0.01014729123977982,0.3068020222044798
1. Abia,4. South East,Animal fat,0,0,0,NA
1. Abia,4. South East,Apples,0,0.0013730850020709814,-0.0013730850020709814,0
1. Abia,4. South East,Avocado pear,0.005016485178252784,0.010887835785686775,-0.00587135060743399,0.46074217842700116
1. Abia,4. South East,Baby milk powder,0,0,0,NA
1. Abia,4. South East,Bananas,0.09050947985253444,0.15135002735736397,-0.060840547504829534,0.5980142946312502
1. Abia,4. South East,Beef,0.07858646216656809,0.10662612333371538,-0.02803966116714729,0.7370282226299313
1. Abia,4. South East,Beer,0.009482255450813364,0.012628617738141829,-0.0031463622873284646,0.7508545786586285
1. Abia,4. South East,Biscuits,0.009825042413815821,0.009549077259116367,2.759651546994542e-4,1.0288996671836532
1. Abia,4. South East,Bottled water,0,0.01238628494450866,-0.01238628494450866,0
1. Abia,4. South East,Bread,0.12915348690850054,0.19342598636314248,-0.06427249945464195,0.6677152813687854
1. Abia,4. South East,Brown beans,0.006815870668435415,0.035304006986551284,-0.02848813631811587,0.1930622399613691
1. Abia,4. South East,Buns/Pofpof/Donuts,0.009091930641851235,0.007917361561509236,0.001174569080341999,1.1483535987610118
1. Abia,4. South East,Butter/Margarine,0,7.774260725306645e-5,-7.774260725306645e-5,0
1. Abia,4. South East,Cake,0,0,0,NA
1. Abia,4. South East,Canned fish/seafood,0,0,0,NA
1. Abia,4. South East,Cashew nut,0.0011184041970403228,3.5438929646682964e-4,7.640149005734931e-4,3.1558633632294364
1. Abia,4. South East,Cassava flour,0.0012702985902786734,0.0013002332003388497,-2.9934610060176328e-5,0.9769775067638827
1. Abia,4. South East,Cassava roots,0.05618476107335992,0.013219755240078459,0.042965005833281465,4.250060614059181
1. Abia,4. South East,Cheese/wara,0,0,0,NA
1. Abia,4. South East,Chicken,0.003210051363168165,0.03342790628916982,-0.030217854926001656,0.09602908825337282
1. Abia,4. South East,Chocolate drinks,0.016062611365177473,0.01914161803465262,-0.0030790066694751476,0.8391459560053317
1. Abia,4. South East,Coconut,0.01312455013730379,0.03792217497160823,-0.024797624834304435,0.3460917035251788
1. Abia,4. South East,Cocoyam,0.011114368077448113,0.0039525429264584706,0.007161825150989643,2.8119537938596735
1. Abia,4. South East,Coffee,7.218659590969895e-5,1.2918112044753847e-4,-5.699452453783952e-5,0.5588014383186476
1. Abia,4. South East,Dry pepper,0.0016622526054066123,0.00118067426835625,4.815783370503623e-4,1.4078841641232869
1. Abia,4. South East,Duck,0,0,0,NA
1. Abia,4. South East,Fish - dried,0.03241220794883105,0.01753858716067727,0.014873620788153775,1.848051251328925
1. Abia,4. South East,Fish - fresh,0.005145500930956162,0.020326131174370165,-0.015180630243414003,0.2531470886817989
1. Abia,4. South East,Fish - frozen,0.04956825039069363,0.04463601137395879,0.004932239016734841,1.1104990984837944
1. Abia,4. South East,Fish - smoked,0.04200267801780957,0.05813518803928867,-0.0161325100214791,0.7225000801480767
1. Abia,4. South East,Fresh milk,0,0,0,NA
1. Abia,4. South East,Fresh pepper,0.0601407034025805,0.06382099666577078,-0.0036802932631902763,0.9423341305297394
1. Abia,4. South East,Fruit juice,0.012900185282296386,0.015674109783474218,-0.0027739245011778324,0.8230250687600464
1. Abia,4. South East,Garden eggs/Eggplant,0.015005939316347775,0.05259738656781119,-0.03759144725146341,0.28529819246820115
1. Abia,4. South East,Gari - white,0.17366477767304353,0.11695216432598726,0.05671261334705627,1.484921452064607
1. Abia,4. South East,Gari - yellow,0.37236440511590574,0.42179253456750304,-0.0494281294515973,0.8828141197371361
1. Abia,4. South East,Gin,0.0021857198872608737,0.0012851754441167242,9.005444431441495e-4,1.7007171256396638
1. Abia,4. South East,Goat,0.0016595121294924675,0.009309690308231963,-0.007650178178739496,0.17825642685719278
1. Abia,4. South East,Ground pepper,0.0014584062805078932,0.0027375445679286765,-0.0012791382874207833,0.5327424793713497
1. Abia,4. South East,Groundnut oil,0.048039187136769024,0.0534697140671901,-0.0054305269304210785,0.8984373298948808
1. Abia,4. South East,Groundnuts - shelled,0.020147767898854092,0.014631911027509525,0.005515856871344567,1.3769744677215559
1. Abia,4. South East,Groundnuts - unshelled,0.004101208052345087,0.05213013534150286,-0.04802892728915777,0.07867249961041158
1. Abia,4. South East,Guava,0.029806244556579504,0.06748063821766596,-0.037674393661086464,0.44170069139589785
1. Abia,4. South East,Guinea corn / sorghum,0,0.0011160428756126198,-0.0011160428756126198,0
1. Abia,4. South East,Honey,2.0378759875219765e-4,0.002288992273894137,-0.0020852046751419395,0.0890293956324741
1. Abia,4. South East,Kola nut,0.001284689218038328,9.062668421046627e-4,3.784223759336653e-4,1.4175617581405038
1. Abia,4. South East,Leaves,0.031583875385185624,0.020707729624063514,0.01087614576112211,1.5252215457016318
1. Abia,4. South East,Local eggs,0,0.001504897208557927,-0.001504897208557927,0
1. Abia,4. South East,Maize - shelled/off cob,0,0.0134507075469357,-0.0134507075469357,0
1. Abia,4. South East,Maize - unshelled/on cob,0,0.47973792962923656,-0.47973792962923656,0
1. Abia,4. South East,Maize flour,0,0.0017736701910817517,-0.0017736701910817517,0
1. Abia,4. South East,Malt drinks,0.04738232879911127,0.03831661598738193,0.00906571281172934,1.2366000383414542
1. Abia,4. South East,Mangoes,0.031004866780792086,0,0.031004866780792086,NA
1. Abia,4. South East,Meat pie/Sausage roll,0.0023667359108827126,0.003639815819311346,-0.0012730799084286334,0.6502350746226768
1. Abia,4. South East,Melon - ground,0.002026324709902028,0.003101963274396905,-0.001075638564494877,0.6532394263423359
1. Abia,4. South East,Melon - shelled,0.03349787658127735,0.030757129535736248,0.0027407470455411004,1.0891093247943266
1. Abia,4. South East,Melon - unshelled,0.0010679024194063687,0.003495403406237599,-0.0024275009868312304,0.30551621523875644
1. Abia,4. South East,Milk - tinned,9.089921706951798e-4,0.0017421571753332892,-8.331650046381093e-4,0.5217624354250827
1. Abia,4. South East,Milk powder,0.01761358719284329,0.0211247081464497,-0.0035111209536064086,0.8337907946815113
1. Abia,4. South East,Millet,0.0019262277391644434,0,0.0019262277391644434,NA
1. Abia,4. South East,Mutton,0,0,0,NA
1. Abia,4. South East,Ogbono - ground,1.6672866736396253e-5,0.0023591204616581134,-0.002342447594921717,0.007067407962998926
1. Abia,4. South East,Ogbono - unground,0.002579049179909284,0.003018601114295611,-4.395519343863268e-4,0.8543855522000972
1. Abia,4. South East,Okra - dried,9.579677535037025e-5,3.7224763483059085e-4,-2.764508594802206e-4,0.25734690132810967
1. Abia,4. South East,Okra - fresh,0.054805856056168445,0.064265951122557,-0.00946009506638855,0.852797711678648
1. Abia,4. South East,Onions,0.1489020160092044,0.14276943149448312,0.00613258451472129,1.0429544647655073
1. Abia,4. South East,Orange/Tangerine,0.013734622151165181,0.08512297533831122,-0.07138835318714604,0.16135035337496778
1. Abia,4. South East,Other alcoholic beverages,0,0,0,NA
1. Abia,4. South East,Other domestic poultry,0,0,0,NA
1. Abia,4. South East,Other eggs,0,0,0,NA
1. Abia,4. South East,Other fish/seafood,0,5.216608530797132e-5,-5.216608530797132e-5,0
1. Abia,4. South East,Other fruits,0,0,0,NA
1. Abia,4. South East,Other grains/flour,0.0024287126835032384,0,0.0024287126835032384,NA
1. Abia,4. South East,Other meat,0,0,0,NA
1. Abia,4. South East,Other milk products,NA,0,NA,NA
1. Abia,4. South East,Other non-alcoholic drinks,0,0,0,NA
1. Abia,4. South East,Other nuts/seeds/pulses,0,0,0,NA
1. Abia,4. South East,Other oil/fat,0,0,0,NA
1. Abia,4. South East,Other roots/tubers,NA,0,NA,NA
1. Abia,4. South East,Other spices,0.0037077406841336713,0.0030726582858469353,6.35082398286736e-4,1.206688261175025
1. Abia,4. South East,Other sweets,NA,0,NA,NA
1. Abia,4. South East,Other vegetables,0,0,0,NA
1. Abia,4. South East,Palm oil,0.08965841685455138,0.07393183722216302,0.015726579632388354,1.2127172842348073
1. Abia,4. South East,Palm wine,0.0028341580149064067,0.011557323665534212,-0.008723165650627807,0.24522615243166712
1. Abia,4. South East,Pawpaw,0.24611372171096577,0.2241519085311404,0.021961813179825374,1.0979773642068915
1. Abia,4. South East,Pineapples,0.021584971472543683,0.01792604247127227,0.003658929001271412,1.2041124808855663
1. Abia,4. South East,Pito,0,0,0,NA
1. Abia,4. South East,Plantains,0.16250772572168876,0.16533821880404026,-0.002830493082351504,0.9828805880284327
1. Abia,4. South East,Pork,0.0014725017182155374,2.1889541765582993e-4,0.0012536063005597073,6.726964565931468
1. Abia,4. South East,Potatoes,0,0.031342616956304345,-0.031342616956304345,0
1. Abia,4. South East,Rice - imported,0.01713353877131477,0.0656847142135105,-0.04855117544219574,0.26084514451294694
1. Abia,4. South East,Rice - local,0.49898880635384774,0.4344210445282958,0.06456776182555196,1.1486294520921774
1. Abia,4. South East,Sachet water,0.6113217994043022,2.687645510936845,-2.076323711532543,0.2274562612207035
1. Abia,4. South East,Salt,0.025595670581921214,0.033018230181753414,-0.0074225595998322,0.775198138756266
1. Abia,4. South East,Seafood,0.004732962601660763,0.0034726957538031063,0.0012602668478576568,1.3629073599313968
1. Abia,4. South East,Shea butter,NA,0,NA,NA
1. Abia,4. South East,Snails,0,0.005471855990799796,-0.005471855990799796,0
1. Abia,4. South East,Soft drinks,0.1063508737402533,0.1198628788963996,-0.013512005156146298,0.8872711444898211
1. Abia,4. South East,Soya beans,1.68237442235765e-4,0.0010082392292898295,-8.400017870540644e-4,0.166862622826396
1. Abia,4. South East,Sugar,0.02048074303650041,0.0240727403432914,-0.0035919973067909915,0.8507856913850687
1. Abia,4. South East,Sweet potatoes,0.017117050947472297,0.057079655714521095,-0.0399626047670488,0.2998800664300032
1. Abia,4. South East,Tea,4.4857206299066417e-4,9.724574789053769e-4,-5.238854159147127e-4,0.4612767886731545
1. Abia,4. South East,Tomato puree - canned,0.05636623388048101,0.05447005570006896,0.0018961781804120517,1.034811386844417
1. Abia,4. South East,Tomatoes,0.13972371710311746,0.11994982094378119,0.019773896159336266,1.1648514020592329
1. Abia,4. South East,Watermelon,0.028323128950788666,0.09881297384347071,-0.07048984489268204,0.2866337065784017
1. Abia,4. South East,Wheat flour,0.0032236858752293022,0.0031827132435900424,4.097263163925979e-5,1.012873491421754
1. Abia,4. South East,White beans,0.26421840764234156,0.2018033244826617,0.06241508315967986,1.30928669445702
1. Abia,4. South East,Wild game/Bush meat,0.0017192101752752404,0.0030478685080853533,-0.001328658332810113,0.5640696672820819
1. Abia,4. South East,Yam flour,0,1.221821403643783e-4,-1.221821403643783e-4,0
1. Abia,4. South East,Yam roots,0.9711702346862087,0.6763239471358089,0.29484628755039977,1.4359542328776853
10. Delta,5. South South,Agricultural eggs,0.03898670348101445,0.06319691993366075,-0.024210216452646302,0.6169082848015327
10. Delta,5. South South,Animal fat,0,0,0,NA
10. Delta,5. South South,Apples,0.002210529689274559,0.013967702022902841,-0.011757172333628283,0.15826008355919632
10. Delta,5. South South,Avocado pear,0.002397084171429039,0.010173794222583278,-0.007776710051154239,0.23561358908833757
10. Delta,5. South South,Baby milk powder,0.002851990175128868,9.721557537349803e-4,0.0018798344213938876,2.9336761770648843
10. Delta,5. South South,Bananas,0.032075938609059586,0.06909258708480842,-0.037016648475748835,0.4642457311619789
10. Delta,5. South South,Beef,0.08745973745976356,0.11967701578075617,-0.03221727832099261,0.7307981143178448
10. Delta,5. South South,Beer,0.03907875995142136,0.060287737722617925,-0.021208977771196562,0.6482041195710737
10. Delta,5. South South,Biscuits,0.007873146351664046,0.015020176975511813,-0.007147030623847767,0.5241713439528743
10. Delta,5. South South,Bottled water,0.029835337515914787,0.025393335788924342,0.0044420017269904445,1.1749278536665468
10. Delta,5. South South,Bread,0.22419661846096609,0.268124725277925,-0.04392810681695894,0.8361654011153756
10. Delta,5. South South,Brown beans,0.04341507094234942,0.07264357950865742,-0.029228508566308,0.5976449844018955
10. Delta,5. South South,Buns/Pofpof/Donuts,6.253736358256824e-4,0.002570055200391785,-0.0019446815645661028,0.24333081862613262
10. Delta,5. South South,Butter/Margarine,0.0010531245229707658,0.0022885880680984442,-0.0012354635451276785,0.46016342462442017
10. Delta,5. South South,Cake,0.0017893598602597438,0.007113141662557764,-0.00532378180229802,0.2515568992079262
10. Delta,5. South South,Canned fish/seafood,0,0,0,NA
10. Delta,5. South South,Cashew nut,0,3.962459101042292e-4,-3.962459101042292e-4,0
10. Delta,5. South South,Cassava flour,0.008704930387014254,0.016870353366445316,-0.008165422979431063,0.5159898075595813
10. Delta,5. South South,Cassava roots,0.4050509946270058,0.1161167010241326,0.28893429360287315,3.4883095287285486
10. Delta,5. South South,Cheese/wara,0,0,0,NA
10. Delta,5. South South,Chicken,0.01012922324335123,0.04888349820225254,-0.03875427495890131,0.20721150522906884
10. Delta,5. South South,Chocolate drinks,0.010406923474365424,0.01556005812003485,-0.005153134645669426,0.6688229178890828
10. Delta,5. South South,Coconut,0.033430243279877904,0.020112437131298014,0.01331780614857989,1.662167695622295
10. Delta,5. South South,Cocoyam,0.01611794381658538,0.012848572015384111,0.003269371801201267,1.2544540978784815
10. Delta,5. South South,Coffee,8.640805081723138e-5,8.664023817263049e-4,-7.799943309090736e-4,0.09973200979095131
10. Delta,5. South South,Dry pepper,0.001516503759893647,0.0019541240201471307,-4.376202602534838e-4,0.776052975276086
10. Delta,5. South South,Duck,0,0,0,NA
10. Delta,5. South South,Fish - dried,0.020468261525825135,0.02203818721414413,-0.0015699256883189953,0.9287633926935962
10. Delta,5. South South,Fish - fresh,0.20346066153031353,0.20834340399389092,-0.004882742463577394,0.9765639690531285
10. Delta,5. South South,Fish - frozen,0.056262140974882295,0.0691942550966049,-0.012932114121722606,0.8131042222556257
10. Delta,5. South South,Fish - smoked,0.03676418047433753,0.05479365623248423,-0.0180294757581467,0.6709568771675071
10. Delta,5. South South,Fresh milk,0,0,0,NA
10. Delta,5. South South,Fresh pepper,0.060572263008443886,0.04898083457651596,0.011591428431927925,1.2366523259994733
10. Delta,5. South South,Fruit juice,6.225417562197758e-4,0.0020060665407325277,-0.0013835247845127518,0.31032956463769684
10. Delta,5. South South,Garden eggs/Eggplant,0.003982724355966696,0.027211694774748097,-0.0232289704187814,0.1463607610233297
10. Delta,5. South South,Gari - white,0.047999697377645485,0.06315945624780758,-0.015159758870162097,0.7599764188804534
10. Delta,5. South South,Gari - yellow,0.48322303556840684,0.42430767995060764,0.0589153556177992,1.1388505520914856
10. Delta,5. South South,Gin,0.002669841188423956,0.009822013645610141,-0.007152172457186185,0.27182218277788867
10. Delta,5. South South,Goat,0.014586420482372731,0.0158370269331049,-0.0012506064507321682,0.9210327509061713
10. Delta,5. South South,Ground pepper,0.009969078584987683,0.009133247248207863,8.358313367798197e-4,1.091515242505214
10. Delta,5. South South,Groundnut oil,0.05646977091639193,0.05226618440096866,0.004203586515423269,1.0804265045095842
10. Delta,5. South South,Groundnuts - shelled,0.02415920295977547,0.018464581699523766,0.0056946212602517025,1.3084078130185086
10. Delta,5. South South,Groundnuts - unshelled,0.014778108775582,0.014552300464506007,2.258083110759923e-4,1.015517018194254
10. Delta,5. South South,Guava,0.017274780585762844,0.023108762793294817,-0.005833982207531972,0.7475424253684084
10. Delta,5. South South,Guinea corn / sorghum,0.002593148797091155,0.0011373824806063827,0.0014557663164847725,2.2799267979832494
10. Delta,5. South South,Honey,5.41386937408279e-4,2.6821657717736026e-4,2.731703602309187e-4,2.0184693396123787
10. Delta,5. South South,Kola nut,5.863589968306303e-4,6.809737344213552e-4,-9.461473759072485e-5,0.8610596373865698
10. Delta,5. South South,Leaves,0.10469740255815202,0.09410472177346507,0.010592680784686948,1.1125626917019777
10. Delta,5. South South,Local eggs,0,1.6744406512973447e-4,-1.6744406512973447e-4,0
10. Delta,5. South South,Maize - shelled/off cob,0.012399935377403751,0.018540927791802463,-0.006140992414398711,0.6687872104699183
10. Delta,5. South South,Maize - unshelled/on cob,0,0.18561564275255657,-0.18561564275255657,0
10. Delta,5. South South,Maize flour,2.5790044813821093e-4,0.0014072931379117324,-0.0011493926897735215,0.18325993440208677
10. Delta,5. South South,Malt drinks,0.024588293758513784,0.019002406455686075,0.0055858873028277085,1.2939568373013224
10. Delta,5. South South,Mangoes,0.00735751244953288,0.006425370751140934,9.321416983919459e-4,1.145072048679281
10. Delta,5. South South,Meat pie/Sausage roll,7.322699027095135e-4,0.004428119328708447,-0.0036958494259989334,0.16536815030300803
10. Delta,5. South South,Melon - ground,0.010773892350566458,0.012761543413171901,-0.0019876510626054434,0.8442468126109356
10. Delta,5. South South,Melon - shelled,0.02186344033102418,0.011856283625620554,0.010007156705403628,1.844038235031667
10. Delta,5. South South,Melon - unshelled,0.0016661102740427205,0.0019376720918615313,-2.7156181781881074e-4,0.8598515099848912
10. Delta,5. South South,Milk - tinned,0.001872185152140338,0.005939185639363265,-0.004067000487222927,0.3152259023075516
10. Delta,5. South South,Milk powder,0.009357501694046661,0.010889655960640897,-0.0015321542665942354,0.8593018666400493
10. Delta,5. South South,Millet,0,0.00506636814421569,-0.00506636814421569,0
10. Delta,5. South South,Mutton,0,0,0,NA
10. Delta,5. South South,Ogbono - ground,0.002881348763067296,0.006901654598830202,-0.004020305835762905,0.4174866652346919
10. Delta,5. South South,Ogbono - unground,0.004887373333893689,0.004153615861698447,7.337574721952419e-4,1.1766551112637562
10. Delta,5. South South,Okra - dried,0,0,0,NA
10. Delta,5. South South,Okra - fresh,0.05197472223654483,0.07929379923390809,-0.027319076997363252,0.6554701974012502
10. Delta,5. South South,Onions,0.17137055010838584,0.19705881872726194,-0.025688268618876103,0.8696416187573427
10. Delta,5. South South,Orange/Tangerine,0.07737866099826265,0.1060991185987109,-0.02872045760044825,0.7293054081902882
10. Delta,5. South South,Other alcoholic beverages,0,0,0,NA
10. Delta,5. South South,Other domestic poultry,0,0,0,NA
10. Delta,5. South South,Other eggs,0,2.603075961964178e-4,-2.603075961964178e-4,0
10. Delta,5. South South,Other fish/seafood,0,0,0,NA
10. Delta,5. South South,Other fruits,0,0,0,NA
10. Delta,5. South South,Other grains/flour,0,0,0,NA
10. Delta,5. South South,Other meat,0,0,0,NA
10. Delta,5. South South,Other milk products,NA,0,NA,NA
10. Delta,5. South South,Other non-alcoholic drinks,0.0041527792761216235,0,0.0041527792761216235,NA
10. Delta,5. South South,Other nuts/seeds/pulses,0.0014721800989596135,0,0.0014721800989596135,NA
10. Delta,5. South South,Other oil/fat,5.543515518954082e-4,0.007605011120188085,-0.007050659568292677,0.07289293113902746
10. Delta,5. South South,Other roots/tubers,NA,0,NA,NA
10. Delta,5. South South,Other spices,0.0072620272655638755,0.006583316101004557,6.787111645593187e-4,1.1030956366284392
10. Delta,5. South South,Other sweets,NA,0,NA,NA
10. Delta,5. South South,Other vegetables,0,0,0,NA
10. Delta,5. South South,Palm oil,0.13290197026221914,0.12632831236176234,0.006573657900456803,1.0520362995243064
10. Delta,5. South South,Palm wine,0.009603099874330036,0.02520226453315072,-0.015599164658820684,0.381041150556064
10. Delta,5. South South,Pawpaw,0.08494679820946871,0.03506781634459779,0.04987898186487092,2.4223577931037843
10. Delta,5. South South,Pineapples,0.07751180435820278,0.08929169522006049,-0.011779890861857711,0.8680740595995403
10. Delta,5. South South,Pito,0,0,0,NA
10. Delta,5. South South,Plantains,0.32604222542960704,0.2725111143435565,0.05353111108605052,1.1964364323818495
10. Delta,5. South South,Pork,0.012776984037673021,0.005469234911778772,0.007307749125894249,2.3361556495143363
10. Delta,5. South South,Potatoes,0,0.0068280219681006666,-0.0068280219681006666,0
10. Delta,5. South South,Rice - imported,0.006251765564232396,0.0659181376205365,-0.0596663720563041,0.09484135611083598
10. Delta,5. South South,Rice - local,0.6525453860455687,0.48859666526481693,0.16394872078075173,1.3355502246252384
10. Delta,5. South South,Sachet water,2.261041150728057,2.018740574782836,0.2423005759452206,1.1200256134799718
10. Delta,5. South South,Salt,0.020174501713577583,0.022882583001376435,-0.002708081287798852,0.8816531644335801
10. Delta,5. South South,Seafood,0.0071250715938278066,0.005352240354463487,0.00177283123936432,1.331231619276192
10. Delta,5. South South,Shea butter,NA,0,NA,NA
10. Delta,5. South South,Snails,0.0019767650719219234,0.013163810461688928,-0.011187045389767005,0.15016663128620455
10. Delta,5. South South,Soft drinks,0.09079638497314939,0.18192524010135308,-0.09112885512820369,0.4990862451112636
10. Delta,5. South South,Soya beans,0,0,0,NA
10. Delta,5. South South,Sugar,0.011417393839800198,0.016200970174147695,-0.004783576334347497,0.7047351928355023
10. Delta,5. South South,Sweet potatoes,0.05707174137381993,0.07888025492126567,-0.021808513547445743,0.7235237947796452
10. Delta,5. South South,Tea,2.752859366087089e-4,0.001288535723469435,-0.001013249786860726,0.21364245600229873
10. Delta,5. South South,Tomato puree - canned,0.026661926082115744,0.02870024502469294,-0.0020383189425771976,0.9289790403941331
10. Delta,5. South South,Tomatoes,0.17439239829450712,0.19336027257618377,-0.01896787428167665,0.9019039742292289
10. Delta,5. South South,Watermelon,0.16498042284244213,0.20230867604036581,-0.03732825319792368,0.8154886190324545
10. Delta,5. South South,Wheat flour,0.008310569885140529,0.05728863942687572,-0.04897806954173519,0.14506488491052916
10. Delta,5. South South,White beans,0.24283942689519172,0.20328337680183647,0.03955605009335525,1.1945857586373876
10. Delta,5. South South,Wild game/Bush meat,0.015982337016149775,0.015398773375084995,5.835636410647799e-4,1.0378967614400363
10. Delta,5. South South,Yam flour,0,0.024562319232390772,-0.024562319232390772,0
10. Delta,5. South South,Yam roots,0.7483716378015668,0.327285403477297,0.4210862343242698,2.286602548877434
11. Ebonyi,4. South East,Agricultural eggs,0.003921922272478602,0.004311968329962606,-3.9004605748400433e-4,0.9095433853783924
11. Ebonyi,4. South East,Animal fat,0,0,0,NA
11. Ebonyi,4. South East,Apples,2.339680543821313e-4,0,2.339680543821313e-4,NA
11. Ebonyi,4. South East,Avocado pear,2.2853592489107923e-4,0,2.2853592489107923e-4,NA
11. Ebonyi,4. South East,Baby milk powder,0.0014040194709618989,9.082091232342351e-4,4.958103477276638e-4,1.5459209063679378
11. Ebonyi,4. South East,Bananas,0.06573146445652804,0.0485647540898841,0.01716671036664394,1.3534808461064507
11. Ebonyi,4. South East,Beef,0.04276266138140022,0.024510987799343333,0.018251673582056885,1.7446323147590919
11. Ebonyi,4. South East,Beer,0,0.00322067594611903,-0.00322067594611903,0
11. Ebonyi,4. South East,Biscuits,0.0029598234781162518,0.0036470208752415194,-6.871973971252676e-4,0.8115729466232466
11. Ebonyi,4. South East,Bottled water,0,0,0,NA
11. Ebonyi,4. South East,Bread,0.021049086177161024,0.03529581791581667,-0.014246731738655649,0.596362045706513
11. Ebonyi,4. South East,Brown beans,0.01538402443732694,3.134786431140076e-4,0.015070545794212933,49.07519148515644
11. Ebonyi,4. South East,Buns/Pofpof/Donuts,0,0,0,NA
11. Ebonyi,4. South East,Butter/Margarine,0,0,0,NA
11. Ebonyi,4. South East,Cake,0,0,0,NA
11. Ebonyi,4. South East,Canned fish/seafood,0,0,0,NA
11. Ebonyi,4. South East,Cashew nut,0.0011024116143016152,0,0.0011024116143016152,NA
11. Ebonyi,4. South East,Cassava flour,0.038381493930068206,0.0527901340277495,-0.014408640097681294,0.7270580883521286
11. Ebonyi,4. South East,Cassava roots,1.617668938383949,1.6228566690512347,-0.005187730667285617,0.9968033340428527
11. Ebonyi,4. South East,Cheese/wara,0,0,0,NA
11. Ebonyi,4. South East,Chicken,0.016759991740146238,0.009331655304003436,0.007428336436142801,1.7960363080445032
11. Ebonyi,4. South East,Chocolate drinks,0.002777883319051883,0.001194917649198779,0.0015829656698531042,2.3247487564641136
11. Ebonyi,4. South East,Coconut,0.0350871712261462,0.015796181566187964,0.019290989659958235,2.2212438543534456
11. Ebonyi,4. South East,Cocoyam,0.12259897561099424,0.05299146030806576,0.06960751530292848,2.313560994512424
11. Ebonyi,4. South East,Coffee,0,0,0,NA
11. Ebonyi,4. South East,Dry pepper,0.0069688095841648106,0.0017328729197148888,0.005235936664449922,4.021535281024183
11. Ebonyi,4. South East,Duck,0,0,0,NA
11. Ebonyi,4. South East,Fish - dried,0.04317763304702783,0.0331240915219301,0.010053541525097735,1.3035114644107808
11. Ebonyi,4. South East,Fish - fresh,0.015210457886879972,0.016756174276345372,-0.0015457163894654,0.9077524282110456
11. Ebonyi,4. South East,Fish - frozen,0.041903408776513405,0.027044172578026604,0.014859236198486801,1.5494431806192486
11. Ebonyi,4. South East,Fish - smoked,0.004813662986637051,0.01590959873790466,-0.01109593575126761,0.3025634439898529
11. Ebonyi,4. South East,Fresh milk,0,0,0,NA
11. Ebonyi,4. South East,Fresh pepper,0.01792214204972592,0.03738818496987574,-0.01946604292014982,0.47935309146903166
11. Ebonyi,4. South East,Fruit juice,0,0,0,NA
11. Ebonyi,4. South East,Garden eggs/Eggplant,0.005589664248171023,0.004483186812392882,0.0011064774357781408,1.2468060069947349
11. Ebonyi,4. South East,Gari - white,0.30752788268249703,0.40336154446187555,-0.09583366177937852,0.7624124979310307
11. Ebonyi,4. South East,Gari - yellow,0.09044393630731805,0.056319968364057414,0.034123967943260634,1.6058946575161441
11. Ebonyi,4. South East,Gin,0,0,0,NA
11. Ebonyi,4. South East,Goat,0.004421965166493567,0.023012552815657093,-0.018590587649163527,0.19215448203056318
11. Ebonyi,4. South East,Ground pepper,0.005466584221315566,0.004888140312768195,5.784439085473707e-4,1.11833619158526
11. Ebonyi,4. South East,Groundnut oil,0.04018665904477673,0.011819690264970373,0.028366968779806358,3.399975646051962
11. Ebonyi,4. South East,Groundnuts - shelled,0.03588799148957207,0.019908666431297028,0.015979325058275044,1.8026316133940072
11. Ebonyi,4. South East,Groundnuts - unshelled,0.023758791225885364,0.09611774545061022,-0.07235895422472485,0.2471842334056175
11. Ebonyi,4. South East,Guava,0.006247258771407751,0.013652341451674523,-0.007405082680266771,0.45759614154988015
11. Ebonyi,4. South East,Guinea corn / sorghum,0.01576597715925519,0,0.01576597715925519,NA
11. Ebonyi,4. South East,Honey,0,0,0,NA
11. Ebonyi,4. South East,Kola nut,2.588582614962302e-4,3.5577756265446885e-4,-9.691930115823864e-5,0.7275845603215663
11. Ebonyi,4. South East,Leaves,0.21243906410778296,0.16107776374088703,0.05136130036689593,1.31886027701202
11. Ebonyi,4. South East,Local eggs,0.0036549439046852914,1.0028915745465432e-4,0.003554654747230637,36.44405833539754
11. Ebonyi,4. South East,Maize - shelled/off cob,0.012991919201621441,0.015530040865823512,-0.002538121664202071,0.8365669681019554
11. Ebonyi,4. South East,Maize - unshelled/on cob,0,0.3534066525667396,-0.3534066525667396,0
11. Ebonyi,4. South East,Maize flour,0.022366403076729987,2.55261178998112e-4,0.022111141897731876,87.62163978289631
11. Ebonyi,4. South East,Malt drinks,0.006846429935422387,0.008187987348673117,-0.0013415574132507298,0.8361554120539607
11. Ebonyi,4. South East,Mangoes,0.01255204256275458,0,0.01255204256275458,NA
11. Ebonyi,4. South East,Meat pie/Sausage roll,0,0,0,NA
11. Ebonyi,4. South East,Melon - ground,8.688556216687633e-4,1.5488120676431045e-4,7.139744149044528e-4,5.609819550224316
11. Ebonyi,4. South East,Melon - shelled,0.012312737440735277,0.012733401529967148,-4.206640892318713e-4,0.9669637301359053
11. Ebonyi,4. South East,Melon - unshelled,0.005801360785394483,0.003901104372192741,0.0019002564132017423,1.4871072988323155
11. Ebonyi,4. South East,Milk - tinned,4.463121975643108e-4,4.893980334023928e-4,-4.308583583808196e-5,0.9119615672777828
11. Ebonyi,4. South East,Milk powder,0.0049692985267254805,0.0015944039681448875,0.003374894558580593,3.1167123426739414
11. Ebonyi,4. South East,Millet,0,0,0,NA
11. Ebonyi,4. South East,Mutton,0,0,0,NA
11. Ebonyi,4. South East,Ogbono - ground,6.938652760176674e-4,3.117868615357645e-4,3.820784144819029e-4,2.225447450222579
11. Ebonyi,4. South East,Ogbono - unground,0.013541034667549698,0.007077906228674498,0.0064631284388752,1.9131412920803235
11. Ebonyi,4. South East,Okra - dried,0.010127946289737642,0.004611563574706079,0.005516382715031564,2.1962065849614043
11. Ebonyi,4. South East,Okra - fresh,0.014623041633986677,0.05677709631801472,-0.04215405468402804,0.25755176967982696
11. Ebonyi,4. South East,Onions,0.15503069564047967,0.1291010417026581,0.025929653937821567,1.2008477514654143
11. Ebonyi,4. South East,Orange/Tangerine,0.08734780000182277,0.03741987391050777,0.049927926091314995,2.334262274926984
11. Ebonyi,4. South East,Other alcoholic beverages,0,0,0,NA
11. Ebonyi,4. South East,Other domestic poultry,0,0,0,NA
11. Ebonyi,4. South East,Other eggs,0,0,0,NA
11. Ebonyi,4. South East,Other fish/seafood,0,0,0,NA
11. Ebonyi,4. South East,Other fruits,0,0,0,NA
11. Ebonyi,4. South East,Other grains/flour,0,0,0,NA
11. Ebonyi,4. South East,Other meat,0,0,0,NA
11. Ebonyi,4. South East,Other milk products,NA,0,NA,NA
11. Ebonyi,4. South East,Other non-alcoholic drinks,0,0,0,NA
11. Ebonyi,4. South East,Other nuts/seeds/pulses,0,0,0,NA
11. Ebonyi,4. South East,Other oil/fat,0,0,0,NA
11. Ebonyi,4. South East,Other roots/tubers,NA,0,NA,NA
11. Ebonyi,4. South East,Other spices,0.014529077678155963,0.009429381214897274,0.005099696463258689,1.540830447622776
11. Ebonyi,4. South East,Other sweets,NA,0,NA,NA
11. Ebonyi,4. South East,Other vegetables,0,0.027312834997678174,-0.027312834997678174,0
11. Ebonyi,4. South East,Palm oil,0.08860945726544185,0.08295379126454522,0.005655666000896634,1.0681785113697857
11. Ebonyi,4. South East,Palm wine,0.00602178195628515,0.002194994484333124,0.0038267874719520264,2.743415529863925
11. Ebonyi,4. South East,Pawpaw,0.09510127953404099,0.0016670516212694965,0.09343422791277149,57.04759128071827
11. Ebonyi,4. South East,Pineapples,0.018217944911663713,0,0.018217944911663713,NA
11. Ebonyi,4. South East,Pito,0,0,0,NA
11. Ebonyi,4. South East,Plantains,0.08410459362257292,0.007244174510108762,0.07686041911246415,11.609962391879236
11. Ebonyi,4. South East,Pork,0,9.541244979467059e-4,-9.541244979467059e-4,0
11. Ebonyi,4. South East,Potatoes,0,0,0,NA
11. Ebonyi,4. South East,Rice - imported,0,0,0,NA
11. Ebonyi,4. South East,Rice - local,0.41852586394293356,0.44949873626120673,-0.03097287231827317,0.9310946398294775
11. Ebonyi,4. South East,Sachet water,0.11256317623730744,0.2838045129886802,-0.17124133675137276,0.3966222208798953
11. Ebonyi,4. South East,Salt,0.02218956726342509,0.016827290687079496,0.005362276576345595,1.3186654747970161
11. Ebonyi,4. South East,Seafood,0.004247492060990191,1.567929780857333e-4,0.004090699082904457,27.089810480337274
11. Ebonyi,4. South East,Shea butter,NA,0,NA,NA
11. Ebonyi,4. South East,Snails,0,0,0,NA
11. Ebonyi,4. South East,Soft drinks,0.019478342157931903,0.013621252623358738,0.005857089534573165,1.4299963958181783
11. Ebonyi,4. South East,Soya beans,0.0031230827992309675,0,0.0031230827992309675,NA
11. Ebonyi,4. South East,Sugar,0.011829788576683408,0.0040882536576486465,0.007741534919034762,2.893604352203355
11. Ebonyi,4. South East,Sweet potatoes,0.09797786611166687,0.09899303155278251,-0.0010151654411156424,0.9897450817982641
11. Ebonyi,4. South East,Tea,7.377256869266995e-4,6.384109004504499e-4,9.931478647624955e-5,1.1555656183285326
11. Ebonyi,4. South East,Tomato puree - canned,0.03536990868405013,0.01809297994178578,0.017276928742264348,1.9548968051616107
11. Ebonyi,4. South East,Tomatoes,0.02840493600801508,0.024668966486914898,0.0037359695211001825,1.1514441037925867
11. Ebonyi,4. South East,Watermelon,0.005549398730767284,0.013383589832717873,-0.00783419110195059,0.41464202057366395
11. Ebonyi,4. South East,Wheat flour,0.0011932370076209585,0,0.0011932370076209585,NA
11. Ebonyi,4. South East,White beans,0.1257476094567654,0.13225366443778563,-0.006506054981020221,0.9508062403512397
11. Ebonyi,4. South East,Wild game/Bush meat,0,1.4736351148217003e-4,-1.4736351148217003e-4,0
11. Ebonyi,4. South East,Yam flour,0.00765181925915095,0,0.00765181925915095,NA
11. Ebonyi,4. South East,Yam roots,2.842650260375648,1.0930303281127127,1.7496199322629353,2.6007057510324776
12. Edo,5. South South,Agricultural eggs,0.0355453975775189,0.05967828631833993,-0.024132888740821028,0.5956169282058511
12. Edo,5. South South,Animal fat,0,0.0022632287497589046,-0.0022632287497589046,0
12. Edo,5. South South,Apples,0.014463269485053498,0.023888673887474444,-0.009425404402420946,0.6054446367840045
12. Edo,5. South South,Avocado pear,0.00468679433499453,0.01965845689075546,-0.01497166255576093,0.23841110017127187
12. Edo,5. South South,Baby milk powder,0.005216690287984633,8.431201649051853e-4,0.004373570123079448,6.187362733248452
12. Edo,5. South South,Bananas,0.2529717679854508,0.11135095971207358,0.1416208082733772,2.2718418291101763
12. Edo,5. South South,Beef,0.15752143179663786,0.22441057036710182,-0.06688913857046397,0.7019341002474018
12. Edo,5. South South,Beer,0.04408092584324681,0.034342309962822615,0.009738615880424198,1.283574864095245
12. Edo,5. South South,Biscuits,0.03675744359985411,0.028481281113481232,0.00827616248637288,1.2905825216708904
12. Edo,5. South South,Bottled water,0.12224603371594032,0.12849958452762156,-0.006253550811681233,0.9513340775795505
12. Edo,5. South South,Bread,0.1909939270556702,0.30690617158937056,-0.11591224453370036,0.6223202552968313
12. Edo,5. South South,Brown beans,0.12763439749265143,0.18516641440926707,-0.057532016916615636,0.6892956149733798
12. Edo,5. South South,Buns/Pofpof/Donuts,0.010901730005830777,0.010223421059001918,6.783089468288591e-4,1.0663485288255437
12. Edo,5. South South,Butter/Margarine,0.006069074126297679,0,0.006069074126297679,NA
12. Edo,5. South South,Cake,0.012397906532562002,0.024928443635203926,-0.012530537102641924,0.4973397743553348
12. Edo,5. South South,Canned fish/seafood,0,0,0,NA
12. Edo,5. South South,Cashew nut,5.806442459629528e-4,0,5.806442459629528e-4,NA
12. Edo,5. South South,Cassava flour,0.047912655016754895,0.0910546895280269,-0.043142034511272,0.5261964569327013
12. Edo,5. South South,Cassava roots,0.23339229189796437,0.29269397686522547,-0.0593016849672611,0.797393558957425
12. Edo,5. South South,Cheese/wara,0,0,0,NA
12. Edo,5. South South,Chicken,0.016105696079126524,0.04910480550840987,-0.032999109429283344,0.32798614946898025
12. Edo,5. South South,Chocolate drinks,0.01244008662885312,0.01174343901400308,6.966476148500406e-4,1.0593222831931384
12. Edo,5. South South,Coconut,0.043040293630692776,0.05012953700901076,-0.007089243378317983,0.8585815109953301
12. Edo,5. South South,Cocoyam,0.041712036911568315,0.054816253819064596,-0.013104216907496281,0.76094285919738
12. Edo,5. South South,Coffee,0,0,0,NA
12. Edo,5. South South,Dry pepper,0.006921185054585612,0.005945973745636141,9.752113089494712e-4,1.1640120442282809
12. Edo,5. South South,Duck,0,0,0,NA
12. Edo,5. South South,Fish - dried,0.0347699718131889,0.025785881037496718,0.008984090775692184,1.3484112395705194
12. Edo,5. South South,Fish - fresh,0.12892351531756457,0.31001204207155675,-0.18108852675399217,0.41586615299223295
12. Edo,5. South South,Fish - frozen,0.1419451162630877,0.10910439442705054,0.03284072183603716,1.3010027415348073
12. Edo,5. South South,Fish - smoked,0.061443905151145284,0.05538860806981486,0.006055297081330423,1.1093238716831084
12. Edo,5. South South,Fresh milk,0.01884922905577973,0.02649784882548575,-0.00764861976970602,0.711349407263976
12. Edo,5. South South,Fresh pepper,0.13534300076831102,0.13589353353074365,-5.505327624326373e-4,0.9959487935288099
12. Edo,5. South South,Fruit juice,0.005889229827703634,0.035006371970001136,-0.029117142142297502,0.16823308147300828
12. Edo,5. South South,Garden eggs/Eggplant,0.010974409226432695,0.09001281547868267,-0.07903840625224998,0.12192051951793147
12. Edo,5. South South,Gari - white,0.2801727663980667,0.31844969847439736,-0.03827693207633065,0.8798022662300997
12. Edo,5. South South,Gari - yellow,0.2312155705023987,0.35589778613109113,-0.12468221562869244,0.6496684708716702
12. Edo,5. South South,Gin,3.5816518317394023e-4,0.0014977861178057082,-0.0011396209346317679,0.23912972547686623
12. Edo,5. South South,Goat,0.004302701801982639,0.03189182544110654,-0.0275891236391239,0.13491550710787253
12. Edo,5. South South,Ground pepper,0.006543290462209308,0.007105077521309241,-5.617870590999326e-4,0.9209316073730307
12. Edo,5. South South,Groundnut oil,0.1301237272502565,0.178691852772787,-0.04856812552253051,0.7282017911343357
12. Edo,5. South South,Groundnuts - shelled,0.06894228149802634,0.05431365077569632,0.014628630722330019,1.2693361708043363
12. Edo,5. South South,Groundnuts - unshelled,0.012687588165084683,0.06084617114803347,-0.04815858298294879,0.2085190888053889
12. Edo,5. South South,Guava,0.0093450191753877,0.007944390402353507,0.0014006287730341932,1.1763041217887857
12. Edo,5. South South,Guinea corn / sorghum,0.04033236175530587,0,0.04033236175530587,NA
12. Edo,5. South South,Honey,0.002127265995578457,6.415429154677905e-4,0.0014857230801106666,3.315859226700882
12. Edo,5. South South,Kola nut,0.0016355896131203097,0.0020060820534664042,-3.704924403460945e-4,0.815315410600527
12. Edo,5. South South,Leaves,0.09253233075659703,0.052626729229095816,0.039905601527501215,1.7582763001246626
12. Edo,5. South South,Local eggs,1.5376237867504504e-4,7.880625112323552e-4,-6.343001325573101e-4,0.19511444394759336
12. Edo,5. South South,Maize - shelled/off cob,0.002452659449807555,0.02297238660485156,-0.020519727155044003,0.10676554822081812
12. Edo,5. South South,Maize - unshelled/on cob,0.006762044468876632,0.6580171540451296,-0.651255109576253,0.01027639542116384
12. Edo,5. South South,Maize flour,0.00850849967321632,0.013812444374080057,-0.0053039447008637365,0.6160024571163573
12. Edo,5. South South,Malt drinks,0.07674218280784806,0.1025479721830477,-0.025805789375199645,0.7483539769159314
12. Edo,5. South South,Mangoes,0.15873447383023168,0.003445400880911132,0.15528907294932054,46.071409196440015
12. Edo,5. South South,Meat pie/Sausage roll,0.014782858304639506,0.008666700663559642,0.006116157641079863,1.7057077287549696
12. Edo,5. South South,Melon - ground,0.006822931385395548,0.013947213093352671,-0.007124281707957123,0.48919675491639253
12. Edo,5. South South,Melon - shelled,0.03895530183719974,0.033385053141624446,0.005570248695575292,1.1668485795707875
12. Edo,5. South South,Melon - unshelled,2.7630277198693664e-4,6.391683207098152e-4,-3.628655487228786e-4,0.4322848348930909
12. Edo,5. South South,Milk - tinned,0.002380117269554031,0.009439437534236839,-0.007059320264682808,0.2521460903704639
12. Edo,5. South South,Milk powder,0.014827044593964559,0.017531163140930353,-0.002704118546965794,0.8457536145646586
12. Edo,5. South South,Millet,0,0,0,NA
12. Edo,5. South South,Mutton,0,0,0,NA
12. Edo,5. South South,Ogbono - ground,0.007900021387726469,0.01818904929623025,-0.010289027908503782,0.4343284390000404
12. Edo,5. South South,Ogbono - unground,0.006474307637673656,0.0020176578440855865,0.00445664979358807,3.2088233674762865
12. Edo,5. South South,Okra - dried,0,4.0788735604889074e-4,-4.0788735604889074e-4,0
12. Edo,5. South South,Okra - fresh,0.03550897812822649,0.04980390357660596,-0.014294925448379472,0.7129758026618996
12. Edo,5. South South,Onions,0.14706878958064118,0.26073942005149525,-0.11367063047085407,0.5640450897359346
12. Edo,5. South South,Orange/Tangerine,0.15298058137011097,0.13671771447692974,0.016262866893181238,1.1189521559470297
12. Edo,5. South South,Other alcoholic beverages,0,0,0,NA
12. Edo,5. South South,Other domestic poultry,0,0.002508155359292205,-0.002508155359292205,0
12. Edo,5. South South,Other eggs,0,0,0,NA
12. Edo,5. South South,Other fish/seafood,0,0,0,NA
12. Edo,5. South South,Other fruits,0,0,0,NA
12. Edo,5. South South,Other grains/flour,8.767225540739353e-4,0.004250315687717573,-0.003373593133643638,0.20627233798361383
12. Edo,5. South South,Other meat,0,0,0,NA
12. Edo,5. South South,Other milk products,NA,0,NA,NA
12. Edo,5. South South,Other non-alcoholic drinks,0,0,0,NA
12. Edo,5. South South,Other nuts/seeds/pulses,0,0,0,NA
12. Edo,5. South South,Other oil/fat,0,0,0,NA
12. Edo,5. South South,Other roots/tubers,NA,0,NA,NA
12. Edo,5. South South,Other spices,0.005103844545220087,0.00715154579997294,-0.0020477012547528532,0.7136701194361922
12. Edo,5. South South,Other sweets,NA,0,NA,NA
12. Edo,5. South South,Other vegetables,0,0.010668624717390772,-0.010668624717390772,0
12. Edo,5. South South,Palm oil,0.16160461394901993,0.17641599514512873,-0.014811381196108808,0.9160428668391196
12. Edo,5. South South,Palm wine,0.0027508737744602325,0.0124162648381976,-0.009665391063737367,0.22155405110218007
12. Edo,5. South South,Pawpaw,0.0648596667821197,0.11978514699431594,-0.054925480212196245,0.5414666877288001
12. Edo,5. South South,Pineapples,0.11625106179952328,0.21196033816304993,-0.09570927636352665,0.5484566726351298
12. Edo,5. South South,Pito,0,0.0015704695551585696,-0.0015704695551585696,0
12. Edo,5. South South,Plantains,0.41949944058968,0.2589552680423935,0.16054417254728648,1.6199687450305271
12. Edo,5. South South,Pork,0,4.633935733774975e-4,-4.633935733774975e-4,0
12. Edo,5. South South,Potatoes,0,0,0,NA
12. Edo,5. South South,Rice - imported,0.05438979499974241,0.0452528550302501,0.00913693996949231,1.2019085859529648
12. Edo,5. South South,Rice - local,0.5023175327631514,0.48308641385218193,0.019231118910969458,1.039808858952622
12. Edo,5. South South,Sachet water,3.7174305933908602,3.1916556035472516,0.5257749898436086,1.1647342492903228
12. Edo,5. South South,Salt,0.04994603375316495,0.05237254273903064,-0.0024265089858656955,0.9536682990941102
12. Edo,5. South South,Seafood,0.009437273284836394,0.00740812841506533,0.0020291448697710634,1.2739078963108348
12. Edo,5. South South,Shea butter,NA,0,NA,NA
12. Edo,5. South South,Snails,0.001159923872671343,0.002061405178570959,-9.01481305899616e-4,0.5626860186096188
12. Edo,5. South South,Soft drinks,0.1334722912549797,0.13744664531116274,-0.003974354056183044,0.9710843866200911
12. Edo,5. South South,Soya beans,1.612438818883349e-4,0.004831134644487174,-0.004669890762598839,0.03337598592337535
12. Edo,5. South South,Sugar,0.01213188728415026,0.02353136609287047,-0.01139947880872021,0.5155623875073695
12. Edo,5. South South,Sweet potatoes,0.07164017426931789,0.03203633431203754,0.03960383995728035,2.236216340219653
12. Edo,5. South South,Tea,1.4853563088969328e-4,8.309338768867249e-4,-6.823982459970316e-4,0.17875746196101
12. Edo,5. South South,Tomato puree - canned,0.0374453950079301,0.0482605393219778,-0.010815144314047696,0.7759008816314141
12. Edo,5. South South,Tomatoes,0.30086243948048846,0.3154882047223685,-0.014625765241880029,0.9536408492521906
12. Edo,5. South South,Watermelon,0.15650032010176473,0.31149018773393056,-0.15498986763216582,0.5024245586684244
12. Edo,5. South South,Wheat flour,0.015695915454045962,0.010594820974279504,0.005101094479766458,1.4814705687005112
12. Edo,5. South South,White beans,0.22309053104868684,0.23109629720571043,-0.008005766157023586,0.9653574451264476
12. Edo,5. South South,Wild game/Bush meat,0.015030547705656377,0.007868767001201475,0.007161780704454902,1.9101528490246789
12. Edo,5. South South,Yam flour,0.03696172792712733,0.024361165036505088,0.012600562890622245,1.5172397490735916
12. Edo,5. South South,Yam roots,1.9128096123230904,1.947237529474686,-0.034427917151595544,0.9823196109203568
13. Ekiti,6. South West,Agricultural eggs,0.005591159945602491,0.025190243514567227,-0.019599083568964736,0.22195735989488105
13. Ekiti,6. South West,Animal fat,0,0,0,NA
13. Ekiti,6. South West,Apples,0.002375279769884287,0.011301282309201091,-0.008926002539316804,0.21017789883457924
13. Ekiti,6. South West,Avocado pear,0.002649051974220344,8.787491221080228e-4,0.0017703028521123213,3.0145714033438336
13. Ekiti,6. South West,Baby milk powder,5.492888893999063e-4,0,5.492888893999063e-4,NA
13. Ekiti,6. South West,Bananas,0.22015848685840433,0.22517168380369149,-0.005013196945287152,0.977736112904597
13. Ekiti,6. South West,Beef,0.03926868774392529,0.0554931374251577,-0.016224449681232406,0.7076314219372811
13. Ekiti,6. South West,Beer,0.0055074708839357505,0.006903729347427456,-0.0013962584634917051,0.7977530124334908
13. Ekiti,6. South West,Biscuits,0.007661123972527748,0.0015960447992945791,0.006065079173233169,4.800068253669205
13. Ekiti,6. South West,Bottled water,0.00404258885376226,0.014574026003535565,-0.010531437149773304,0.27738312342667387
13. Ekiti,6. South West,Bread,0.1513396441434519,0.27368410055629017,-0.12234445641283825,0.5529719988696421
13. Ekiti,6. South West,Brown beans,0.010826977952409706,0.03459863268161898,-0.023771654729209273,0.312930804290474
13. Ekiti,6. South West,Buns/Pofpof/Donuts,0.003833735855434068,4.134098327627512e-4,0.003420326022671317,9.2734510686739835
13. Ekiti,6. South West,Butter/Margarine,0.00027535125677741336,8.651667488459166e-4,-5.898154920685032e-4,0.3182637996024655
13. Ekiti,6. South West,Cake,0,0,0,NA
13. Ekiti,6. South West,Canned fish/seafood,0,0,0,NA
13. Ekiti,6. South West,Cashew nut,2.5326461780913627e-4,0.0011348072937376133,-8.81542675928477e-4,0.22317852485330902
13. Ekiti,6. South West,Cassava flour,0.15204294636478305,0.1404260319667982,0.011616914397984845,1.082726217035966
13. Ekiti,6. South West,Cassava roots,0.8886770124764914,0.4115178935768611,0.47715911889963036,2.159510014867699
13. Ekiti,6. South West,Cheese/wara,3.0368659386451193e-4,1.9687651738951992e-4,1.0681007647499202e-4,1.5425231911415236
13. Ekiti,6. South West,Chicken,0.012187098649239315,0.022120878715118836,-0.00993378006587952,0.5509319410946305
13. Ekiti,6. South West,Chocolate drinks,0.006094342999194722,0.0058622061836206395,2.321368155740822e-4,1.0395988827930833
13. Ekiti,6. South West,Coconut,0.019061405822234003,0.012105331477853554,0.006956074344380449,1.5746289853447168
13. Ekiti,6. South West,Cocoyam,0.20135119658214332,0.007956153132594996,0.19339504344954833,25.30760698373715
13. Ekiti,6. South West,Coffee,0,0,0,NA
13. Ekiti,6. South West,Dry pepper,0.007159117045473668,0.0011477498911195703,0.006011367154354097,6.23752361108074
13. Ekiti,6. South West,Duck,0,0.0037367603359439398,-0.0037367603359439398,0
13. Ekiti,6. South West,Fish - dried,0.023827171546893545,0.017823406667921003,0.006003764878972542,1.3368472139379652
13. Ekiti,6. South West,Fish - fresh,0.08051567157243797,0.1061702366640027,-0.025654565091564732,0.7583638701611468
13. Ekiti,6. South West,Fish - frozen,0.027848382387386773,0.08431910744111648,-0.05647072505372971,0.33027368567479737
13. Ekiti,6. South West,Fish - smoked,0.023986261889448635,0.044742278539382806,-0.02075601664993417,0.5360983542296707
13. Ekiti,6. South West,Fresh milk,0,0,0,NA
13. Ekiti,6. South West,Fresh pepper,0.10996113097053821,0.11075865232722862,-7.975213566904088e-4,0.9927994667691136
13. Ekiti,6. South West,Fruit juice,0.004102555812928359,0.0037674527589259444,3.3510305400241474e-4,1.088946849621002
13. Ekiti,6. South West,Garden eggs/Eggplant,0.013012187751474528,0.07708136437969365,-0.06406917662821912,0.16881107199112402
13. Ekiti,6. South West,Gari - white,0.3225481448851641,0.29375638616797,0.028791758717194083,1.0980123669574657
13. Ekiti,6. South West,Gari - yellow,0.008378069431925391,0.023605139024209222,-0.01522706959228383,0.35492565510132845
13. Ekiti,6. South West,Gin,0,0.0025604459612282473,-0.0025604459612282473,0
13. Ekiti,6. South West,Goat,0,0,0,NA
13. Ekiti,6. South West,Ground pepper,3.8223070379363937e-4,2.285999594113416e-4,1.5363074438229778e-4,1.6720506196847367
13. Ekiti,6. South West,Groundnut oil,0.02711965269368726,0.03106520473768876,-0.003945552044001498,0.8729912750513859
13. Ekiti,6. South West,Groundnuts - shelled,0.036993502662300025,0.006045004656334114,0.03094849800596591,6.11968141720739
13. Ekiti,6. South West,Groundnuts - unshelled,0.003759944931238224,0.011325988549245285,-0.007566043618007061,0.3319749896346814
13. Ekiti,6. South West,Guava,0,6.772929288587498e-4,-6.772929288587498e-4,0
13. Ekiti,6. South West,Guinea corn / sorghum,0.00861845449872523,0.02524479871402805,-0.01662634421530282,0.34139525517136016
13. Ekiti,6. South West,Honey,0.004101894819522032,0.004367117680474622,-2.652228609525903e-4,0.9392682129592245
13. Ekiti,6. South West,Kola nut,0.0011719339921790783,9.040408900137358e-4,2.6789310216534243e-4,1.2963285235486108
13. Ekiti,6. South West,Leaves,0.1223400283421,0.07586573894640826,0.046474289395691745,1.6125859978576271
13. Ekiti,6. South West,Local eggs,0.0014911368816435341,0.002395632780017144,-9.0449589837361e-4,0.6224396719237006
13. Ekiti,6. South West,Maize - shelled/off cob,0.00515649767305744,0.009960302730980355,-0.004803805057922915,0.5177049144318433
13. Ekiti,6. South West,Maize - unshelled/on cob,0.002652609747423425,0.5333560708389847,-0.5307034610915613,0.004973431245004472
13. Ekiti,6. South West,Maize flour,0.015651795732267715,0.024423252754812552,-0.008771457022544837,0.6408563138332817
13. Ekiti,6. South West,Malt drinks,0.014724122940384604,0.046373987923727066,-0.03164986498334246,0.3175082325160797
13. Ekiti,6. South West,Mangoes,0.0022472807900721053,0,0.0022472807900721053,NA
13. Ekiti,6. South West,Meat pie/Sausage roll,0.0019529151285032386,0.0015432240505755127,4.096910779277259e-4,1.265477380147711
13. Ekiti,6. South West,Melon - ground,0.009115767863692722,0.00501079660345861,0.004104971260234112,1.8192252819443382
13. Ekiti,6. South West,Melon - shelled,0.01232461798328869,0.016277284859637958,-0.003952666876349268,0.7571666951562348
13. Ekiti,6. South West,Melon - unshelled,0.0021184715659283504,0.0017733722052206216,3.4509936070772885e-4,1.1946006369626143
13. Ekiti,6. South West,Milk - tinned,0.0047640412744283005,0.0033168209612856915,0.001447220313142609,1.4363275347191566
13. Ekiti,6. South West,Milk powder,0.005234798490320191,0.003832608678063478,0.0014021898122567131,1.3658578086206299
13. Ekiti,6. South West,Millet,0,0.003154542317109414,-0.003154542317109414,0
13. Ekiti,6. South West,Mutton,0,0,0,NA
13. Ekiti,6. South West,Ogbono - ground,1.982463069568145e-4,0.0010008197639586383,-8.025734570018239e-4,0.19808392489440044
13. Ekiti,6. South West,Ogbono - unground,0.00130925211193127,2.6371563762299453e-4,0.0010455364743082755,4.964635862068084
13. Ekiti,6. South West,Okra - dried,0.0010780877989029147,0,0.0010780877989029147,NA
13. Ekiti,6. South West,Okra - fresh,0.03919385777538268,0.03650174008338707,0.0026921176919956075,1.0737531330244956
13. Ekiti,6. South West,Onions,0.11726411112642478,0.11434029772334098,0.0029238134030837998,1.0255711543637773
13. Ekiti,6. South West,Orange/Tangerine,0.11507148265531482,0.06209133463828487,0.05298014801702995,1.8532615432679547
13. Ekiti,6. South West,Other alcoholic beverages,0,0,0,NA
13. Ekiti,6. South West,Other domestic poultry,0,0,0,NA
13. Ekiti,6. South West,Other eggs,0,0,0,NA
13. Ekiti,6. South West,Other fish/seafood,0,0,0,NA
13. Ekiti,6. South West,Other fruits,0,0,0,NA
13. Ekiti,6. South West,Other grains/flour,0.005517801449993883,0,0.005517801449993883,NA
13. Ekiti,6. South West,Other meat,0.009158829872162627,0.011617401683966777,-0.0024585718118041496,0.7883716274356568
13. Ekiti,6. South West,Other milk products,NA,0,NA,NA
13. Ekiti,6. South West,Other non-alcoholic drinks,0,0,0,NA
13. Ekiti,6. South West,Other nuts/seeds/pulses,0.003272620028225166,0.005033086177720344,-0.0017604661494951775,0.6502213378963932
13. Ekiti,6. South West,Other oil/fat,0,0,0,NA
13. Ekiti,6. South West,Other roots/tubers,NA,0,NA,NA
13. Ekiti,6. South West,Other spices,0.008072668835764548,0.011736382826504941,-0.0036637139907403932,0.6878327807724183
13. Ekiti,6. South West,Other sweets,NA,0,NA,NA
13. Ekiti,6. South West,Other vegetables,0.019527052475461843,0,0.019527052475461843,NA
13. Ekiti,6. South West,Palm oil,0.13112486371584373,0.1304693525595817,6.555111562620286e-4,1.0050242539217222
13. Ekiti,6. South West,Palm wine,0.03936961059428528,0.06305308908723611,-0.023683478492950834,0.624388291901386
13. Ekiti,6. South West,Pawpaw,0.35411743358982856,0.14724795215610015,0.2068694814337284,2.4049056601780268
13. Ekiti,6. South West,Pineapples,0.0848266354322767,0.1677369571152593,-0.0829103216829826,0.5057122585930104
13. Ekiti,6. South West,Pito,0,0,0,NA
13. Ekiti,6. South West,Plantains,0.20945200879867856,0.2341384938044471,-0.024686485005768533,0.8945646031771831
13. Ekiti,6. South West,Pork,0,0.0025969141476643335,-0.0025969141476643335,0
13. Ekiti,6. South West,Potatoes,0,0,0,NA
13. Ekiti,6. South West,Rice - imported,0.1065730273980726,0.14995003780367755,-0.043377010405604946,0.7107235780600709
13. Ekiti,6. South West,Rice - local,0.366555452417349,0.3084646424675097,0.058090809949839284,1.1883224264705086
13. Ekiti,6. South West,Sachet water,1.2578352089427314,1.3775070895786927,-0.11967188063596135,0.9131243087303726
13. Ekiti,6. South West,Salt,0.017748617323783158,0.018777797630758857,-0.0010291803069756994,0.9451916392319695
13. Ekiti,6. South West,Seafood,0.0012866629547479043,0.0018925978871696082,-6.059349324217039e-4,0.679839581070291
13. Ekiti,6. South West,Shea butter,NA,0,NA,NA
13. Ekiti,6. South West,Snails,0,6.258935117232507e-4,-6.258935117232507e-4,0
13. Ekiti,6. South West,Soft drinks,0.03624313467527063,0.05818984974341016,-0.021946715068139534,0.6228428984622882
13. Ekiti,6. South West,Soya beans,0.002148573463261204,0.005865386346745766,-0.003716812883484562,0.36631405609849993
13. Ekiti,6. South West,Sugar,0.007610156751034113,0.010396662894813245,-0.002786506143779132,0.7319807161229319
13. Ekiti,6. South West,Sweet potatoes,0.02905590093451071,0.02906822676447134,-1.2325829960628532e-5,0.999575968976006
13. Ekiti,6. South West,Tea,1.500362533262524e-4,5.501522853541249e-4,-4.001160320278725e-4,0.27271767712402806
13. Ekiti,6. South West,Tomato puree - canned,0.0031849742187145163,0.009549509442939566,-0.00636453522422505,0.33352228590855293
13. Ekiti,6. South West,Tomatoes,0.15907035554983295,0.17362829534996124,-0.014557939800128289,0.9161545658742681
13. Ekiti,6. South West,Watermelon,0.019237193109205852,0.28809298037723713,-0.2688557872680313,0.06677425143790774
13. Ekiti,6. South West,Wheat flour,0.006061471233259694,0.05032068481597966,-0.04425921358271997,0.12045685100324457
13. Ekiti,6. South West,White beans,0.21226227931042527,0.21265019356044246,-3.879142500171906e-4,0.9981758105011697
13. Ekiti,6. South West,Wild game/Bush meat,0.026694349586645117,0.009004861303800925,0.017689488282844192,2.9644376171987803
13. Ekiti,6. South West,Yam flour,0.14066061602166946,0.08773085277280761,0.05292976324886185,1.603319830777566
13. Ekiti,6. South West,Yam roots,1.7558454365110376,2.2000584654749042,-0.4442130289638666,0.7980903526270704
14. Enugu,4. South East,Agricultural eggs,0.009890756098456677,0.013001474480240688,-0.003110718381784011,0.7607411077480787
14. Enugu,4. South East,Animal fat,0,1.294798062225296e-4,-1.294798062225296e-4,0
14. Enugu,4. South East,Apples,0.002525183947956128,7.269261238579941e-4,0.0017982578240981339,3.473783463103915
14. Enugu,4. South East,Avocado pear,0.001360111688855819,0.007140431482890226,-0.005780319794034407,0.19048032210867008
14. Enugu,4. South East,Baby milk powder,4.010956432232471e-4,0.001257682970667267,-8.565873274440199e-4,0.31891633470273095
14. Enugu,4. South East,Bananas,0.04516990998865144,0.13505648085166577,-0.08988657086301433,0.33445199892526534
14. Enugu,4. South East,Beef,0.05544718646089082,0.054595738050669626,8.51448410221195e-4,1.015595510576869
14. Enugu,4. South East,Beer,0.021266588803729475,0.031207924094538767,-0.009941335290809292,0.681448363540817
14. Enugu,4. South East,Biscuits,0.0041510403267840165,0.008867847729407345,-0.004716807402623329,0.46810009073773734
14. Enugu,4. South East,Bottled water,0.008198690629222502,0.0072001315113461115,9.985591178763905e-4,1.1386862332032188
14. Enugu,4. South East,Bread,0.09601429169323855,0.1512922245862885,-0.05527793289304994,0.6346280646992367
14. Enugu,4. South East,Brown beans,0.0024924370544589973,0.0030314595900327946,-5.390225355737972e-4,0.8221904268999456
14. Enugu,4. South East,Buns/Pofpof/Donuts,0.003752263425983982,0.00262631029784241,0.0011259531281415719,1.4287205244051226
14. Enugu,4. South East,Butter/Margarine,8.441829138008596e-5,2.088164197869494e-4,-1.2439812840686344e-4,0.4042703704345472
14. Enugu,4. South East,Cake,0,4.775400488336355e-4,-4.775400488336355e-4,0
14. Enugu,4. South East,Canned fish/seafood,0,0,0,NA
14. Enugu,4. South East,Cashew nut,5.648459085846477e-4,0.0018685757422363654,-0.0013037298336517175,0.30228686791610804
14. Enugu,4. South East,Cassava flour,0.13376406449420686,0.11910526815558392,0.014658796338622937,1.1230742902108626
14. Enugu,4. South East,Cassava roots,2.9937211257548735,2.443962513377657,0.5497586123772167,1.2249455993567706
14. Enugu,4. South East,Cheese/wara,0,0,0,NA
14. Enugu,4. South East,Chicken,0.014422423544406787,0.020499802303807706,-0.0060773787594009185,0.7035396405617003
14. Enugu,4. South East,Chocolate drinks,0.002493221785856793,0.0057552685806465205,-0.0032620467947897273,0.43320685228155176
14. Enugu,4. South East,Coconut,0.014032957275270359,0.02865765378534601,-0.01462469651007565,0.4896757208521398
14. Enugu,4. South East,Cocoyam,0.12131747160904685,0.1269430128998768,-0.005625541290829955,0.9556845141585937
14. Enugu,4. South East,Coffee,4.252794427643893e-6,0,4.252794427643893e-6,NA
14. Enugu,4. South East,Dry pepper,0.003541438987846825,3.5291331653994454e-4,0.00318852567130688,10.034869249389706
14. Enugu,4. South East,Duck,0,0.008943517015748975,-0.008943517015748975,0
14. Enugu,4. South East,Fish - dried,0.0417940658387392,0.04784780261061019,-0.006053736771870988,0.8734793147945193
14. Enugu,4. South East,Fish - fresh,0.031996986436868914,0.037598870627246685,-0.0056018841903777705,0.8510092431787495
14. Enugu,4. South East,Fish - frozen,0.019656293277760764,0.04016081139289055,-0.020504518115129787,0.4894396451671395
14. Enugu,4. South East,Fish - smoked,0.004765999929849431,0.006896949741554954,-0.002130949811705523,0.6910301087354177
14. Enugu,4. South East,Fresh milk,0,0,0,NA
14. Enugu,4. South East,Fresh pepper,0.10712062203541219,0.1130724596829458,-0.0059518376475336116,0.9473626233636155
14. Enugu,4. South East,Fruit juice,0,1.691252509433292e-4,-1.691252509433292e-4,0
14. Enugu,4. South East,Garden eggs/Eggplant,0.008751132570691387,0.06329025586549064,-0.054539123294799256,0.13826982449383635
14. Enugu,4. South East,Gari - white,0.14007798179406822,0.13139079326998312,0.008687188524085093,1.0661171784406125
14. Enugu,4. South East,Gari - yellow,0.09618068165909342,0.1513752649978216,-0.05519458333872819,0.6353791133609412
14. Enugu,4. South East,Gin,2.651472997436404e-4,8.635298941003134e-4,-5.98382594356673e-4,0.30705051620695734
14. Enugu,4. South East,Goat,0.004535795279416065,0.030710341035524644,-0.02617454575610858,0.14769602441631036
14. Enugu,4. South East,Ground pepper,0.0012540971218488158,3.257966655220655e-4,9.283004563267502e-4,3.849324608154648
14. Enugu,4. South East,Groundnut oil,0.028860738461907814,0.03949889388849738,-0.010638155426589566,0.7306720675110464
14. Enugu,4. South East,Groundnuts - shelled,0.00831372381033432,0.0210211229540498,-0.01270739914371548,0.39549380061699557
14. Enugu,4. South East,Groundnuts - unshelled,0.0035665401141944273,0.04031232909516844,-0.03674578898097401,0.08847268799018335
14. Enugu,4. South East,Guava,0.008133744303901146,0.045451686097149994,-0.03731794179324885,0.17895363191842434
14. Enugu,4. South East,Guinea corn / sorghum,0,0.002956261617501219,-0.002956261617501219,0
14. Enugu,4. South East,Honey,5.308710292406166e-4,1.7827456853757926e-4,3.525964607030373e-4,2.9778281534795132
14. Enugu,4. South East,Kola nut,0.0019392842460035215,9.106110996963419e-4,0.0010286731463071796,2.129651446869259
14. Enugu,4. South East,Leaves,0.259955426172162,0.12218780987844308,0.13776761629371892,2.127507043712259
14. Enugu,4. South East,Local eggs,7.021233099085387e-4,0.0016445175858873144,-9.423942759787757e-4,0.4269478878997221
14. Enugu,4. South East,Maize - shelled/off cob,0.010903540527208218,0.017864820164688766,-0.006961279637480548,0.6103358682982956
14. Enugu,4. South East,Maize - unshelled/on cob,0.0019204095655337944,0.636663295097077,-0.6347428855315432,0.003016366076578947
14. Enugu,4. South East,Maize flour,0.005578260122852393,0.08662003881228234,-0.08104177868942994,0.06439918752450871
14. Enugu,4. South East,Malt drinks,0.005444171404703217,0.0221916302052183,-0.016747458800515085,0.2453254382106203
14. Enugu,4. South East,Mangoes,0.06027823520246292,0.0034507981404357764,0.05682743706202714,17.467911117759794
14. Enugu,4. South East,Meat pie/Sausage roll,8.258637240213167e-4,6.321376039350884e-4,1.9372612008622826e-4,1.3064619457540152
14. Enugu,4. South East,Melon - ground,0.007114353328044164,0.011069595388166535,-0.003955242060122371,0.6426931679589166
14. Enugu,4. South East,Melon - shelled,0.026313132702730637,0.01295940926133542,0.013353723441395217,2.030426863764249
14. Enugu,4. South East,Melon - unshelled,0.0017956858898717672,0.0028415811023032064,-0.0010458952124314392,0.6319319509889397
14. Enugu,4. South East,Milk - tinned,9.471111773503629e-5,0.0015287484893570706,-0.0014340373716220343,0.06195336799637194
14. Enugu,4. South East,Milk powder,0.004557595160071591,0.007978169711140862,-0.003420574551069271,0.571258236548576
14. Enugu,4. South East,Millet,9.505840100098601e-4,0.010581132184371941,-0.009630548174362081,0.08983764624109394
14. Enugu,4. South East,Mutton,9.957668455590535e-4,0,9.957668455590535e-4,NA
14. Enugu,4. South East,Ogbono - ground,0.0019427160008322287,0.005888174726855584,-0.003945458726023355,0.32993518211537215
14. Enugu,4. South East,Ogbono - unground,0.008162312364401417,0.00994199898716262,-0.0017796866227612028,0.8209930794542242
14. Enugu,4. South East,Okra - dried,0.0027827887573589503,0.0012330153388025427,0.0015497734185564076,2.256897112132837
14. Enugu,4. South East,Okra - fresh,0.033751806948569635,0.07806867199865895,-0.04431686505008932,0.4323348416782268
14. Enugu,4. South East,Onions,0.1050650491328872,0.15892623155396107,-0.05386118242107388,0.6610931883652819
14. Enugu,4. South East,Orange/Tangerine,0.059771978375147125,0.08931341194723615,-0.02954143357208902,0.6692385507616564
14. Enugu,4. South East,Other alcoholic beverages,1.726075067990932e-4,0,1.726075067990932e-4,NA
14. Enugu,4. South East,Other domestic poultry,0,0,0,NA
14. Enugu,4. South East,Other eggs,0,0,0,NA
14. Enugu,4. South East,Other fish/seafood,4.2229975206648845e-5,0,4.2229975206648845e-5,NA
14. Enugu,4. South East,Other fruits,0,0,0,NA
14. Enugu,4. South East,Other grains/flour,8.517330372312507e-4,0,8.517330372312507e-4,NA
14. Enugu,4. South East,Other meat,1.7621423372268083e-4,0.001098316460884663,-9.221022271619821e-4,0.16044031023694685
14. Enugu,4. South East,Other milk products,NA,0,NA,NA
14. Enugu,4. South East,Other non-alcoholic drinks,0,0,0,NA
14. Enugu,4. South East,Other nuts/seeds/pulses,0.0022220914968622183,0,0.0022220914968622183,NA
14. Enugu,4. South East,Other oil/fat,0,0,0,NA
14. Enugu,4. South East,Other roots/tubers,NA,0,NA,NA
14. Enugu,4. South East,Other spices,0.008255228994490708,0.007081009593089477,0.0011742194014012315,1.1658265514210262
14. Enugu,4. South East,Other sweets,NA,0,NA,NA
14. Enugu,4. South East,Other vegetables,0.001159883448466378,0,0.001159883448466378,NA
14. Enugu,4. South East,Palm oil,0.15699597448913635,0.2002681584656039,-0.04327218397646754,0.7839287867427035
14. Enugu,4. South East,Palm wine,0.00906664823575338,0.020331746846771363,-0.011265098611017982,0.44593552654788954
14. Enugu,4. South East,Pawpaw,0.33448817089826605,0.07875599875814751,0.25573217214011856,4.247145311755219
14. Enugu,4. South East,Pineapples,0.0038892499456793213,0.00875624319634127,-0.004866993250661949,0.44416879002451815
14. Enugu,4. South East,Pito,0,0,0,NA
14. Enugu,4. South East,Plantains,0.09244209708653234,0.09504491015007739,-0.0026028130635450536,0.9726149137346212
14. Enugu,4. South East,Pork,0.006969213008085627,0.029511418536140806,-0.02254220552805518,0.2361531011988076
14. Enugu,4. South East,Potatoes,0,0.0019986942854689355,-0.0019986942854689355,0
14. Enugu,4. South East,Rice - imported,0.01112585011139655,0.0020429942274876253,0.009082855883908924,5.445854893617873
14. Enugu,4. South East,Rice - local,0.6125397689509487,0.4889418038017456,0.12359796514920313,1.2527866592469135
14. Enugu,4. South East,Sachet water,1.4751009058415767,1.0162236909085285,0.4588772149330482,1.4515513848361485
14. Enugu,4. South East,Salt,0.018830976135835065,0.041752776448603764,-0.0229218003127687,0.45101135152090666
14. Enugu,4. South East,Seafood,0.004550821714886859,0.0018392407196698623,0.0027115809952169964,2.4742936942499383
14. Enugu,4. South East,Shea butter,NA,0,NA,NA
14. Enugu,4. South East,Snails,0.0027526493546266963,0.019721793150071203,-0.016969143795444508,0.13957398973210294
14. Enugu,4. South East,Soft drinks,0.03608155455809845,0.05664099427634621,-0.02055943971824776,0.6370219135289161
14. Enugu,4. South East,Soya beans,0,1.5981852524254495e-4,-1.5981852524254495e-4,0
14. Enugu,4. South East,Sugar,0.005887966013267356,0.02160438586037133,-0.015716419847103973,0.27253568101038145
14. Enugu,4. South East,Sweet potatoes,0.10988488387149699,0.07949862871799113,0.03038625515350586,1.3822236388667322
14. Enugu,4. South East,Tea,0.001584375317725076,0.003292237290893015,-0.001707861973167939,0.4812457844723933
14. Enugu,4. South East,Tomato puree - canned,0.020519087466522565,0.01852061972648325,0.001998467740039315,1.1079050144948248
14. Enugu,4. South East,Tomatoes,0.11069627358323031,0.17159260197294798,-0.060896328389717674,0.6451109914440359
14. Enugu,4. South East,Watermelon,0.041092245794380367,0.047335164153495105,-0.006242918359114738,0.8681124599278742
14. Enugu,4. South East,Wheat flour,2.6709558898915434e-4,0.025029929056880933,-0.02476283346789178,0.010671048582765661
14. Enugu,4. South East,White beans,0.15666437208904282,0.2288668055064796,-0.07220243341743676,0.6845220377955046
14. Enugu,4. South East,Wild game/Bush meat,0.03413766318401576,0.011812628304282882,0.022325034879732877,2.88992951480904
14. Enugu,4. South East,Yam flour,0,4.1285564427831625e-4,-4.1285564427831625e-4,0
14. Enugu,4. South East,Yam roots,1.5494197809331465,0.98081989582208,0.5685998851110665,1.5797189550630915
15. Gombe,2. North East,Agricultural eggs,0.0034879597161279175,0.00790738691195101,-0.004419427195823092,0.4411014352739348
15. Gombe,2. North East,Animal fat,0,1.6666933544034077e-4,-1.6666933544034077e-4,0
15. Gombe,2. North East,Apples,0,8.415326480698927e-4,-8.415326480698927e-4,0
15. Gombe,2. North East,Avocado pear,0,0,0,NA
15. Gombe,2. North East,Baby milk powder,0,0,0,NA
15. Gombe,2. North East,Bananas,0.01594547252938356,0.019363348223213624,-0.0034178756938300636,0.823487361047788
15. Gombe,2. North East,Beef,0.022475684513615833,0.02760806669591572,-0.005132382182299888,0.8140984575693175
15. Gombe,2. North East,Beer,0.02542213105408275,0,0.02542213105408275,NA
15. Gombe,2. North East,Biscuits,0.0023627145814570207,0.0026283114697560096,-2.6559688829898894e-4,0.8989477117323371
15. Gombe,2. North East,Bottled water,0,0.015622468691294925,-0.015622468691294925,0
15. Gombe,2. North East,Bread,0.08173338054948524,0.07748981257088595,0.004243567978599289,1.0547629144762398
15. Gombe,2. North East,Brown beans,0.00729352088535857,0.014152582833188132,-0.006859061947829562,0.5153491042112183
15. Gombe,2. North East,Buns/Pofpof/Donuts,0.005169419047832036,0.003287188558784384,0.0018822304890476517,1.5725958384765455
15. Gombe,2. North East,Butter/Margarine,3.506330142413293e-5,0,3.506330142413293e-5,NA
15. Gombe,2. North East,Cake,0,3.0404640091861616e-4,-3.0404640091861616e-4,0
15. Gombe,2. North East,Canned fish/seafood,0,0,0,NA
15. Gombe,2. North East,Cashew nut,8.03061819554895e-4,0,8.03061819554895e-4,NA
15. Gombe,2. North East,Cassava flour,0.005878130773693212,0.005897749064016358,-1.9618290323146492e-5,0.9966735969756932
15. Gombe,2. North East,Cassava roots,0,1.5908993258078081,-1.5908993258078081,0
15. Gombe,2. North East,Cheese/wara,0,5.998183821965304e-4,-5.998183821965304e-4,0
15. Gombe,2. North East,Chicken,0.03162401094976951,0.008828955826546123,0.022795055123223384,3.5818517581303593
15. Gombe,2. North East,Chocolate drinks,1.7584972891131269e-4,5.22444142738506e-4,-3.465944138271933e-4,0.33659048791236823
15. Gombe,2. North East,Coconut,0,0,0,NA
15. Gombe,2. North East,Cocoyam,0.0024657313837121216,0,0.0024657313837121216,NA
15. Gombe,2. North East,Coffee,8.2419183233194e-6,0,8.2419183233194e-6,NA
15. Gombe,2. North East,Dry pepper,6.238243399616066e-4,9.308091816449626e-4,-3.06984841683356e-4,0.6701957310510837
15. Gombe,2. North East,Duck,1.1831969905902089e-4,0,1.1831969905902089e-4,NA
15. Gombe,2. North East,Fish - dried,5.610707469701848e-4,0.0018662836818879877,-0.001305212934917803,0.3006352959173865
15. Gombe,2. North East,Fish - fresh,0.005934596715804086,0.016551332426815567,-0.010616735711011481,0.358557037147606
15. Gombe,2. North East,Fish - frozen,0,0,0,NA
15. Gombe,2. North East,Fish - smoked,0,0.0021156715740199244,-0.0021156715740199244,0
15. Gombe,2. North East,Fresh milk,0.00992664841763707,0.037150363154261644,-0.027223714736624573,0.2672019214568122
15. Gombe,2. North East,Fresh pepper,0.04153926388094631,0.044613070826042725,-0.003073806945096416,0.9311007539229491
15. Gombe,2. North East,Fruit juice,0,0,0,NA
15. Gombe,2. North East,Garden eggs/Eggplant,0.002952021582790321,0.011125567595641244,-0.008173546012850922,0.2653367171978587
15. Gombe,2. North East,Gari - white,0.007315842139970462,0.03482829868233468,-0.02751245654236422,0.2100545365909918
15. Gombe,2. North East,Gari - yellow,0,0,0,NA
15. Gombe,2. North East,Gin,0,7.377046370085325e-4,-7.377046370085325e-4,0
15. Gombe,2. North East,Goat,0.003180899691032711,0.0032515051087043394,-7.060541767162825e-5,0.9782853123980595
15. Gombe,2. North East,Ground pepper,0.007680132066670667,0.007454403944344028,2.2572812232663896e-4,1.0302811766053956
15. Gombe,2. North East,Groundnut oil,0.043521202360127034,0.037375209329276786,0.006145993030850248,1.1644403641115117
15. Gombe,2. North East,Groundnuts - shelled,0.011391230337439079,0.0182112693675548,-0.006820039030115722,0.6255044669062825
15. Gombe,2. North East,Groundnuts - unshelled,0.019162562890861812,0.00951268318630951,0.009649879704552302,2.0144224837047284
15. Gombe,2. North East,Guava,0,0,0,NA
15. Gombe,2. North East,Guinea corn / sorghum,0.7581448034959355,0.6209202433663304,0.13722456012960504,1.2210019106248486
15. Gombe,2. North East,Honey,1.8049424990219712e-4,8.05889597635967e-5,9.990529013860041e-5,2.2396895360315745
15. Gombe,2. North East,Kola nut,0.0013026903364308198,0.0021780115259290057,-8.753211894981859e-4,0.5981099369412989
15. Gombe,2. North East,Leaves,0.10820844313388088,0.15582778597535232,-0.04761934284147144,0.6944104509769297
15. Gombe,2. North East,Local eggs,0.0011444553516187367,8.87340044270262e-4,2.571153073484747e-4,1.289759612460546
15. Gombe,2. North East,Maize - shelled/off cob,0.056359837536085124,0.11637168926577379,-0.06001185172968867,0.48430883741292546
15. Gombe,2. North East,Maize - unshelled/on cob,0,0.01435490416426641,-0.01435490416426641,0
15. Gombe,2. North East,Maize flour,0.410829435235013,0.6658534407002662,-0.2550240054652532,0.6169967895682134
15. Gombe,2. North East,Malt drinks,0.011940812215586922,0.004573711178726508,0.007367101036860414,2.6107490720285687
15. Gombe,2. North East,Mangoes,0,6.996342468188366e-4,-6.996342468188366e-4,0
15. Gombe,2. North East,Meat pie/Sausage roll,0,0,0,NA
15. Gombe,2. North East,Melon - ground,0,0,0,NA
15. Gombe,2. North East,Melon - shelled,0,0,0,NA
15. Gombe,2. North East,Melon - unshelled,0,0,0,NA
15. Gombe,2. North East,Milk - tinned,0,0,0,NA
15. Gombe,2. North East,Milk powder,0.0012771626058283002,0.0019587239156496315,-6.815613098213314e-4,0.6520380925684035
15. Gombe,2. North East,Millet,0.12721116705031268,0.28741265143678285,-0.16020148438647017,0.44260809819742086
15. Gombe,2. North East,Mutton,0.00873580747543948,0.002832809918387963,0.005902997557051516,3.0837958518624053
15. Gombe,2. North East,Ogbono - ground,0,0,0,NA
15. Gombe,2. North East,Ogbono - unground,0,0,0,NA
15. Gombe,2. North East,Okra - dried,0.009653900525504005,0.0020999734681273943,0.007553927057376611,4.597153569808032
15. Gombe,2. North East,Okra - fresh,0.01792607268062888,0.04054989749982491,-0.02262382481919603,0.44207442646942036
15. Gombe,2. North East,Onions,0.10456564786082125,0.11025441371780081,-0.005688765856979569,0.9484032823253669
15. Gombe,2. North East,Orange/Tangerine,0.03761924917831441,0.026663635454692927,0.010955613723621485,1.410882219802223
15. Gombe,2. North East,Other alcoholic beverages,0,0,0,NA
15. Gombe,2. North East,Other domestic poultry,0,0,0,NA
15. Gombe,2. North East,Other eggs,0,0,0,NA
15. Gombe,2. North East,Other fish/seafood,0,0,0,NA
15. Gombe,2. North East,Other fruits,0,0,0,NA
15. Gombe,2. North East,Other grains/flour,0,0,0,NA
15. Gombe,2. North East,Other meat,0,0,0,NA
15. Gombe,2. North East,Other milk products,NA,0,NA,NA
15. Gombe,2. North East,Other non-alcoholic drinks,0,0,0,NA
15. Gombe,2. North East,Other nuts/seeds/pulses,0,0,0,NA
15. Gombe,2. North East,Other oil/fat,0,0,0,NA
15. Gombe,2. North East,Other roots/tubers,NA,0,NA,NA
15. Gombe,2. North East,Other spices,0.025193231864655437,0.02538902879925135,-1.9579693459591263e-4,0.9922881282248305
15. Gombe,2. North East,Other sweets,NA,0,NA,NA
15. Gombe,2. North East,Other vegetables,0,0,0,NA
15. Gombe,2. North East,Palm oil,0.09683918838593544,0.09666560419977073,1.7358418616471305e-4,1.001795718214371
15. Gombe,2. North East,Palm wine,8.240898535172301e-4,0,8.240898535172301e-4,NA
15. Gombe,2. North East,Pawpaw,0,0,0,NA
15. Gombe,2. North East,Pineapples,0,0.02454907482554373,-0.02454907482554373,0
15. Gombe,2. North East,Pito,0,0,0,NA
15. Gombe,2. North East,Plantains,0,0,0,NA
15. Gombe,2. North East,Pork,7.893481378733867e-4,0,7.893481378733867e-4,NA
15. Gombe,2. North East,Potatoes,0.0019740945727778326,0.011794192214832935,-0.009820097642055102,0.16737853146865944
15. Gombe,2. North East,Rice - imported,0.028881259616384304,0,0.028881259616384304,NA
15. Gombe,2. North East,Rice - local,0.6506982264626052,0.5073173852329557,0.14338084122964956,1.2826255228052363
15. Gombe,2. North East,Sachet water,0.858726566035992,0.6220293552163905,0.2366972108196015,1.3805241807876731
15. Gombe,2. North East,Salt,0.031187062903274873,0.04870411003490039,-0.017517047131625517,0.6403373941321758
15. Gombe,2. North East,Seafood,0,0,0,NA
15. Gombe,2. North East,Shea butter,NA,0,NA,NA
15. Gombe,2. North East,Snails,0,0,0,NA
15. Gombe,2. North East,Soft drinks,0.01521553350766417,0.004992528641876302,0.010223004865787868,3.047660734490216
15. Gombe,2. North East,Soya beans,0.06525487534850526,0.03695440866649286,0.028300466682012394,1.7658211213016342
15. Gombe,2. North East,Sugar,0.04420987369510507,0.04699179169189953,-0.0027819179967944613,0.9407999163974416
15. Gombe,2. North East,Sweet potatoes,0.14438595214583186,0.05884447189302127,0.08554148025281058,2.4536876192605526
15. Gombe,2. North East,Tea,0.0038626636821318676,0.002607401668453052,0.0012552620136788155,1.4814225705483848
15. Gombe,2. North East,Tomato puree - canned,3.4970311078068403e-4,8.774532647010731e-4,-5.27750153920389e-4,0.39854328982389664
15. Gombe,2. North East,Tomatoes,0.11348781851696675,0.04384470699489061,0.06964311152207614,2.588404081026061
15. Gombe,2. North East,Watermelon,0.03808385188257539,0.06547997125056612,-0.02739611936799073,0.581610699504486
15. Gombe,2. North East,Wheat flour,0.03598286705777895,0.009260819830100093,0.026722047227678857,3.8854947745366126
15. Gombe,2. North East,White beans,0.26681682035587834,0.2310800900959738,0.03573673025990454,1.1546508409489633
15. Gombe,2. North East,Wild game/Bush meat,0,0,0,NA
15. Gombe,2. North East,Yam flour,0,3.707092213596616e-4,-3.707092213596616e-4,0
15. Gombe,2. North East,Yam roots,0.0710479837677351,0.1016989377103739,-0.030650953942638795,0.6986108740886856
16. Imo,4. South East,Agricultural eggs,0.014491692073859253,0.019980230726049673,-0.005488538652190421,0.7253015379329621
16. Imo,4. South East,Animal fat,0,0,0,NA
16. Imo,4. South East,Apples,0.006193511957124817,0.010966083674376383,-0.004772571717251565,0.5647879535696712
16. Imo,4. South East,Avocado pear,0.04486094100348568,0.004779293991736124,0.04008164701174956,9.386520494670284
16. Imo,4. South East,Baby milk powder,2.2564328569221647e-4,1.5939821599631677e-4,6.62450696958997e-5,1.415594799990926
16. Imo,4. South East,Bananas,0.11991540756797818,0.11964192724228645,2.734803256917301e-4,1.0022858234733873
16. Imo,4. South East,Beef,0.07362250493053234,0.0886169897044202,-0.014994484773887859,0.8307944692783901
16. Imo,4. South East,Beer,0.037587839160337665,0.031901775042968455,0.005686064117369209,1.178236606261271
16. Imo,4. South East,Biscuits,0.01585065084620301,0.01050578021396132,0.005344870632241691,1.5087552303006297
16. Imo,4. South East,Bottled water,0.12291875884498588,0.08345231362661604,0.03946644521836984,1.4729221216676074
16. Imo,4. South East,Bread,0.25284899907823594,0.2363882830295541,0.016460716048681823,1.0696342299107264
16. Imo,4. South East,Brown beans,0.04377386136342946,0.09983517139686679,-0.05606131003343733,0.43846132330878385
16. Imo,4. South East,Buns/Pofpof/Donuts,0.009202349148479942,0.00700080757878924,0.002201541569690702,1.3144696586663576
16. Imo,4. South East,Butter/Margarine,0,0,0,NA
16. Imo,4. South East,Cake,5.052470651322675e-4,0.008968904900512303,-0.008463657835380035,0.05633319460254371
16. Imo,4. South East,Canned fish/seafood,0,0,0,NA
16. Imo,4. South East,Cashew nut,6.739953202898345e-5,0,6.739953202898345e-5,NA
16. Imo,4. South East,Cassava flour,0.033288361407189736,0,0.033288361407189736,NA
16. Imo,4. South East,Cassava roots,1.1157604931807228,0.674566251145691,0.44119424203503177,1.6540413803473009
16. Imo,4. South East,Cheese/wara,0,0,0,NA
16. Imo,4. South East,Chicken,0.015741585688783786,0.03392879375559246,-0.018187208066808676,0.46395948533210407
16. Imo,4. South East,Chocolate drinks,0.01851034273459397,0.020402769037873882,-0.0018924263032799107,0.9072465948241153
16. Imo,4. South East,Coconut,0.04705586943375011,0.022745934582325593,0.02430993485142452,2.068759551885558
16. Imo,4. South East,Cocoyam,0.1902949905382392,0.07177214884683839,0.11852284169140082,2.651376524121192
16. Imo,4. South East,Coffee,5.954688225491158e-6,4.017324118763375e-5,-3.421855296214259e-5,0.14822523773173044
16. Imo,4. South East,Dry pepper,0.007627633060911439,0.0028753011879760625,0.004752331872935377,2.652811849001657
16. Imo,4. South East,Duck,0,0,0,NA
16. Imo,4. South East,Fish - dried,0.05947351810198611,0.050509257528167525,0.008964260573818585,1.1774775756467908
16. Imo,4. South East,Fish - fresh,0.003966043940596087,0.005051717019799561,-0.0010856730792034742,0.785088302660597
16. Imo,4. South East,Fish - frozen,0.05873481703029823,0.07861773624500701,-0.019882919214708777,0.7470937200131919
16. Imo,4. South East,Fish - smoked,0.03167228904631594,0.030399110839209237,0.0012731782071067066,1.0418820870729069
16. Imo,4. South East,Fresh milk,0,0,0,NA
16. Imo,4. South East,Fresh pepper,0.042226811455641174,0.04845632210820861,-0.006229510652567438,0.8714407040910737
16. Imo,4. South East,Fruit juice,0.018751904980622704,0,0.018751904980622704,NA
16. Imo,4. South East,Garden eggs/Eggplant,0.03167200016841545,0.036234985604941865,-0.004562985436526418,0.8740723816955484
16. Imo,4. South East,Gari - white,0.1970236865797331,0.21605132929958787,-0.01902764271985477,0.9119299900558813
16. Imo,4. South East,Gari - yellow,0.21325107754202272,0.22957910286932084,-0.01632802532729813,0.9288784339548872
16. Imo,4. South East,Gin,0,1.7303314499464545e-4,-1.7303314499464545e-4,0
16. Imo,4. South East,Goat,0.004752759275625933,0,0.004752759275625933,NA
16. Imo,4. South East,Ground pepper,0.007079459747056289,0.006878647819907786,2.0081192714850333e-4,1.0291935177386644
16. Imo,4. South East,Groundnut oil,0.24538126057861334,0.06029047303007362,0.18509078754853972,4.069983999896869
16. Imo,4. South East,Groundnuts - shelled,0.01985962694639554,0.016162960247831277,0.0036966666985642632,1.228712231044451
16. Imo,4. South East,Groundnuts - unshelled,0.012044290571902299,0.03614323981377922,-0.02409894924187692,0.33323771288788956
16. Imo,4. South East,Guava,0.016038080323819676,0.06577463298087452,-0.049736552657054844,0.24383382463697084
16. Imo,4. South East,Guinea corn / sorghum,0,0,0,NA
16. Imo,4. South East,Honey,0.001126515790300121,0,0.001126515790300121,NA
16. Imo,4. South East,Kola nut,0.001860678474091727,0.001195296532034653,6.653819420570739e-4,1.5566668389177454
16. Imo,4. South East,Leaves,0.17940280969483058,0.08142159012324805,0.09798121957158253,2.203381307381348
16. Imo,4. South East,Local eggs,3.2831694707815314e-4,4.268856990218107e-4,-9.856875194365756e-5,0.7690980227973825
16. Imo,4. South East,Maize - shelled/off cob,0,0.013929438630391195,-0.013929438630391195,0
16. Imo,4. South East,Maize - unshelled/on cob,0,0.4864281613820614,-0.4864281613820614,0
16. Imo,4. South East,Maize flour,0,0,0,NA
16. Imo,4. South East,Malt drinks,0.058334064843150166,0.07194358128182037,-0.0136095164386702,0.8108307065593741
16. Imo,4. South East,Mangoes,0.024611389429304374,0,0.024611389429304374,NA
16. Imo,4. South East,Meat pie/Sausage roll,0.0032176927434944217,0.006704943930475685,-0.003487251186981263,0.4798985311225625
16. Imo,4. South East,Melon - ground,2.562524787780906e-4,0.004469278013073834,-0.0042130255342957435,0.05733643734591662
16. Imo,4. South East,Melon - shelled,0.02529917015824369,0.01983551777869575,0.005463652379547938,1.275447933374149
16. Imo,4. South East,Melon - unshelled,1.5963680610864498e-4,5.554719673358172e-4,-3.958351612271722e-4,0.2873894912722655
16. Imo,4. South East,Milk - tinned,0.003407962844931591,0.004016036427696835,-6.080735827652443e-4,0.8485886286858285
16. Imo,4. South East,Milk powder,0.021153224781336896,0.01719764758287846,0.0039555771984584355,1.2300068761960505
16. Imo,4. South East,Millet,0,0.0021401661228543783,-0.0021401661228543783,0
16. Imo,4. South East,Mutton,0,0,0,NA
16. Imo,4. South East,Ogbono - ground,5.929171444816785e-4,0.001972127655564088,-0.0013792105110824095,0.30064846096998027
16. Imo,4. South East,Ogbono - unground,0.009050730461852539,0.008085630892035544,9.650995698169944e-4,1.1193598350832006
16. Imo,4. South East,Okra - dried,0,2.568701333822567e-4,-2.568701333822567e-4,0
16. Imo,4. South East,Okra - fresh,0.0379122599210153,0.05275870867053648,-0.01484644874952118,0.7185971923188428
16. Imo,4. South East,Onions,0.12511435873051657,0.16399203275813845,-0.03887767402762188,0.7629294949654041
16. Imo,4. South East,Orange/Tangerine,0.06034277094894292,0.07053428924226499,-0.010191518293322065,0.8555097328858432
16. Imo,4. South East,Other alcoholic beverages,0,0,0,NA
16. Imo,4. South East,Other domestic poultry,0,0,0,NA
16. Imo,4. South East,Other eggs,0,0,0,NA
16. Imo,4. South East,Other fish/seafood,7.231506595737786e-4,9.006509076031473e-4,-1.7750024802936867e-4,0.8029200364636946
16. Imo,4. South East,Other fruits,0,0.023366367708403283,-0.023366367708403283,0
16. Imo,4. South East,Other grains/flour,0,0,0,NA
16. Imo,4. South East,Other meat,0,0,0,NA
16. Imo,4. South East,Other milk products,NA,0,NA,NA
16. Imo,4. South East,Other non-alcoholic drinks,0,0,0,NA
16. Imo,4. South East,Other nuts/seeds/pulses,0.0019623109278453688,0,0.0019623109278453688,NA
16. Imo,4. South East,Other oil/fat,0,0,0,NA
16. Imo,4. South East,Other roots/tubers,NA,0,NA,NA
16. Imo,4. South East,Other spices,0.006222958450892333,0.004020925991975475,0.002202032458916858,1.5476431208411778
16. Imo,4. South East,Other sweets,NA,0,NA,NA
16. Imo,4. South East,Other vegetables,0,0.0717095622327309,-0.0717095622327309,0
16. Imo,4. South East,Palm oil,0.10109745346071979,0.0954487573260265,0.005648696134693279,1.05918040520317
16. Imo,4. South East,Palm wine,0.01275702793448394,0.009226506013292045,0.0035305219211918953,1.382649934450343
16. Imo,4. South East,Pawpaw,0.4646938653767514,0.2207115221927555,0.2439823431839959,2.1054354605507055
16. Imo,4. South East,Pineapples,0.09520389865288044,0.030903574809259125,0.06430032384362132,3.0806759166371935
16. Imo,4. South East,Pito,0,0,0,NA
16. Imo,4. South East,Plantains,0.32568884521737906,0.2874620378810734,0.03822680733630568,1.1329803671402363
16. Imo,4. South East,Pork,0,6.707302824562756e-4,-6.707302824562756e-4,0
16. Imo,4. South East,Potatoes,0,0,0,NA
16. Imo,4. South East,Rice - imported,0.06561230946545141,0.08854838152915441,-0.022936072063703003,0.7409769476571253
16. Imo,4. South East,Rice - local,0.523550691807742,0.4316019805190621,0.09194871128867993,1.2130405221451919
16. Imo,4. South East,Sachet water,1.5484738942943883,0.9592484683317338,0.5892254259626545,1.6142573539756588
16. Imo,4. South East,Salt,0.0202804400639705,0.026014881107229687,-0.005734441043259188,0.7795707380086564
16. Imo,4. South East,Seafood,0.0018674447119920252,8.93520919156667e-4,9.739237928353583e-4,2.0899843215249825
16. Imo,4. South East,Shea butter,NA,0,NA,NA
16. Imo,4. South East,Snails,6.986712745436327e-4,0.01170598742256473,-0.011007316148021098,0.05968495004503917
16. Imo,4. South East,Soft drinks,0.12178835107791258,0.10857442231231487,0.01321392876559771,1.1217038827762562
16. Imo,4. South East,Soya beans,7.58539370931219e-4,0.007936660729526741,-0.007178121358595522,0.09557412075197151
16. Imo,4. South East,Sugar,0.02073519330553574,0.02408413474603279,-0.0033489414404970497,0.860948235184214
16. Imo,4. South East,Sweet potatoes,0.023330589720774775,0.06632849116268177,-0.042997901441907,0.35174310936084136
16. Imo,4. South East,Tea,0.004462897720805429,0.0011667326469561696,0.0032961650738492594,3.825124575410193
16. Imo,4. South East,Tomato puree - canned,0.05295065204399631,0.05007076415984475,0.002879887884151555,1.0575163557511897
16. Imo,4. South East,Tomatoes,0.12720794293259166,0.09316267263504144,0.03404527029755022,1.3654389610624451
16. Imo,4. South East,Watermelon,0.13264197662581453,0.05024085544722813,0.0824011211785864,2.6401217782833872
16. Imo,4. South East,Wheat flour,9.457475479448554e-4,0.004648696023744838,-0.003702948475799982,0.2034436201279068
16. Imo,4. South East,White beans,0.18509217068499667,0.16151131979184932,0.023580850893147348,1.14600122718047
16. Imo,4. South East,Wild game/Bush meat,0,0,0,NA
16. Imo,4. South East,Yam flour,0.002995559520914551,0,0.002995559520914551,NA
16. Imo,4. South East,Yam roots,0.9918577544645284,0.6976661714451321,0.2941915830193963,1.4216795869721095
17. Jigawa,3. North West,Agricultural eggs,7.216651163550707e-4,4.4939513821463657e-4,2.722699781404341e-4,1.605858753216851
17. Jigawa,3. North West,Animal fat,0,0,0,NA
17. Jigawa,3. North West,Apples,0,0,0,NA
17. Jigawa,3. North West,Avocado pear,0,0,0,NA
17. Jigawa,3. North West,Baby milk powder,0,0.002349454692767578,-0.002349454692767578,0
17. Jigawa,3. North West,Bananas,0.005252678534747089,0.00439338309281535,8.59295441931739e-4,1.195588553007584
17. Jigawa,3. North West,Beef,0.022023149886229176,0.00682018063104746,0.015202969255181716,3.229115338378773
17. Jigawa,3. North West,Beer,0,0,0,NA
17. Jigawa,3. North West,Biscuits,0.005050517729032662,0.004660807420612977,3.8971030841968533e-4,1.0836143340091986
17. Jigawa,3. North West,Bottled water,0,0,0,NA
17. Jigawa,3. North West,Bread,0.13348024257678928,0.12567323591546195,0.0078070066613273315,1.0621214740311051
17. Jigawa,3. North West,Brown beans,0.008387299527903987,0.046783630084524956,-0.03839633055662097,0.1792785107258774
17. Jigawa,3. North West,Buns/Pofpof/Donuts,0,0.0031084514727346886,-0.0031084514727346886,0
17. Jigawa,3. North West,Butter/Margarine,0,0,0,NA
17. Jigawa,3. North West,Cake,0,0.012963782692239344,-0.012963782692239344,0
17. Jigawa,3. North West,Canned fish/seafood,0,0,0,NA
17. Jigawa,3. North West,Cashew nut,0,0,0,NA
17. Jigawa,3. North West,Cassava flour,0.03728574291069545,0.01668367111412085,0.020602071796574604,2.2348644165694007
17. Jigawa,3. North West,Cassava roots,0.42756114204826595,0.4276681643245554,-1.0702227628944794e-4,0.9997497539325648
17. Jigawa,3. North West,Cheese/wara,6.50355983514737e-4,0,6.50355983514737e-4,NA
17. Jigawa,3. North West,Chicken,0.009273360175990866,0.012677698835763591,-0.003404338659772726,0.7314703004168912
17. Jigawa,3. North West,Chocolate drinks,3.125953311632573e-5,2.494473584384589e-4,-2.1818782532213318e-4,0.12531514990581774
17. Jigawa,3. North West,Coconut,0,0,0,NA
17. Jigawa,3. North West,Cocoyam,0,0,0,NA
17. Jigawa,3. North West,Coffee,8.044762262489787e-6,0,8.044762262489787e-6,NA
17. Jigawa,3. North West,Dry pepper,0.0145703861028068,0.03264647636204691,-0.018076090259240105,0.446308077515697
17. Jigawa,3. North West,Duck,0,0,0,NA
17. Jigawa,3. North West,Fish - dried,0.012866659391949392,0.017789430485878114,-0.004922771093928722,0.7232755091380473
17. Jigawa,3. North West,Fish - fresh,0.10214432096622472,0.14040607845054687,-0.038261757484322145,0.7274921577002914
17. Jigawa,3. North West,Fish - frozen,0.0016569879871340444,0.0028986386589031957,-0.0012416506717691513,0.5716435134281365
17. Jigawa,3. North West,Fish - smoked,0,0.023262927185022264,-0.023262927185022264,0
17. Jigawa,3. North West,Fresh milk,0.11743705222893648,0.06995504590776809,0.04748200632116839,1.6787502703346207
17. Jigawa,3. North West,Fresh pepper,0.03011864389581967,0.0016490568910217261,0.028469587004797944,18.264163025424004
17. Jigawa,3. North West,Fruit juice,0,0,0,NA
17. Jigawa,3. North West,Garden eggs/Eggplant,0.0021403101007401296,0.01369889160216615,-0.01155858150142602,0.1562396552142723
17. Jigawa,3. North West,Gari - white,0.17776564678986537,0.17545310541780776,0.0023125413720576082,1.013180395790378
17. Jigawa,3. North West,Gari - yellow,0.009020210245529584,0.06013340847906765,-0.05111319823353807,0.15000330887063396
17. Jigawa,3. North West,Gin,0,0,0,NA
17. Jigawa,3. North West,Goat,0.010068558721227982,0.004612702737785714,0.005455855983442268,2.1827894173083657
17. Jigawa,3. North West,Ground pepper,0.0013614869753102237,5.575023190226484e-4,8.039846562875753e-4,2.442118945257542
17. Jigawa,3. North West,Groundnut oil,0.07626894344258066,0.07307763658091074,0.003191306861669921,1.04367008856583
17. Jigawa,3. North West,Groundnuts - shelled,0.012030702026449175,0.01708272437087877,-0.005052022344429594,0.7042613206918056
17. Jigawa,3. North West,Groundnuts - unshelled,0.006014304165683082,0.010823548408006214,-0.004809244242323133,0.5556684313652888
17. Jigawa,3. North West,Guava,0,0.016172630461055743,-0.016172630461055743,0
17. Jigawa,3. North West,Guinea corn / sorghum,1.7267992250549284,1.0056217677673456,0.7211774572875829,1.7171458299761366
17. Jigawa,3. North West,Honey,3.378800180214786e-4,1.395603851322334e-4,1.983196328892452e-4,2.4210309945858737
17. Jigawa,3. North West,Kola nut,0.0036720352782220944,0.005267589643419088,-0.0015955543651969932,0.697099722414719
17. Jigawa,3. North West,Leaves,0.004704995269640352,0.02765136438948169,-0.02294636911984134,0.1701541813043441
17. Jigawa,3. North West,Local eggs,0.00121937584140588,0.005063539649758117,-0.003844163808352237,0.24081490928270485
17. Jigawa,3. North West,Maize - shelled/off cob,0.012747885709151772,0.01800833367658231,-0.005260447967430536,0.7078881332440479
17. Jigawa,3. North West,Maize - unshelled/on cob,0.007348777998096975,0.014037430006865461,-0.006688652008768487,0.5235130643218037
17. Jigawa,3. North West,Maize flour,0.392163248133376,0.6056796627170216,-0.21351641458364556,0.6474763348899133
17. Jigawa,3. North West,Malt drinks,0.003863654477097679,9.022181841522735e-4,0.0029614362929454054,4.282394818641323
17. Jigawa,3. North West,Mangoes,0,0,0,NA
17. Jigawa,3. North West,Meat pie/Sausage roll,0,1.2305397906704678e-4,-1.2305397906704678e-4,0
17. Jigawa,3. North West,Melon - ground,0,0,0,NA
17. Jigawa,3. North West,Melon - shelled,0,0,0,NA
17. Jigawa,3. North West,Melon - unshelled,0,0,0,NA
17. Jigawa,3. North West,Milk - tinned,0,0,0,NA
17. Jigawa,3. North West,Milk powder,3.6049159845643046e-4,9.271157538546756e-4,-5.666241553982451e-4,0.38883127264056516
17. Jigawa,3. North West,Millet,0.46094085084266995,0.8056847233443265,-0.34474387250165656,0.572110699740396
17. Jigawa,3. North West,Mutton,0.005102519265891092,0.0034221858188462533,0.0016803334470448386,1.4910117497977775
17. Jigawa,3. North West,Ogbono - ground,0,0,0,NA
17. Jigawa,3. North West,Ogbono - unground,0,0,0,NA
17. Jigawa,3. North West,Okra - dried,0.006485695815176028,3.7425960064837706e-4,0.0061114362145276505,17.32940398573621
17. Jigawa,3. North West,Okra - fresh,0.010704180827224274,0.02298759032587366,-0.012283409498649386,0.4656504085674519
17. Jigawa,3. North West,Onions,0.09687832358984537,0.13058884852746305,-0.033710524937617684,0.7418575527869188
17. Jigawa,3. North West,Orange/Tangerine,0.07175987393954349,0.14238071959354143,-0.07062084565399794,0.5039999386461775
17. Jigawa,3. North West,Other alcoholic beverages,0,0,0,NA
17. Jigawa,3. North West,Other domestic poultry,0,0,0,NA
17. Jigawa,3. North West,Other eggs,0,0,0,NA
17. Jigawa,3. North West,Other fish/seafood,0,0,0,NA
17. Jigawa,3. North West,Other fruits,0,0,0,NA
17. Jigawa,3. North West,Other grains/flour,7.814883824944737e-4,0,7.814883824944737e-4,NA
17. Jigawa,3. North West,Other meat,0,0,0,NA
17. Jigawa,3. North West,Other milk products,NA,0,NA,NA
17. Jigawa,3. North West,Other non-alcoholic drinks,0,0,0,NA
17. Jigawa,3. North West,Other nuts/seeds/pulses,0,0,0,NA
17. Jigawa,3. North West,Other oil/fat,0,0,0,NA
17. Jigawa,3. North West,Other roots/tubers,NA,0,NA,NA
17. Jigawa,3. North West,Other spices,0.01479295257703049,0.008869478818458601,0.005923473758571888,1.6678491351988267
17. Jigawa,3. North West,Other sweets,NA,1.6368947369188353e-4,NA,NA
17. Jigawa,3. North West,Other vegetables,0,0,0,NA
17. Jigawa,3. North West,Palm oil,0.1026679068341729,0.06115110773954781,0.04151679909462509,1.678921455870459
17. Jigawa,3. North West,Palm wine,0,0,0,NA
17. Jigawa,3. North West,Pawpaw,0,0,0,NA
17. Jigawa,3. North West,Pineapples,0,0,0,NA
17. Jigawa,3. North West,Pito,0,0,0,NA
17. Jigawa,3. North West,Plantains,0,0,0,NA
17. Jigawa,3. North West,Pork,0,0,0,NA
17. Jigawa,3. North West,Potatoes,0,0,0,NA
17. Jigawa,3. North West,Rice - imported,0,0.0019258459373628365,-0.0019258459373628365,0
17. Jigawa,3. North West,Rice - local,0.6663176734147026,0.9499586577100092,-0.2836409842953066,0.7014175490762328
17. Jigawa,3. North West,Sachet water,0.2536988985194184,0.35641447357731576,-0.10271557505789736,0.7118086310386168
17. Jigawa,3. North West,Salt,0.030744862966557172,0.06996680070251435,-0.039221937735957176,0.43942073466069337
17. Jigawa,3. North West,Seafood,0,0,0,NA
17. Jigawa,3. North West,Shea butter,NA,0,NA,NA
17. Jigawa,3. North West,Snails,0,0,0,NA
17. Jigawa,3. North West,Soft drinks,0.07080542558374593,0.03700261501182866,0.03380281057191727,1.9135249106343295
17. Jigawa,3. North West,Soya beans,0.004394823936052439,0.04979984743477402,-0.04540502349872158,0.08824974698584398
17. Jigawa,3. North West,Sugar,0.02928260630585598,0.06262582964442434,-0.03334322333856836,0.4675803334201904
17. Jigawa,3. North West,Sweet potatoes,0.021499186389305897,0.031289867141317484,-0.009790680752011588,0.68709740096392935
17. Jigawa,3. North West,Tea,5.396024377200017e-4,1.2295630219725338e-4,4.166461355227483e-4,4.388570801798685
17. Jigawa,3. North West,Tomato puree - canned,0,0.0032753134126602868,-0.0032753134126602868,0
17. Jigawa,3. North West,Tomatoes,0.11287258151658675,0.10313087109366,0.00974171042292675,1.0944596930057893
17. Jigawa,3. North West,Watermelon,0.03170371680574238,0.2856644928081175,-0.2539607760023751,0.11098235028823814
17. Jigawa,3. North West,Wheat flour,0.002205170770618291,0.04169247183131412,-0.039487301060695826,0.05289134162014461
17. Jigawa,3. North West,White beans,0.22946769429154254,0.36542120551224994,-0.1359535112207074,0.6279539633445004
17. Jigawa,3. North West,Wild game/Bush meat,0,0,0,NA
17. Jigawa,3. North West,Yam flour,0,0,0,NA
17. Jigawa,3. North West,Yam roots,0.021935016677572236,0.029727574786817427,-0.007792558109245191,0.7378676812647101
18. Kaduna,3. North West,Agricultural eggs,0.005434709803461728,0.010304062813909224,-0.004869353010447496,0.5274336833550292
18. Kaduna,3. North West,Animal fat,0,0,0,NA
18. Kaduna,3. North West,Apples,0,2.652957719686717e-4,-2.652957719686717e-4,0
18. Kaduna,3. North West,Avocado pear,0,0,0,NA
18. Kaduna,3. North West,Baby milk powder,5.854325073140574e-4,0,5.854325073140574e-4,NA
18. Kaduna,3. North West,Bananas,0.05087416506553955,0.009601743176110135,0.041272421889429416,5.298430100913169
18. Kaduna,3. North West,Beef,0.02984843221309592,0.024259799883739382,0.005588632329356538,1.2303659698818221
18. Kaduna,3. North West,Beer,0,0.0016731056122767803,-0.0016731056122767803,0
18. Kaduna,3. North West,Biscuits,0.0031250428548070305,7.183903460497237e-4,0.0024066525087573067,4.350062430530949
18. Kaduna,3. North West,Bottled water,0.004057892726742374,0.024458395641059116,-0.02040050291431674,0.1659100125083534
18. Kaduna,3. North West,Bread,0.09499556961942976,0.0967317410095476,-0.0017361713901178355,0.9820516888045417
18. Kaduna,3. North West,Brown beans,0.004269477492026941,0.007399543261076091,-0.0031300657690491503,0.5769920306413675
18. Kaduna,3. North West,Buns/Pofpof/Donuts,0.0013983210174249945,1.4995388455284263e-4,0.0012483671328721519,9.3250069619386
18. Kaduna,3. North West,Butter/Margarine,2.983982656204836e-4,0,2.983982656204836e-4,NA
18. Kaduna,3. North West,Cake,3.2923173710189594e-4,7.597140602365264e-4,-4.304823231346304e-4,0.43336270096066704
18. Kaduna,3. North West,Canned fish/seafood,0,0,0,NA
18. Kaduna,3. North West,Cashew nut,4.691803552582993e-4,0,4.691803552582993e-4,NA
18. Kaduna,3. North West,Cassava flour,0.02578464935985461,0.009077558128223607,0.016707091231631006,2.84048297963369
18. Kaduna,3. North West,Cassava roots,0.010251446076129723,0.2186089691127863,-0.20835752303665658,0.04689398663620578
18. Kaduna,3. North West,Cheese/wara,9.338901203722907e-4,0.00927878212186759,-0.0083448920014953,0.10064791996477246
18. Kaduna,3. North West,Chicken,0.013476229209236506,0.009586958960453125,0.0038892702487833813,1.4056834148166162
18. Kaduna,3. North West,Chocolate drinks,0.0015883005662237345,0.0012874753120540466,3.008252541696879e-4,1.2336551632122168
18. Kaduna,3. North West,Coconut,0,0,0,NA
18. Kaduna,3. North West,Cocoyam,0.0013853805947610864,0.01908180187293668,-0.017696421278175594,0.07260218945706289
18. Kaduna,3. North West,Coffee,1.8700103472515465e-5,2.128947396755377e-4,-1.9419463620302225e-4,0.08783732045712056
18. Kaduna,3. North West,Dry pepper,0.0023341810840181217,3.029432795633272e-4,0.0020312378044547944,7.705010282395735
18. Kaduna,3. North West,Duck,0,0,0,NA
18. Kaduna,3. North West,Fish - dried,0.01881803959540026,0.004033415415659111,0.014784624179741149,4.6655347035026775
18. Kaduna,3. North West,Fish - fresh,0.0547088843529518,0.023548294072810394,0.031160590280141405,2.3232631707330516
18. Kaduna,3. North West,Fish - frozen,0.010959064004170198,0.021914132361021153,-0.010955068356850955,0.5000911659940128
18. Kaduna,3. North West,Fish - smoked,0.0088127506590949,0.007912238211930968,9.005124471639318e-4,1.1138126056172117
18. Kaduna,3. North West,Fresh milk,0,3.950451932332281e-4,-3.950451932332281e-4,0
18. Kaduna,3. North West,Fresh pepper,0.058117681925435684,0.04916779922458733,0.00894988270084835,1.1820273195464235
18. Kaduna,3. North West,Fruit juice,0,0,0,NA
18. Kaduna,3. North West,Garden eggs/Eggplant,0.004582425852428239,0.013679825328380106,-0.009097399475951867,0.3349769271484453
18. Kaduna,3. North West,Gari - white,0.06786134313504409,0.13151070838167214,-0.06364936524662805,0.5160138210045678
18. Kaduna,3. North West,Gari - yellow,0.001623866079335931,0.003102703579173604,-0.0014788374998376732,0.5233713237177632
18. Kaduna,3. North West,Gin,0,0,0,NA
18. Kaduna,3. North West,Goat,0.005442059112880079,0.007371442556482807,-0.0019293834436027273,0.7382624325131676
18. Kaduna,3. North West,Ground pepper,0.001109133422978429,0.001266224668232294,-1.57091245253865e-4,0.8759373046544959
18. Kaduna,3. North West,Groundnut oil,0.06161584161852136,0.05171741767140277,0.009898423947118588,1.1913943965650076
18. Kaduna,3. North West,Groundnuts - shelled,0.007758651603010856,0.001765215585048815,0.005993436017962041,4.395299740567552
18. Kaduna,3. North West,Groundnuts - unshelled,0.006085717441631794,0.004523669812269016,0.0015620476293627776,1.3453054033975291
18. Kaduna,3. North West,Guava,8.798954357151159e-4,8.582208682530308e-4,2.167456746208509e-5,1.0252552323811528
18. Kaduna,3. North West,Guinea corn / sorghum,0.17682378814959074,0.18917917856674712,-0.012355390417156387,0.9346894805720012
18. Kaduna,3. North West,Honey,3.658027236417965e-4,0,3.658027236417965e-4,NA
18. Kaduna,3. North West,Kola nut,3.268111876260544e-4,5.911931797550544e-4,-2.6438199212900005e-4,0.552799319778114
18. Kaduna,3. North West,Leaves,0.08057966011987767,0.06706089225826659,0.013518767861611089,1.2015894421676836
18. Kaduna,3. North West,Local eggs,6.764514694181261e-4,6.787406783749819e-4,-2.28920895685577e-6,0.9966272701345431
18. Kaduna,3. North West,Maize - shelled/off cob,0.14537112507321345,0.07051301055507288,0.07485811451814058,2.061621308306983
18. Kaduna,3. North West,Maize - unshelled/on cob,0.0023148782335567315,0.13803524214293666,-0.13572036390937994,0.016770197216444592
18. Kaduna,3. North West,Maize flour,0.3733505637977826,0.4276672523806344,-0.054316688582851824,0.8729931078882125
18. Kaduna,3. North West,Malt drinks,0.0037117586685300203,0.008321149930271575,-0.004609391261741555,0.44606318833734565
18. Kaduna,3. North West,Mangoes,0.02822980336345834,0,0.02822980336345834,NA
18. Kaduna,3. North West,Meat pie/Sausage roll,9.460682654807382e-5,0,9.460682654807382e-5,NA
18. Kaduna,3. North West,Melon - ground,8.709831255605801e-4,0.0014680214394266846,-5.970383138661045e-4,0.5933040909135022
18. Kaduna,3. North West,Melon - shelled,3.052943179542288e-4,0.0016340633218915857,-0.001328769003937357,0.1868313876605597
18. Kaduna,3. North West,Melon - unshelled,1.8014380814013824e-5,0,1.8014380814013824e-5,NA
18. Kaduna,3. North West,Milk - tinned,0,0.0019216467492503863,-0.0019216467492503863,0
18. Kaduna,3. North West,Milk powder,0.0030074707824627573,0.0027784210543106134,2.2904972815214388e-4,1.0824388109918697
18. Kaduna,3. North West,Millet,0.09299892502665523,0.05973855430852827,0.03326037071812696,1.556765577994222
18. Kaduna,3. North West,Mutton,0,6.549259320639279e-4,-6.549259320639279e-4,0
18. Kaduna,3. North West,Ogbono - ground,3.038150681221852e-4,4.680649992807738e-5,2.5700856819410784e-4,6.490873459648251
18. Kaduna,3. North West,Ogbono - unground,0,0,0,NA
18. Kaduna,3. North West,Okra - dried,0.01924202905802679,0.0018828892459663645,0.017359139812060425,10.219416303560175
18. Kaduna,3. North West,Okra - fresh,0.01303887726246793,0.0911753122559861,-0.07813643499351818,0.14300885776908173
18. Kaduna,3. North West,Onions,0.1726052628297904,0.11358636035761746,0.05901890247217295,1.519594978537535
18. Kaduna,3. North West,Orange/Tangerine,0.04773193837055417,0.03867060722078535,0.009061331149768821,1.234320891265922
18. Kaduna,3. North West,Other alcoholic beverages,0,0,0,NA
18. Kaduna,3. North West,Other domestic poultry,0,0,0,NA
18. Kaduna,3. North West,Other eggs,0,0,0,NA
18. Kaduna,3. North West,Other fish/seafood,0,0,0,NA
18. Kaduna,3. North West,Other fruits,0,0,0,NA
18. Kaduna,3. North West,Other grains/flour,0.03151911196566944,0.02270413092394927,0.008814981041720172,1.3882545018458188
18. Kaduna,3. North West,Other meat,5.708517477700044e-4,3.057012486563747e-4,2.651504991136297e-4,1.867351704577673
18. Kaduna,3. North West,Other milk products,NA,0,NA,NA
18. Kaduna,3. North West,Other non-alcoholic drinks,0,0,0,NA
18. Kaduna,3. North West,Other nuts/seeds/pulses,0,0,0,NA
18. Kaduna,3. North West,Other oil/fat,0,0,0,NA
18. Kaduna,3. North West,Other roots/tubers,NA,0,NA,NA
18. Kaduna,3. North West,Other spices,0.022050670001796686,0.008838574217810789,0.013212095783985897,2.4948220672698476
18. Kaduna,3. North West,Other sweets,NA,1.2290121743755442e-4,NA,NA
18. Kaduna,3. North West,Other vegetables,8.745095037964362e-4,7.709929673736178e-4,1.0351653642281839e-4,1.1342639178350054
18. Kaduna,3. North West,Palm oil,0.09407316334810632,0.07517882309394903,0.018894340254157288,1.2513252998194122
18. Kaduna,3. North West,Palm wine,0.00899715382681421,0.002988225397674207,0.006008928429140003,3.010868535491622
18. Kaduna,3. North West,Pawpaw,0.014253977631205877,0.0011122904646676682,0.01314168716653821,12.814977817385769
18. Kaduna,3. North West,Pineapples,0.0023171621177691423,0.006798252428042446,-0.004481090310273304,0.340846731170347
18. Kaduna,3. North West,Pito,0.003908863096620847,0.0066696494427577946,-0.0027607863461369475,0.5860672483866849
18. Kaduna,3. North West,Plantains,0.024164975094395042,0.0035989774886367194,0.02056599760575832,6.714400179132172
18. Kaduna,3. North West,Pork,9.507212368077617e-5,0,9.507212368077617e-5,NA
18. Kaduna,3. North West,Potatoes,0.005199515595041643,0.02183788436272537,-0.016638368767683726,0.2380961227140019
18. Kaduna,3. North West,Rice - imported,0.0054161198051572695,0.013670990570883713,-0.008254870765726443,0.39617610567974837
18. Kaduna,3. North West,Rice - local,0.4165932610701555,0.4466665543882991,-0.030073293318143623,0.9326717144530143
18. Kaduna,3. North West,Sachet water,0.29468990775078485,0.664627828037587,-0.36993792028680217,0.44339086526199306
18. Kaduna,3. North West,Salt,0.029908973339376036,0.03528207692679536,-0.005373103587419322,0.8477101107577185
18. Kaduna,3. North West,Seafood,0,0,0,NA
18. Kaduna,3. North West,Shea butter,NA,0,NA,NA
18. Kaduna,3. North West,Snails,0,0,0,NA
18. Kaduna,3. North West,Soft drinks,0.04148985054097379,0.05162435524258005,-0.010134504701606262,0.8036875297718533
18. Kaduna,3. North West,Soya beans,0.061443707235210136,0.033325927392497484,0.028117779842712652,1.8437208516826655
18. Kaduna,3. North West,Sugar,0.04435087078840857,0.04875388683342224,-0.004403016045013669,0.9096889226482088
18. Kaduna,3. North West,Sweet potatoes,0.14666070209506601,0.16649180863406185,-0.019831106538995835,0.8808883950406033
18. Kaduna,3. North West,Tea,0.002412969666648876,0.0024630323911806655,-5.006272453178962e-5,0.9796743539747799
18. Kaduna,3. North West,Tomato puree - canned,0.0015369341884902859,0.002198718170858433,-6.617839823681471e-4,0.6990137293904427
18. Kaduna,3. North West,Tomatoes,0.17177568329041457,0.1438017301894337,0.02797395310098086,1.1945314083782583
18. Kaduna,3. North West,Watermelon,0.05072365090684054,0.0978474986074614,-0.04712384770062086,0.5183949679728714
18. Kaduna,3. North West,Wheat flour,9.753922747145032e-4,6.758509736654736e-4,2.995413010490295e-4,1.4432061396974383
18. Kaduna,3. North West,White beans,0.16682078244984402,0.1560103216722472,0.010810460777596814,1.069293240740237
18. Kaduna,3. North West,Wild game/Bush meat,0.009750858798962066,0,0.009750858798962066,NA
18. Kaduna,3. North West,Yam flour,0.0022371043540319285,0.0022838917209347326,-4.67873669028041e-5,0.9795141921685957
18. Kaduna,3. North West,Yam roots,0.28330445995065495,0.40176736526974155,-0.1184629053190866,0.7051455255965051
19. Kano,3. North West,Agricultural eggs,0.0034367130065859146,0.004847157965564107,-0.0014104449589781927,0.7090160937608216
19. Kano,3. North West,Animal fat,0,0,0,NA
19. Kano,3. North West,Apples,1.929907954913726e-4,0,1.929907954913726e-4,NA
19. Kano,3. North West,Avocado pear,0,0,0,NA
19. Kano,3. North West,Baby milk powder,0,0,0,NA
19. Kano,3. North West,Bananas,0.02613932752098433,0.05365666607329761,-0.02751733855231328,0.48715899503105053
19. Kano,3. North West,Beef,0.02522983042046494,0.012099033176228999,0.01313079724423594,2.085276571522595
19. Kano,3. North West,Beer,0,0,0,NA
19. Kano,3. North West,Biscuits,9.609374238208199e-4,8.705203312873596e-4,9.041709253346036e-5,1.1038655724441817
19. Kano,3. North West,Bottled water,0,0.005608405955081852,-0.005608405955081852,0
19. Kano,3. North West,Bread,0.12694758513027088,0.11647485960726575,0.010472725523005127,1.0899140428957583
19. Kano,3. North West,Brown beans,3.459956216791429e-4,0.002143971899347826,-0.0017979762776686831,0.16138067004721057
19. Kano,3. North West,Buns/Pofpof/Donuts,0,0,0,NA
19. Kano,3. North West,Butter/Margarine,0,0,0,NA
19. Kano,3. North West,Cake,0,0,0,NA
19. Kano,3. North West,Canned fish/seafood,0,0,0,NA
19. Kano,3. North West,Cashew nut,0,0,0,NA
19. Kano,3. North West,Cassava flour,0.016675718796007925,0.002283181326219311,0.014392537469788615,7.303720735847564
19. Kano,3. North West,Cassava roots,0.21188950548337812,0.41407524399896134,-0.20218573851558322,0.511717395700936
19. Kano,3. North West,Cheese/wara,0.03090834251963207,0.005758909106525765,0.025149433413106305,5.367048159278633
19. Kano,3. North West,Chicken,0.037383466381287714,0.018452389560244514,0.0189310768210432,2.0259417491287963
19. Kano,3. North West,Chocolate drinks,2.8621997202642245e-4,2.2614953962949393e-4,6.0070432396928524e-5,1.2656226163243283
19. Kano,3. North West,Coconut,0,0.0010108003227664783,-0.0010108003227664783,0
19. Kano,3. North West,Cocoyam,0,0,0,NA
19. Kano,3. North West,Coffee,0,2.806012848698239e-5,-2.806012848698239e-5,0
19. Kano,3. North West,Dry pepper,0.0020347310902914823,0.008108014809877273,-0.006073283719585791,0.2509530554646682
19. Kano,3. North West,Duck,0,0,0,NA
19. Kano,3. North West,Fish - dried,0,0,0,NA
19. Kano,3. North West,Fish - fresh,0.045448098277840354,0.0588819307794345,-0.013433832501594148,0.7718513587484781
19. Kano,3. North West,Fish - frozen,0.014364339889391432,0.007074872968241562,0.0072894669211498704,2.030331845373281
19. Kano,3. North West,Fish - smoked,0.0023599016889247902,0,0.0023599016889247902,NA
19. Kano,3. North West,Fresh milk,0.018649380804488178,0.00800127744830426,0.010648103356183918,2.3308004159311597
19. Kano,3. North West,Fresh pepper,0.029432338175827945,0.024941414498967456,0.004490923676860489,1.1800589007109603
19. Kano,3. North West,Fruit juice,0,0,0,NA
19. Kano,3. North West,Garden eggs/Eggplant,7.736486351392562e-4,0.007020769151481887,-0.006247120516342631,0.1101942847637941
19. Kano,3. North West,Gari - white,0.05210864405549383,0.07512215168542889,-0.023013507629935065,0.6936521769730021
19. Kano,3. North West,Gari - yellow,0.0036246291506645454,0.0013338340690523236,0.0022907950816122217,2.7174513192932683
19. Kano,3. North West,Gin,0,0,0,NA
19. Kano,3. North West,Goat,0.0032771682614876284,0.07259509022725746,-0.06931792196576983,0.045143111624057763
19. Kano,3. North West,Ground pepper,0.0010106473021589961,0.003714188405537448,-0.002703541103378452,0.27210447931295884
19. Kano,3. North West,Groundnut oil,0.040074136925751985,0.056774511920962806,-0.01670037499521082,0.7058473172176306
19. Kano,3. North West,Groundnuts - shelled,0.003891539241313094,0.008667911284000955,-0.004776372042687861,0.44895928370840776
19. Kano,3. North West,Groundnuts - unshelled,8.817649701453831e-4,0.007993516095347705,-0.007111751125202321,0.11031002622970609
19. Kano,3. North West,Guava,4.962620631561028e-4,0,4.962620631561028e-4,NA
19. Kano,3. North West,Guinea corn / sorghum,1.0132998293588436,0.6228768565621899,0.3904229727966536,1.626806035066857
19. Kano,3. North West,Honey,3.1649879223650775e-5,3.684590256278354e-4,-3.368091464041846e-4,0.0858979615704107
19. Kano,3. North West,Kola nut,0.003818519946003623,0.005223682683155819,-0.0014051627371521958,0.731001513226817
19. Kano,3. North West,Leaves,8.265361917557928e-5,8.126073535830049e-4,-7.299537344074256e-4,0.10171409206566638
19. Kano,3. North West,Local eggs,9.529737932162154e-4,0.0017280509232198147,-7.750771300035992e-4,0.5514732120512825
19. Kano,3. North West,Maize - shelled/off cob,0.3984585217529793,0.3188186251132982,0.07963989663968107,1.24979687623764
19. Kano,3. North West,Maize - unshelled/on cob,0,0.010560902778668082,-0.010560902778668082,0
19. Kano,3. North West,Maize flour,0.03594552259106825,0.17742447314323495,-0.1414789505521667,0.20259619180071847
19. Kano,3. North West,Malt drinks,5.6715769538344636e-5,5.082726670350392e-4,-4.5155689749669457e-4,0.11158532263635332
19. Kano,3. North West,Mangoes,0.0032775093901002287,0,0.0032775093901002287,NA
19. Kano,3. North West,Meat pie/Sausage roll,0,6.888914086937862e-4,-6.888914086937862e-4,0
19. Kano,3. North West,Melon - ground,0,0,0,NA
19. Kano,3. North West,Melon - shelled,0,0,0,NA
19. Kano,3. North West,Melon - unshelled,0,0,0,NA
19. Kano,3. North West,Milk - tinned,6.866522975217045e-5,1.2225911165170903e-4,-5.3593881899538585e-5,0.5616369105296913
19. Kano,3. North West,Milk powder,0.002360169677503748,9.539672813614187e-4,0.0014062023961423295,2.4740572592128323
19. Kano,3. North West,Millet,0.2261001380702408,0.22340175349013378,0.002698384580107016,1.0120786186229562
19. Kano,3. North West,Mutton,2.1567499518511998e-4,0.005321366354608507,-0.005105691359423387,0.04053000316325471
19. Kano,3. North West,Ogbono - ground,0,0,0,NA
19. Kano,3. North West,Ogbono - unground,0,0,0,NA
19. Kano,3. North West,Okra - dried,0.004386573136901056,0.002808848711665349,0.0015777244252357069,1.5616979008813485
19. Kano,3. North West,Okra - fresh,0.0014033695107230906,0.04040620319198551,-0.03900283368126242,0.03473153624593577
19. Kano,3. North West,Onions,0.06352447148224954,0.0668217315498283,-0.0032972600675787583,0.9506558721077136
19. Kano,3. North West,Orange/Tangerine,0.08843014392836233,0.06804833444852815,0.020381809479834187,1.2995195936096131
19. Kano,3. North West,Other alcoholic beverages,0,0,0,NA
19. Kano,3. North West,Other domestic poultry,9.497186137921599e-4,0,9.497186137921599e-4,NA
19. Kano,3. North West,Other eggs,0,0,0,NA
19. Kano,3. North West,Other fish/seafood,0,0,0,NA
19. Kano,3. North West,Other fruits,0,0,0,NA
19. Kano,3. North West,Other grains/flour,0.011698087248340875,0.01745251966052643,-0.005754432412185553,0.6702807087964066
19. Kano,3. North West,Other meat,0,0,0,NA
19. Kano,3. North West,Other milk products,NA,0,NA,NA
19. Kano,3. North West,Other non-alcoholic drinks,0,0,0,NA
19. Kano,3. North West,Other nuts/seeds/pulses,0,0,0,NA
19. Kano,3. North West,Other oil/fat,0,0,0,NA
19. Kano,3. North West,Other roots/tubers,NA,0,NA,NA
19. Kano,3. North West,Other spices,0.01734739512976211,0.021156064705232278,-0.0038086695754701687,0.8199726826072613
19. Kano,3. North West,Other sweets,NA,0,NA,NA
19. Kano,3. North West,Other vegetables,0,0,0,NA
19. Kano,3. North West,Palm oil,0.05716558925677026,0.07402596511903839,-0.01686037586226813,0.7722370004206552
19. Kano,3. North West,Palm wine,0,0,0,NA
19. Kano,3. North West,Pawpaw,0.01060231673859942,0.0016324425313758658,0.008969874207223553,6.494756498204874
19. Kano,3. North West,Pineapples,0.013111427555194712,0.006635593898303631,0.006475833656891081,1.975923746410492
19. Kano,3. North West,Pito,0,0,0,NA
19. Kano,3. North West,Plantains,0,0.0017071006355658892,-0.0017071006355658892,0
19. Kano,3. North West,Pork,0,0,0,NA
19. Kano,3. North West,Potatoes,3.554469151332292e-4,0.00327544114653807,-0.0029199942314048406,0.10851879158595588
19. Kano,3. North West,Rice - imported,0.004718142651857171,0.018048306847373474,-0.013330164195516303,0.2614174665666099
19. Kano,3. North West,Rice - local,0.408418476378145,0.414554617758998,-0.006136141380853,0.985198231745617
19. Kano,3. North West,Sachet water,0.25288404080713994,0.34871186680981486,-0.09582782600267492,0.7251948237972102
19. Kano,3. North West,Salt,0.02015710489592048,0.025713294513307103,-0.005556189617386624,0.7839176300605435
19. Kano,3. North West,Seafood,0,0,0,NA
19. Kano,3. North West,Shea butter,NA,0,NA,NA
19. Kano,3. North West,Snails,0,0,0,NA
19. Kano,3. North West,Soft drinks,0.002438894087315118,0.007466759720567943,-0.005027865633252825,0.3266335302844871
19. Kano,3. North West,Soya beans,0.027300354207764724,0.04014808680427851,-0.012847732596513787,0.6799914113181447
19. Kano,3. North West,Sugar,0.01983977124568239,0.027218226834001664,-0.007378455588319274,0.7289149056873194
19. Kano,3. North West,Sweet potatoes,0.012170525647265265,0.029616779012140566,-0.0174462533648753,0.4109334658666393
19. Kano,3. North West,Tea,0.0015335043912162128,0.0027753230772641128,-0.0012418186860479,0.5525498648351698
19. Kano,3. North West,Tomato puree - canned,0,0.0014038089977996893,-0.0014038089977996893,0
19. Kano,3. North West,Tomatoes,0.06714841039173512,0.04507816804221506,0.022070242349520063,1.4895993627968998
19. Kano,3. North West,Watermelon,0.14613822009415656,0.2418108860326445,-0.09567266593848794,0.6043492188950826
19. Kano,3. North West,Wheat flour,0.035343951289236925,0.014562125771129635,0.02078182551810729,2.427114821333889
19. Kano,3. North West,White beans,0.12131439579195694,0.1519355388935605,-0.030621143101603576,0.7984596406831753
19. Kano,3. North West,Wild game/Bush meat,0,0,0,NA
19. Kano,3. North West,Yam flour,0,0,0,NA
19. Kano,3. North West,Yam roots,0.06232048379755029,0.025065143887701924,0.03725533990984837,2.4863405563024714
2. Adamawa,2. North East,Agricultural eggs,2.8864895630866905e-5,9.436526893671574e-4,-9.147877937362906e-4,0.0305884738697927
2. Adamawa,2. North East,Animal fat,0,8.840723757333192e-4,-8.840723757333192e-4,0
2. Adamawa,2. North East,Apples,0,0,0,NA
2. Adamawa,2. North East,Avocado pear,0.002772165885270268,0,0.002772165885270268,NA
2. Adamawa,2. North East,Baby milk powder,0,0,0,NA
2. Adamawa,2. North East,Bananas,0.016828911256234667,0.009775562172554745,0.007053349083679923,1.721528742713382
2. Adamawa,2. North East,Beef,0.0394715080506689,0.03436145133571806,0.005110056714950843,1.1487148102396665
2. Adamawa,2. North East,Beer,0.03080514617306947,0.00603164945482286,0.02477349671824661,5.107250745223252
2. Adamawa,2. North East,Biscuits,0.0012415775020449165,0.0015671814877236232,-3.2560398567870667e-4,0.7922359418935864
2. Adamawa,2. North East,Bottled water,0,0,0,NA
2. Adamawa,2. North East,Bread,0.05306022930422508,0.08402352194720233,-0.03096329264297725,0.6314925639223552
2. Adamawa,2. North East,Brown beans,0.016814976482855622,0.027381653453364695,-0.010566676970509073,0.6140964610297985
2. Adamawa,2. North East,Buns/Pofpof/Donuts,0.0011407502739661643,0.0024987869003936032,-0.001358036626427439,0.45652163207133667
2. Adamawa,2. North East,Butter/Margarine,0,0,0,NA
2. Adamawa,2. North East,Cake,6.440440547972281e-4,0.0023361055818678215,-0.0016920615270705932,0.27569132996218687
2. Adamawa,2. North East,Canned fish/seafood,0,0,0,NA
2. Adamawa,2. North East,Cashew nut,0,0,0,NA
2. Adamawa,2. North East,Cassava flour,0.006601238772615181,0.013088446719538389,-0.006487207946923208,0.504356163421659
2. Adamawa,2. North East,Cassava roots,0.020365451619822856,0.7730679336160741,-0.7527024819962512,0.026343676582939058
2. Adamawa,2. North East,Cheese/wara,0.0011230907112973474,0,0.0011230907112973474,NA
2. Adamawa,2. North East,Chicken,0.003094740939330462,0.007885552680299114,-0.004790811740968653,0.39245707495711923
2. Adamawa,2. North East,Chocolate drinks,2.4782628101313055e-4,3.8282986555031827e-4,-1.3500358453718772e-4,0.6473535722111964
2. Adamawa,2. North East,Coconut,0,2.785121764759071e-4,-2.785121764759071e-4,0
2. Adamawa,2. North East,Cocoyam,0.016532186251222485,0,0.016532186251222485,NA
2. Adamawa,2. North East,Coffee,1.9651177537841018e-4,4.316611737066274e-5,1.5334565800774743e-4,4.552454270811178
2. Adamawa,2. North East,Dry pepper,0.004370549892123551,0.002650805966435656,0.001719743925687895,1.6487626584001953
2. Adamawa,2. North East,Duck,0.002611562536427275,6.540644216263485e-4,0.0019574981148009264,3.9928215785435257
2. Adamawa,2. North East,Fish - dried,0.07241526301546619,0.02127474450129699,0.0511405185141692,3.403813522228268
2. Adamawa,2. North East,Fish - fresh,0.03674018352862213,0.030288205185697595,0.006451978342924533,1.213019500606501
2. Adamawa,2. North East,Fish - frozen,9.510409448925334e-4,5.361359257905124e-4,4.14905019102021e-4,1.7738802776371665
2. Adamawa,2. North East,Fish - smoked,0.043328496284753555,0.007116131541416968,0.036212364743336584,6.08877112973181
2. Adamawa,2. North East,Fresh milk,0.0014001269485884645,0.03170577471491554,-0.030305647766327076,0.044159998018587894
2. Adamawa,2. North East,Fresh pepper,0.023229589273623945,0.029894094477122414,-0.006664505203498469,0.7770628172531289
2. Adamawa,2. North East,Fruit juice,5.956958037707216e-4,0,5.956958037707216e-4,NA
2. Adamawa,2. North East,Garden eggs/Eggplant,0.009195742200738231,0,0.009195742200738231,NA
2. Adamawa,2. North East,Gari - white,0.010872258535988166,0.008811492129222331,0.002060766406765835,1.233872581004928
2. Adamawa,2. North East,Gari - yellow,4.590821864435831e-4,0.0021331825046299463,-0.001674100318186363,0.2152099904472179
2. Adamawa,2. North East,Gin,0,7.80851677571122e-4,-7.80851677571122e-4,0
2. Adamawa,2. North East,Goat,0.0027400011757591014,0.025288327172448107,-0.022548325996689007,0.10835043208173774
2. Adamawa,2. North East,Ground pepper,0.0010136076386042063,8.352979865802655e-4,1.7830965202394078e-4,1.2134683129716926
2. Adamawa,2. North East,Groundnut oil,0.05545723689453369,0.04801379809180432,0.007443438802729373,1.1550270776016764
2. Adamawa,2. North East,Groundnuts - shelled,0.04597023223232175,0.017374533179408493,0.02859569905291326,2.6458398483363905
2. Adamawa,2. North East,Groundnuts - unshelled,0.006883146516378997,0.00616395492680372,7.191915895752776e-4,1.1166769708921622
2. Adamawa,2. North East,Guava,0,0.010260845876281236,-0.010260845876281236,0
2. Adamawa,2. North East,Guinea corn / sorghum,0.35984542016495086,0.28021008915552925,0.0796353310094216,1.2841986569770527
2. Adamawa,2. North East,Honey,0,3.087077314904689e-4,-3.087077314904689e-4,0
2. Adamawa,2. North East,Kola nut,0.0012401015453761884,4.7745360458178164e-4,7.626479407944068e-4,2.5973236634425176
2. Adamawa,2. North East,Leaves,0.07340325309580574,0.06883101124049625,0.0045722418553094946,1.0664270620597747
2. Adamawa,2. North East,Local eggs,6.228558441538125e-5,9.328179541069401e-4,-8.705323696915589e-4,0.06677142537957702
2. Adamawa,2. North East,Maize - shelled/off cob,0.24132678184651593,0.01908886464182896,0.22223791720468697,12.642280532373963
2. Adamawa,2. North East,Maize - unshelled/on cob,0.0025862988161596667,0.07927945299122384,-0.07669315417506417,0.03262256131416506
2. Adamawa,2. North East,Maize flour,0.4147170000934817,0.5836888380906152,-0.1689718379971335,0.7105104175884526
2. Adamawa,2. North East,Malt drinks,0.006947251352226626,0.004115589053155649,0.0028316622990709767,1.6880332954768127
2. Adamawa,2. North East,Mangoes,0.08193573756821662,0,0.08193573756821662,NA
2. Adamawa,2. North East,Meat pie/Sausage roll,7.801351743257198e-4,0,7.801351743257198e-4,NA
2. Adamawa,2. North East,Melon - ground,0,0,0,NA
2. Adamawa,2. North East,Melon - shelled,5.6742215152960565e-5,0,5.6742215152960565e-5,NA
2. Adamawa,2. North East,Melon - unshelled,0,0,0,NA
2. Adamawa,2. North East,Milk - tinned,0,0,0,NA
2. Adamawa,2. North East,Milk powder,7.304772040461218e-4,5.690014553552141e-4,1.6147574869090767e-4,1.2837879361663533
2. Adamawa,2. North East,Millet,0.015348023832687909,0.004472923842449226,0.010875099990238682,3.431317941752354
2. Adamawa,2. North East,Mutton,8.861182161843716e-4,0.005795057359836156,-0.004908939143651784,0.15290930894416976
2. Adamawa,2. North East,Ogbono - ground,0,2.088841407122956e-5,-2.088841407122956e-5,0
2. Adamawa,2. North East,Ogbono - unground,0,0,0,NA
2. Adamawa,2. North East,Okra - dried,0.010129357194226696,0.0030075556016345285,0.007121801592592167,3.3679700514004307
2. Adamawa,2. North East,Okra - fresh,0.015413039037677975,0.05711558341949301,-0.04170254438181503,0.2698569832417688
2. Adamawa,2. North East,Onions,0.11624920017396745,0.1095259104927658,0.006723289681201644,1.0613853804177753
2. Adamawa,2. North East,Orange/Tangerine,0.0393267090501735,0.009826021122598722,0.02950068792757478,4.002302514873144
2. Adamawa,2. North East,Other alcoholic beverages,0,0,0,NA
2. Adamawa,2. North East,Other domestic poultry,0,0,0,NA
2. Adamawa,2. North East,Other eggs,0,1.252146937120349e-4,-1.252146937120349e-4,0
2. Adamawa,2. North East,Other fish/seafood,0,0,0,NA
2. Adamawa,2. North East,Other fruits,0,0,0,NA
2. Adamawa,2. North East,Other grains/flour,0,0,0,NA
2. Adamawa,2. North East,Other meat,0,0,0,NA
2. Adamawa,2. North East,Other milk products,NA,0,NA,NA
2. Adamawa,2. North East,Other non-alcoholic drinks,0,0,0,NA
2. Adamawa,2. North East,Other nuts/seeds/pulses,0,0,0,NA
2. Adamawa,2. North East,Other oil/fat,5.176007148866301e-4,0,5.176007148866301e-4,NA
2. Adamawa,2. North East,Other roots/tubers,NA,0,NA,NA
2. Adamawa,2. North East,Other spices,0.020510353887380265,0.005246653267532337,0.015263700619847928,3.9092260992933725
2. Adamawa,2. North East,Other sweets,NA,0,NA,NA
2. Adamawa,2. North East,Other vegetables,0.0015415631169603055,0.002665483095161606,-0.0011239199782013007,0.5783428601586542
2. Adamawa,2. North East,Palm oil,0.07732005700506554,0.057626937060872095,0.019693119944193448,1.341734628779443
2. Adamawa,2. North East,Palm wine,3.5613625659250403e-4,0.0014434721706735527,-0.0010873359140810487,0.24672194159886285
2. Adamawa,2. North East,Pawpaw,0.0015216379786495158,0,0.0015216379786495158,NA
2. Adamawa,2. North East,Pineapples,0.0033544909082843244,7.617307734178274e-4,0.002592760134866497,4.403774962685283
2. Adamawa,2. North East,Pito,0,0.003805582683732398,-0.003805582683732398,0
2. Adamawa,2. North East,Plantains,8.04189367046087e-5,0,8.04189367046087e-5,NA
2. Adamawa,2. North East,Pork,9.074312262927392e-4,0.004921612258142063,-0.004014181031849324,0.18437682180093148
2. Adamawa,2. North East,Potatoes,0.0012993242321046963,0.002281468878006945,-9.821446459022487e-4,0.5695121439656742
2. Adamawa,2. North East,Rice - imported,0.004647618786218686,0.020231235504217158,-0.015583616717998471,0.2297249115235646
2. Adamawa,2. North East,Rice - local,0.3055051130284832,0.2886651106952094,0.016840002333273818,1.05833750498187
2. Adamawa,2. North East,Sachet water,0.13172135752317038,0.24858202733704057,-0.1168606698138702,0.5298909134109508
2. Adamawa,2. North East,Salt,0.022113809055078006,0.0297540053613922,-0.007640196306314195,0.7432212499286615
2. Adamawa,2. North East,Seafood,0,0,0,NA
2. Adamawa,2. North East,Shea butter,NA,0,NA,NA
2. Adamawa,2. North East,Snails,0,0,0,NA
2. Adamawa,2. North East,Soft drinks,0.034708104578947754,0.014205154129370018,0.020502950449577735,2.4433458632586493
2. Adamawa,2. North East,Soya beans,0.017395600231282102,0.003256275970557411,0.01413932426072469,5.34217627393059
2. Adamawa,2. North East,Sugar,0.017406871001045526,0.024690683414539446,-0.00728381241349392,0.7049975372814206
2. Adamawa,2. North East,Sweet potatoes,0.2806345229393118,0.026132853171996217,0.2545016697673156,10.738763237687257
2. Adamawa,2. North East,Tea,0.0016326418773043821,0.0016522913241965845,-1.9649446892202336e-5,0.9881077588410405
2. Adamawa,2. North East,Tomato puree - canned,0.008659956242991521,0.005937013600216402,0.0027229426427751186,1.4586384377957073
2. Adamawa,2. North East,Tomatoes,0.017680939151859063,0.015777974983491542,0.0019029641683675214,1.1206088975523532
2. Adamawa,2. North East,Watermelon,0.04279539678580192,0.016679535154975993,0.02611586163082593,2.5657427732951423
2. Adamawa,2. North East,Wheat flour,1.1456384266335212e-4,0,1.1456384266335212e-4,NA
2. Adamawa,2. North East,White beans,0.1456951170192794,0.09596465481399519,0.04973046220528421,1.5182164443948134
2. Adamawa,2. North East,Wild game/Bush meat,0.002525261901175234,0.0030368274796609366,-5.115655784857028e-4,0.8315460519532643
2. Adamawa,2. North East,Yam flour,0,0,0,NA
2. Adamawa,2. North East,Yam roots,0.46681104424071956,0.14755499383850618,0.3192560504022134,3.1636411082882634
20. Katsina,3. North West,Agricultural eggs,0.006423158286973221,0.008419448276725715,-0.0019962899897524936,0.7628953912252262
20. Katsina,3. North West,Animal fat,0,0,0,NA
20. Katsina,3. North West,Apples,0,0,0,NA
20. Katsina,3. North West,Avocado pear,0,0,0,NA
20. Katsina,3. North West,Baby milk powder,0,0,0,NA
20. Katsina,3. North West,Bananas,0.003983853299862255,0.014633979726770415,-0.010650126426908161,0.272233074955985
20. Katsina,3. North West,Beef,0.030873039000472523,0.025328353580600354,0.005544685419872169,1.2189121927024498
20. Katsina,3. North West,Beer,0,0,0,NA
20. Katsina,3. North West,Biscuits,0.0034483896091956996,0.002436663386269418,0.0010117262229262817,1.415209679197936
20. Katsina,3. North West,Bottled water,0.011328481412598138,0.02398991288573722,-0.01266143147313908,0.47221853061972924
20. Katsina,3. North West,Bread,0.0982086549348783,0.1380898843609878,-0.039881229426109485,0.7111936937983528
20. Katsina,3. North West,Brown beans,0.004572917662492874,0.01608986892081821,-0.011516951258325336,0.28421099544049794
20. Katsina,3. North West,Buns/Pofpof/Donuts,2.1925932795053305e-4,0.0015469873286692367,-0.0013277280007187036,0.14173311176320125
20. Katsina,3. North West,Butter/Margarine,0,0,0,NA
20. Katsina,3. North West,Cake,0,0,0,NA
20. Katsina,3. North West,Canned fish/seafood,0,0,0,NA
20. Katsina,3. North West,Cashew nut,0,0,0,NA
20. Katsina,3. North West,Cassava flour,0.05142125821840442,0.07440833611711849,-0.02298707789871407,0.691068513311029
20. Katsina,3. North West,Cassava roots,0.06659428717950429,0.8973850085853534,-0.8307907214058491,0.07420927087302716
20. Katsina,3. North West,Cheese/wara,0.007886343241180852,0.02992702406420925,-0.022040680823028395,0.2635191265346159
20. Katsina,3. North West,Chicken,0.00819261249869269,0.011245113717782194,-0.0030525012190895044,0.7285486571591976
20. Katsina,3. North West,Chocolate drinks,5.968565621691069e-4,0,5.968565621691069e-4,NA
20. Katsina,3. North West,Coconut,0,0,0,NA
20. Katsina,3. North West,Cocoyam,0.025935861068755065,0.006761204701943765,0.019174656366811302,3.8359822268506107
20. Katsina,3. North West,Coffee,6.795757433857467e-6,0,6.795757433857467e-6,NA
20. Katsina,3. North West,Dry pepper,0.0010975487451984204,0.013274983778184571,-0.01217743503298615,0.08267797260905703
20. Katsina,3. North West,Duck,0,0,0,NA
20. Katsina,3. North West,Fish - dried,0,0,0,NA
20. Katsina,3. North West,Fish - fresh,0.0046347376162630734,0.010093861504866046,-0.005459123888602972,0.4591639794174668
20. Katsina,3. North West,Fish - frozen,0.007864158923971113,0.008725010269350747,-8.608513453796339e-4,0.9013352054835241
20. Katsina,3. North West,Fish - smoked,0.0010671580772955243,0.003893962097239849,-0.0028268040199443244,0.27405456207495094
20. Katsina,3. North West,Fresh milk,0.03469936211528497,0.028542713225715662,0.006156648889569304,1.2156994971319843
20. Katsina,3. North West,Fresh pepper,0.07345310362442416,0.07396942699968351,-5.163233752593505e-4,0.9930197732197985
20. Katsina,3. North West,Fruit juice,0,0,0,NA
20. Katsina,3. North West,Garden eggs/Eggplant,0.011711604594396057,0.029319407156136814,-0.017607802561740757,0.39944888830894093
20. Katsina,3. North West,Gari - white,0.013828834192100166,0.06379184349959079,-0.04996300930749062,0.21678060130350169
20. Katsina,3. North West,Gari - yellow,0.09963871283137171,0.14751541263882936,-0.04787669980745765,0.6754461181308764
20. Katsina,3. North West,Gin,0,0,0,NA
20. Katsina,3. North West,Goat,0.001363687403596164,0.028455336591192426,-0.02709164918759626,0.04792378397021866
20. Katsina,3. North West,Ground pepper,0.0023890412888791677,0.0031664621438160984,-7.774208549369307e-4,0.7544828203756724
20. Katsina,3. North West,Groundnut oil,0.03886795996258299,0.03421832775417026,0.004649632208412732,1.1358813394335459
20. Katsina,3. North West,Groundnuts - shelled,0.006055250592702204,3.4593939551428644e-4,0.005709311197187918,17.503790176022715
20. Katsina,3. North West,Groundnuts - unshelled,0.003603794501077387,0.006714202749486527,-0.0031104082484091403,0.5367419834548471
20. Katsina,3. North West,Guava,0.0016844506554354092,0,0.0016844506554354092,NA
20. Katsina,3. North West,Guinea corn / sorghum,0.7574978287762306,0.5299799633567395,0.22751786541949115,1.4292952208578962
20. Katsina,3. North West,Honey,1.0725334125013538e-4,0.00452264358968529,-0.004415390248435154,0.023714745396861716
20. Katsina,3. North West,Kola nut,0.0028735022016870915,4.118537108475181e-4,0.0024616484908395733,6.976997234707343
20. Katsina,3. North West,Leaves,0.005153738703538329,0.013016277733543705,-0.007862539030005375,0.3959456619657742
20. Katsina,3. North West,Local eggs,3.6552048042872055e-4,0.0010528949006763841,-6.873744202476636e-4,0.3471576129715403
20. Katsina,3. North West,Maize - shelled/off cob,0.23589463847622846,0.14077422572616355,0.09512041275006491,1.675694803216995
20. Katsina,3. North West,Maize - unshelled/on cob,0,0.012525458982894814,-0.012525458982894814,0
20. Katsina,3. North West,Maize flour,0.3273939537619476,0.4443030807868242,-0.1169091270248766,0.736870771146038
20. Katsina,3. North West,Malt drinks,0.0019749216118816752,9.121486494800349e-4,0.0010627729624016404,2.165131322627587
20. Katsina,3. North West,Mangoes,0,0,0,NA
20. Katsina,3. North West,Meat pie/Sausage roll,0,1.9383105691454946e-4,-1.9383105691454946e-4,0
20. Katsina,3. North West,Melon - ground,0,0,0,NA
20. Katsina,3. North West,Melon - shelled,0,0,0,NA
20. Katsina,3. North West,Melon - unshelled,0,0,0,NA
20. Katsina,3. North West,Milk - tinned,6.311864358830648e-4,0.0012431411823409474,-6.119547464578825e-4,0.5077351187855298
20. Katsina,3. North West,Milk powder,0.003580359633629432,0.00321805993790604,3.6229969572339205e-4,1.1125832652946597
20. Katsina,3. North West,Millet,0.297218798420895,0.4037925530359312,-0.10657375461503621,0.7360680532274383
20. Katsina,3. North West,Mutton,0.008909267482072582,0.012757658645654205,-0.0038483911635816236,0.6983465955257748
20. Katsina,3. North West,Ogbono - ground,0,0,0,NA
20. Katsina,3. North West,Ogbono - unground,0,0,0,NA
20. Katsina,3. North West,Okra - dried,0.009549017314635463,0.002758329907103877,0.006790687407531587,3.4618836891274922
20. Katsina,3. North West,Okra - fresh,0.0032588024339967633,0.08111208385754189,-0.07785328142354513,0.04017653448184412
20. Katsina,3. North West,Onions,0.09535355206884326,0.14943390753898592,-0.05408035547014266,0.6380984987892818
20. Katsina,3. North West,Orange/Tangerine,0.04447203905768676,0.0603730712923022,-0.015901032234615434,0.7366204518960281
20. Katsina,3. North West,Other alcoholic beverages,0,0,0,NA
20. Katsina,3. North West,Other domestic poultry,0,0,0,NA
20. Katsina,3. North West,Other eggs,0,9.665055837089088e-4,-9.665055837089088e-4,0
20. Katsina,3. North West,Other fish/seafood,0,0,0,NA
20. Katsina,3. North West,Other fruits,0,0,0,NA
20. Katsina,3. North West,Other grains/flour,0.002805749606301711,0,0.002805749606301711,NA
20. Katsina,3. North West,Other meat,0,0,0,NA
20. Katsina,3. North West,Other milk products,NA,0,NA,NA
20. Katsina,3. North West,Other non-alcoholic drinks,0,0,0,NA
20. Katsina,3. North West,Other nuts/seeds/pulses,0,0,0,NA
20. Katsina,3. North West,Other oil/fat,0.002222911999335224,0.0021126673948222005,1.1024460451302363e-4,1.0521826600738076
20. Katsina,3. North West,Other roots/tubers,NA,0,NA,NA
20. Katsina,3. North West,Other spices,0.01185430426379106,0.006883519566939068,0.004970784696851992,1.7221283601380648
20. Katsina,3. North West,Other sweets,NA,0,NA,NA
20. Katsina,3. North West,Other vegetables,0,0.003523212995679974,-0.003523212995679974,0
20. Katsina,3. North West,Palm oil,0.053422765144225184,0.052492884563635496,9.298805805896884e-4,1.0177144119306765
20. Katsina,3. North West,Palm wine,0,0,0,NA
20. Katsina,3. North West,Pawpaw,0.001433773297069386,0,0.001433773297069386,NA
20. Katsina,3. North West,Pineapples,0.0059712201703775725,0.015270527751900008,-0.009299307581522436,0.3910290637882253
20. Katsina,3. North West,Pito,0,0,0,NA
20. Katsina,3. North West,Plantains,0.01088796645986151,0,0.01088796645986151,NA
20. Katsina,3. North West,Pork,0,0,0,NA
20. Katsina,3. North West,Potatoes,0.015704662150924205,0.0022768862121803823,0.013427775938743822,6.897429510052315
20. Katsina,3. North West,Rice - imported,0.02223950855784075,0.12891741099055853,-0.10667790243271778,0.17250973617108628
20. Katsina,3. North West,Rice - local,0.4584304502184892,0.3173783673484985,0.1410520828699907,1.4444287871552
20. Katsina,3. North West,Sachet water,1.2122244979191055,1.7313201581789872,-0.5190956602598817,0.7001735018173244
20. Katsina,3. North West,Salt,0.02726836333644549,0.024061760854170777,0.0032066024822747126,1.133265495476774
20. Katsina,3. North West,Seafood,0,6.198626457352035e-4,-6.198626457352035e-4,0
20. Katsina,3. North West,Shea butter,NA,0,NA,NA
20. Katsina,3. North West,Snails,0,0,0,NA
20. Katsina,3. North West,Soft drinks,0.025842570445578014,0.004607265689404885,0.021235304756173128,5.609090551258412
20. Katsina,3. North West,Soya beans,0.020893754621780787,0.033638137925924,-0.012744383304143216,0.6211329137121628
20. Katsina,3. North West,Sugar,0.03944103432157723,0.061957769591126366,-0.022516735269549136,0.6365793117127638
20. Katsina,3. North West,Sweet potatoes,0.1499580363791066,0.07844764807685987,0.07151038830224672,1.9115682886016379
20. Katsina,3. North West,Tea,0.0035550061869480875,8.835184697124261e-4,0.0026714877172356617,4.023691986999657
20. Katsina,3. North West,Tomato puree - canned,7.070603503707263e-5,0.0010388913203317768,-9.681852852947042e-4,0.06805912577505431
20. Katsina,3. North West,Tomatoes,0.0921579708821551,0.1034541337876624,-0.011296162905507293,0.890809941643391
20. Katsina,3. North West,Watermelon,0.33279677019867576,0.4353943160247341,-0.10259754582605835,0.7643571768166355
20. Katsina,3. North West,Wheat flour,0.11743316229489831,0.0453180814669643,0.07211508082793401,2.591309219047678
20. Katsina,3. North West,White beans,0.13011899111965047,0.24292065313144443,-0.11280166201179395,0.5356440032673675
20. Katsina,3. North West,Wild game/Bush meat,0,0,0,NA
20. Katsina,3. North West,Yam flour,0,0,0,NA
20. Katsina,3. North West,Yam roots,0.0678832637012299,0.07854877836471932,-0.010665514663489417,0.8642179434800745
21. Kebbi,3. North West,Agricultural eggs,0.0028242632781209456,0.004974367386016462,-0.0021501041078955166,0.5677633071614866
21. Kebbi,3. North West,Animal fat,0,0,0,NA
21. Kebbi,3. North West,Apples,6.988201149524783e-4,0.001141114600874245,-4.422944859217668e-4,0.6124013437538083
21. Kebbi,3. North West,Avocado pear,0,0,0,NA
21. Kebbi,3. North West,Baby milk powder,0,0,0,NA
21. Kebbi,3. North West,Bananas,0.05501467750044026,0.021970324477795716,0.03304435302264454,2.5040448335681513
21. Kebbi,3. North West,Beef,0.04052259364531601,0.03405183240304962,0.006470761242266393,1.1900268145830204
21. Kebbi,3. North West,Beer,0,0,0,NA
21. Kebbi,3. North West,Biscuits,0.0013376687410287082,0.0015167667814895563,-1.7909804046084814e-4,0.8819211742724461
21. Kebbi,3. North West,Bottled water,0,0,0,NA
21. Kebbi,3. North West,Bread,0.09929957572858453,0.09933319029574472,-3.3614567160195064e-5,0.9996615978298883
21. Kebbi,3. North West,Brown beans,0,0.0017227660230642095,-0.0017227660230642095,0
21. Kebbi,3. North West,Buns/Pofpof/Donuts,7.986515386941975e-4,0,7.986515386941975e-4,NA
21. Kebbi,3. North West,Butter/Margarine,0,6.48360576602955e-5,-6.48360576602955e-5,0
21. Kebbi,3. North West,Cake,0,0,0,NA
21. Kebbi,3. North West,Canned fish/seafood,0,0,0,NA
21. Kebbi,3. North West,Cashew nut,0.0026813086188302395,0,0.0026813086188302395,NA
21. Kebbi,3. North West,Cassava flour,0.0014818140525382217,0,0.0014818140525382217,NA
21. Kebbi,3. North West,Cassava roots,0.4601216954903806,2.121143223034708,-1.6610215275443274,0.21692155932407384
21. Kebbi,3. North West,Cheese/wara,0.05690024396466649,0.021736202126017557,0.035164041838648935,2.6177638409314694
21. Kebbi,3. North West,Chicken,0.017095902451383975,0.015594397770986968,0.0015015046803970068,1.0962848775853675
21. Kebbi,3. North West,Chocolate drinks,9.077587241289025e-4,0.0037215921404385485,-0.002813833416309646,0.24391676730646072
21. Kebbi,3. North West,Coconut,0,0,0,NA
21. Kebbi,3. North West,Cocoyam,0,0,0,NA
21. Kebbi,3. North West,Coffee,0,0,0,NA
21. Kebbi,3. North West,Dry pepper,0.008715364669180336,0.011808930620339001,-0.0030935659511586652,0.7380316600530711
21. Kebbi,3. North West,Duck,0,0,0,NA
21. Kebbi,3. North West,Fish - dried,0.013250799009275827,0.016167490177188982,-0.0029166911679131546,0.8195953029228761
21. Kebbi,3. North West,Fish - fresh,0.06446417188976851,0.12469624173423928,-0.06023206984447077,0.5169696455419942
21. Kebbi,3. North West,Fish - frozen,0.006669332008723121,0,0.006669332008723121,NA
21. Kebbi,3. North West,Fish - smoked,0.0027908396293879955,0.015955376415964756,-0.01316453678657676,0.17491531109197245
21. Kebbi,3. North West,Fresh milk,0,0.0066534869384841724,-0.0066534869384841724,0
21. Kebbi,3. North West,Fresh pepper,0.04196498649051742,0.04192387883381489,4.110765670253119e-5,1.0009805308536808
21. Kebbi,3. North West,Fruit juice,0,0,0,NA
21. Kebbi,3. North West,Garden eggs/Eggplant,0.0014709459943326336,0.01795460869249098,-0.016483662698158347,0.08192581746144187
21. Kebbi,3. North West,Gari - white,0.04236141833785561,0.04771423394542965,-0.0053528156075740435,0.8878151200395251
21. Kebbi,3. North West,Gari - yellow,0,0,0,NA
21. Kebbi,3. North West,Gin,0,0,0,NA
21. Kebbi,3. North West,Goat,0.0032274534687437256,0,0.0032274534687437256,NA
21. Kebbi,3. North West,Ground pepper,0.003667629848100428,0.009163305673462921,-0.005495675825362493,0.40025182819361166
21. Kebbi,3. North West,Groundnut oil,0.07577459746798959,0.06272337579755125,0.013051221670438345,1.2080758808735526
21. Kebbi,3. North West,Groundnuts - shelled,3.9932576934709874e-4,0.019660099909298494,-0.019260774139951396,0.020311482199448668
21. Kebbi,3. North West,Groundnuts - unshelled,0.0075478076305390265,0.012972864379793,-0.005425056749253973,0.5818150417340185
21. Kebbi,3. North West,Guava,0,0,0,NA
21. Kebbi,3. North West,Guinea corn / sorghum,0.5587006848954982,0.5655995110852565,-0.006898826189758345,0.9878026305635925
21. Kebbi,3. North West,Honey,0,0,0,NA
21. Kebbi,3. North West,Kola nut,5.431970540434565e-4,0.0020567853858304754,-0.001513588331787019,0.26410001635835617
21. Kebbi,3. North West,Leaves,0.10671702838570299,0.09510602491208335,0.011611003473619638,1.1220848362062543
21. Kebbi,3. North West,Local eggs,0.0011334365254542756,0.0019240292890274763,-7.905927635732007e-4,0.5890952554195185
21. Kebbi,3. North West,Maize - shelled/off cob,0.24418573586401754,0.11327678873359859,0.13090894713041895,2.1556555283208745
21. Kebbi,3. North West,Maize - unshelled/on cob,0,0,0,NA
21. Kebbi,3. North West,Maize flour,0.012456442544808915,0.052612997641050104,-0.04015655509624119,0.2367559938286059
21. Kebbi,3. North West,Malt drinks,0.0017470502501910844,0.013196997323960385,-0.0114499470737693,0.13238240542938892
21. Kebbi,3. North West,Mangoes,0,0,0,NA
21. Kebbi,3. North West,Meat pie/Sausage roll,3.466369706367717e-4,0,3.466369706367717e-4,NA
21. Kebbi,3. North West,Melon - ground,0,0,0,NA
21. Kebbi,3. North West,Melon - shelled,0,0,0,NA
21. Kebbi,3. North West,Melon - unshelled,0,0,0,NA
21. Kebbi,3. North West,Milk - tinned,0,0,0,NA
21. Kebbi,3. North West,Milk powder,6.90702026545901e-4,0.003540737143109001,-0.0028500351165631,0.1950729462903363
21. Kebbi,3. North West,Millet,0.6267476428429712,0.4476008827480509,0.17914676009492037,1.4002377274035893
21. Kebbi,3. North West,Mutton,0.0037336594346213912,6.629654480590883e-4,0.003070693986562303,5.631755690363852
21. Kebbi,3. North West,Ogbono - ground,9.32640923994893e-6,0,9.32640923994893e-6,NA
21. Kebbi,3. North West,Ogbono - unground,0,0,0,NA
21. Kebbi,3. North West,Okra - dried,0.00223623211996491,0.001917010646818307,3.192214731466028e-4,1.16652044873951
21. Kebbi,3. North West,Okra - fresh,0.02892506101861146,0.035490124753661485,-0.006565063735050024,0.815017169406464
21. Kebbi,3. North West,Onions,0.08223686956463948,0.09439558582738596,-0.012158716262746477,0.8711940165827224
21. Kebbi,3. North West,Orange/Tangerine,0.04966288396832759,0.057765277547422465,-0.008102393579094876,0.8597359188234973
21. Kebbi,3. North West,Other alcoholic beverages,0,0,0,NA
21. Kebbi,3. North West,Other domestic poultry,0,0,0,NA
21. Kebbi,3. North West,Other eggs,0,0,0,NA
21. Kebbi,3. North West,Other fish/seafood,0,0,0,NA
21. Kebbi,3. North West,Other fruits,0,0,0,NA
21. Kebbi,3. North West,Other grains/flour,0,0,0,NA
21. Kebbi,3. North West,Other meat,0.0029303252035770624,0,0.0029303252035770624,NA
21. Kebbi,3. North West,Other milk products,NA,0,NA,NA
21. Kebbi,3. North West,Other non-alcoholic drinks,0,0,0,NA
21. Kebbi,3. North West,Other nuts/seeds/pulses,0,0,0,NA
21. Kebbi,3. North West,Other oil/fat,0,0,0,NA
21. Kebbi,3. North West,Other roots/tubers,NA,0,NA,NA
21. Kebbi,3. North West,Other spices,0.004786267829662881,2.057533096107599e-4,0.004580514520052121,23.262166906172492
21. Kebbi,3. North West,Other sweets,NA,0,NA,NA
21. Kebbi,3. North West,Other vegetables,0.001597303077388395,0,0.001597303077388395,NA
21. Kebbi,3. North West,Palm oil,0.03220413973169606,0.05552114646475005,-0.023317006733053994,0.5800337669925858
21. Kebbi,3. North West,Palm wine,0.0017581951920106345,0.003453853964280019,-0.0016956587722693844,0.5090531360601818
21. Kebbi,3. North West,Pawpaw,0.002908509574557233,0,0.002908509574557233,NA
21. Kebbi,3. North West,Pineapples,0.015482231981267903,0.028983953816408767,-0.013501721835140864,0.5341656310707652
21. Kebbi,3. North West,Pito,0,0,0,NA
21. Kebbi,3. North West,Plantains,0,0,0,NA
21. Kebbi,3. North West,Pork,0,0,0,NA
21. Kebbi,3. North West,Potatoes,0,0.005717473818980127,-0.005717473818980127,0
21. Kebbi,3. North West,Rice - imported,0.00729102301834565,0.01611689088209812,-0.008825867863752468,0.4523839660938683
21. Kebbi,3. North West,Rice - local,0.5043434210244678,0.4466172685558403,0.057726152468627556,1.1292519491135844
21. Kebbi,3. North West,Sachet water,0.44043170473426396,0.290315226291349,0.15011647844291498,1.5170809687131737
21. Kebbi,3. North West,Salt,0.023019159539744503,0.02889474528359053,-0.005875585743846026,0.7966555618961347
21. Kebbi,3. North West,Seafood,0,0,0,NA
21. Kebbi,3. North West,Shea butter,NA,0,NA,NA
21. Kebbi,3. North West,Snails,0,0,0,NA
21. Kebbi,3. North West,Soft drinks,0.035528165011406494,0.030762344819507778,0.004765820191898716,1.154923827161462
21. Kebbi,3. North West,Soya beans,0.0241224655523129,0.03026822182527454,-0.006145756272961642,0.7969568113898974
21. Kebbi,3. North West,Sugar,0.025687757054740298,0.024574642926218335,0.0011131141285219623,1.0452952310177577
21. Kebbi,3. North West,Sweet potatoes,0.08535783213462286,0.16488036405567683,-0.07952253192105396,0.5176955583734593
21. Kebbi,3. North West,Tea,1.6471833611834404e-4,1.3836169646009038e-4,2.635663965825367e-5,1.1904908680116977
21. Kebbi,3. North West,Tomato puree - canned,0,0.002170205505811378,-0.002170205505811378,0
21. Kebbi,3. North West,Tomatoes,0.12776821897409563,0.07189269228268386,0.05587552669141177,1.777207319927703
21. Kebbi,3. North West,Watermelon,0.41130281205321184,0.20710315060725046,0.20419966144596138,1.985980468415011
21. Kebbi,3. North West,Wheat flour,0.003967352154366946,0,0.003967352154366946,NA
21. Kebbi,3. North West,White beans,0.10079887477381286,0.16480600846326082,-0.06400713368944796,0.6116213584305291
21. Kebbi,3. North West,Wild game/Bush meat,0,0,0,NA
21. Kebbi,3. North West,Yam flour,0,0,0,NA
21. Kebbi,3. North West,Yam roots,0.05279539943051027,0.029855940758897494,0.02293945867161278,1.7683381628085693
22. Kogi,1. North Central,Agricultural eggs,0.0023184945941445274,0,0.0023184945941445274,NA
22. Kogi,1. North Central,Animal fat,0,0,0,NA
22. Kogi,1. North Central,Apples,0,0,0,NA
22. Kogi,1. North Central,Avocado pear,0,0,0,NA
22. Kogi,1. North Central,Baby milk powder,6.059804334487395e-4,0,6.059804334487395e-4,NA
22. Kogi,1. North Central,Bananas,0.02416221568445478,0.009129835602251854,0.015032380082202925,2.6465115843373153
22. Kogi,1. North Central,Beef,0.005686308769541071,0.017243079593683763,-0.011556770824142693,0.32977338755798574
22. Kogi,1. North Central,Beer,0.011458575933760064,0,0.011458575933760064,NA
22. Kogi,1. North Central,Biscuits,0.004079059490378967,0.00385297133108648,2.260881592924869e-4,1.058678910343393
22. Kogi,1. North Central,Bottled water,0,0.005147000501721176,-0.005147000501721176,0
22. Kogi,1. North Central,Bread,0.16463334754296927,0.06464191091878854,0.09999143662418072,2.546851496234429
22. Kogi,1. North Central,Brown beans,0.011177107193633483,0.010022213155636308,0.001154894037997175,1.1152334339793686
22. Kogi,1. North Central,Buns/Pofpof/Donuts,1.1943838118107125e-4,2.6539829112721107e-4,-1.4595990994613982e-4,0.45003447713919864
22. Kogi,1. North Central,Butter/Margarine,0,0,0,NA
22. Kogi,1. North Central,Cake,0,0.002089651919131417,-0.002089651919131417,0
22. Kogi,1. North Central,Canned fish/seafood,0,0,0,NA
22. Kogi,1. North Central,Cashew nut,7.842410856766066e-5,0,7.842410856766066e-5,NA
22. Kogi,1. North Central,Cassava flour,0.33296517971118716,0.3945722830925048,-0.06160710338131764,0.8438635808413479
22. Kogi,1. North Central,Cassava roots,0.23444502236000753,0,0.23444502236000753,NA
22. Kogi,1. North Central,Cheese/wara,0,0,0,NA
22. Kogi,1. North Central,Chicken,0.0021521814798963397,0.013787891400628199,-0.01163570992073186,0.15609214036877914
22. Kogi,1. North Central,Chocolate drinks,0,1.734897307680572e-4,-1.734897307680572e-4,0
22. Kogi,1. North Central,Coconut,0.01027750500888046,0,0.01027750500888046,NA
22. Kogi,1. North Central,Cocoyam,0.011178107088507038,9.821467185584332e-4,0.010195960369948605,11.38130065222225
22. Kogi,1. North Central,Coffee,0,0,0,NA
22. Kogi,1. North Central,Dry pepper,0.0032738937384867058,0.0017290138736005137,0.001544879864886192,1.8935034521551413
22. Kogi,1. North Central,Duck,0,0,0,NA
22. Kogi,1. North Central,Fish - dried,0.03315461869690214,0.013838378327155332,0.019316240369746805,2.39584566291573
22. Kogi,1. North Central,Fish - fresh,0.012321089121681053,0.005030543618982995,0.0072905455026980575,2.4492559959497893
22. Kogi,1. North Central,Fish - frozen,0.005111505855084435,0.011919570106938076,-0.00680806425185364,0.42883307109449853
22. Kogi,1. North Central,Fish - smoked,0.013198579861752952,0.029301808682453107,-0.016103228820700154,0.45043567121700234
22. Kogi,1. North Central,Fresh milk,0,0,0,NA
22. Kogi,1. North Central,Fresh pepper,0.0618164599199368,0.10287946830021007,-0.04106300838027327,0.6008629412775705
22. Kogi,1. North Central,Fruit juice,0,0,0,NA
22. Kogi,1. North Central,Garden eggs/Eggplant,0,0.004828107211839894,-0.004828107211839894,0
22. Kogi,1. North Central,Gari - white,0.22652117635851035,0.15005821299064806,0.07646296336786229,1.5095553375184312
22. Kogi,1. North Central,Gari - yellow,0.026350760968293103,0.014273285765165997,0.012077475203127106,1.8461594199005127
22. Kogi,1. North Central,Gin,0,0,0,NA
22. Kogi,1. North Central,Goat,5.298955596763234e-4,0.01297025364896062,-0.012440358089284297,0.04085467979408305
22. Kogi,1. North Central,Ground pepper,0.003153716948962225,5.175347338737346e-4,0.0026361822150884904,6.093730029203513
22. Kogi,1. North Central,Groundnut oil,0.008664041218327203,0.006091530365148579,0.0025725108531786233,1.422309452464804
22. Kogi,1. North Central,Groundnuts - shelled,0.00812701470519304,0.0038305618917385265,0.004296452813454513,2.121624694988165
22. Kogi,1. North Central,Groundnuts - unshelled,0.0036701343123970503,0.03384657726784416,-0.030176442955447108,0.10843442996771938
22. Kogi,1. North Central,Guava,0,0,0,NA
22. Kogi,1. North Central,Guinea corn / sorghum,0.08119434187491287,0.024829698792597204,0.05636464308231566,3.270049409504733
22. Kogi,1. North Central,Honey,3.632459914608754e-4,0,3.632459914608754e-4,NA
22. Kogi,1. North Central,Kola nut,0.001761949021769952,7.486372031027061e-4,0.0010133118186672458,2.353541895149751
22. Kogi,1. North Central,Leaves,0.07992389252451275,0.08135318738732031,-0.0014292948628075591,0.9824309912283741
22. Kogi,1. North Central,Local eggs,1.833318718335297e-4,0.0011991505848665024,-0.0010158187130329727,0.15288477873188833
22. Kogi,1. North Central,Maize - shelled/off cob,9.524625616200721e-4,0.007581289362513132,-0.00662882680089306,0.12563332120386697
22. Kogi,1. North Central,Maize - unshelled/on cob,0.00526150906008036,0.4365436807831378,-0.43128217172305744,0.012052651983511645
22. Kogi,1. North Central,Maize flour,0.08118138007141344,0.14985713909524248,-0.06867575902382904,0.541725142769596
22. Kogi,1. North Central,Malt drinks,0.03489215950305413,0.021734748989208304,0.013157410513845828,1.6053628924069343
22. Kogi,1. North Central,Mangoes,0.0317732883389637,0,0.0317732883389637,NA
22. Kogi,1. North Central,Meat pie/Sausage roll,0,0,0,NA
22. Kogi,1. North Central,Melon - ground,0.008111193722327242,0.003785124995194129,0.004326068727133113,2.142913043195616
22. Kogi,1. North Central,Melon - shelled,0.002328655711191988,0.030541568962679757,-0.028212913251487767,0.0762454513727663
22. Kogi,1. North Central,Melon - unshelled,0,0,0,NA
22. Kogi,1. North Central,Milk - tinned,1.4183883465551295e-4,0,1.4183883465551295e-4,NA
22. Kogi,1. North Central,Milk powder,6.929654160995362e-4,3.840681335110069e-5,6.545586027484354e-4,18.042773030001374
22. Kogi,1. North Central,Millet,0.0073460714979775655,0.022688059109133723,-0.015341987611156158,0.3237858056804954
22. Kogi,1. North Central,Mutton,0,0,0,NA
22. Kogi,1. North Central,Ogbono - ground,0.0032728584049888584,1.5319847541767951e-4,0.003119659929571179,21.36351811638957
22. Kogi,1. North Central,Ogbono - unground,0,0.0018086819506841992,-0.0018086819506841992,0
22. Kogi,1. North Central,Okra - dried,0.010391284204493707,0.0011827587177439195,0.009208525486749788,8.785633154592006
22. Kogi,1. North Central,Okra - fresh,0.01669833443451427,0.08421615926843957,-0.06751782483392531,0.1982794582366101
22. Kogi,1. North Central,Onions,0.12271878799966077,0.13673167830991775,-0.014012890310256987,0.8975154076695
22. Kogi,1. North Central,Orange/Tangerine,0.017549204701233077,0.008430940862333475,0.009118263838899602,2.0815238758982226
22. Kogi,1. North Central,Other alcoholic beverages,0,0,0,NA
22. Kogi,1. North Central,Other domestic poultry,0,0,0,NA
22. Kogi,1. North Central,Other eggs,0,0,0,NA
22. Kogi,1. North Central,Other fish/seafood,0,0,0,NA
22. Kogi,1. North Central,Other fruits,0,0,0,NA
22. Kogi,1. North Central,Other grains/flour,0,0,0,NA
22. Kogi,1. North Central,Other meat,0,0,0,NA
22. Kogi,1. North Central,Other milk products,NA,0,NA,NA
22. Kogi,1. North Central,Other non-alcoholic drinks,0,0,0,NA
22. Kogi,1. North Central,Other nuts/seeds/pulses,0,0,0,NA
22. Kogi,1. North Central,Other oil/fat,0,0,0,NA
22. Kogi,1. North Central,Other roots/tubers,NA,0,NA,NA
22. Kogi,1. North Central,Other spices,0.006501288638585434,0.00542215083113483,0.0010791378074506038,1.1990239373744507
22. Kogi,1. North Central,Other sweets,NA,0,NA,NA
22. Kogi,1. North Central,Other vegetables,0,0,0,NA
22. Kogi,1. North Central,Palm oil,0.14230179903430024,0.1287012044268277,0.013600594607472538,1.105675736820358
22. Kogi,1. North Central,Palm wine,0.009584761711222021,0.009010563980801042,5.741977304209792e-4,1.0637249490314293
22. Kogi,1. North Central,Pawpaw,0.02268727662627966,0,0.02268727662627966,NA
22. Kogi,1. North Central,Pineapples,0.005743096304403274,0,0.005743096304403274,NA
22. Kogi,1. North Central,Pito,0,0,0,NA
22. Kogi,1. North Central,Plantains,0.010652489317003758,0.00750527343996699,0.003147215877036768,1.4193339392909061
22. Kogi,1. North Central,Pork,0,0,0,NA
22. Kogi,1. North Central,Potatoes,0,0,0,NA
22. Kogi,1. North Central,Rice - imported,0.003990358272698986,0.0029144967670484065,0.0010758615056505796,1.36914143045701
22. Kogi,1. North Central,Rice - local,0.41169804753242856,0.3149979529930301,0.09670009453939848,1.3069864220404575
22. Kogi,1. North Central,Sachet water,0.22421127534403978,0.1807864966158958,0.04342477872814399,1.2401992380017492
22. Kogi,1. North Central,Salt,0.02071115725885034,0.017693855277211727,0.003017301981638614,1.1705282390053602
22. Kogi,1. North Central,Seafood,2.5878604472899156e-4,0,2.5878604472899156e-4,NA
22. Kogi,1. North Central,Shea butter,NA,0,NA,NA
22. Kogi,1. North Central,Snails,0,0,0,NA
22. Kogi,1. North Central,Soft drinks,0.019016158955786813,0.018646705129891063,3.6945382589574985e-4,1.019813357015203
22. Kogi,1. North Central,Soya beans,0,0.0028731678125421167,-0.0028731678125421167,0
22. Kogi,1. North Central,Sugar,0.019482790403481883,0.012652957185767545,0.006829833217714338,1.5397815797082406
22. Kogi,1. North Central,Sweet potatoes,0,0.006852776516424738,-0.006852776516424738,0
22. Kogi,1. North Central,Tea,0.001047865332696955,5.254481841951239e-4,5.224171485018312e-4,1.9942315231368901
22. Kogi,1. North Central,Tomato puree - canned,0.004157488036062251,0.0030492363851617006,0.0011082516509005507,1.3634521929141221
22. Kogi,1. North Central,Tomatoes,0.08261727576887301,0.15654282395451985,-0.07392554818564684,0.5277615011779504
22. Kogi,1. North Central,Watermelon,0.0033234844926884476,0.02173438992446034,-0.018410905431771894,0.15291363154151053
22. Kogi,1. North Central,Wheat flour,0,0.002273259752823944,-0.002273259752823944,0
22. Kogi,1. North Central,White beans,0.12657054217472757,0.09368955361022874,0.032880988564498836,1.3509568281357356
22. Kogi,1. North Central,Wild game/Bush meat,0.005732790553477178,0,0.005732790553477178,NA
22. Kogi,1. North Central,Yam flour,0.03942131680489936,0.014669056588202797,0.02475226021669656,2.687379148608842
22. Kogi,1. North Central,Yam roots,0.6261882573588318,1.42582260444628,-0.7996343470874483,0.4391768340648609
23. Kwara,1. North Central,Agricultural eggs,0.011424297482092442,0.03915201355735091,-0.027727716075258466,0.29179335732906375
23. Kwara,1. North Central,Animal fat,0,0,0,NA
23. Kwara,1. North Central,Apples,1.0873818537111146e-4,0.005179744756952521,-0.005071006571581409,0.020992962100141607
23. Kwara,1. North Central,Avocado pear,0,0,0,NA
23. Kwara,1. North Central,Baby milk powder,3.720741457701715e-4,0,3.720741457701715e-4,NA
23. Kwara,1. North Central,Bananas,0.04597015083900476,0.2858319469103862,-0.23986179607138144,0.16082929615078081
23. Kwara,1. North Central,Beef,0.07978421703393909,0.09418018061263342,-0.014395963578694326,0.8471444471113784
23. Kwara,1. North Central,Beer,0,0.0021569316183695556,-0.0021569316183695556,0
23. Kwara,1. North Central,Biscuits,0.015582418397414446,0.01834542583942103,-0.0027630074420065855,0.8493898443028028
23. Kwara,1. North Central,Bottled water,0,0.04294088338403112,-0.04294088338403112,0
23. Kwara,1. North Central,Bread,0.17545354189534385,0.2142768701454443,-0.03882332825010046,0.8188169902624188
23. Kwara,1. North Central,Brown beans,0.18789431427473421,0.2098397940957822,-0.021945479821047997,0.8954179310191712
23. Kwara,1. North Central,Buns/Pofpof/Donuts,1.4735698936725242e-4,0.008609610942918207,-0.008462253953550955,0.017115406299335764
23. Kwara,1. North Central,Butter/Margarine,0,6.200838092261437e-5,-6.200838092261437e-5,0
23. Kwara,1. North Central,Cake,0,0,0,NA
23. Kwara,1. North Central,Canned fish/seafood,0,0,0,NA
23. Kwara,1. North Central,Cashew nut,1.6673375825467752e-4,0,1.6673375825467752e-4,NA
23. Kwara,1. North Central,Cassava flour,0.09938319731742767,0.10975935059478989,-0.010376153277362216,0.905464516497834
23. Kwara,1. North Central,Cassava roots,0.01712349430523072,0.06501233124557601,-0.04788883694034529,0.2633884061248141
23. Kwara,1. North Central,Cheese/wara,0.00445100017972631,0.016956659441402237,-0.012505659261675926,0.2624927507158942
23. Kwara,1. North Central,Chicken,0.006808635787239296,0.03767024619369166,-0.030861610406452362,0.1807430658199278
23. Kwara,1. North Central,Chocolate drinks,9.125494781258621e-4,0.001365822381485285,-4.5327290335942297e-4,0.6681318819314528
23. Kwara,1. North Central,Coconut,0,0.003711091269359369,-0.003711091269359369,0
23. Kwara,1. North Central,Cocoyam,1.475565189253028e-4,0,1.475565189253028e-4,NA
23. Kwara,1. North Central,Coffee,4.428156626450258e-4,0,4.428156626450258e-4,NA
23. Kwara,1. North Central,Dry pepper,0.0025475140567631865,0.0020082283392814974,5.392857174816891e-4,1.268538047657785
23. Kwara,1. North Central,Duck,0,0,0,NA
23. Kwara,1. North Central,Fish - dried,0.041435367995977655,0.05020100470408378,-0.008765636708106123,0.8253892176107572
23. Kwara,1. North Central,Fish - fresh,0.055927637465847675,0.06778202304687159,-0.011854385581023912,0.8251101833766964
23. Kwara,1. North Central,Fish - frozen,0.013458014921540315,0.10982661809694219,-0.09636860317540187,0.12253873564294898
23. Kwara,1. North Central,Fish - smoked,0.21194889858578,0.1261559237204099,0.0857929748653701,1.6800550646793786
23. Kwara,1. North Central,Fresh milk,0,0.00467044638405603,-0.00467044638405603,0
23. Kwara,1. North Central,Fresh pepper,0.1836808770257151,0.22929783820207877,-0.045616961176363685,0.8010580407820429
23. Kwara,1. North Central,Fruit juice,0,0,0,NA
23. Kwara,1. North Central,Garden eggs/Eggplant,0,0.01703333312052368,-0.01703333312052368,0
23. Kwara,1. North Central,Gari - white,0.17780977436591328,0.16860469040420387,0.00920508396170941,1.0545956576868747
23. Kwara,1. North Central,Gari - yellow,0.0020688974708915953,0.003873958579543374,-0.0018050611086517787,0.5340525533278824
23. Kwara,1. North Central,Gin,0,0,0,NA
23. Kwara,1. North Central,Goat,0,0.02187142919975358,-0.02187142919975358,0
23. Kwara,1. North Central,Ground pepper,0.0018763860808690123,0.0027716225447203145,-8.952364638513022e-4,0.6769991406092993
23. Kwara,1. North Central,Groundnut oil,0.04322814437493464,0.06367358128163389,-0.020445436906699248,0.6789023564377937
23. Kwara,1. North Central,Groundnuts - shelled,0.0011119139156668704,0.001900448918677329,-7.885350030104586e-4,0.5850796118428367
23. Kwara,1. North Central,Groundnuts - unshelled,0,0.0015649276652207062,-0.0015649276652207062,0
23. Kwara,1. North Central,Guava,0,0.001665082821001821,-0.001665082821001821,0
23. Kwara,1. North Central,Guinea corn / sorghum,0.3710027276189073,0.32322563814788074,0.047777089471026546,1.1478134276253413
23. Kwara,1. North Central,Honey,3.8848994598762905e-4,0.0014423415473945869,-0.0010538516014069578,0.2693467068804809
23. Kwara,1. North Central,Kola nut,2.685731102736665e-4,9.512885025314103e-4,-6.827153922577438e-4,0.2823256136902575
23. Kwara,1. North Central,Leaves,0.030179525768852508,0.018215049861803896,0.011964475907048612,1.6568456302794732
23. Kwara,1. North Central,Local eggs,2.545023321736446e-4,4.3784583714663074e-4,-1.8334350497298615e-4,0.5812601390301994
23. Kwara,1. North Central,Maize - shelled/off cob,0.018925086562575032,0.02765932917918268,-0.008734242616607647,0.6842207357949475
23. Kwara,1. North Central,Maize - unshelled/on cob,0.004511408732783089,0.06220775350916027,-0.05769634477637718,0.07252164687346846
23. Kwara,1. North Central,Maize flour,0.11422338150864503,0.15276138504864306,-0.038538003539998034,0.7477241808999927
23. Kwara,1. North Central,Malt drinks,0.007924936947731182,0.016203722489844842,-0.00827878554211366,0.48908125603224073
23. Kwara,1. North Central,Mangoes,0.024920845691626205,0,0.024920845691626205,NA
23. Kwara,1. North Central,Meat pie/Sausage roll,0,6.45713255197712e-4,-6.45713255197712e-4,0
23. Kwara,1. North Central,Melon - ground,0.005078793746377908,0.005235275733641326,-1.564819872634177e-4,0.9701100772481035
23. Kwara,1. North Central,Melon - shelled,0.0026973929551202,0.004463457080365405,-0.0017660641252452052,0.6043281937191552
23. Kwara,1. North Central,Melon - unshelled,3.088845980786438e-4,3.26395958985741e-5,2.762450021800697e-4,9.463493329956876
23. Kwara,1. North Central,Milk - tinned,1.9403920104285145e-5,0.0034745759821081575,-0.0034551720620038724,0.0055845433239056835
23. Kwara,1. North Central,Milk powder,0.004660977073154736,0.005755061399698643,-0.0010940843265439069,0.8098918064364704
23. Kwara,1. North Central,Millet,0.028716035361154482,0.09993441028262864,-0.07121837492147416,0.2873488248936625
23. Kwara,1. North Central,Mutton,0,0,0,NA
23. Kwara,1. North Central,Ogbono - ground,0,0,0,NA
23. Kwara,1. North Central,Ogbono - unground,0,0,0,NA
23. Kwara,1. North Central,Okra - dried,0.0015583378646733157,4.83853511417257e-4,0.0010744843532560586,3.220681110918846
23. Kwara,1. North Central,Okra - fresh,0.02998690291300367,0.09397591952536344,-0.06398901661235977,0.3190913487673873
23. Kwara,1. North Central,Onions,0.15992507804319675,0.2487143588656506,-0.08878928082245385,0.6430070172570308
23. Kwara,1. North Central,Orange/Tangerine,0.016079432574964272,0.0852609803732468,-0.06918154779828252,0.18859075399524353
23. Kwara,1. North Central,Other alcoholic beverages,0,0,0,NA
23. Kwara,1. North Central,Other domestic poultry,0,0,0,NA
23. Kwara,1. North Central,Other eggs,0,0,0,NA
23. Kwara,1. North Central,Other fish/seafood,0,0,0,NA
23. Kwara,1. North Central,Other fruits,1.333945889953275e-4,0,1.333945889953275e-4,NA
23. Kwara,1. North Central,Other grains/flour,0,0.00814666777138935,-0.00814666777138935,0
23. Kwara,1. North Central,Other meat,0,0,0,NA
23. Kwara,1. North Central,Other milk products,NA,0,NA,NA
23. Kwara,1. North Central,Other non-alcoholic drinks,0,4.8823558203393494e-4,-4.8823558203393494e-4,0
23. Kwara,1. North Central,Other nuts/seeds/pulses,0,0,0,NA
23. Kwara,1. North Central,Other oil/fat,0,0,0,NA
23. Kwara,1. North Central,Other roots/tubers,NA,0,NA,NA
23. Kwara,1. North Central,Other spices,0.00407084456467129,0.0015722018216860645,0.002498642742985226,2.5892633557093996
23. Kwara,1. North Central,Other sweets,NA,6.403090138304575e-5,NA,NA
23. Kwara,1. North Central,Other vegetables,0,0,0,NA
23. Kwara,1. North Central,Palm oil,0.14222453942363028,0.6392542592684345,-0.4970297198448042,0.2224850868985882
23. Kwara,1. North Central,Palm wine,4.966859374097957e-4,0.0036785197832270296,-0.0031818338458172338,0.13502331553972818
23. Kwara,1. North Central,Pawpaw,0.035677023114158005,0.0062581336893659375,0.029418889424792066,5.700904596330657
23. Kwara,1. North Central,Pineapples,0.02509790958548054,0.008507335665950973,0.016590573919529568,2.9501492089856347
23. Kwara,1. North Central,Pito,0,0,0,NA
23. Kwara,1. North Central,Plantains,0.02105095100604071,0.06954582426057605,-0.048494873254535345,0.302691803999137
23. Kwara,1. North Central,Pork,0,0,0,NA
23. Kwara,1. North Central,Potatoes,0,0,0,NA
23. Kwara,1. North Central,Rice - imported,0.17949347778367775,0.3235188604579202,-0.14402538267424247,0.5548161165306289
23. Kwara,1. North Central,Rice - local,0.3065628715142588,0.22465946375105386,0.08190340776320496,1.3645669156139466
23. Kwara,1. North Central,Sachet water,1.3379475166699306,1.5551151089188635,-0.2171675922489329,0.8603527217995389
23. Kwara,1. North Central,Salt,0.025158809991840492,0.032409575845363275,-0.007250765853522783,0.7762770519392612
23. Kwara,1. North Central,Seafood,0,0,0,NA
23. Kwara,1. North Central,Shea butter,NA,0.0016488693509157256,NA,NA
23. Kwara,1. North Central,Snails,0,0.0015540901449488643,-0.0015540901449488643,0
23. Kwara,1. North Central,Soft drinks,0.08184505329590916,0.16403086331078368,-0.08218581001487452,0.4989613030374664
23. Kwara,1. North Central,Soya beans,0.0035468967771020185,0.003700781623118835,-1.5388484601681646e-4,0.958418285192648
23. Kwara,1. North Central,Sugar,0.026955895520058608,0.027942582133074094,-9.86686613015486e-4,0.9646887818628759
23. Kwara,1. North Central,Sweet potatoes,0.07167409379586026,0.12045537854078767,-0.048781284744927406,0.5950260973327193
23. Kwara,1. North Central,Tea,5.641519171428471e-4,0.0038930017969753656,-0.0033288498798325185,0.14491437367975532
23. Kwara,1. North Central,Tomato puree - canned,0.0020441821861326903,0.0045008555870851485,-0.0024566734009524582,0.4541763552686095
23. Kwara,1. North Central,Tomatoes,0.2615227560432139,0.3474544211519461,-0.08593166510873218,0.7526821940448033
23. Kwara,1. North Central,Watermelon,0.003880697531377916,0.22209796085871686,-0.21821726332733896,0.01747290932511777
23. Kwara,1. North Central,Wheat flour,0.006633032658499588,0.03834507303460955,-0.031712040376109966,0.17298265809828386
23. Kwara,1. North Central,White beans,0.08939936560114883,0.08267849802603343,0.006720867575115405,1.081289183228742
23. Kwara,1. North Central,Wild game/Bush meat,0.0016111620980664974,4.699788319601284e-4,0.001141183266106369,3.4281588627021047
23. Kwara,1. North Central,Yam flour,0.1689276552163895,0.16865312231575114,2.7453290063836344e-4,1.0016277961348643
23. Kwara,1. North Central,Yam roots,1.2852689856171575,0.9260084957023929,0.35926048991476467,1.3879667320354978
24. Lagos,6. South West,Agricultural eggs,0.031149369197577343,0.055676634102450995,-0.02452726490487365,0.5594693303524626
24. Lagos,6. South West,Animal fat,0,0,0,NA
24. Lagos,6. South West,Apples,0.01023562200203931,0.031008706723062964,-0.020773084721023655,0.33008864553601286
24. Lagos,6. South West,Avocado pear,0.008817840728917918,0.005167205562357995,0.003650635166559923,1.7065008586370227
24. Lagos,6. South West,Baby milk powder,4.6820486291495163e-4,4.1301520410219476e-4,5.5189658812756874e-5,1.1336262158501578
24. Lagos,6. South West,Bananas,0.08281317581244997,0.07677729120225123,0.006035884610198744,1.0786154931449543
24. Lagos,6. South West,Beef,0.09039191406725712,0.0624920597484843,0.027899854318772822,1.44645438846252
24. Lagos,6. South West,Beer,0.017639128200627945,0.02004662316945983,-0.002407494968831886,0.8799052115420816
24. Lagos,6. South West,Biscuits,0.006081220493072027,0.013077159713056138,-0.006995939219984111,0.46502609331907
24. Lagos,6. South West,Bottled water,0.16956636449998755,0.043708529532859045,0.1258578349671285,3.8794799622007767
24. Lagos,6. South West,Bread,0.21641811643166997,0.25875360852065776,-0.04233549208898779,0.8363868533813784
24. Lagos,6. South West,Brown beans,0.39706978023171396,0.3874919416254752,0.009577838606238787,1.0247175168754763
24. Lagos,6. South West,Buns/Pofpof/Donuts,0.0038514142840284926,0.00883069085896636,-0.004979276574937868,0.4361396345471552
24. Lagos,6. South West,Butter/Margarine,0.0010673338221566196,0.0049505332511281435,-0.0038831994289715236,0.21559976835089273
24. Lagos,6. South West,Cake,0.003491306043418654,0.007060888443363518,-0.003569582399944864,0.4944570462234266
24. Lagos,6. South West,Canned fish/seafood,0,2.0113916293780138e-4,-2.0113916293780138e-4,0
24. Lagos,6. South West,Cashew nut,9.452656343192145e-5,0,9.452656343192145e-5,NA
24. Lagos,6. South West,Cassava flour,0.036916641713599624,0.0208271390285243,0.016089502685075325,1.7725258213833195
24. Lagos,6. South West,Cassava roots,1.6266848219315827e-4,0,1.6266848219315827e-4,NA
24. Lagos,6. South West,Cheese/wara,4.0488849261572626e-4,0.0020180855281159726,-0.0016131970355002462,0.2006299965857833
24. Lagos,6. South West,Chicken,0.07970835890173915,0.09080174032374232,-0.011093381422003168,0.8778285373997118
24. Lagos,6. South West,Chocolate drinks,0.004850305093312647,0.009322151877191319,-0.004471846783878672,0.5202988706051849
24. Lagos,6. South West,Coconut,0.003263503271182916,0.006767125075291152,-0.0035036218041082363,0.4822584531648405
24. Lagos,6. South West,Cocoyam,0.014657844364180992,0.01474022255303998,-8.237818885898675e-5,0.9944113334406883
24. Lagos,6. South West,Coffee,1.1933037802571515e-4,3.445543614110542e-4,-2.2522398338533904e-4,0.3463325135024302
24. Lagos,6. South West,Dry pepper,9.383386803672218e-4,9.044798523436672e-4,3.385882802355456e-5,1.037434585121847
24. Lagos,6. South West,Duck,0,0,0,NA
24. Lagos,6. South West,Fish - dried,0.007659206667244843,0.011308906165387399,-0.003649699498142556,0.6772721035290744
24. Lagos,6. South West,Fish - fresh,0.015904231311832433,0.06389953733732798,-0.047995306025495545,0.2488943108910698
24. Lagos,6. South West,Fish - frozen,0.09660015137283967,0.09802314107971916,-0.001422989706879485,0.9854831247886434
24. Lagos,6. South West,Fish - smoked,0.048722853020966544,0.08029962428158001,-0.031576771260613465,0.6067631505984906
24. Lagos,6. South West,Fresh milk,0,0,0,NA
24. Lagos,6. South West,Fresh pepper,0.144186173775937,0.17927673827509058,-0.03509056449915357,0.8042659363575158
24. Lagos,6. South West,Fruit juice,0.007819206706767442,0.0034248066018311035,0.004394400104936339,2.2831089798141693
24. Lagos,6. South West,Garden eggs/Eggplant,0.014705036046479044,0.013585124535256034,0.0011199115112230096,1.0824366024997873
24. Lagos,6. South West,Gari - white,0.16801149872595336,0.20290548968010852,-0.03489399095415516,0.8280283544365042
24. Lagos,6. South West,Gari - yellow,0.15365580742967408,0.16804516138188497,-0.014389353952210887,0.9143721019166338
24. Lagos,6. South West,Gin,0,1.0280069620520429e-4,-1.0280069620520429e-4,0
24. Lagos,6. South West,Goat,0.001963366712247535,0.008255774724099482,-0.006292408011851948,0.23781737969620942
24. Lagos,6. South West,Ground pepper,0.001762440485115764,0.004771999357589979,-0.003009558872474215,0.36932957300435515
24. Lagos,6. South West,Groundnut oil,0.0694921780291631,0.07703307333431807,-0.007540895305154963,0.9021083415375626
24. Lagos,6. South West,Groundnuts - shelled,0.004066135361318466,0.00558213945533284,-0.001516004094014374,0.7284188067773772
24. Lagos,6. South West,Groundnuts - unshelled,5.302389989966828e-5,0.0066473970116745365,-0.006594373111774869,0.007976641053113676
24. Lagos,6. South West,Guava,0,0,0,NA
24. Lagos,6. South West,Guinea corn / sorghum,7.710590442556646e-4,0.003187715725415699,-0.0024166566811600343,0.24188450623372743
24. Lagos,6. South West,Honey,0.0011362214033334395,0.00269493605849646,-0.0015587146551630205,0.4216134923688513
24. Lagos,6. South West,Kola nut,1.926565054418603e-4,3.963282612117034e-4,-2.036717557698431e-4,0.48610337514879
24. Lagos,6. South West,Leaves,0.10947784331530086,0.04439072906266728,0.06508711425263358,2.4662321531315423
24. Lagos,6. South West,Local eggs,9.605338163574404e-4,0.0015243276411875432,-5.637938248301028e-4,0.6301360615681852
24. Lagos,6. South West,Maize - shelled/off cob,0.004168951890311346,0.004258447961101566,-8.949607079021971e-5,0.9789838759079096
24. Lagos,6. South West,Maize - unshelled/on cob,0.0010649385272352722,0.03180804887991266,-0.03074311035267739,0.03348015878797896
24. Lagos,6. South West,Maize flour,0.0024770168835259597,0.012998695029853543,-0.010521678146327583,0.19055888901440504
24. Lagos,6. South West,Malt drinks,0.02909261878973877,0.038262042815800104,-0.009169424026061333,0.7603519480074684
24. Lagos,6. South West,Mangoes,0.03161416299039491,0,0.03161416299039491,NA
24. Lagos,6. South West,Meat pie/Sausage roll,3.117134377882927e-4,0.001014153598266343,-7.024401604780503e-4,0.30736314333563963
24. Lagos,6. South West,Melon - ground,0.003667268147434644,0.00452185526754314,-8.545871201084965e-4,0.811009625575031
24. Lagos,6. South West,Melon - shelled,0.004097603866644571,0.00294917689918883,0.001148426967455741,1.3894059280647477
24. Lagos,6. South West,Melon - unshelled,0,0,0,NA
24. Lagos,6. South West,Milk - tinned,0.002923129998237179,0.005863316407288921,-0.0029401864090517417,0.4985454980057567
24. Lagos,6. South West,Milk powder,0.006324891497876252,0.01181451020090278,-0.005489618703026528,0.5353494465977057
24. Lagos,6. South West,Millet,0.004098836549971009,0.010806967916602234,-0.006708131366631225,0.37927720167228035
24. Lagos,6. South West,Mutton,0,0,0,NA
24. Lagos,6. South West,Ogbono - ground,0.0034286315982936695,0.002819311597301054,6.093200009926157e-4,1.2161236812475507
24. Lagos,6. South West,Ogbono - unground,0.001642761935076986,4.8503091410787203e-4,0.001157731020969114,3.386922126600021
24. Lagos,6. South West,Okra - dried,0,0,0,NA
24. Lagos,6. South West,Okra - fresh,0.04318358927241743,0.041161564036886554,0.0020220252355308763,1.0491241108748652
24. Lagos,6. South West,Onions,0.16357178085894533,0.17762697127321467,-0.014055190414269336,0.9208724310642525
24. Lagos,6. South West,Orange/Tangerine,0.10348972952047766,0.09631014893812787,0.007179580582349798,1.0745464591375737
24. Lagos,6. South West,Other alcoholic beverages,0,0,0,NA
24. Lagos,6. South West,Other domestic poultry,0,0.0011813163136611456,-0.0011813163136611456,0
24. Lagos,6. South West,Other eggs,0,0,0,NA
24. Lagos,6. South West,Other fish/seafood,0,0,0,NA
24. Lagos,6. South West,Other fruits,0,0,0,NA
24. Lagos,6. South West,Other grains/flour,0.010537682277602914,0.00218683169607815,0.008350850581524764,4.818698346334163
24. Lagos,6. South West,Other meat,0,0,0,NA
24. Lagos,6. South West,Other milk products,NA,0,NA,NA
24. Lagos,6. South West,Other non-alcoholic drinks,0,0,0,NA
24. Lagos,6. South West,Other nuts/seeds/pulses,0,0,0,NA
24. Lagos,6. South West,Other oil/fat,0,0,0,NA
24. Lagos,6. South West,Other roots/tubers,NA,0,NA,NA
24. Lagos,6. South West,Other spices,0.0035806459481884647,0.004133258187857822,-5.526122396693573e-4,0.8663010597081127
24. Lagos,6. South West,Other sweets,NA,0,NA,NA
24. Lagos,6. South West,Other vegetables,0,0.012988884565901585,-0.012988884565901585,0
24. Lagos,6. South West,Palm oil,0.09950536798367476,0.10175074316931783,-0.0022453751856430643,0.9779325917855297
24. Lagos,6. South West,Palm wine,0,0,0,NA
24. Lagos,6. South West,Pawpaw,0.019279133957406408,0.012477549544808385,0.006801584412598023,1.5451057828440362
24. Lagos,6. South West,Pineapples,0.09888491233961107,0.07729119648068827,0.021593715858922793,1.2793813117425104
24. Lagos,6. South West,Pito,0,0,0,NA
24. Lagos,6. South West,Plantains,0.11469061519395456,0.13020969882779415,-0.015519083633839595,0.8808146875881804
24. Lagos,6. South West,Pork,0,0,0,NA
24. Lagos,6. South West,Potatoes,0.012899529726182376,0.014020247576846142,-0.0011207178506637654,0.9200643323506937
24. Lagos,6. South West,Rice - imported,0.3257114962370502,0.3859420236141907,-0.06023052737714052,0.8439389242635305
24. Lagos,6. South West,Rice - local,0.1448563210392126,0.12158066365798725,0.023275657381225334,1.191442098446682
24. Lagos,6. South West,Sachet water,5.464054235766948,5.363316889729373,0.10073734603757512,1.0187826578419197
24. Lagos,6. South West,Salt,0.02328089356524811,0.06236069677839967,-0.03907980321315156,0.3733263861367258
24. Lagos,6. South West,Seafood,0,0.001475540017417692,-0.001475540017417692,0
24. Lagos,6. South West,Shea butter,NA,0,NA,NA
24. Lagos,6. South West,Snails,8.42442657032598e-4,0,8.42442657032598e-4,NA
24. Lagos,6. South West,Soft drinks,0.07386100318193342,0.1288419658402709,-0.05498096265833749,0.5732682104020442
24. Lagos,6. South West,Soya beans,5.889524805843103e-4,3.084021009516964e-4,2.8055037963261394e-4,1.9096902348163811
24. Lagos,6. South West,Sugar,0.0150477810932635,0.008837940372170552,0.006209840721092949,1.7026343762905298
24. Lagos,6. South West,Sweet potatoes,0.06922921891210895,0.04507248972218423,0.024156729189924724,1.5359528470430828
24. Lagos,6. South West,Tea,0.0022455282908347136,0.0017945032935880241,4.510249972466895e-4,1.2513369570611856
24. Lagos,6. South West,Tomato puree - canned,0.00872854686315728,0.013925840192956604,-0.005197293329799324,0.6267878090093261
24. Lagos,6. South West,Tomatoes,0.24196927333994964,0.2504547779587591,-0.008485504618809453,0.9661196137363899
24. Lagos,6. South West,Watermelon,0.1997429252926848,0.20542277305499979,-0.005679847762314977,0.9723504474316766
24. Lagos,6. South West,Wheat flour,0.08570225120207445,0.06680810039280986,0.018894150809264584,1.282812274232812
24. Lagos,6. South West,White beans,0.018425944427650436,0.015337686808529948,0.003088257619120488,1.2013509375744311
24. Lagos,6. South West,Wild game/Bush meat,0,0,0,NA
24. Lagos,6. South West,Yam flour,0.10430105383857154,0.05421236025491226,0.05008869358365928,1.9239349356518871
24. Lagos,6. South West,Yam roots,0.6185022612396038,0.41493625827396813,0.2035660029656357,1.4905958419069467
25. Nasarawa,1. North Central,Agricultural eggs,0.011006346795390335,0.02918805623693455,-0.018181709441544215,0.37708392453564316
25. Nasarawa,1. North Central,Animal fat,0,0,0,NA
25. Nasarawa,1. North Central,Apples,0,0,0,NA
25. Nasarawa,1. North Central,Avocado pear,0.00115311014224309,0,0.00115311014224309,NA
25. Nasarawa,1. North Central,Baby milk powder,0,8.151672904963835e-4,-8.151672904963835e-4,0
25. Nasarawa,1. North Central,Bananas,0.018401478428139377,0.034187781033277645,-0.015786302605138268,0.5382472296235833
25. Nasarawa,1. North Central,Beef,0.03021907954860508,0.04365376754423549,-0.013434687995630412,0.6922444785088322
25. Nasarawa,1. North Central,Beer,0,0,0,NA
25. Nasarawa,1. North Central,Biscuits,0.0014767605235222819,0.0030568773393614378,-0.001580116815839156,0.4830944652266511
25. Nasarawa,1. North Central,Bottled water,0,0,0,NA
25. Nasarawa,1. North Central,Bread,0.04470200359565018,0.04477567283584182,-7.366924019164278e-5,0.9983547038933009
25. Nasarawa,1. North Central,Brown beans,0.0024709209383120666,0.026189638169026,-0.023718717230713934,0.09434727285520039
25. Nasarawa,1. North Central,Buns/Pofpof/Donuts,0,0.0018881563584638807,-0.0018881563584638807,0
25. Nasarawa,1. North Central,Butter/Margarine,0,0,0,NA
25. Nasarawa,1. North Central,Cake,0,0,0,NA
25. Nasarawa,1. North Central,Canned fish/seafood,0,0,0,NA
25. Nasarawa,1. North Central,Cashew nut,0,0,0,NA
25. Nasarawa,1. North Central,Cassava flour,0.03664530255769597,0.14820206377572545,-0.11155676121802949,0.24726580469993586
25. Nasarawa,1. North Central,Cassava roots,0,0.19134624626554153,-0.19134624626554153,0
25. Nasarawa,1. North Central,Cheese/wara,0,0,0,NA
25. Nasarawa,1. North Central,Chicken,0.013301945001662329,0.023445767609400075,-0.010143822607737746,0.5673495201039697
25. Nasarawa,1. North Central,Chocolate drinks,0,0.005222373572805534,-0.005222373572805534,0
25. Nasarawa,1. North Central,Coconut,0,0.011868028662387427,-0.011868028662387427,0
25. Nasarawa,1. North Central,Cocoyam,0,0.04192795432972518,-0.04192795432972518,0
25. Nasarawa,1. North Central,Coffee,0,0,0,NA
25. Nasarawa,1. North Central,Dry pepper,7.291152125305961e-4,7.962311935431381e-4,-6.7115981012542e-5,0.9157079230796227
25. Nasarawa,1. North Central,Duck,0,0,0,NA
25. Nasarawa,1. North Central,Fish - dried,0.05677978662856241,0.025581236369162638,0.03119855025939977,2.219587271278593
25. Nasarawa,1. North Central,Fish - fresh,0.3614723357944145,0.587823531039829,-0.22635119524541447,0.6149334225443288
25. Nasarawa,1. North Central,Fish - frozen,0.002342254942871354,0.007212413088773834,-0.00487015814590248,0.32475329879774756
25. Nasarawa,1. North Central,Fish - smoked,0.013316886202885006,0.0048094868019851675,0.008507399400899838,2.7688788328493423
25. Nasarawa,1. North Central,Fresh milk,0,0.0018581778787117968,-0.0018581778787117968,0
25. Nasarawa,1. North Central,Fresh pepper,0.047364232139205646,0.09228288943279413,-0.04491865729358848,0.5132504241070506
25. Nasarawa,1. North Central,Fruit juice,0,0,0,NA
25. Nasarawa,1. North Central,Garden eggs/Eggplant,0,0.009052249211539387,-0.009052249211539387,0
25. Nasarawa,1. North Central,Gari - white,0.16727428273128633,0.12246513649801212,0.044809146233274214,1.3658930820201354
25. Nasarawa,1. North Central,Gari - yellow,0.014732956376700041,0.015096898203689677,-3.6394182698963606e-4,0.975892940253072
25. Nasarawa,1. North Central,Gin,0,0,0,NA
25. Nasarawa,1. North Central,Goat,0.0018017346375267362,0,0.0018017346375267362,NA
25. Nasarawa,1. North Central,Ground pepper,0.0010725675784287328,0.0016140312188794937,-5.414636404507608e-4,0.6645271577667127
25. Nasarawa,1. North Central,Groundnut oil,0.027295121765099132,0.10620077491515037,-0.07890565315005124,0.25701433710730176
25. Nasarawa,1. North Central,Groundnuts - shelled,0.0013018309720776644,0,0.0013018309720776644,NA
25. Nasarawa,1. North Central,Groundnuts - unshelled,0,0.14772429074585972,-0.14772429074585972,0
25. Nasarawa,1. North Central,Guava,0,0,0,NA
25. Nasarawa,1. North Central,Guinea corn / sorghum,0.16808919749022175,0.2479660846043007,-0.07987688711407895,0.6778717249113124
25. Nasarawa,1. North Central,Honey,0,2.601449030196516e-4,-2.601449030196516e-4,0
25. Nasarawa,1. North Central,Kola nut,0,0,0,NA
25. Nasarawa,1. North Central,Leaves,0,0.16538609350755001,-0.16538609350755001,0
25. Nasarawa,1. North Central,Local eggs,0,0.002812840614425817,-0.002812840614425817,0
25. Nasarawa,1. North Central,Maize - shelled/off cob,0.001390939166803795,0,0.001390939166803795,NA
25. Nasarawa,1. North Central,Maize - unshelled/on cob,0,0.17988229759621505,-0.17988229759621505,0
25. Nasarawa,1. North Central,Maize flour,0.10600986907911165,0.681237864080721,-0.5752279950016093,0.1556135891274393
25. Nasarawa,1. North Central,Malt drinks,0.007957630850951926,0.00807015649382944,-1.1252564287751385e-4,0.9860565723894509
25. Nasarawa,1. North Central,Mangoes,0,0,0,NA
25. Nasarawa,1. North Central,Meat pie/Sausage roll,0,0.008151672904963833,-0.008151672904963833,0
25. Nasarawa,1. North Central,Melon - ground,0.018617314499396905,0.0013857844101471978,0.017231530089249707,13.434495555783728
25. Nasarawa,1. North Central,Melon - shelled,0.0013298939721359676,0.001793368022788698,-4.6347405065273045e-4,0.7415622199329586
25. Nasarawa,1. North Central,Melon - unshelled,0.0010538987848370672,0,0.0010538987848370672,NA
25. Nasarawa,1. North Central,Milk - tinned,1.4413876778038626e-4,0,1.4413876778038626e-4,NA
25. Nasarawa,1. North Central,Milk powder,0.0031037915658705425,0.004160560044877547,-0.0010567684790070042,0.746003310225485
25. Nasarawa,1. North Central,Millet,0.007333628721257268,0.02898210391501739,-0.021648475193760123,0.2530399015461838
25. Nasarawa,1. North Central,Mutton,0,0,0,NA
25. Nasarawa,1. North Central,Ogbono - ground,0.005736633539948387,7.091955182768349e-4,0.005027438021671552,8.088930897204413
25. Nasarawa,1. North Central,Ogbono - unground,0,0,0,NA
25. Nasarawa,1. North Central,Okra - dried,0.0032518877209296937,1.2387852772502363e-4,0.0031280091932046703,26.250616476069144
25. Nasarawa,1. North Central,Okra - fresh,0.05321166625400546,0.1311939724705283,-0.07798230621652284,0.40559535817058245
25. Nasarawa,1. North Central,Onions,0.07132155338905283,0.15132480209088456,-0.08000324870183173,0.47131436752990186
25. Nasarawa,1. North Central,Orange/Tangerine,0.030201449295162244,0.11033537018465485,-0.0801339208894926,0.2737240945004105
25. Nasarawa,1. North Central,Other alcoholic beverages,0,0,0,NA
25. Nasarawa,1. North Central,Other domestic poultry,0,0,0,NA
25. Nasarawa,1. North Central,Other eggs,0,0,0,NA
25. Nasarawa,1. North Central,Other fish/seafood,0,0,0,NA
25. Nasarawa,1. North Central,Other fruits,0,0,0,NA
25. Nasarawa,1. North Central,Other grains/flour,0,0,0,NA
25. Nasarawa,1. North Central,Other meat,0,0,0,NA
25. Nasarawa,1. North Central,Other milk products,NA,0,NA,NA
25. Nasarawa,1. North Central,Other non-alcoholic drinks,0,0,0,NA
25. Nasarawa,1. North Central,Other nuts/seeds/pulses,0,0,0,NA
25. Nasarawa,1. North Central,Other oil/fat,0,0,0,NA
25. Nasarawa,1. North Central,Other roots/tubers,NA,0,NA,NA
25. Nasarawa,1. North Central,Other spices,0,0,0,NA
25. Nasarawa,1. North Central,Other sweets,NA,0,NA,NA
25. Nasarawa,1. North Central,Other vegetables,0,0.0063433388834659085,-0.0063433388834659085,0
25. Nasarawa,1. North Central,Palm oil,0.1385963830472413,0.12971852071107048,0.008877862336170828,1.0684394355370812
25. Nasarawa,1. North Central,Palm wine,0,0,0,NA
25. Nasarawa,1. North Central,Pawpaw,0,0,0,NA
25. Nasarawa,1. North Central,Pineapples,0.0028197148108254247,0.01421877128486129,-0.011399056474035866,0.19830931620846676
25. Nasarawa,1. North Central,Pito,0,0,0,NA
25. Nasarawa,1. North Central,Plantains,0.0011080668192616232,0,0.0011080668192616232,NA
25. Nasarawa,1. North Central,Pork,0,0,0,NA
25. Nasarawa,1. North Central,Potatoes,0,0,0,NA
25. Nasarawa,1. North Central,Rice - imported,0.006934876578601974,0,0.006934876578601974,NA
25. Nasarawa,1. North Central,Rice - local,0.31287814523362373,0.6156958975000095,-0.3028177522663858,0.5081699366587364
25. Nasarawa,1. North Central,Sachet water,0.07206938550106945,0.18780916314876733,-0.11573977764769788,0.38373732299729096
25. Nasarawa,1. North Central,Salt,0.007990244642194833,0.013609581777681502,-0.005619337135486669,0.5871043484450139
25. Nasarawa,1. North Central,Seafood,0,0,0,NA
25. Nasarawa,1. North Central,Shea butter,NA,0,NA,NA
25. Nasarawa,1. North Central,Snails,0,0,0,NA
25. Nasarawa,1. North Central,Soft drinks,0.011500210364135592,0.015106470164479231,-0.003606259800343639,0.7612771374729711
25. Nasarawa,1. North Central,Soya beans,0.0025519032761923944,0.007589207425611293,-0.0050373041494188985,0.3362542533203781
25. Nasarawa,1. North Central,Sugar,0.00804698311798884,0.023611157195932733,-0.015564174077943893,0.3408127374364784
25. Nasarawa,1. North Central,Sweet potatoes,0.00705992959424979,0.08511516038065928,-0.07805523078640948,0.08294561817983742
25. Nasarawa,1. North Central,Tea,1.8017345972548282e-5,9.878231064877952e-4,-9.698057605152469e-4,0.01823944576130533
25. Nasarawa,1. North Central,Tomato puree - canned,5.044857006553211e-4,0.008834233464195719,-0.008329747763540398,0.05710576958373946
25. Nasarawa,1. North Central,Tomatoes,0.06140606285797922,0.1693007759926673,-0.10789471313468807,0.36270396575523567
25. Nasarawa,1. North Central,Watermelon,0.01870527718246176,0.010198335495301889,0.008506941687159871,1.834150013115258
25. Nasarawa,1. North Central,Wheat flour,0.0015837247609912792,0,0.0015837247609912792,NA
25. Nasarawa,1. North Central,White beans,0.09374813460733683,0.20707952724001624,-0.11333139263267941,0.4527156105522577
25. Nasarawa,1. North Central,Wild game/Bush meat,0,0,0,NA
25. Nasarawa,1. North Central,Yam flour,0.017650668232681816,0.007149016925709787,0.010501651306972028,2.468964392741227
25. Nasarawa,1. North Central,Yam roots,0.17046787149072845,0.12291864063451509,0.04754923085621336,1.3868349878485535
26. Niger,1. North Central,Agricultural eggs,0,0.0077493858525135625,-0.0077493858525135625,0
26. Niger,1. North Central,Animal fat,6.052560335281006e-4,5.300116068265205e-4,7.524442670158013e-5,1.141967507376133
26. Niger,1. North Central,Apples,0,6.603543998362626e-4,-6.603543998362626e-4,0
26. Niger,1. North Central,Avocado pear,0,0,0,NA
26. Niger,1. North Central,Baby milk powder,0,0,0,NA
26. Niger,1. North Central,Bananas,2.6649518266454116e-4,0.03742342747190737,-0.03715693228924283,0.007121078978257429
26. Niger,1. North Central,Beef,0.03383350508831977,0.06728752568024728,-0.03345402059192751,0.502819872573377
26. Niger,1. North Central,Beer,0.004061219382812789,4.7451816725105155e-4,0.003586701215561737,8.558617273475505
26. Niger,1. North Central,Biscuits,0.0022856774751306877,0.002695267759296672,-4.095902841659842e-4,0.8480335459238876
26. Niger,1. North Central,Bottled water,0,0.004102400317840575,-0.004102400317840575,0
26. Niger,1. North Central,Bread,0.0813966783370531,0.13639385373341398,-0.054997175396360884,0.5967767323016288
26. Niger,1. North Central,Brown beans,0.03329056717269893,0.04743661626009387,-0.01414604908739494,0.7017905111563506
26. Niger,1. North Central,Buns/Pofpof/Donuts,6.809209688757882e-4,0.004434379331015994,-0.0037534583621402053,0.15355496633161902
26. Niger,1. North Central,Butter/Margarine,0,1.235381876911414e-4,-1.235381876911414e-4,0
26. Niger,1. North Central,Cake,3.430520299055186e-4,8.576798788784185e-4,-5.146278489728999e-4,0.3999767726323779
26. Niger,1. North Central,Canned fish/seafood,0,0,0,NA
26. Niger,1. North Central,Cashew nut,4.863060430585699e-4,0,4.863060430585699e-4,NA
26. Niger,1. North Central,Cassava flour,0.058547387423956605,0.1509685930434637,-0.09242120561950709,0.38781170469741927
26. Niger,1. North Central,Cassava roots,1.1494007083891464,1.3379180626878808,-0.1885173542987344,0.8590964876279474
26. Niger,1. North Central,Cheese/wara,3.6570098572524e-4,0.013141524988226334,-0.012775824002501095,0.02782789562496562
26. Niger,1. North Central,Chicken,0.02437844180026347,0.026544323516132316,-0.002165881715868845,0.9184050889617688
26. Niger,1. North Central,Chocolate drinks,0.0026326431641427585,0.004169821764349702,-0.0015371786002069438,0.6313562816163506
26. Niger,1. North Central,Coconut,0,0.003877087533465052,-0.003877087533465052,0
26. Niger,1. North Central,Cocoyam,0,0.003523510487420413,-0.003523510487420413,0
26. Niger,1. North Central,Coffee,0,9.49036334502103e-6,-9.49036334502103e-6,0
26. Niger,1. North Central,Dry pepper,0.0013161762590858514,0.0022541089381120432,-9.379326790261919e-4,0.5839009095045029
26. Niger,1. North Central,Duck,0,0,0,NA
26. Niger,1. North Central,Fish - dried,0.030926975790043,0.07612830376696066,-0.04520132797691766,0.40624806096711125
26. Niger,1. North Central,Fish - fresh,0.047148807054757214,0.031307137779444015,0.0158416692753132,1.506008226843231
26. Niger,1. North Central,Fish - frozen,0.004470375668862923,0.005242072515531979,-7.716968466690557e-4,0.852787834509622
26. Niger,1. North Central,Fish - smoked,0.022367015562941774,0.019049481471736122,0.003317534091205651,1.1741535115340491
26. Niger,1. North Central,Fresh milk,0.011309417263358606,0.04063767972783432,-0.02932826246447571,0.278298794101976
26. Niger,1. North Central,Fresh pepper,0.018748406857468272,0.035829803881671424,-0.01708139702420315,0.5232628936341719
26. Niger,1. North Central,Fruit juice,0,0,0,NA
26. Niger,1. North Central,Garden eggs/Eggplant,0.002405671707365527,0.018006865329327087,-0.01560119362196156,0.13359747315083778
26. Niger,1. North Central,Gari - white,0.051053112984172234,0.18182434765229305,-0.13077123466812082,0.28078259948883355
26. Niger,1. North Central,Gari - yellow,0.04353927310781025,0.058886288512270533,-0.015347015404460283,0.7393787961137621
26. Niger,1. North Central,Gin,0,4.7451816725105155e-4,-4.7451816725105155e-4,0
26. Niger,1. North Central,Goat,0.030284900369088874,0.16506179072639016,-0.13477689035730128,0.18347614087920416
26. Niger,1. North Central,Ground pepper,0.0038152499964605206,0.002232062374165079,0.0015831876222954415,1.709293629344765
26. Niger,1. North Central,Groundnut oil,0.03681522579845823,0.04161076737552737,-0.004795541577069143,0.884752387914635
26. Niger,1. North Central,Groundnuts - shelled,0.004290547392675654,0.014391751028433954,-0.0101012036357583,0.2981254597997678
26. Niger,1. North Central,Groundnuts - unshelled,0.0018978609900584943,0.04403104272382765,-0.042133181733769155,0.04310279458886074
26. Niger,1. North Central,Guava,0,0,0,NA
26. Niger,1. North Central,Guinea corn / sorghum,0.5290518631645436,0.6079151645873403,-0.07886330142279674,0.870272521534596
26. Niger,1. North Central,Honey,0,0.0012489513521947416,-0.0012489513521947416,0
26. Niger,1. North Central,Kola nut,0.0011267066156487023,0.0022496682147309247,-0.0011229615990822224,0.5008323486418924
26. Niger,1. North Central,Leaves,0.09990353914588473,0.034998892720126705,0.06490464642575802,2.854477138599117
26. Niger,1. North Central,Local eggs,0.0012610340258589882,6.072462372786414e-4,6.537877885803468e-4,2.076643622380075
26. Niger,1. North Central,Maize - shelled/off cob,0.0991851543591322,0.0879421016743282,0.011243052684803995,1.1278460768022107
26. Niger,1. North Central,Maize - unshelled/on cob,0,0.07117069119075932,-0.07117069119075932,0
26. Niger,1. North Central,Maize flour,0.27992410379567434,0.43701309338619126,-0.15708898959051693,0.6405393980914518
26. Niger,1. North Central,Malt drinks,0,0.010393157632961501,-0.010393157632961501,0
26. Niger,1. North Central,Mangoes,0.017077134317375623,0,0.017077134317375623,NA
26. Niger,1. North Central,Meat pie/Sausage roll,0,4.125638903802166e-4,-4.125638903802166e-4,0
26. Niger,1. North Central,Melon - ground,1.4995127704222976e-4,8.090149485420499e-4,-6.5906367149982e-4,0.1853504404491678
26. Niger,1. North Central,Melon - shelled,1.7803718589428402e-4,0.0064398222163669396,-0.006261785030472655,0.027646288967698343
26. Niger,1. North Central,Melon - unshelled,0,0.0027015626844896653,-0.0027015626844896653,0
26. Niger,1. North Central,Milk - tinned,0,0.0018279722309868516,-0.0018279722309868516,0
26. Niger,1. North Central,Milk powder,0.002753722249132544,0.004005575734935992,-0.001251853485803448,0.6874722714927141
26. Niger,1. North Central,Millet,0.28276535975544026,0.33253682326150047,-0.04977146350606021,0.8503279636284945
26. Niger,1. North Central,Mutton,0,0.003685046472767988,-0.003685046472767988,0
26. Niger,1. North Central,Ogbono - ground,0,4.3444461368395964e-4,-4.3444461368395964e-4,0
26. Niger,1. North Central,Ogbono - unground,0,0,0,NA
26. Niger,1. North Central,Okra - dried,0.0071363803999131645,0.0041717371425937545,0.00296464325731941,1.7106495821728978
26. Niger,1. North Central,Okra - fresh,0.02678025069810274,0.06616606919573584,-0.0393858184976331,0.404742960003866
26. Niger,1. North Central,Onions,0.11123354005335893,0.15867802333551248,-0.047444483282153546,0.7010015483881102
26. Niger,1. North Central,Orange/Tangerine,0.001886786164480352,0.039545051820474096,-0.03765826565599374,0.047712319939443984
26. Niger,1. North Central,Other alcoholic beverages,0,0,0,NA
26. Niger,1. North Central,Other domestic poultry,0,0,0,NA
26. Niger,1. North Central,Other eggs,0,0,0,NA
26. Niger,1. North Central,Other fish/seafood,0,0,0,NA
26. Niger,1. North Central,Other fruits,0,0,0,NA
26. Niger,1. North Central,Other grains/flour,0,0,0,NA
26. Niger,1. North Central,Other meat,0,0,0,NA
26. Niger,1. North Central,Other milk products,NA,0,NA,NA
26. Niger,1. North Central,Other non-alcoholic drinks,0,0.00213682337183539,-0.00213682337183539,0
26. Niger,1. North Central,Other nuts/seeds/pulses,0,0.001283287643885663,-0.001283287643885663,0
26. Niger,1. North Central,Other oil/fat,0,0,0,NA
26. Niger,1. North Central,Other roots/tubers,NA,0,NA,NA
26. Niger,1. North Central,Other spices,0.02015320090894412,0.010808757653062228,0.009344443255881893,1.8645251892787622
26. Niger,1. North Central,Other sweets,NA,0,NA,NA
26. Niger,1. North Central,Other vegetables,0,0,0,NA
26. Niger,1. North Central,Palm oil,0.11183776014403689,0.11670173447618606,-0.004863974332149176,0.9583213192676094
26. Niger,1. North Central,Palm wine,0,1.5492831191150656e-4,-1.5492831191150656e-4,0
26. Niger,1. North Central,Pawpaw,0.04632828479977391,0,0.04632828479977391,NA
26. Niger,1. North Central,Pineapples,0,0.03654733709724913,-0.03654733709724913,0
26. Niger,1. North Central,Pito,0,0,0,NA
26. Niger,1. North Central,Plantains,0,0.006859933005939042,-0.006859933005939042,0
26. Niger,1. North Central,Pork,0,0,0,NA
26. Niger,1. North Central,Potatoes,0,0.006858425902753261,-0.006858425902753261,0
26. Niger,1. North Central,Rice - imported,0,0,0,NA
26. Niger,1. North Central,Rice - local,0.5071998092405886,0.6781892032996695,-0.17098939405908087,0.7478736122203846
26. Niger,1. North Central,Sachet water,0.09119878692726341,0.5137957527282134,-0.42259696580095,0.17750007944403065
26. Niger,1. North Central,Salt,0.039144151978662084,0.04703734262893944,-0.007893190650277354,0.832193100011115
26. Niger,1. North Central,Seafood,0,0,0,NA
26. Niger,1. North Central,Shea butter,NA,4.812328279584944e-4,NA,NA
26. Niger,1. North Central,Snails,0,0,0,NA
26. Niger,1. North Central,Soft drinks,0.014212113307371104,0.0551694462242439,-0.04095733291687279,0.2576084097274421
26. Niger,1. North Central,Soya beans,0.08106921534769745,0.0423131549236028,0.03875606042409466,1.9159340752082765
26. Niger,1. North Central,Sugar,0.04194458129312956,0.054396199229840715,-0.012451617936711158,0.7710939713986407
26. Niger,1. North Central,Sweet potatoes,0.023886775780421667,0.1739240940952042,-0.15003731831478254,0.13734023399510306
26. Niger,1. North Central,Tea,8.656667829454271e-4,0.0011001740546017597,-2.3450727165633264e-4,0.7868452990002391
26. Niger,1. North Central,Tomato puree - canned,0.004231653457331653,0.01995493204982457,-0.015723278592492916,0.2120605295355468
26. Niger,1. North Central,Tomatoes,0.03878260652987657,0.09284296392565307,-0.0540603573957765,0.41772262420373574
26. Niger,1. North Central,Watermelon,0.1016404541031002,0.11017731218414357,-0.008536858081043375,0.9225170961987583
26. Niger,1. North Central,Wheat flour,0.004358387011579881,0.0040550175004574925,3.033695111223887e-4,1.0748133666718238
26. Niger,1. North Central,White beans,0.19062097767932615,0.25696555903073004,-0.06634458135140389,0.7418152782744326
26. Niger,1. North Central,Wild game/Bush meat,0,0,0,NA
26. Niger,1. North Central,Yam flour,0.01176886850162979,0.016384504192393137,-0.0046156356907633474,0.7182926235322851
26. Niger,1. North Central,Yam roots,0.46341461294102804,0.1748529956296564,0.28856161731137164,2.650309828963716
27. Ogun,6. South West,Agricultural eggs,0.056187827445562,0.05429637389744478,0.0018914535481172196,1.0348357249729017
27. Ogun,6. South West,Animal fat,0,0,0,NA
27. Ogun,6. South West,Apples,0.017235041092160105,0.0169298099696158,3.052311225443041e-4,1.018029211378752
27. Ogun,6. South West,Avocado pear,0,0,0,NA
27. Ogun,6. South West,Baby milk powder,0.003057033076116954,9.639029093308981e-6,0.003047394047023645,317.15155608763763
27. Ogun,6. South West,Bananas,0.04258620598329727,0.08788469240624829,-0.04529848642295101,0.48456909636142215
27. Ogun,6. South West,Beef,0.0322048059640019,0.08881443587766277,-0.05660962991366087,0.3626077860626434
27. Ogun,6. South West,Beer,0.009895608642868741,0.030499064012056824,-0.020603455369188083,0.3244561419641216
27. Ogun,6. South West,Biscuits,0.006821710036676363,0.019844724098089392,-0.013023014061413029,0.3437543400935034
27. Ogun,6. South West,Bottled water,0.01708132593771849,0.026631744684160345,-0.009550418746441854,0.6413896701209321
27. Ogun,6. South West,Bread,0.2473198989960944,0.3172719623128646,-0.06995206331677017,0.7795201857522164
27. Ogun,6. South West,Brown beans,0.18301049715453974,0.3064177233944664,-0.12340722623992664,0.59725819749317
27. Ogun,6. South West,Buns/Pofpof/Donuts,0.006186770431846651,0.01127277352473298,-0.00508600309288633,0.5488241574509231
27. Ogun,6. South West,Butter/Margarine,0,0.004118969888209712,-0.004118969888209712,0
27. Ogun,6. South West,Cake,0.003131121984637715,0.00644298298581521,-0.003311861001177495,0.4859739644712944
27. Ogun,6. South West,Canned fish/seafood,0,0,0,NA
27. Ogun,6. South West,Cashew nut,0,0,0,NA
27. Ogun,6. South West,Cassava flour,0.12965899651533175,0.19824340821174785,-0.0685844116964161,0.6540393836290401
27. Ogun,6. South West,Cassava roots,0.018894512546904423,0.008566601755278281,0.010327910791626142,2.2056018345037036
27. Ogun,6. South West,Cheese/wara,0,0,0,NA
27. Ogun,6. South West,Chicken,0.011020176721287472,0.006952581462500903,0.004067595258786569,1.5850481983886628
27. Ogun,6. South West,Chocolate drinks,0.010906852846524406,0.015710254514857306,-0.0048034016683329,0.6942505505693567
27. Ogun,6. South West,Coconut,7.610191646307739e-4,0.0032997936829056744,-0.0025387745182749006,0.23062628690186746
27. Ogun,6. South West,Cocoyam,0.06239316882339457,0.005299117260816478,0.05709405156257809,11.774257060652618
27. Ogun,6. South West,Coffee,2.7491936721918973e-5,5.640606123648444e-5,-2.8914124514565465e-5,0.48739330701815964
27. Ogun,6. South West,Dry pepper,0.001191935593308228,0.0031324850319912616,-0.0019405494386830337,0.3805079932179395
27. Ogun,6. South West,Duck,0,0,0,NA
27. Ogun,6. South West,Fish - dried,0.01176831183182048,0.010654003667110853,0.0011143081647096275,1.1045905557691444
27. Ogun,6. South West,Fish - fresh,0.05358969009133863,0.04669376009395658,0.006895929997382054,1.147684186998566
27. Ogun,6. South West,Fish - frozen,0.17647098546971343,0.2030154016604256,-0.026544416190712156,0.8692492492017342
27. Ogun,6. South West,Fish - smoked,0.12899409497894734,0.14968682398570407,-0.020692729006756727,0.8617598499602543
27. Ogun,6. South West,Fresh milk,0,0,0,NA
27. Ogun,6. South West,Fresh pepper,0.16221279137776692,0.18727154363487633,-0.025058752257109407,0.8661902829937339
27. Ogun,6. South West,Fruit juice,0,0,0,NA
27. Ogun,6. South West,Garden eggs/Eggplant,0,0.005620614623543948,-0.005620614623543948,0
27. Ogun,6. South West,Gari - white,0.3948394514727448,0.4613080292678994,-0.06646857779515458,0.8559128097105942
27. Ogun,6. South West,Gari - yellow,0.0011452509478356296,0,0.0011452509478356296,NA
27. Ogun,6. South West,Gin,0.003000193871088533,0.0050026670413464355,-0.0020024731702579027,0.5997188792082893
27. Ogun,6. South West,Goat,0,0.001121708666840414,-0.001121708666840414,0
27. Ogun,6. South West,Ground pepper,0.0010578660345821828,0.0012858254665557296,-2.279594319735468e-4,0.8227135502424219
27. Ogun,6. South West,Groundnut oil,0.11724487118664885,0.15869519871625673,-0.04145032752960788,0.7388054089543056
27. Ogun,6. South West,Groundnuts - shelled,0.0018122891835411013,0.006796986245802538,-0.004984697062261436,0.2666312859850608
27. Ogun,6. South West,Groundnuts - unshelled,0,0.0035118269952724803,-0.0035118269952724803,0
27. Ogun,6. South West,Guava,0.0028736639903028166,9.462750506870301e-4,0.0019273889396157866,3.0368168200317993
27. Ogun,6. South West,Guinea corn / sorghum,0,0,0,NA
27. Ogun,6. South West,Honey,0.0016477715938747898,0.00843278914117812,-0.006785017547303331,0.19540054497847723
27. Ogun,6. South West,Kola nut,0,8.487663034894131e-4,-8.487663034894131e-4,0
27. Ogun,6. South West,Leaves,0.10260720318653964,0.1163130326526964,-0.013705829466156755,0.8821642841427622
27. Ogun,6. South West,Local eggs,0,0.002629825424391223,-0.002629825424391223,0
27. Ogun,6. South West,Maize - shelled/off cob,0.00605124419787462,0.003338289873769994,0.0027129543241046264,1.8126778760050684
27. Ogun,6. South West,Maize - unshelled/on cob,0,0.07463743989879137,-0.07463743989879137,0
27. Ogun,6. South West,Maize flour,0.009993548062146326,0.10950344524243459,-0.09950989718028827,0.09126240768060914
27. Ogun,6. South West,Malt drinks,0.01022973400634674,0.022423028408344807,-0.012193294401998067,0.4562155396699096
27. Ogun,6. South West,Mangoes,0.06578897439066769,0,0.06578897439066769,NA
27. Ogun,6. South West,Meat pie/Sausage roll,0,0.0018004474473966685,-0.0018004474473966685,0
27. Ogun,6. South West,Melon - ground,0.004019575665671688,0.008837726038989777,-0.004818150373318089,0.45482012544158446
27. Ogun,6. South West,Melon - shelled,0.010123908342342064,0.01266489231486351,-0.002540983972521447,0.7993678975430885
27. Ogun,6. South West,Melon - unshelled,0,0.0031841403261819185,-0.0031841403261819185,0
27. Ogun,6. South West,Milk - tinned,0.0012227057707240865,0.00733112329824965,-0.006108417527525564,0.1667828681882918
27. Ogun,6. South West,Milk powder,0.014829877323205953,0.022958678743450388,-0.008128801420244434,0.6459377514238094
27. Ogun,6. South West,Millet,0,7.593535242893241e-4,-7.593535242893241e-4,0
27. Ogun,6. South West,Mutton,0,0,0,NA
27. Ogun,6. South West,Ogbono - ground,2.885416433123942e-4,4.078328564733325e-4,-1.1929121316093828e-4,0.7074997483221694
27. Ogun,6. South West,Ogbono - unground,0,0.0017678325433278341,-0.0017678325433278341,0
27. Ogun,6. South West,Okra - dried,0,0,0,NA
27. Ogun,6. South West,Okra - fresh,0.015042088105864729,0.03317572863525153,-0.018133640529386798,0.4534064125989221
27. Ogun,6. South West,Onions,0.21785458087966272,0.2829102306080137,-0.06505564972835096,0.7700484369598891
27. Ogun,6. South West,Orange/Tangerine,0.15954583751987855,0.08047697641307512,0.07906886110680343,1.9825028800902749
27. Ogun,6. South West,Other alcoholic beverages,0,0,0,NA
27. Ogun,6. South West,Other domestic poultry,0.002189281769914393,0,0.002189281769914393,NA
27. Ogun,6. South West,Other eggs,0,0,0,NA
27. Ogun,6. South West,Other fish/seafood,0,0,0,NA
27. Ogun,6. South West,Other fruits,0.0016484024220996755,8.217522416436743e-4,8.266501804560012e-4,2.005960359539184
27. Ogun,6. South West,Other grains/flour,0.08900424535843016,0.044833257208371155,0.044170988150059,1.985228174360963
27. Ogun,6. South West,Other meat,0.0031871486351395303,0,0.0031871486351395303,NA
27. Ogun,6. South West,Other milk products,NA,0,NA,NA
27. Ogun,6. South West,Other non-alcoholic drinks,0,4.6384034689861574e-5,-4.6384034689861574e-5,0
27. Ogun,6. South West,Other nuts/seeds/pulses,0,0,0,NA
27. Ogun,6. South West,Other oil/fat,0,0,0,NA
27. Ogun,6. South West,Other roots/tubers,NA,0,NA,NA
27. Ogun,6. South West,Other spices,0.017306859488324555,0.01047648660303886,0.006830372885285695,1.6519717099914435
27. Ogun,6. South West,Other sweets,NA,0,NA,NA
27. Ogun,6. South West,Other vegetables,0.004471125885336835,0.0077966778007109334,-0.003325551915374098,0.5734655194971812
27. Ogun,6. South West,Palm oil,0.20040102543927693,0.1859861099417596,0.014414915497517333,1.0775053336081457
27. Ogun,6. South West,Palm wine,0.004552399415033903,0.03302484626412868,-0.02847244684909478,0.13784770952828573
27. Ogun,6. South West,Pawpaw,0.1666547890982331,0.22891697847509535,-0.06226218937686223,0.7280141045386201
27. Ogun,6. South West,Pineapples,0.056340625488492946,0.07327976305680438,-0.016939137568311433,0.7688428992983957
27. Ogun,6. South West,Pito,2.522937423828696e-4,0,2.522937423828696e-4,NA
27. Ogun,6. South West,Plantains,0.13791384468796364,0.09566297899778212,0.04225086569018152,1.441663704526294
27. Ogun,6. South West,Pork,0.001957865546985576,0.0012248875608034972,7.329779861820786e-4,1.598404302270212
27. Ogun,6. South West,Potatoes,0,0,0,NA
27. Ogun,6. South West,Rice - imported,0.30611049936359674,0.4511003485478618,-0.14498984918426505,0.6785862621232677
27. Ogun,6. South West,Rice - local,0.010490498428070384,0.031005670384321147,-0.020515171956250765,0.33834128719162243
27. Ogun,6. South West,Sachet water,0.9326250915543172,1.1449251558241202,-0.21230006426980308,0.8145729760676025
27. Ogun,6. South West,Salt,0.05831558963298518,0.09050364086130537,-0.03218805122832019,0.6443452338271385
27. Ogun,6. South West,Seafood,0,0,0,NA
27. Ogun,6. South West,Shea butter,NA,0,NA,NA
27. Ogun,6. South West,Snails,0,0,0,NA
27. Ogun,6. South West,Soft drinks,0.10385532564954386,0.17752165822909222,-0.07366633257954835,0.5850290420085996
27. Ogun,6. South West,Soya beans,0,0.0012409784894345645,-0.0012409784894345645,0
27. Ogun,6. South West,Sugar,0.040825241738810455,0.04620679155861393,-0.0053815498198034745,0.8835333586627215
27. Ogun,6. South West,Sweet potatoes,0.006968439382187702,0.03593601368488555,-0.028967574302697845,0.19391242009456888
27. Ogun,6. South West,Tea,5.159909962984176e-4,0.0010409841489152337,-5.249931526168161e-4,0.49567613189510173
27. Ogun,6. South West,Tomato puree - canned,0.015482390608477439,0.014344129290643756,0.0011382613178336828,1.0793538105220606
27. Ogun,6. South West,Tomatoes,0.31309717497968553,0.2941946984596775,0.018902476520008038,1.064251587873528
27. Ogun,6. South West,Watermelon,0.2273707177239389,0.43091198352912935,-0.20354126580519044,0.5276500223126629
27. Ogun,6. South West,Wheat flour,0.07911309158018284,0.03737311182014243,0.041739979760040416,2.1168451789862583
27. Ogun,6. South West,White beans,0.00759924511027794,0.0022138900883474067,0.0053853550219305334,3.4325304360301447
27. Ogun,6. South West,Wild game/Bush meat,0.016603076538919813,0.0038276182535412666,0.012775458285378547,4.33770439974228
27. Ogun,6. South West,Yam flour,0.0971308449257408,0.059340582419160785,0.03779026250658001,1.6368367307156344
27. Ogun,6. South West,Yam roots,0.7581664591307001,0.4087559660634602,0.3494104930672399,1.8548144175906491
28. Ondo,6. South West,Agricultural eggs,0.007037115979006736,0.027099230975483172,-0.020062114996476435,0.2596795453484734
28. Ondo,6. South West,Animal fat,0,0,0,NA
28. Ondo,6. South West,Apples,0.0032039606146802772,8.242624231790845e-4,0.002379698191501193,3.8870637852481167
28. Ondo,6. South West,Avocado pear,3.5090256455137396e-4,0,3.5090256455137396e-4,NA
28. Ondo,6. South West,Baby milk powder,0,0,0,NA
28. Ondo,6. South West,Bananas,0.1777009690265732,0.030281070241104123,0.14741989878546907,5.868384690887127
28. Ondo,6. South West,Beef,0.0383266817591022,0.06808975139638772,-0.02976306963728552,0.5628847362943301
28. Ondo,6. South West,Beer,0,0,0,NA
28. Ondo,6. South West,Biscuits,0.0024743426464205083,0,0.0024743426464205083,NA
28. Ondo,6. South West,Bottled water,0.0659558965492168,0,0.0659558965492168,NA
28. Ondo,6. South West,Bread,0.06278610865608937,0.02382477293379535,0.038961335722294016,2.6353287324315904
28. Ondo,6. South West,Brown beans,0.07010008965559997,0.09985414010908546,-0.02975405045348549,0.7020248692645018
28. Ondo,6. South West,Buns/Pofpof/Donuts,0.005540103878790371,0,0.005540103878790371,NA
28. Ondo,6. South West,Butter/Margarine,0,0,0,NA
28. Ondo,6. South West,Cake,0,0,0,NA
28. Ondo,6. South West,Canned fish/seafood,0,0,0,NA
28. Ondo,6. South West,Cashew nut,0,0,0,NA
28. Ondo,6. South West,Cassava flour,0.28036305580237414,0.21800636237548052,0.06235669342689362,1.2860315302151335
28. Ondo,6. South West,Cassava roots,0,0.02007324513703467,-0.02007324513703467,0
28. Ondo,6. South West,Cheese/wara,0,7.076380483371573e-4,-7.076380483371573e-4,0
28. Ondo,6. South West,Chicken,0,0.0020033607951292875,-0.0020033607951292875,0
28. Ondo,6. South West,Chocolate drinks,0.004090553191128652,0.007362114788620119,-0.003271561597491467,0.5556220336922164
28. Ondo,6. South West,Coconut,0.04322120323098302,0.0010545854131797832,0.04216661781780323,40.98407079295982
28. Ondo,6. South West,Cocoyam,0.05584162813443171,0.046578791567524216,0.009262836566907497,1.1988638231088364
28. Ondo,6. South West,Coffee,0,0,0,NA
28. Ondo,6. South West,Dry pepper,0.0020064184673102663,0.0075704436048296565,-0.00556402513751939,0.26503314363642405
28. Ondo,6. South West,Duck,0,0,0,NA
28. Ondo,6. South West,Fish - dried,0.040768744696539454,0.03136276045279888,0.009405984243740576,1.2999093226470493
28. Ondo,6. South West,Fish - fresh,0.011344185396060828,0.015788982329704035,-0.004444796933643207,0.7184874337796207
28. Ondo,6. South West,Fish - frozen,0.09116977801933884,0.14983785737648808,-0.05866807935714924,0.6084562313932608
28. Ondo,6. South West,Fish - smoked,0.023832416002972236,0.04755462348445204,-0.023722207481479803,0.5011587571661509
28. Ondo,6. South West,Fresh milk,0,0.004670411119025239,-0.004670411119025239,0
28. Ondo,6. South West,Fresh pepper,0.12898072691206922,0.174513817698826,-0.0455330907867568,0.7390860426574514
28. Ondo,6. South West,Fruit juice,0,0,0,NA
28. Ondo,6. South West,Garden eggs/Eggplant,0,0.010788718118821431,-0.010788718118821431,0
28. Ondo,6. South West,Gari - white,0.41729682512160793,0.4331223978174709,-0.01582557269586299,0.9634616617020755
28. Ondo,6. South West,Gari - yellow,0,0.017780158041054202,-0.017780158041054202,0
28. Ondo,6. South West,Gin,0.0017900824155754312,0,0.0017900824155754312,NA
28. Ondo,6. South West,Goat,0,0,0,NA
28. Ondo,6. South West,Ground pepper,0.00166611893421014,0.001690283965104303,-2.4165030894162916e-5,0.9857035673336274
28. Ondo,6. South West,Groundnut oil,0.014277933649609586,0.03875774628900677,-0.024479812639397185,0.36838916130836463
28. Ondo,6. South West,Groundnuts - shelled,0.0023652826669458274,0.006768160176082821,-0.004402877509136993,0.34947202864734384
28. Ondo,6. South West,Groundnuts - unshelled,5.541781037414758e-5,0,5.541781037414758e-5,NA
28. Ondo,6. South West,Guava,0,0.008321823618278101,-0.008321823618278101,0
28. Ondo,6. South West,Guinea corn / sorghum,0,0,0,NA
28. Ondo,6. South West,Honey,7.160539754504121e-5,0,7.160539754504121e-5,NA
28. Ondo,6. South West,Kola nut,5.061899618191541e-4,0.0010272584691568111,-5.21068507337657e-4,0.492758129543232
28. Ondo,6. South West,Leaves,0.10279358206033207,0.12818215067683442,-0.02538856861650235,0.8019336664079653
28. Ondo,6. South West,Local eggs,0,0.0010519809051435856,-0.0010519809051435856,0
28. Ondo,6. South West,Maize - shelled/off cob,0,0,0,NA
28. Ondo,6. South West,Maize - unshelled/on cob,0,0.28356119619696346,-0.28356119619696346,0
28. Ondo,6. South West,Maize flour,0,0.0038579428000979194,-0.0038579428000979194,0
28. Ondo,6. South West,Malt drinks,0.0017320520732658714,0,0.0017320520732658714,NA
28. Ondo,6. South West,Mangoes,0.027819918045540598,0,0.027819918045540598,NA
28. Ondo,6. South West,Meat pie/Sausage roll,0,0,0,NA
28. Ondo,6. South West,Melon - ground,0.0049182567397782,0.004453139749500502,4.651169902776982e-4,1.1044469781865411
28. Ondo,6. South West,Melon - shelled,0.020413980385180417,0.023780793824475652,-0.0033668134392952354,0.8584230003360929
28. Ondo,6. South West,Melon - unshelled,0.0021464271846343467,1.8965360302452468e-4,0.001956773581609822,11.317618808205745
28. Ondo,6. South West,Milk - tinned,0.0018149603160892947,3.0863541629194794e-4,0.0015063248997973467,5.880596393942252
28. Ondo,6. South West,Milk powder,0.001983207878880899,0.005882702202580595,-0.003899494323699696,0.33712532278294066
28. Ondo,6. South West,Millet,0,0,0,NA
28. Ondo,6. South West,Mutton,0,0,0,NA
28. Ondo,6. South West,Ogbono - ground,5.573381293828185e-4,2.5938564569297e-4,2.9795248368984846e-4,2.148685321016296
28. Ondo,6. South West,Ogbono - unground,4.4604008600098664e-4,7.49360134357047e-4,-3.0332004835606036e-4,0.5952279358758392
28. Ondo,6. South West,Okra - dried,0.0035228376279753297,0,0.0035228376279753297,NA
28. Ondo,6. South West,Okra - fresh,0.031321185621562844,0.07091249767906162,-0.03959131205749877,0.4416878074626198
28. Ondo,6. South West,Onions,0.1458379546836582,0.13876028725068051,0.007077667432977691,1.0510064339964313
28. Ondo,6. South West,Orange/Tangerine,0.016915061687792398,0.04599177388651778,-0.029076712198725384,0.36778450271410273
28. Ondo,6. South West,Other alcoholic beverages,0,0,0,NA
28. Ondo,6. South West,Other domestic poultry,0,0,0,NA
28. Ondo,6. South West,Other eggs,0,0,0,NA
28. Ondo,6. South West,Other fish/seafood,0,0,0,NA
28. Ondo,6. South West,Other fruits,0,0,0,NA
28. Ondo,6. South West,Other grains/flour,0,0.001408741605635368,-0.001408741605635368,0
28. Ondo,6. South West,Other meat,0.021500034918948675,0.005066235652097991,0.016433799266850686,4.243788957989991
28. Ondo,6. South West,Other milk products,NA,0,NA,NA
28. Ondo,6. South West,Other non-alcoholic drinks,0,0,0,NA
28. Ondo,6. South West,Other nuts/seeds/pulses,0,0,0,NA
28. Ondo,6. South West,Other oil/fat,0.0029416163934026986,0,0.0029416163934026986,NA
28. Ondo,6. South West,Other roots/tubers,NA,0,NA,NA
28. Ondo,6. South West,Other spices,0.00310185708882866,0.008029800426733258,-0.004927943337904598,0.38629317342704866
28. Ondo,6. South West,Other sweets,NA,0,NA,NA
28. Ondo,6. South West,Other vegetables,0,0,0,NA
28. Ondo,6. South West,Palm oil,0.1528636870770936,0.12362413858133978,0.02923954849575383,1.236519734991038
28. Ondo,6. South West,Palm wine,0.009751361201605477,0,0.009751361201605477,NA
28. Ondo,6. South West,Pawpaw,0.05562374463097553,0.033409861422961755,0.022213883208013777,1.6648900133643396
28. Ondo,6. South West,Pineapples,0.09681721648118606,0,0.09681721648118606,NA
28. Ondo,6. South West,Pito,0,0,0,NA
28. Ondo,6. South West,Plantains,0.1444241183580536,0.24998901036929524,-0.10556489201124164,0.5777218692321862
28. Ondo,6. South West,Pork,0,0.001157382840029376,-0.001157382840029376,0
28. Ondo,6. South West,Potatoes,0,0,0,NA
28. Ondo,6. South West,Rice - imported,0.047369372550488065,0.17371460734522098,-0.12634523479473292,0.27268502789953336
28. Ondo,6. South West,Rice - local,0.4993770347166969,0.36744819262808504,0.1319288420886119,1.3590406613379222
28. Ondo,6. South West,Sachet water,0.8909736642143099,0.4663900505058243,0.4245836137084856,1.910361645253801
28. Ondo,6. South West,Salt,0.018146226644292125,0.022769351743870927,-0.004623125099578802,0.7969584223747934
28. Ondo,6. South West,Seafood,0,0.0010716905629124264,-0.0010716905629124264,0
28. Ondo,6. South West,Shea butter,NA,0,NA,NA
28. Ondo,6. South West,Snails,0,0.001138862094018784,-0.001138862094018784,0
28. Ondo,6. South West,Soft drinks,0.0971959878354069,0,0.0971959878354069,NA
28. Ondo,6. South West,Soya beans,0.00048028765320751496,0,0.00048028765320751496,NA
28. Ondo,6. South West,Sugar,0.006311475497930538,0.013308245903177349,-0.00699677040524681,0.4742529965142642
28. Ondo,6. South West,Sweet potatoes,0,0.00816483709172014,-0.00816483709172014,0
28. Ondo,6. South West,Tea,0.0014223147253286368,0.0012654401950767903,1.5687453025184654e-4,1.1239683478224958
28. Ondo,6. South West,Tomato puree - canned,0.012421499724686617,0.009352462997593373,0.003069036727093244,1.3281527794210986
28. Ondo,6. South West,Tomatoes,0.2104972247705638,0.24929171041815892,-0.038794485647595134,0.8443811646102403
28. Ondo,6. South West,Watermelon,0.04667444480507197,0.007067883450761833,0.039606561354310135,6.6037371909466085
28. Ondo,6. South West,Wheat flour,0.019186792991216176,0.011972685767744169,0.007214107223472007,1.6025471112678549
28. Ondo,6. South West,White beans,0.14401125454389757,0.11918853985986799,0.02482271468402958,1.2082642736727378
28. Ondo,6. South West,Wild game/Bush meat,0.04705258447154988,0.016492358909242392,0.030560225562307485,2.852992996967911
28. Ondo,6. South West,Yam flour,0.041889753329385444,0.08160291129055973,-0.039713157961174285,0.5133365056086115
28. Ondo,6. South West,Yam roots,1.1252496955972062,1.9997488893139386,-0.8744991937167323,0.562695497224779
29. Osun,6. South West,Agricultural eggs,0.011979505199495984,0.03132683820727676,-0.019347333007780777,0.38240390301225236
29. Osun,6. South West,Animal fat,0,0,0,NA
29. Osun,6. South West,Apples,0.003528826537085612,0.002484727502478954,0.0010440990346066584,1.4202066558868067
29. Osun,6. South West,Avocado pear,0,0.004641236694406963,-0.004641236694406963,0
29. Osun,6. South West,Baby milk powder,1.4202920093662428e-4,0,1.4202920093662428e-4,NA
29. Osun,6. South West,Bananas,0.2515375708585438,0.2655226514536514,-0.013985080595107613,0.9473299904224978
29. Osun,6. South West,Beef,0.04002242152513962,0.053169269090350364,-0.013146847565210742,0.7527359734272376
29. Osun,6. South West,Beer,0,0.008980830031019597,-0.008980830031019597,0
29. Osun,6. South West,Biscuits,0.010287665152928095,0.0075601584803813545,0.0027275066725467407,1.360773742987615
29. Osun,6. South West,Bottled water,0.21168822865404585,0.06112292561255063,0.15056530304149524,3.463319638786711
29. Osun,6. South West,Bread,0.3015122673185534,0.23514879865054408,0.06636346866800932,1.2822190419379196
29. Osun,6. South West,Brown beans,0.15606182123792142,0.16228436906253083,-0.0062225478246094035,0.9616565177499519
29. Osun,6. South West,Buns/Pofpof/Donuts,0.012123143574078576,0.0021212534999723058,0.010001890074106269,5.715084771450867
29. Osun,6. South West,Butter/Margarine,3.2965358261153644e-4,0,3.2965358261153644e-4,NA
29. Osun,6. South West,Cake,0,0,0,NA
29. Osun,6. South West,Canned fish/seafood,0,0,0,NA
29. Osun,6. South West,Cashew nut,0,0,0,NA
29. Osun,6. South West,Cassava flour,0.17213462067186394,0.20379093884929228,-0.03165631817742834,0.8446627786486677
29. Osun,6. South West,Cassava roots,0,0.06060114169084884,-0.06060114169084884,0
29. Osun,6. South West,Cheese/wara,0.009498609116251305,0.006178034553680011,0.003320574562571294,1.5374807365869068
29. Osun,6. South West,Chicken,0.011993745787173972,0.011277844745347458,7.159010418265142e-4,1.063478533176461
29. Osun,6. South West,Chocolate drinks,0.004416171161998947,0.003881054931551733,5.351162304472142e-4,1.1378790663581932
29. Osun,6. South West,Coconut,0.007501028586459462,0.0040230328550879876,0.003477995731371474,1.864520837052773
29. Osun,6. South West,Cocoyam,0.15283952572563644,0.027975981632504726,0.12486354409313172,5.463240851861845
29. Osun,6. South West,Coffee,0,0,0,NA
29. Osun,6. South West,Dry pepper,0.0024109282284520877,0.008715654259815119,-0.006304726031363031,0.27662045287501225
29. Osun,6. South West,Duck,0,0,0,NA
29. Osun,6. South West,Fish - dried,0.003070699356319339,0.0035468136885117643,-4.761143321924252e-4,0.8657628017692123
29. Osun,6. South West,Fish - fresh,0.013442229015675947,0.02466480348465592,-0.011222574468979972,0.5449963963442245
29. Osun,6. South West,Fish - frozen,0.1708567090146732,0.16668893819861644,0.004167770816056765,1.0250032837277463
29. Osun,6. South West,Fish - smoked,0.10584017885867765,0.04125607836787768,0.06458410049079996,2.5654444883226146
29. Osun,6. South West,Fresh milk,0,0.0022510627151047127,-0.0022510627151047127,0
29. Osun,6. South West,Fresh pepper,0.2435981442316236,0.1945084030007542,0.0490897412308694,1.2523785115375148
29. Osun,6. South West,Fruit juice,0,0,0,NA
29. Osun,6. South West,Garden eggs/Eggplant,0,0.01937152790364472,-0.01937152790364472,0
29. Osun,6. South West,Gari - white,0.22546270427771936,0.2981802359215561,-0.07271753164383676,0.756128935175412
29. Osun,6. South West,Gari - yellow,0.047931292155059854,0.004982732635121987,0.04294855951993787,9.619479041922625
29. Osun,6. South West,Gin,0,0.0032109863050180333,-0.0032109863050180333,0
29. Osun,6. South West,Goat,0,0,0,NA
29. Osun,6. South West,Ground pepper,4.655308564772784e-4,2.6863312738762513e-4,1.9689772908965326e-4,1.7329614593867233
29. Osun,6. South West,Groundnut oil,0.013988910001677561,0.02827234360111165,-0.014283433599434087,0.49479131263555837
29. Osun,6. South West,Groundnuts - shelled,0.015016938368625532,0.014591798037995022,4.2514033063051e-4,1.029135568455889
29. Osun,6. South West,Groundnuts - unshelled,0,2.20691832929232e-4,-2.20691832929232e-4,0
29. Osun,6. South West,Guava,0,0,0,NA
29. Osun,6. South West,Guinea corn / sorghum,5.636176736947903e-4,0,5.636176736947903e-4,NA
29. Osun,6. South West,Honey,4.0430035642823736e-4,0.0017771375565746267,-0.0013728372001463893,0.22750087911456487
29. Osun,6. South West,Kola nut,0.0010464128596305354,0.002354859986583889,-0.0013084471269533538,0.4443630897769548
29. Osun,6. South West,Leaves,0.0669268395670744,0.17238762932607488,-0.10546078975900047,0.3882345840517411
29. Osun,6. South West,Local eggs,0.0014504441107774948,0,0.0014504441107774948,NA
29. Osun,6. South West,Maize - shelled/off cob,0.0949647366268248,0.020198631467045446,0.07476610515977936,4.701543111064829
29. Osun,6. South West,Maize - unshelled/on cob,0,0.31631414595034546,-0.31631414595034546,0
29. Osun,6. South West,Maize flour,0.0029394715846690522,0.022710040226288208,-0.019770568641619156,0.12943489114856085
29. Osun,6. South West,Malt drinks,0.00983544205058224,0.013818929345152072,-0.003983487294569833,0.7117369084771165
29. Osun,6. South West,Mangoes,0.0049315167843748,0,0.0049315167843748,NA
29. Osun,6. South West,Meat pie/Sausage roll,0.003193470906657404,0.004648329400192664,-0.0014548584935352602,0.687014759867285
29. Osun,6. South West,Melon - ground,0.0034174008890054588,0.004360199428855777,-9.42798539850318e-4,0.7837716931911687
29. Osun,6. South West,Melon - shelled,0.008808219020589403,0.010079291263049647,-0.0012710722424602444,0.8738926964914732
29. Osun,6. South West,Melon - unshelled,1.9673581550336256e-4,6.390108313902824e-4,-4.422750158869199e-4,0.3078755567809838
29. Osun,6. South West,Milk - tinned,0.0033109780233819886,0.002301986775290567,0.0010089912480914214,1.4383132253068927
29. Osun,6. South West,Milk powder,0.0012572970986604452,0.003644415361954364,-0.0023871182632939185,0.34499281058518083
29. Osun,6. South West,Millet,0,0,0,NA
29. Osun,6. South West,Mutton,0,0,0,NA
29. Osun,6. South West,Ogbono - ground,0,0,0,NA
29. Osun,6. South West,Ogbono - unground,0,0,0,NA
29. Osun,6. South West,Okra - dried,8.103930584812749e-4,5.310681392549681e-5,7.572862445557781e-4,15.2596813587456
29. Osun,6. South West,Okra - fresh,0.04260445491552514,0.04369510347716608,-0.0010906485616409417,0.9750395702298569
29. Osun,6. South West,Onions,0.16938288961919531,0.1749563500592021,-0.005573460440006783,0.9681437087700971
29. Osun,6. South West,Orange/Tangerine,0.07327857428650567,0.08583280224059939,-0.012554227954093722,0.8537362450441411
29. Osun,6. South West,Other alcoholic beverages,0,0,0,NA
29. Osun,6. South West,Other domestic poultry,0,0,0,NA
29. Osun,6. South West,Other eggs,0,0,0,NA
29. Osun,6. South West,Other fish/seafood,0,0,0,NA
29. Osun,6. South West,Other fruits,0.0013037479481618256,0,0.0013037479481618256,NA
29. Osun,6. South West,Other grains/flour,0.10308041786939269,0.034159956638032,0.0689204612313607,3.017580465972491
29. Osun,6. South West,Other meat,0.012415093923551853,0.005956774044860416,0.006458319878691437,2.084197558956221
29. Osun,6. South West,Other milk products,NA,0,NA,NA
29. Osun,6. South West,Other non-alcoholic drinks,0,0,0,NA
29. Osun,6. South West,Other nuts/seeds/pulses,0,0,0,NA
29. Osun,6. South West,Other oil/fat,0,0,0,NA
29. Osun,6. South West,Other roots/tubers,NA,0,NA,NA
29. Osun,6. South West,Other spices,0.002303542975738449,0.00516872468593001,-0.0028651817101915614,0.44566950567303654
29. Osun,6. South West,Other sweets,NA,0,NA,NA
29. Osun,6. South West,Other vegetables,0,0,0,NA
29. Osun,6. South West,Palm oil,0.1421347958431051,0.15019629309696692,-0.008061497253861821,0.9463269226714051
29. Osun,6. South West,Palm wine,0.021474482213018592,6.722940302852999e-4,0.020802188182733293,31.94209861406253
29. Osun,6. South West,Pawpaw,0.25231461193563204,0.036920667968219224,0.21539394396741282,6.83396660517683
29. Osun,6. South West,Pineapples,0.07969844082533761,0.01895348097661149,0.06074495984872612,4.204950052377456
29. Osun,6. South West,Pito,0,0,0,NA
29. Osun,6. South West,Plantains,0.22885081711342864,0.22246959170747244,0.0063812254059562035,1.028683584830537
29. Osun,6. South West,Pork,0,0,0,NA
29. Osun,6. South West,Potatoes,0,0,0,NA
29. Osun,6. South West,Rice - imported,0.3016176367892855,0.3835777569480864,-0.08196012015880089,0.7863272343763837
29. Osun,6. South West,Rice - local,0.06165609628096614,0.03001120556366729,0.031644890717298854,2.05443583897907
29. Osun,6. South West,Sachet water,1.0326469808002388,1.1726593766820033,-0.1400123958817645,0.8806026722969423
29. Osun,6. South West,Salt,0.020991850419077435,0.012807701022453462,0.008184149396623973,1.6390022207948296
29. Osun,6. South West,Seafood,0,0,0,NA
29. Osun,6. South West,Shea butter,NA,0,NA,NA
29. Osun,6. South West,Snails,1.2059570930973368e-4,0.00661871962199917,-0.006498123912689437,0.018220398535828596
29. Osun,6. South West,Soft drinks,0.030471146754456852,0.09487905679332545,-0.0644079100388686,0.32115777479567476
29. Osun,6. South West,Soya beans,2.7672228245242963e-4,0.0011144282156961285,-8.377059332436989e-4,0.24830875470931507
29. Osun,6. South West,Sugar,0.010917397231900966,0.019042750794114008,-0.008125353562213042,0.5733098831118172
29. Osun,6. South West,Sweet potatoes,0.10353403953099641,0.067584646334741,0.03594939319625541,1.53191656901186
29. Osun,6. South West,Tea,7.193434225842174e-4,9.719567108062804e-4,-2.52613288222063e-4,0.7400982107397466
29. Osun,6. South West,Tomato puree - canned,0.0011022690749061417,0.005677349755688133,-0.004575080680781991,0.1941520467013291
29. Osun,6. South West,Tomatoes,0.37642405347154784,0.31682628571050625,0.05959776776104159,1.188108659063402
29. Osun,6. South West,Watermelon,0.03716065788932109,0.09807739348154966,-0.06091673559222857,0.37889116513186866
29. Osun,6. South West,Wheat flour,0.018484201257193685,1.2923052246787054e-4,0.018354970734725813,143.0327828457805
29. Osun,6. South West,White beans,0.06547663780293007,0.0982739680451852,-0.03279733024225513,0.6662663481017139
29. Osun,6. South West,Wild game/Bush meat,0.036530975048479464,0,0.036530975048479464,NA
29. Osun,6. South West,Yam flour,0.0701899364921343,0.1680968441622404,-0.09790690767010611,0.4175565391601865
29. Osun,6. South West,Yam roots,0.8919976732197373,2.214367687635234,-1.3223700144154966,0.4028227462857891
3. Akwa Ibom,5. South South,Agricultural eggs,0.011004539783508979,0.01791406392344847,-0.0069095241399394925,0.6142961100582361
3. Akwa Ibom,5. South South,Animal fat,0,0.003917989813259104,-0.003917989813259104,0
3. Akwa Ibom,5. South South,Apples,0,0.0024860842398215597,-0.0024860842398215597,0
3. Akwa Ibom,5. South South,Avocado pear,0.0016996260566577604,0.005679718527165843,-0.003980092470508083,0.29924476864980615
3. Akwa Ibom,5. South South,Baby milk powder,0,0.0016480417503498598,-0.0016480417503498598,0
3. Akwa Ibom,5. South South,Bananas,0.336666555620158,0.27051145000426663,0.06615510561589139,1.2445556578653065
3. Akwa Ibom,5. South South,Beef,0.04684718643140782,0.04477352708278978,0.0020736593486180357,1.0463144068320478
3. Akwa Ibom,5. South South,Beer,0.003788484106775149,0.03389706179748818,-0.03010857769071303,0.11176438032914938
3. Akwa Ibom,5. South South,Biscuits,0.012408655032675386,0.014828496678966656,-0.0024198416462912695,0.8368113977647059
3. Akwa Ibom,5. South South,Bottled water,0.008809999078687904,0.05259776994246198,-0.04378777086377408,0.16749757809742472
3. Akwa Ibom,5. South South,Bread,0.1244301222346957,0.17305671135804584,-0.04862658912335015,0.7190135606891077
3. Akwa Ibom,5. South South,Brown beans,0.041436987983447915,0.07083708654238685,-0.029400098558938936,0.5849617764651179
3. Akwa Ibom,5. South South,Buns/Pofpof/Donuts,0.008994772828460508,0.006665514383046998,0.0023292584454135106,1.3494491664945953
3. Akwa Ibom,5. South South,Butter/Margarine,1.8408873724096045e-4,2.9237731436710523e-4,-1.0828857712614478e-4,0.629627293894016
3. Akwa Ibom,5. South South,Cake,4.6547681355629735e-4,0.0027019702720866455,-0.0022364934585303482,0.17227310691202552
3. Akwa Ibom,5. South South,Canned fish/seafood,0,0,0,NA
3. Akwa Ibom,5. South South,Cashew nut,0,0,0,NA
3. Akwa Ibom,5. South South,Cassava flour,0.014500425135627862,0.058282228178679646,-0.043781803043051785,0.2487966844914192
3. Akwa Ibom,5. South South,Cassava roots,1.3947879322014045,1.0195309350776243,0.37525699712378024,1.3680682794536383
3. Akwa Ibom,5. South South,Cheese/wara,0,0,0,NA
3. Akwa Ibom,5. South South,Chicken,0.004886682957432248,0.021357152418649196,-0.016470469461216948,0.22880779523608993
3. Akwa Ibom,5. South South,Chocolate drinks,0.006395682584423011,0.004711407242689388,0.001684275341733623,1.3574888042945312
3. Akwa Ibom,5. South South,Coconut,0.060578709878965444,0.10065933661592757,-0.04008062673696213,0.6018190851992952
3. Akwa Ibom,5. South South,Cocoyam,0.1335724316791319,0.06945386169913746,0.06411856997999445,1.9231822163862593
3. Akwa Ibom,5. South South,Coffee,0,6.275201497623916e-5,-6.275201497623916e-5,0
3. Akwa Ibom,5. South South,Dry pepper,0.006485527206211354,0.004912468962113802,0.0015730582440975516,1.3202174418259685
3. Akwa Ibom,5. South South,Duck,0,0,0,NA
3. Akwa Ibom,5. South South,Fish - dried,0.04254696690939154,0.02538175267064032,0.017165214238751218,1.6762816761116197
3. Akwa Ibom,5. South South,Fish - fresh,0.10882015084060317,0.1196794357482381,-0.010859284907634922,0.9092635686344737
3. Akwa Ibom,5. South South,Fish - frozen,0.02196273010230358,0.023329441017261796,-0.001366710914958217,0.941416902619014
3. Akwa Ibom,5. South South,Fish - smoked,0.09860638794782557,0.26173943994357324,-0.16313305199574768,0.3767349237435654
3. Akwa Ibom,5. South South,Fresh milk,0,0,0,NA
3. Akwa Ibom,5. South South,Fresh pepper,0.04078359512415052,0.06376109014351734,-0.02297749501936682,0.6396313963947656
3. Akwa Ibom,5. South South,Fruit juice,0,0.011658677302053446,-0.011658677302053446,0
3. Akwa Ibom,5. South South,Garden eggs/Eggplant,0.004573248619028873,0.016816079817473437,-0.012242831198444565,0.27195688107265353
3. Akwa Ibom,5. South South,Gari - white,0.014678107921029459,0.037891250705788804,-0.023213142784759347,0.3873745956553243
3. Akwa Ibom,5. South South,Gari - yellow,0.776627898706922,0.7988253786514041,-0.02219747994448218,0.9722123501109134
3. Akwa Ibom,5. South South,Gin,1.0517321811875205e-4,0.002736355741872525,-0.002631182523753773,0.03843550621337729
3. Akwa Ibom,5. South South,Goat,0.029371261407704442,0.036832396206594356,-0.007461134798889914,0.7974301004735039
3. Akwa Ibom,5. South South,Ground pepper,0.015843604528025978,0.020521005445283087,-0.004677400917257109,0.7720676538131203
3. Akwa Ibom,5. South South,Groundnut oil,0.019683719704564905,0.015344136830670605,0.0043395828738943005,1.2828170083324681
3. Akwa Ibom,5. South South,Groundnuts - shelled,0.021837050087345357,0.03700575190313897,-0.015168701815793613,0.5900988080043053
3. Akwa Ibom,5. South South,Groundnuts - unshelled,8.014392842749674e-4,0.01125832174987387,-0.010456882465598902,0.07118639012816863
3. Akwa Ibom,5. South South,Guava,0.008790342357983845,0.04690703494512589,-0.038116692587142044,0.1873992327220685
3. Akwa Ibom,5. South South,Guinea corn / sorghum,0,0.0028521591508621626,-0.0028521591508621626,0
3. Akwa Ibom,5. South South,Honey,2.505196407035331e-4,0.0010119667848957211,-7.614471441921881e-4,0.24755717721441625
3. Akwa Ibom,5. South South,Kola nut,2.562243663804249e-4,1.8546533393186274e-4,7.075903244856217e-5,1.3815216081004011
3. Akwa Ibom,5. South South,Leaves,0.10058303787941913,0.08638795537228111,0.014195082507138024,1.1643178432220742
3. Akwa Ibom,5. South South,Local eggs,0.003087237386891593,0.002746438611526279,3.4079877536531385e-4,1.1240875270013486
3. Akwa Ibom,5. South South,Maize - shelled/off cob,0,0.0049953757138688545,-0.0049953757138688545,0
3. Akwa Ibom,5. South South,Maize - unshelled/on cob,5.11810705999451e-4,0.07410251118293008,-0.07359070047693063,0.006906793006460884
3. Akwa Ibom,5. South South,Maize flour,0,0,0,NA
3. Akwa Ibom,5. South South,Malt drinks,0.018068745998637094,0.036529132903621565,-0.01846038690498447,0.49463933475534877
3. Akwa Ibom,5. South South,Mangoes,0.06161652165438361,0,0.06161652165438361,NA
3. Akwa Ibom,5. South South,Meat pie/Sausage roll,0.001993301525902184,8.569902617902063e-4,0.0011363112641119776,2.3259325277959224
3. Akwa Ibom,5. South South,Melon - ground,0.0059782596810704376,0.00678419106367675,-8.059313826063123e-4,0.8812044980688485
3. Akwa Ibom,5. South South,Melon - shelled,0.016374277909547874,0.018003788337689654,-0.0016295104281417797,0.909490691760105
3. Akwa Ibom,5. South South,Melon - unshelled,0,0.0033744020276108826,-0.0033744020276108826,0
3. Akwa Ibom,5. South South,Milk - tinned,0.0012542917703313484,0.0041641120996777775,-0.002909820329346429,0.30121469842956594
3. Akwa Ibom,5. South South,Milk powder,0.008401373917356606,0.006489649569121069,0.0019117243482355368,1.2945805205464203
3. Akwa Ibom,5. South South,Millet,0,0.002724748662029619,-0.002724748662029619,0
3. Akwa Ibom,5. South South,Mutton,0,0,0,NA
3. Akwa Ibom,5. South South,Ogbono - ground,0.002340098712712797,0.002748149478785253,-4.08050766072456e-4,0.8515179872046756
3. Akwa Ibom,5. South South,Ogbono - unground,0.0011751558391375878,0.0015242956474578245,-3.4913980832023675e-4,0.7709500719873328
3. Akwa Ibom,5. South South,Okra - dried,1.2551063630611176e-4,5.804784236672171e-5,6.746279393939005e-5,2.1621929634040256
3. Akwa Ibom,5. South South,Okra - fresh,0.08583341406828776,0.10712276643467022,-0.021289352366382464,0.801262111921223
3. Akwa Ibom,5. South South,Onions,0.11599096609070801,0.11926799233499487,-0.003277026244286857,0.9725238416432593
3. Akwa Ibom,5. South South,Orange/Tangerine,0.014026271890659846,0.08982227522167657,-0.07579600333101673,0.15615582945370463
3. Akwa Ibom,5. South South,Other alcoholic beverages,0,0,0,NA
3. Akwa Ibom,5. South South,Other domestic poultry,0,0,0,NA
3. Akwa Ibom,5. South South,Other eggs,0,0,0,NA
3. Akwa Ibom,5. South South,Other fish/seafood,0,0,0,NA
3. Akwa Ibom,5. South South,Other fruits,0,0.0016431746467881834,-0.0016431746467881834,0
3. Akwa Ibom,5. South South,Other grains/flour,0.0030731191174834483,0.004388962540934219,-0.0013158434234507707,0.7001926056150197
3. Akwa Ibom,5. South South,Other meat,0,1.6119425449902055e-4,-1.6119425449902055e-4,0
3. Akwa Ibom,5. South South,Other milk products,NA,0,NA,NA
3. Akwa Ibom,5. South South,Other non-alcoholic drinks,0,0.009151877986521948,-0.009151877986521948,0
3. Akwa Ibom,5. South South,Other nuts/seeds/pulses,0,0,0,NA
3. Akwa Ibom,5. South South,Other oil/fat,0,4.8476975075209734e-4,-4.8476975075209734e-4,0
3. Akwa Ibom,5. South South,Other roots/tubers,NA,0.002228612725029992,NA,NA
3. Akwa Ibom,5. South South,Other spices,0.011634922967929237,0.01075489348243383,8.80029485495407e-4,1.0818259601485385
3. Akwa Ibom,5. South South,Other sweets,NA,0,NA,NA
3. Akwa Ibom,5. South South,Other vegetables,0.005484391912147563,0.02435298649529889,-0.018868594583151325,0.22520407972165027
3. Akwa Ibom,5. South South,Palm oil,0.12574959636980115,0.13593695327858848,-0.010187356908787332,0.9250582224841437
3. Akwa Ibom,5. South South,Palm wine,0.07608085322062719,0.031091308508007905,0.04498954471261928,2.4470135504599857
3. Akwa Ibom,5. South South,Pawpaw,0.12984526730381388,0.148583094105505,-0.018737826801691115,0.8738899138256881
3. Akwa Ibom,5. South South,Pineapples,0.08571546229496461,0.07189966743818023,0.013815794856784386,1.1921538075077092
3. Akwa Ibom,5. South South,Pito,0,0,0,NA
3. Akwa Ibom,5. South South,Plantains,0.39543403213587175,0.44842042496706475,-0.052986392831193,0.8818376909680582
3. Akwa Ibom,5. South South,Pork,0,0.0034848556203000386,-0.0034848556203000386,0
3. Akwa Ibom,5. South South,Potatoes,0,2.786296331438441e-4,-2.786296331438441e-4,0
3. Akwa Ibom,5. South South,Rice - imported,0.08489606626761126,0.12827954086189788,-0.043383474594286625,0.6618051927626398
3. Akwa Ibom,5. South South,Rice - local,0.3354635686575785,0.2363214322611907,0.09914213639638778,1.4195224083053644
3. Akwa Ibom,5. South South,Sachet water,0.7676477944552427,0.9647544684723168,-0.19710667401707416,0.7956923958805897
3. Akwa Ibom,5. South South,Salt,0.02909943331831744,0.028396662786670118,7.027705316473218e-4,1.0247483493721388
3. Akwa Ibom,5. South South,Seafood,0.008435820152488966,0.010251328382609315,-0.0018155082301203485,0.8229001976758217
3. Akwa Ibom,5. South South,Shea butter,NA,0,NA,NA
3. Akwa Ibom,5. South South,Snails,0.0013785315375966457,0.008466633880297163,-0.007088102342700517,0.16281931604538236
3. Akwa Ibom,5. South South,Soft drinks,0.10811845987056425,0.1059488090173275,0.0021696508532367403,1.0204782939361017
3. Akwa Ibom,5. South South,Soya beans,8.999893746164255e-4,1.8076371867140743e-5,8.819130027492848e-4,49.78816441879178
3. Akwa Ibom,5. South South,Sugar,0.007659410087352234,0.004234321529049951,0.0034250885583022835,1.8088872171855985
3. Akwa Ibom,5. South South,Sweet potatoes,0.02058405931067792,0.026997578500821733,-0.006413519190143813,0.7624409466964378
3. Akwa Ibom,5. South South,Tea,1.7800218547359627e-4,4.989908620720752e-4,-3.20988676598479e-4,0.3567243390679272
3. Akwa Ibom,5. South South,Tomato puree - canned,0.016132661415019667,0.009639381607458466,0.006493279807561201,1.6736199553026336
3. Akwa Ibom,5. South South,Tomatoes,0.016809936697295576,0.010521023260168669,0.006288913437126908,1.5977473180708552
3. Akwa Ibom,5. South South,Watermelon,0.024296875235855372,0.034535432136574784,-0.010238556900719412,0.7035347100847116
3. Akwa Ibom,5. South South,Wheat flour,0,0.0031855130513821473,-0.0031855130513821473,0
3. Akwa Ibom,5. South South,White beans,0.18620023929369764,0.19293619608460247,-0.006735956790904829,0.9650871276224855
3. Akwa Ibom,5. South South,Wild game/Bush meat,0.005679536506457967,0.00494047559606278,7.390609103951878e-4,1.1495930697409311
3. Akwa Ibom,5. South South,Yam flour,0,0,0,NA
3. Akwa Ibom,5. South South,Yam roots,0.41900820308277636,0.18008355205148735,0.23892465103128901,2.326743327247224
30. Oyo,6. South West,Agricultural eggs,0.017857997906437346,0.03682159011018536,-0.018963592203748016,0.48498714620957056
30. Oyo,6. South West,Animal fat,0,0,0,NA
30. Oyo,6. South West,Apples,0.0045329850681755405,0.0038736346674548296,6.593504007207109e-4,1.1702149163059656
30. Oyo,6. South West,Avocado pear,0,0,0,NA
30. Oyo,6. South West,Baby milk powder,2.2091294241078166e-4,0,2.2091294241078166e-4,NA
30. Oyo,6. South West,Bananas,0.03516492677783967,0.025917740834910417,0.00924718594292925,1.3567898144298738
30. Oyo,6. South West,Beef,0.10380688612425819,0.11531163458581861,-0.011504748461560424,0.900229074864096
30. Oyo,6. South West,Beer,0.0014483220101868097,0.03248267602523704,-0.03103435401505023,0.04458752133172626
30. Oyo,6. South West,Biscuits,0.0024023744717993397,0.00925403774129615,-0.0068516632694968094,0.25960283921025545
30. Oyo,6. South West,Bottled water,0.12105110491377045,0.02780634587067555,0.0932447590430949,4.353362555323403
30. Oyo,6. South West,Bread,0.13988098660921336,0.16336080122144972,-0.02347981461223636,0.8562702041329521
30. Oyo,6. South West,Brown beans,0.13968863339188642,0.2612043851154935,-0.12151575172360707,0.5347867086156384
30. Oyo,6. South West,Buns/Pofpof/Donuts,0.0036944373206504893,0.0014899109849490458,0.0022045263357014433,2.4796362722145022
30. Oyo,6. South West,Butter/Margarine,0,5.6583294605911827e-5,-5.6583294605911827e-5,0
30. Oyo,6. South West,Cake,0.0010881492192851576,0.0019263885141521766,-8.38239294867019e-4,0.5648648812485592
30. Oyo,6. South West,Canned fish/seafood,0,0,0,NA
30. Oyo,6. South West,Cashew nut,7.004252917223967e-4,0,7.004252917223967e-4,NA
30. Oyo,6. South West,Cassava flour,0.15303860137682956,0.07769170439988143,0.07534689697694813,1.9698190760384853
30. Oyo,6. South West,Cassava roots,0,0.06528408747264525,-0.06528408747264525,0
30. Oyo,6. South West,Cheese/wara,0.011079814285317261,0.011892553522205045,-8.127392368877835e-4,0.9316598209652547
30. Oyo,6. South West,Chicken,0.014059869040729442,0.03059471808761231,-0.01653484904688287,0.4595521684647335
30. Oyo,6. South West,Chocolate drinks,0.0010288947185931947,0.004903093366269861,-0.003874198647676666,0.20984603835434398
30. Oyo,6. South West,Coconut,3.361977478329835e-4,0.008903186357059029,-0.008566988609226046,0.037761508559957746
30. Oyo,6. South West,Cocoyam,0.01259703136588955,0.001478339921611315,0.011118691444278234,8.52106554232766
30. Oyo,6. South West,Coffee,0,1.2635384398973757e-5,-1.2635384398973757e-5,0
30. Oyo,6. South West,Dry pepper,0,0.001556162678878147,-0.001556162678878147,0
30. Oyo,6. South West,Duck,0,0,0,NA
30. Oyo,6. South West,Fish - dried,0.032793298795850696,0.01378476075118577,0.019008538044664926,2.378953061846199
30. Oyo,6. South West,Fish - fresh,0.023406759740812418,0.10436934804537577,-0.08096258830456335,0.22426852499486785
30. Oyo,6. South West,Fish - frozen,0.05346212463745785,0.08440391563937315,-0.030941791001915298,0.633408109475416
30. Oyo,6. South West,Fish - smoked,0.07053299802519612,0.042394247547155824,0.0281387504780403,1.6637398257096343
30. Oyo,6. South West,Fresh milk,0.09510975535368991,0.07871486360742497,0.016394891746264947,1.2082820320699692
30. Oyo,6. South West,Fresh pepper,0.2173816248020157,0.1355364674475744,0.08184515735444131,1.60386078297414
30. Oyo,6. South West,Fruit juice,0.0018250914770440681,0,0.0018250914770440681,NA
30. Oyo,6. South West,Garden eggs/Eggplant,0,0.019534344591667162,-0.019534344591667162,0
30. Oyo,6. South West,Gari - white,0.19643096601764237,0.14431407840449872,0.05211688761314365,1.361135158740819
30. Oyo,6. South West,Gari - yellow,0,0,0,NA
30. Oyo,6. South West,Gin,0,0,0,NA
30. Oyo,6. South West,Goat,0.009599656717250807,0.008526349718035186,0.0010733069992156213,1.125881184177249
30. Oyo,6. South West,Ground pepper,1.8055078431510697e-4,9.531400350489071e-4,-7.725892507338002e-4,0.18942734296733493
30. Oyo,6. South West,Groundnut oil,0.03436916603675271,0.041547268266782234,-0.007178102230029522,0.8272304647338622
30. Oyo,6. South West,Groundnuts - shelled,4.3320478264744714e-5,0.005530543906437768,-0.005487223428173023,0.007832950790665994
30. Oyo,6. South West,Groundnuts - unshelled,1.8912452409504762e-4,0.003931807469288532,-0.003742682945193485,0.04810116608514151
30. Oyo,6. South West,Guava,0,0.0012005725444524972,-0.0012005725444524972,0
30. Oyo,6. South West,Guinea corn / sorghum,0.07102231220151702,0.09775127670082963,-0.026728964499312613,0.7265614792825947
30. Oyo,6. South West,Honey,1.8360734632418823e-4,0.0012686604107119764,-0.0010850530643877882,0.14472536919564408
30. Oyo,6. South West,Kola nut,0,2.1677685277087173e-4,-2.1677685277087173e-4,0
30. Oyo,6. South West,Leaves,0.11454185981979681,0.10535099210517149,0.009190867714625323,1.0872404476784625
30. Oyo,6. South West,Local eggs,0,0.0012822614797463976,-0.0012822614797463976,0
30. Oyo,6. South West,Maize - shelled/off cob,0.02683958433955626,1.995109957608106e-4,0.02664007334379545,134.52684267955664
30. Oyo,6. South West,Maize - unshelled/on cob,0,0.2086619408518735,-0.2086619408518735,0
30. Oyo,6. South West,Maize flour,0.07660985554850712,0.11375498904710579,-0.03714513349859867,0.6734636976386422
30. Oyo,6. South West,Malt drinks,0.001321834777085352,0.011330614330445367,-0.010008779553360015,0.11666046857967632
30. Oyo,6. South West,Mangoes,0.0226253153774649,0,0.0226253153774649,NA
30. Oyo,6. South West,Meat pie/Sausage roll,0,1.0089559642546341e-4,-1.0089559642546341e-4,0
30. Oyo,6. South West,Melon - ground,0.004125521797455682,0.0033469984998921623,7.7852329756352e-4,1.2326034199264218
30. Oyo,6. South West,Melon - shelled,0.017098565706218462,0.011142875238648656,0.005955690467569805,1.5344841739690946
30. Oyo,6. South West,Melon - unshelled,1.9044276353277946e-4,0.0013876661958072683,-0.0011972234322744889,0.13723960712467329
30. Oyo,6. South West,Milk - tinned,0.0025552373659131957,0.006419988892568825,-0.0038647515266556293,0.3980127393788637
30. Oyo,6. South West,Milk powder,0.00251560988074729,0.028284989120511115,-0.025769379239763825,0.08893798297143671
30. Oyo,6. South West,Millet,0.030975440765566218,0.00833310943807143,0.02264233132749479,3.717152762214894
30. Oyo,6. South West,Mutton,0,0,0,NA
30. Oyo,6. South West,Ogbono - ground,0,1.5134338979520666e-5,-1.5134338979520666e-5,0
30. Oyo,6. South West,Ogbono - unground,1.7559975155263e-4,0,1.7559975155263e-4,NA
30. Oyo,6. South West,Okra - dried,0.00280805161837129,8.197244237226762e-4,0.001988327194648614,3.4256044313269016
30. Oyo,6. South West,Okra - fresh,0.05766268551172163,0.04007895758728961,0.017583727924432017,1.4387271771261938
30. Oyo,6. South West,Onions,0.16366534911429093,0.16186679635775517,0.0017985527565357595,1.0111113137283612
30. Oyo,6. South West,Orange/Tangerine,0.035248302528841965,0.03007451982858739,0.005173782700254575,1.1720320965968216
30. Oyo,6. South West,Other alcoholic beverages,0,0,0,NA
30. Oyo,6. South West,Other domestic poultry,0,0,0,NA
30. Oyo,6. South West,Other eggs,0,0,0,NA
30. Oyo,6. South West,Other fish/seafood,0,0,0,NA
30. Oyo,6. South West,Other fruits,1.3187103307681165e-4,0.0019325578232689275,-0.0018006867901921159,0.06823652647751123
30. Oyo,6. South West,Other grains/flour,0.004328462973008763,0.004267731532705058,6.073144030370459e-5,1.0142303797317846
30. Oyo,6. South West,Other meat,0,0.0030181501024406487,-0.0030181501024406487,0
30. Oyo,6. South West,Other milk products,NA,0.001616018144722312,NA,NA
30. Oyo,6. South West,Other non-alcoholic drinks,0,0,0,NA
30. Oyo,6. South West,Other nuts/seeds/pulses,0,0,0,NA
30. Oyo,6. South West,Other oil/fat,0,0,0,NA
30. Oyo,6. South West,Other roots/tubers,NA,0,NA,NA
30. Oyo,6. South West,Other spices,0.0011092866189421789,0.0019345395502703355,-8.252529313281566e-4,0.5734111865467757
30. Oyo,6. South West,Other sweets,NA,0,NA,NA
30. Oyo,6. South West,Other vegetables,0,8.476314367586925e-4,-8.476314367586925e-4,0
30. Oyo,6. South West,Palm oil,0.18279001881712384,0.11724727116814983,0.06554274764897401,1.5590129902040626
30. Oyo,6. South West,Palm wine,0.0010235911134168806,0.003884307120253994,-0.0028607160068371135,0.2635196141107267
30. Oyo,6. South West,Pawpaw,0.020233859839850245,0.06890731312152978,-0.04867345328167954,0.29363878699151114
30. Oyo,6. South West,Pineapples,0.004727376652447975,0.010738884432001963,-0.0060115077795539875,0.4402111487819307
30. Oyo,6. South West,Pito,0,0.001239496346407668,-0.001239496346407668,0
30. Oyo,6. South West,Plantains,0.03606783398759972,0.02085435967827118,0.015213474309328536,1.7295104977584106
30. Oyo,6. South West,Pork,0,0,0,NA
30. Oyo,6. South West,Potatoes,0,0,0,NA
30. Oyo,6. South West,Rice - imported,0.2794686956830406,0.2734214439027366,0.006047251780304019,1.0221169623493584
30. Oyo,6. South West,Rice - local,0.03330192302714664,0.07877501145995483,-0.04547308843280819,0.4227472952393746
30. Oyo,6. South West,Sachet water,0.8257991568116974,0.5453857515638796,0.28041340524781777,1.514156089416967
30. Oyo,6. South West,Salt,0.012090332744684129,0.01765787336861157,-0.00556754062392744,0.6846992552441657
30. Oyo,6. South West,Seafood,0,5.045425674992282e-5,-5.045425674992282e-5,0
30. Oyo,6. South West,Shea butter,NA,0,NA,NA
30. Oyo,6. South West,Snails,0,0.004262866512221556,-0.004262866512221556,0
30. Oyo,6. South West,Soft drinks,0.06461001985084232,0.07832386069407767,-0.013713840843235348,0.8249085180210952
30. Oyo,6. South West,Soya beans,0.0013919857684548118,1.700595954049234e-4,0.0012219261730498884,8.185282136773285
30. Oyo,6. South West,Sugar,0.009624563161758831,0.020068145360980425,-0.010443582199221594,0.4795940525960305
30. Oyo,6. South West,Sweet potatoes,0.03250902175108923,0.05550235535718138,-0.022993333606092146,0.5857232822261287
30. Oyo,6. South West,Tea,0.0020930029105849166,0.00243581125818831,-3.4280834760339355e-4,0.8592631730184361
30. Oyo,6. South West,Tomato puree - canned,0.0023663020945872263,0.006741097500495187,-0.004374795405907961,0.35102623785124054
30. Oyo,6. South West,Tomatoes,0.31295699370822905,0.2346859869751909,0.07827100673303813,1.3335137633987166
30. Oyo,6. South West,Watermelon,0.1370769911456944,0.1316715801706719,0.0054054109750225066,1.0410522222640304
30. Oyo,6. South West,Wheat flour,0,0.0014321610730209568,-0.0014321610730209568,0
30. Oyo,6. South West,White beans,0.03014115861121066,0.03718227799027185,-0.007041119379061191,0.8106323829620287
30. Oyo,6. South West,Wild game/Bush meat,0.007548382794981464,0.008907710006948262,-0.0013593272119667987,0.8473988027330834
30. Oyo,6. South West,Yam flour,0.1055969482948603,0.10548618105330178,1.1076724155852091e-4,1.0010500640031945
30. Oyo,6. South West,Yam roots,1.4206741437532062,0.9722041701600713,0.4484699735931349,1.4612919666033681
31. Plateau,1. North Central,Agricultural eggs,0,0.0033280548057274223,-0.0033280548057274223,0
31. Plateau,1. North Central,Animal fat,0.002469382085226818,0.01401274700226071,-0.011543364917033892,0.17622398269435868
31. Plateau,1. North Central,Apples,0,9.254946940999478e-4,-9.254946940999478e-4,0
31. Plateau,1. North Central,Avocado pear,0.007118946414260254,0,0.007118946414260254,NA
31. Plateau,1. North Central,Baby milk powder,0,0,0,NA
31. Plateau,1. North Central,Bananas,0.0031419932637638194,0.00910398513613599,-0.005961991872372171,0.3451228463997007
31. Plateau,1. North Central,Beef,0.009490641105712731,0.02888840072414831,-0.019397759618435578,0.3285277435860041
31. Plateau,1. North Central,Beer,0.0405834631420474,0.004900327740473742,0.03568313540157366,8.28178548280609
31. Plateau,1. North Central,Biscuits,0.0029792442996535214,0.010102628096470249,-0.007123383796816728,0.2948979484550597
31. Plateau,1. North Central,Bottled water,0,0.005141636989491605,-0.005141636989491605,0
31. Plateau,1. North Central,Bread,0.02539971660063647,0.07132177158567606,-0.04592205498503958,0.3561285149812184
31. Plateau,1. North Central,Brown beans,0.005058625527216793,0.020149980273216156,-0.015091354745999363,0.2510486590371923
31. Plateau,1. North Central,Buns/Pofpof/Donuts,0,2.425688018785114e-4,-2.425688018785114e-4,0
31. Plateau,1. North Central,Butter/Margarine,0,0,0,NA
31. Plateau,1. North Central,Cake,0.0014910097624946164,0.0018447282098597367,-3.5371844736512025e-4,0.808254437984653
31. Plateau,1. North Central,Canned fish/seafood,0,0,0,NA
31. Plateau,1. North Central,Cashew nut,0,0,0,NA
31. Plateau,1. North Central,Cassava flour,0.008689337316100871,0.03739128305784415,-0.028701945741743277,0.23238938612131882
31. Plateau,1. North Central,Cassava roots,0.019155748246348536,0.18360398655337767,-0.16444823830702915,0.10433187539084039
31. Plateau,1. North Central,Cheese/wara,0.001741062217899391,0.0020094691012921867,-2.6840688339279566e-4,0.8664289571707289
31. Plateau,1. North Central,Chicken,0.034587619916985966,0.015499835751740585,0.019087784165245383,2.2314829957538023
31. Plateau,1. North Central,Chocolate drinks,0,2.5708185333080797e-4,-2.5708185333080797e-4,0
31. Plateau,1. North Central,Coconut,0,0.0016687201730072709,-0.0016687201730072709,0
31. Plateau,1. North Central,Cocoyam,0.020959689942976506,0.03754610783839768,-0.016586417895421174,0.5582386870348632
31. Plateau,1. North Central,Coffee,0,0,0,NA
31. Plateau,1. North Central,Dry pepper,0.0016690592940582193,0.0050533513076312835,-0.0033842920135730642,0.33028760370127064
31. Plateau,1. North Central,Duck,0,0.008815676027379952,-0.008815676027379952,0
31. Plateau,1. North Central,Fish - dried,0.00587385993234219,0.019717194977205078,-0.013843335044862888,0.2979054545604951
31. Plateau,1. North Central,Fish - fresh,0.006404968685776892,0.01904781908826787,-0.012642850402490977,0.3362573245837844
31. Plateau,1. North Central,Fish - frozen,0,0.007974755931700049,-0.007974755931700049,0
31. Plateau,1. North Central,Fish - smoked,0.0069683878740545825,0.006916290539037098,5.209733501748432e-5,1.0075325544413491
31. Plateau,1. North Central,Fresh milk,0.002870114412231296,0.02543994394559703,-0.022569829533365733,0.11281921133037856
31. Plateau,1. North Central,Fresh pepper,0.009692114727484628,0.022246607800352012,-0.012554493072867384,0.43566708302068724
31. Plateau,1. North Central,Fruit juice,0,0,0,NA
31. Plateau,1. North Central,Garden eggs/Eggplant,0.0072327771346966515,0.015035821876999401,-0.00780304474230275,0.48103636727439397
31. Plateau,1. North Central,Gari - white,0.019824935619308308,0.045401865356325455,-0.025576929737017147,0.4366546498413037
31. Plateau,1. North Central,Gari - yellow,0,0,0,NA
31. Plateau,1. North Central,Gin,0,0,0,NA
31. Plateau,1. North Central,Goat,0.0026220919722608977,0.007213203996941233,-0.0045911120246803355,0.3635127986637836
31. Plateau,1. North Central,Ground pepper,4.97456784661844e-4,1.946214631383924e-4,3.0283532152345163e-4,2.556022222010067
31. Plateau,1. North Central,Groundnut oil,0.007375191930150923,0.028013434572309304,-0.020638242642158383,0.2632733915976567
31. Plateau,1. North Central,Groundnuts - shelled,0.017758823429823694,0.02389383191197503,-0.006135008482151337,0.7432388197609855
31. Plateau,1. North Central,Groundnuts - unshelled,6.487200735319542e-4,0.01664818366453585,-0.015999463591003897,0.038966417394461175
31. Plateau,1. North Central,Guava,0,0.0038676989654079915,-0.0038676989654079915,0
31. Plateau,1. North Central,Guinea corn / sorghum,0.5003241957561764,0.34502790220261387,0.1552962935535625,1.4500977821276797
31. Plateau,1. North Central,Honey,5.3544440082186114e-5,0,5.3544440082186114e-5,NA
31. Plateau,1. North Central,Kola nut,0,8.074161778726533e-5,-8.074161778726533e-5,0
31. Plateau,1. North Central,Leaves,0.009971812518221223,0.03324867990732127,-0.023276867389100047,0.29991604316373044
31. Plateau,1. North Central,Local eggs,3.6890549516564156e-4,0.0032656125592435705,-0.002896707064077929,0.11296670639063591
31. Plateau,1. North Central,Maize - shelled/off cob,0.00789868502211544,0.05186781756362859,-0.04396913254151315,0.1522848925044083
31. Plateau,1. North Central,Maize - unshelled/on cob,0,0.07407803939131503,-0.07407803939131503,0
31. Plateau,1. North Central,Maize flour,0.6764719972162232,0.83887998125349,-0.16240798403726675,0.8063990229036222
31. Plateau,1. North Central,Malt drinks,0.005490648617559806,0.02210012521755217,-0.016609476599992363,0.24844423113037709
31. Plateau,1. North Central,Mangoes,0.0055324308992901975,0.024799674056559858,-0.01926724315726966,0.22308482307761593
31. Plateau,1. North Central,Meat pie/Sausage roll,1.1958810407364046e-4,0,1.1958810407364046e-4,NA
31. Plateau,1. North Central,Melon - ground,0.0015882393761238252,5.493867373262772e-4,0.0010388526387975481,2.890931411728966
31. Plateau,1. North Central,Melon - shelled,0.0027523140030212374,0.002567700667076572,1.8461333594466545e-4,1.0718983089858583
31. Plateau,1. North Central,Melon - unshelled,0,0,0,NA
31. Plateau,1. North Central,Milk - tinned,0,0,0,NA
31. Plateau,1. North Central,Milk powder,1.32944585886726e-4,0.0036295375257746044,-0.0034965929398878782,0.03662851945809636
31. Plateau,1. North Central,Millet,0.08566478954063438,0.14667781878366665,-0.06101302924303227,0.5840337022394664
31. Plateau,1. North Central,Mutton,0,0,0,NA
31. Plateau,1. North Central,Ogbono - ground,0.0012512226262396684,0.0012024026386933191,4.881998754634924e-5,1.0406020296158058
31. Plateau,1. North Central,Ogbono - unground,0,0,0,NA
31. Plateau,1. North Central,Okra - dried,0.007556464470882323,0.004309918422296354,0.003246546048585969,1.7532732015972095
31. Plateau,1. North Central,Okra - fresh,0.00821611207309632,0.07166857311112589,-0.06345246103802957,0.1146403746640359
31. Plateau,1. North Central,Onions,0.05193380600276136,0.17071948941650145,-0.11878568341374009,0.3042054904232951
31. Plateau,1. North Central,Orange/Tangerine,0.01815963372638111,0.019621961252147508,-0.0014623275257663985,0.9254749559957287
31. Plateau,1. North Central,Other alcoholic beverages,0,0.0026813040472157767,-0.0026813040472157767,0
31. Plateau,1. North Central,Other domestic poultry,0,0,0,NA
31. Plateau,1. North Central,Other eggs,0,0,0,NA
31. Plateau,1. North Central,Other fish/seafood,0,0,0,NA
31. Plateau,1. North Central,Other fruits,0,0,0,NA
31. Plateau,1. North Central,Other grains/flour,0,0,0,NA
31. Plateau,1. North Central,Other meat,0,0,0,NA
31. Plateau,1. North Central,Other milk products,NA,0,NA,NA
31. Plateau,1. North Central,Other non-alcoholic drinks,0,0,0,NA
31. Plateau,1. North Central,Other nuts/seeds/pulses,0,0,0,NA
31. Plateau,1. North Central,Other oil/fat,0,0,0,NA
31. Plateau,1. North Central,Other roots/tubers,NA,0,NA,NA
31. Plateau,1. North Central,Other spices,0.005948877158536657,6.186981544242039e-4,0.0053301790041124526,9.615152584499018
31. Plateau,1. North Central,Other sweets,NA,0,NA,NA
31. Plateau,1. North Central,Other vegetables,0,0,0,NA
31. Plateau,1. North Central,Palm oil,0.08031416696769038,0.0880550855040289,-0.007740918536338515,0.9120900457704475
31. Plateau,1. North Central,Palm wine,0,0.006022622026161676,-0.006022622026161676,0
31. Plateau,1. North Central,Pawpaw,0.04636332621974582,0,0.04636332621974582,NA
31. Plateau,1. North Central,Pineapples,0,0.0035155941565969137,-0.0035155941565969137,0
31. Plateau,1. North Central,Pito,0.18275037098723412,0.0015089456045722122,0.1812414253826619,121.11130476372875
31. Plateau,1. North Central,Plantains,0,0.00302725816369641,-0.00302725816369641,0
31. Plateau,1. North Central,Pork,0.002615806633691795,3.351630059019721e-4,0.002280643627789823,7.804580420957501
31. Plateau,1. North Central,Potatoes,0.09796790620085724,0.29922787698671854,-0.2012599707858613,0.32740233693268367
31. Plateau,1. North Central,Rice - imported,0,0.006437329377160929,-0.006437329377160929,0
31. Plateau,1. North Central,Rice - local,0.5025630446704561,0.4791479982778513,0.023415046392604777,1.0488680876822254
31. Plateau,1. North Central,Sachet water,0.021555709819068555,0.34674649970136795,-0.3251907898822994,0.062165616199826676
31. Plateau,1. North Central,Salt,0.025536770794023014,0.05179078362248596,-0.026254012828462944,0.49307558233074766
31. Plateau,1. North Central,Seafood,0,0,0,NA
31. Plateau,1. North Central,Shea butter,NA,0,NA,NA
31. Plateau,1. North Central,Snails,0,0,0,NA
31. Plateau,1. North Central,Soft drinks,0.008371150864392767,0.015322945830113474,-0.006951794965720707,0.5463147202374972
31. Plateau,1. North Central,Soya beans,0.006369073553565084,0.03057669535366427,-0.024207621800099187,0.2082982964606678
31. Plateau,1. North Central,Sugar,0.04125529931659787,0.0827729131193978,-0.04151761380279993,0.498415456963417
31. Plateau,1. North Central,Sweet potatoes,0.0518386237479111,0.2671177055468429,-0.2152790817989318,0.19406659562976988
31. Plateau,1. North Central,Tea,0.0010853554521475363,0.0016748622608764214,-5.895068087288851e-4,0.6480266930007677
31. Plateau,1. North Central,Tomato puree - canned,0,0,0,NA
31. Plateau,1. North Central,Tomatoes,0.1605077748193712,0.29436038044538326,-0.13385260562601206,0.5452764212918675
31. Plateau,1. North Central,Watermelon,0.022537805362393044,0.038485168359241644,-0.0159473629968486,0.5856231458314752
31. Plateau,1. North Central,Wheat flour,0.008625385043422078,3.646929803179324e-4,0.008260692063104145,23.65108600637893
31. Plateau,1. North Central,White beans,0.19939723502092319,0.20460744077182463,-0.005210205750901448,0.9745355998235089
31. Plateau,1. North Central,Wild game/Bush meat,0,0,0,NA
31. Plateau,1. North Central,Yam flour,0.0054289701815146765,0.003236406675773773,0.0021925635057409034,1.6774684782828464
31. Plateau,1. North Central,Yam roots,0.8261876804051429,0.22870033557058506,0.5974873448345579,3.6125337479015287
32. Rivers,5. South South,Agricultural eggs,0.023974337730330742,0.04220397093369273,-0.018229633203361986,0.56805881531852
32. Rivers,5. South South,Animal fat,0,0,0,NA
32. Rivers,5. South South,Apples,0.002933839171932308,0.005053996169291932,-0.002120156997359624,0.5804988911068646
32. Rivers,5. South South,Avocado pear,0.00959934813625516,0.002039107575690249,0.0075602405605649115,4.70762222194468
32. Rivers,5. South South,Baby milk powder,0.001014946738980579,0.0019197646071778872,-9.048178681973081e-4,0.5286829099701874
32. Rivers,5. South South,Bananas,0.17566221247860425,0.14510770157478858,0.030554510903815668,1.2105643640704202
32. Rivers,5. South South,Beef,0.07541025991077176,0.14372514470112488,-0.06831488479035312,0.5246838336297153
32. Rivers,5. South South,Beer,0.01586829046721102,0.019718824985925896,-0.003850534518714876,0.8047279936069642
32. Rivers,5. South South,Biscuits,0.01765707445230305,0.021169922771970516,-0.003512848319667465,0.8340641882587044
32. Rivers,5. South South,Bottled water,0.12670084261559295,0.08919769213304045,0.0375031504825525,1.4204497850304878
32. Rivers,5. South South,Bread,0.2873417910988878,0.24013865608562507,0.04720313501326273,1.1965661663253073
32. Rivers,5. South South,Brown beans,0.0896744758747034,0.11063334450744143,-0.020958868632738034,0.810555590395911
32. Rivers,5. South South,Buns/Pofpof/Donuts,0.004114980645807551,0.0038692412040986237,2.457394417089277e-4,1.0635110164361476
32. Rivers,5. South South,Butter/Margarine,3.3961894805878336e-4,2.461053948228679e-4,9.351355323591545e-5,1.3799736015670074
32. Rivers,5. South South,Cake,0.003437971431501174,0.0033897501769336686,4.82212545675053e-5,1.0142256072130738
32. Rivers,5. South South,Canned fish/seafood,7.847985197444097e-4,0,7.847985197444097e-4,NA
32. Rivers,5. South South,Cashew nut,9.172357881428684e-5,0,9.172357881428684e-5,NA
32. Rivers,5. South South,Cassava flour,0.021385695918786793,0.011064812205979534,0.010320883712807259,1.9327662793255318
32. Rivers,5. South South,Cassava roots,2.6947213044465017,0.3064318188966011,2.3882894855499006,8.793869103246678
32. Rivers,5. South South,Cheese/wara,0,0,0,NA
32. Rivers,5. South South,Chicken,0.04654925749309843,0.03346481161999309,0.013084445873105338,1.3909911707164135
32. Rivers,5. South South,Chocolate drinks,0.021337180777610334,0.016257487323661148,0.005079693453949187,1.3124525551101738
32. Rivers,5. South South,Coconut,0.07188649083558878,0.05224544395867956,0.019641046876909214,1.375937984036333
32. Rivers,5. South South,Cocoyam,0.062291398512469266,0.057669770329479446,0.00462162818298982,1.0801395281546207
32. Rivers,5. South South,Coffee,3.184314707203076e-5,1.0963052160962749e-4,-7.778737453759672e-5,0.2904587755718055
32. Rivers,5. South South,Dry pepper,0.011733206175528794,0.00319288834420338,0.008540317831325413,3.6747937637187276
32. Rivers,5. South South,Duck,0,0,0,NA
32. Rivers,5. South South,Fish - dried,0.06645685393440985,0.06752622343315387,-0.0010693694987440189,0.984163641258531
32. Rivers,5. South South,Fish - fresh,0.4368876552872888,0.15784840799128302,0.27903924729600577,2.767767257503258
32. Rivers,5. South South,Fish - frozen,0.05784125442350537,0.08685930889299713,-0.02901805446949176,0.6659188883802956
32. Rivers,5. South South,Fish - smoked,0.05808159947522346,0.04608273575538488,0.011998863719838583,1.2603765493335861
32. Rivers,5. South South,Fresh milk,0,0,0,NA
32. Rivers,5. South South,Fresh pepper,0.10300368531413585,0.126889844573617,-0.023886159259481135,0.8117567301012554
32. Rivers,5. South South,Fruit juice,0,0,0,NA
32. Rivers,5. South South,Garden eggs/Eggplant,0.012179874601217494,0.0520018623386385,-0.03982198773742101,0.23421996931382177
32. Rivers,5. South South,Gari - white,0.8602039964124468,0.9817298151297867,-0.12152581871733992,0.8762125619040367
32. Rivers,5. South South,Gari - yellow,0.23964409940384804,0.10010217073284723,0.1395419286710008,2.3939950317701943
32. Rivers,5. South South,Gin,0.001737554707660301,0.0010689397826096965,6.686149250506044e-4,1.625493536612751
32. Rivers,5. South South,Goat,0.017361432823413812,0.03763147437855747,-0.020270041555143656,0.46135404233075733
32. Rivers,5. South South,Ground pepper,0.014303090784487485,0.009698018164227953,0.004605072620259531,1.474846772018408
32. Rivers,5. South South,Groundnut oil,0.07771336330211114,0.0452718772116921,0.03244148609041903,1.716592465090901
32. Rivers,5. South South,Groundnuts - shelled,0.03156938901490338,0.014421782440002634,0.017147606574900748,2.1890074369266115
32. Rivers,5. South South,Groundnuts - unshelled,0.019981588964105887,0.016208215925362122,0.003773373038743765,1.232806192619837
32. Rivers,5. South South,Guava,0.0733776566484091,0.025936781208459336,0.047440875439949765,2.8290964888301877
32. Rivers,5. South South,Guinea corn / sorghum,0.002300927837950947,3.8103811537420937e-4,0.0019198897225767375,6.038576575708849
32. Rivers,5. South South,Honey,0.0011664585766421377,4.6414781871509495e-4,7.023107579270428e-4,2.513118729871998
32. Rivers,5. South South,Kola nut,2.574052093796636e-4,2.1081996989164592e-4,4.658523948801769e-5,1.2209716636994155
32. Rivers,5. South South,Leaves,0.24405769452703607,0.16227420180185376,0.08178349272518232,1.5039833307887394
32. Rivers,5. South South,Local eggs,7.421307180324765e-4,5.471707665551092e-4,1.9495995147736725e-4,1.3563054961886958
32. Rivers,5. South South,Maize - shelled/off cob,0.0010170442240169607,0.0022744434390093485,-0.0012573992149923878,0.4471618008051861
32. Rivers,5. South South,Maize - unshelled/on cob,0.0034567929264559248,0.2379010247131888,-0.23444423178673288,0.014530382669109564
32. Rivers,5. South South,Maize flour,0,0.008375578209519622,-0.008375578209519622,0
32. Rivers,5. South South,Malt drinks,0.026139644278319083,0.036811254065483905,-0.010671609787164821,0.7100992601832855
32. Rivers,5. South South,Mangoes,0.020285230430235304,0,0.020285230430235304,NA
32. Rivers,5. South South,Meat pie/Sausage roll,0.0055213489429617405,0.004456735934362814,0.001064613008598926,1.2388772914254196
32. Rivers,5. South South,Melon - ground,0.015268581022065771,0.010989997731818777,0.004278583290246994,1.3893161213181537
32. Rivers,5. South South,Melon - shelled,0.020407918216127644,0.01775948046275274,0.002648437753374904,1.1491281098526231
32. Rivers,5. South South,Melon - unshelled,0.0011551971784723024,0.01101383981955574,-0.009858642641083437,0.10488596142656623
32. Rivers,5. South South,Milk - tinned,0.003684550131132062,0.006430018930873338,-0.002745468799741276,0.5730232166877336
32. Rivers,5. South South,Milk powder,0.018781680769109937,0.022834444155766603,-0.004052763386656666,0.8225153474719821
32. Rivers,5. South South,Millet,0.0077150784657445196,4.003661333783064e-4,0.007314712332366213,19.270057636105136
32. Rivers,5. South South,Mutton,0,0,0,NA
32. Rivers,5. South South,Ogbono - ground,0.004021316496648163,0.0030015522743547327,0.0010197642222934305,1.3397456146295694
32. Rivers,5. South South,Ogbono - unground,0.0024993078722983964,0.0030093592019941433,-5.100513296957469e-4,0.8305116486733246
32. Rivers,5. South South,Okra - dried,2.0772414257062098e-4,1.700687822411788e-4,3.7655360329442165e-5,1.221412535758868
32. Rivers,5. South South,Okra - fresh,0.11114983755412611,0.07667258259852183,0.034477254955604275,1.4496686271302013
32. Rivers,5. South South,Onions,0.1666939934175905,0.19220681148192617,-0.02551281806433567,0.8672637152261655
32. Rivers,5. South South,Orange/Tangerine,0.11430343078395322,0.16210190095054974,-0.047798470166596524,0.7051331916139727
32. Rivers,5. South South,Other alcoholic beverages,0,0,0,NA
32. Rivers,5. South South,Other domestic poultry,0,0,0,NA
32. Rivers,5. South South,Other eggs,0,0,0,NA
32. Rivers,5. South South,Other fish/seafood,0,0,0,NA
32. Rivers,5. South South,Other fruits,0,0,0,NA
32. Rivers,5. South South,Other grains/flour,0.0031882825174119563,0.01381656188469927,-0.010628279367287314,0.23075802388600905
32. Rivers,5. South South,Other meat,0,0,0,NA
32. Rivers,5. South South,Other milk products,NA,0,NA,NA
32. Rivers,5. South South,Other non-alcoholic drinks,0,0,0,NA
32. Rivers,5. South South,Other nuts/seeds/pulses,0,0,0,NA
32. Rivers,5. South South,Other oil/fat,0,0,0,NA
32. Rivers,5. South South,Other roots/tubers,NA,0,NA,NA
32. Rivers,5. South South,Other spices,0.0032837495216376396,6.464200094135085e-4,0.002637329512224131,5.079900797961002
32. Rivers,5. South South,Other sweets,NA,0,NA,NA
32. Rivers,5. South South,Other vegetables,0,0.0032701353984015444,-0.0032701353984015444,0
32. Rivers,5. South South,Palm oil,0.11167728904068511,0.1559690969320424,-0.04429180789135728,0.7160218994493778
32. Rivers,5. South South,Palm wine,0.012126524651309359,0.018049487178065066,-0.005922962526755707,0.6718487085908078
32. Rivers,5. South South,Pawpaw,0.3141021972589165,0.2899441923023288,0.02415800495658771,1.08331949940007
32. Rivers,5. South South,Pineapples,0.06366795540607831,0.056786951269723156,0.0068810041363551525,1.1211722760687077
32. Rivers,5. South South,Pito,0,0,0,NA
32. Rivers,5. South South,Plantains,0.4543529694900542,0.47456098442300726,-0.020208014932953045,0.9574174540338101
32. Rivers,5. South South,Pork,0.0032338915985866135,2.187002796270045e-4,0.003015191318959609,14.786865403656765
32. Rivers,5. South South,Potatoes,0,0.017178493750181316,-0.017178493750181316,0
32. Rivers,5. South South,Rice - imported,0.03713363472107182,0.030751402949514058,0.006382231771557761,1.2075427837239086
32. Rivers,5. South South,Rice - local,0.7989662475027972,0.6279159909282985,0.17105025657449868,1.272409460892406
32. Rivers,5. South South,Sachet water,2.6354477633870954,1.6981919972422748,0.9372557661448206,1.5519138988211272
32. Rivers,5. South South,Salt,0.025214146129955095,0.028899418010058908,-0.003685271880103813,0.8724793738468679
32. Rivers,5. South South,Seafood,0.01803085627323259,0.019904752028489854,-0.0018738957552572634,0.905856865105622
32. Rivers,5. South South,Shea butter,NA,0,NA,NA
32. Rivers,5. South South,Snails,0.007935214699847724,6.398751574310139e-4,0.00729533954241671,12.401192025810495
32. Rivers,5. South South,Soft drinks,0.03425175405839645,0.09261133018683344,-0.058359576128436993,0.3698440999529669
32. Rivers,5. South South,Soya beans,0.0033663662505808074,0.0027214993820497,6.448668685311073e-4,1.2369527888870675
32. Rivers,5. South South,Sugar,0.019280145466701808,0.016514728868498255,0.0027654165982035524,1.1674515288881653
32. Rivers,5. South South,Sweet potatoes,0.09051752068681093,0.15460724695012787,-0.06408972626331694,0.5854675150900879
32. Rivers,5. South South,Tea,0.0010213195336899483,8.38410883044293e-4,1.8290865064565526e-4,1.2181611121047342
32. Rivers,5. South South,Tomato puree - canned,0.03127758410845733,0.04135611237753591,-0.010078528269078582,0.7562989437432445
32. Rivers,5. South South,Tomatoes,0.08767458906339612,0.09114587309025717,-0.003471284026861046,0.9619150718604275
32. Rivers,5. South South,Watermelon,0.06407334677850757,0.1245401020130628,-0.06046675523455523,0.5144796394320202
32. Rivers,5. South South,Wheat flour,0.005030937934086612,0.004871276081083251,1.5966185300336083e-4,1.0327761864336493
32. Rivers,5. South South,White beans,0.3526976650144873,0.42371348866173514,-0.07101582364724784,0.832396594520638
32. Rivers,5. South South,Wild game/Bush meat,0,0,0,NA
32. Rivers,5. South South,Yam flour,0.04797700912510946,0,0.04797700912510946,NA
32. Rivers,5. South South,Yam roots,0.82514760183265,0.5799290035450368,0.24521859828761317,1.4228424458659958
33. Sokoto,3. North West,Agricultural eggs,0,0,0,NA
33. Sokoto,3. North West,Animal fat,0.004169309845938869,0.004731394472694881,-5.620846267560126e-4,0.8812010645064935
33. Sokoto,3. North West,Apples,0,0,0,NA
33. Sokoto,3. North West,Avocado pear,0,0,0,NA
33. Sokoto,3. North West,Baby milk powder,0,0,0,NA
33. Sokoto,3. North West,Bananas,0.007927776003997586,0.0029083912980698897,0.0050193847059276965,2.7258285393917716
33. Sokoto,3. North West,Beef,0.04820830709500299,0.0824389670456661,-0.03423065995066311,0.5847757295199801
33. Sokoto,3. North West,Beer,0,0,0,NA
33. Sokoto,3. North West,Biscuits,0.0020740551149429493,9.876616450301232e-4,0.001086393469912826,2.0999652313922663
33. Sokoto,3. North West,Bottled water,0,0.0026734262137672817,-0.0026734262137672817,0
33. Sokoto,3. North West,Bread,0.01959261700977114,0.032236098613455014,-0.012643481603683875,0.6077849942298347
33. Sokoto,3. North West,Brown beans,0,0,0,NA
33. Sokoto,3. North West,Buns/Pofpof/Donuts,0,0.0028489939030907257,-0.0028489939030907257,0
33. Sokoto,3. North West,Butter/Margarine,0,0,0,NA
33. Sokoto,3. North West,Cake,0,0,0,NA
33. Sokoto,3. North West,Canned fish/seafood,0,0,0,NA
33. Sokoto,3. North West,Cashew nut,0,0,0,NA
33. Sokoto,3. North West,Cassava flour,0,0.011230324503766487,-0.011230324503766487,0
33. Sokoto,3. North West,Cassava roots,0.237884864133396,1.584107051917811,-1.3462221877844152,0.1501696895076623
33. Sokoto,3. North West,Cheese/wara,0.11283098598171455,0.25136260140665656,-0.13853161542494202,0.44887738012854034
33. Sokoto,3. North West,Chicken,0.0017611644943550083,0.05965931255125969,-0.05789814805690468,0.029520361852004306
33. Sokoto,3. North West,Chocolate drinks,0,1.430705321487812e-4,-1.430705321487812e-4,0
33. Sokoto,3. North West,Coconut,0,0,0,NA
33. Sokoto,3. North West,Cocoyam,0,0.005384771915800773,-0.005384771915800773,0
33. Sokoto,3. North West,Coffee,0,0,0,NA
33. Sokoto,3. North West,Dry pepper,0.010460243419829837,0.016514872935567866,-0.006054629515738029,0.6333832213326781
33. Sokoto,3. North West,Duck,0,0,0,NA
33. Sokoto,3. North West,Fish - dried,0,0.007808645618237868,-0.007808645618237868,0
33. Sokoto,3. North West,Fish - fresh,1.722521545559626e-4,0.004099800612488072,-0.003927548457932109,0.04201476384760742
33. Sokoto,3. North West,Fish - frozen,0,0,0,NA
33. Sokoto,3. North West,Fish - smoked,0,0,0,NA
33. Sokoto,3. North West,Fresh milk,0.028884305136579917,0.12834682600115083,-0.09946252086457091,0.22504884644612033
33. Sokoto,3. North West,Fresh pepper,0.0208531820914122,7.322428830118579e-4,0.02012093920840034,28.478504298517713
33. Sokoto,3. North West,Fruit juice,0,0,0,NA
33. Sokoto,3. North West,Garden eggs/Eggplant,8.438912691829513e-4,0.007193482454881176,-0.006349591185698225,0.11731331444484504
33. Sokoto,3. North West,Gari - white,0.15838324411140775,0.10306504104922802,0.05531820306217973,1.5367310049947733
33. Sokoto,3. North West,Gari - yellow,0,0,0,NA
33. Sokoto,3. North West,Gin,0,0,0,NA
33. Sokoto,3. North West,Goat,0.002115771338750131,0.017811467755736863,-0.015695696416986732,0.11878702910761894
33. Sokoto,3. North West,Ground pepper,2.787469776973414e-4,0,2.787469776973414e-4,NA
33. Sokoto,3. North West,Groundnut oil,0.03247193674506602,0.04675463451344634,-0.014282697768380315,0.6945180319124792
33. Sokoto,3. North West,Groundnuts - shelled,0.016283651401776386,0.009427828557217731,0.006855822844558655,1.7271900207932815
33. Sokoto,3. North West,Groundnuts - unshelled,0.008843270017227059,0.0049037178960170385,0.00393955212121002,1.803380660296518
33. Sokoto,3. North West,Guava,0,0,0,NA
33. Sokoto,3. North West,Guinea corn / sorghum,1.060390766950794,0.8932350805193229,0.16715568643147105,1.1871351563289336
33. Sokoto,3. North West,Honey,0,0,0,NA
33. Sokoto,3. North West,Kola nut,0.008503774669571902,0.009712913594482573,-0.0012091389249106708,0.8755122329516528
33. Sokoto,3. North West,Leaves,0,0.007241378414505416,-0.007241378414505416,0
33. Sokoto,3. North West,Local eggs,0,0.00642968798217062,-0.00642968798217062,0
33. Sokoto,3. North West,Maize - shelled/off cob,0.2722185355175133,0.25486470513123666,0.017353830386276636,1.0680903633845287
33. Sokoto,3. North West,Maize - unshelled/on cob,0,0,0,NA
33. Sokoto,3. North West,Maize flour,0.010010548463797222,0.3378536959455478,-0.3278431474817506,0.02962983262853111
33. Sokoto,3. North West,Malt drinks,0,0,0,NA
33. Sokoto,3. North West,Mangoes,0.011326183066540279,0,0.011326183066540279,NA
33. Sokoto,3. North West,Meat pie/Sausage roll,0,0,0,NA
33. Sokoto,3. North West,Melon - ground,0,0,0,NA
33. Sokoto,3. North West,Melon - shelled,0,0,0,NA
33. Sokoto,3. North West,Melon - unshelled,0,0,0,NA
33. Sokoto,3. North West,Milk - tinned,0,2.643367650579897e-4,-2.643367650579897e-4,0
33. Sokoto,3. North West,Milk powder,0,8.469150098047002e-4,-8.469150098047002e-4,0
33. Sokoto,3. North West,Millet,1.158781906542912,1.5739004307691296,-0.41511852422621764,0.7362485478046673
33. Sokoto,3. North West,Mutton,0,0,0,NA
33. Sokoto,3. North West,Ogbono - ground,0,0,0,NA
33. Sokoto,3. North West,Ogbono - unground,0,0,0,NA
33. Sokoto,3. North West,Okra - dried,0.004164102421719276,0.0064607803053057565,-0.0022966778835864805,0.6445200463324235
33. Sokoto,3. North West,Okra - fresh,0.015888938300562167,0.034659162670517905,-0.018770224369955738,0.4584339919463133
33. Sokoto,3. North West,Onions,0.10991960066481378,0.14290917356421468,-0.032989572899400896,0.7691570661516883
33. Sokoto,3. North West,Orange/Tangerine,0.030754467063554104,0.09199306162876773,-0.06123859456521363,0.33431289837555184
33. Sokoto,3. North West,Other alcoholic beverages,0,0,0,NA
33. Sokoto,3. North West,Other domestic poultry,0,0,0,NA
33. Sokoto,3. North West,Other eggs,0,0,0,NA
33. Sokoto,3. North West,Other fish/seafood,0,0,0,NA
33. Sokoto,3. North West,Other fruits,0,0,0,NA
33. Sokoto,3. North West,Other grains/flour,0,0,0,NA
33. Sokoto,3. North West,Other meat,0,0,0,NA
33. Sokoto,3. North West,Other milk products,NA,0,NA,NA
33. Sokoto,3. North West,Other non-alcoholic drinks,0,0,0,NA
33. Sokoto,3. North West,Other nuts/seeds/pulses,0,0,0,NA
33. Sokoto,3. North West,Other oil/fat,0,0,0,NA
33. Sokoto,3. North West,Other roots/tubers,NA,0,NA,NA
33. Sokoto,3. North West,Other spices,0.016661566171507658,0.02242812093026766,-0.005766554758760003,0.7428872986422236
33. Sokoto,3. North West,Other sweets,NA,0,NA,NA
33. Sokoto,3. North West,Other vegetables,0,0,0,NA
33. Sokoto,3. North West,Palm oil,0.05567664391291685,0.07741705184216696,-0.02174040792925011,0.7191780439589318
33. Sokoto,3. North West,Palm wine,0,0,0,NA
33. Sokoto,3. North West,Pawpaw,0,0,0,NA
33. Sokoto,3. North West,Pineapples,0,0,0,NA
33. Sokoto,3. North West,Pito,0,0,0,NA
33. Sokoto,3. North West,Plantains,0,0,0,NA
33. Sokoto,3. North West,Pork,0,0,0,NA
33. Sokoto,3. North West,Potatoes,0,0,0,NA
33. Sokoto,3. North West,Rice - imported,0,0.010189675277790472,-0.010189675277790472,0
33. Sokoto,3. North West,Rice - local,0.3113372843740176,0.6310153189894793,-0.3196780346154617,0.49339100811783687
33. Sokoto,3. North West,Sachet water,0.059421647151027615,0.18465719407819728,-0.12523554692716965,0.3217943792965043
33. Sokoto,3. North West,Salt,0.02146328764650683,0.058146418340414265,-0.03668313069390744,0.3691248448159174
33. Sokoto,3. North West,Seafood,0,0,0,NA
33. Sokoto,3. North West,Shea butter,NA,0,NA,NA
33. Sokoto,3. North West,Snails,0,0,0,NA
33. Sokoto,3. North West,Soft drinks,0.005584202433928899,0.0065266807625891515,-9.424783286602527e-4,0.8555960735719562
33. Sokoto,3. North West,Soya beans,0.008425527105136877,0.12483028920545762,-0.11640476210032075,0.06749585504259578
33. Sokoto,3. North West,Sugar,0.049503180970964726,0.05055093946175844,-0.001047758490793714,0.9792732142676331
33. Sokoto,3. North West,Sweet potatoes,0.2008952929166444,0.04624231414313678,0.15465297877350762,4.34440396505245
33. Sokoto,3. North West,Tea,0,0,0,NA
33. Sokoto,3. North West,Tomato puree - canned,1.3069281436330607e-5,0,1.3069281436330607e-5,NA
33. Sokoto,3. North West,Tomatoes,0.07398894494975229,0.05270035978568804,0.021288585164064254,1.4039552149290193
33. Sokoto,3. North West,Watermelon,0.10801294017581299,0.07057683382044176,0.03743610635537123,1.5304305156365388
33. Sokoto,3. North West,Wheat flour,0,0,0,NA
33. Sokoto,3. North West,White beans,0.08279607954725418,0.16267413067330777,-0.07987805112605359,0.5089689381130327
33. Sokoto,3. North West,Wild game/Bush meat,0,0,0,NA
33. Sokoto,3. North West,Yam flour,0,0,0,NA
33. Sokoto,3. North West,Yam roots,0,0,0,NA
34. Taraba,2. North East,Agricultural eggs,0.0025496746803077884,0.005046508815066491,-0.0024968341347587023,0.5052353565093683
34. Taraba,2. North East,Animal fat,0,0,0,NA
34. Taraba,2. North East,Apples,0,0,0,NA
34. Taraba,2. North East,Avocado pear,0.01944000730694512,0.011645311098096073,0.007794696208849048,1.6693420333032947
34. Taraba,2. North East,Baby milk powder,0,0,0,NA
34. Taraba,2. North East,Bananas,0.07882057754709845,0.0478192386440433,0.031001338903055155,1.6483026451722251
34. Taraba,2. North East,Beef,0.04893957980598018,0.08416453136190256,-0.03522495155592238,0.5814751061292417
34. Taraba,2. North East,Beer,0.1853756513894877,0.2434663219270697,-0.05809067053758202,0.7614016177770038
34. Taraba,2. North East,Biscuits,0.0030687081543744397,0.004044559130545959,-9.758509761715194e-4,0.7587250069354795
34. Taraba,2. North East,Bottled water,0.015590748115419833,0,0.015590748115419833,NA
34. Taraba,2. North East,Bread,0.1258992631039143,0.11721529509087054,0.00868396801304376,1.0740856217297543
34. Taraba,2. North East,Brown beans,0.014721318173336502,0.10077717162393748,-0.08605585345060099,0.1460779057014115
34. Taraba,2. North East,Buns/Pofpof/Donuts,0.0019992255498657847,0.0014980507957383189,5.011747541274658e-4,1.3345512418892713
34. Taraba,2. North East,Butter/Margarine,0,0,0,NA
34. Taraba,2. North East,Cake,0.005304488867204989,0.004907682663664298,3.968062035406908e-4,1.0808540875062238
34. Taraba,2. North East,Canned fish/seafood,0,0,0,NA
34. Taraba,2. North East,Cashew nut,2.0135966531698268e-4,0,2.0135966531698268e-4,NA
34. Taraba,2. North East,Cassava flour,0.20598046035356915,0.17555503233297737,0.030425428020591783,1.1733099166470118
34. Taraba,2. North East,Cassava roots,0.3513999768909219,4.4192502900369215,-4.067850313146,0.07951574448796066
34. Taraba,2. North East,Cheese/wara,0.0015834084453714766,2.0452236150918555e-4,0.001378886083862291,7.741982019410441
34. Taraba,2. North East,Chicken,0.05423153042727833,0.02749753607717597,0.02673399435010236,1.9722323583854708
34. Taraba,2. North East,Chocolate drinks,8.534646446512327e-4,0,8.534646446512327e-4,NA
34. Taraba,2. North East,Coconut,0.001691084747364106,0.0021660835694445463,-4.749988220804403e-4,0.7807107589102643
34. Taraba,2. North East,Cocoyam,0,0,0,NA
34. Taraba,2. North East,Coffee,0,0,0,NA
34. Taraba,2. North East,Dry pepper,0.003173806429531936,0.0010133160906812496,0.0021604903388506864,3.1320991137110976
34. Taraba,2. North East,Duck,0.0020546800222453697,0.0037494861455697253,-0.0016948061233243556,0.5479897624566809
34. Taraba,2. North East,Fish - dried,0.012920566992399036,0.012537008426130175,3.835585662688608e-4,1.0305941061241877
34. Taraba,2. North East,Fish - fresh,0.03338941140549333,0.036120754602520094,-0.002731343197026767,0.9243829973353822
34. Taraba,2. North East,Fish - frozen,5.912328991567812e-4,0.006656989281765751,-0.00606575638260897,0.0888138577564238
34. Taraba,2. North East,Fish - smoked,0.03704575752519294,0.025469437629775472,0.011576319895417471,1.4545180802062148
34. Taraba,2. North East,Fresh milk,0,0.021129484431198862,-0.021129484431198862,0
34. Taraba,2. North East,Fresh pepper,0.0441026773077978,0.06749671214544152,-0.02339403483764372,0.6534048238196494
34. Taraba,2. North East,Fruit juice,0,0.001533917680640538,-0.001533917680640538,0
34. Taraba,2. North East,Garden eggs/Eggplant,3.116630350372552e-4,0.015332881618958301,-0.015021218583921046,0.02032644892085388
34. Taraba,2. North East,Gari - white,0.017003595639558104,0.023154952711524002,-0.006151357071965898,0.7343394673009016
34. Taraba,2. North East,Gari - yellow,0.014879305807625304,0.007857347802724866,0.007021958004900438,1.8936804353328076
34. Taraba,2. North East,Gin,5.000410703964002e-4,0,5.000410703964002e-4,NA
34. Taraba,2. North East,Goat,0.0025489690790078193,0.03185757989147276,-0.02930861081246494,0.08001138465919991
34. Taraba,2. North East,Ground pepper,0.0023497592948790785,0.00411726958964831,-0.0017675102947692315,0.5707081461915616
34. Taraba,2. North East,Groundnut oil,0.01808146038237406,0.04220378419668609,-0.024122323814312032,0.4284322064132307
34. Taraba,2. North East,Groundnuts - shelled,0.019027917058300692,0.05380089731760269,-0.03477298025930199,0.3536728569037286
34. Taraba,2. North East,Groundnuts - unshelled,0.0034617218459941676,0.14909932560803513,-0.14563760376204096,0.023217555356988225
34. Taraba,2. North East,Guava,0.012822008800496196,0.014805626166485997,-0.001983617365989801,0.8660227305698212
34. Taraba,2. North East,Guinea corn / sorghum,0.17973345314737957,0.20035499658538233,-0.020621543438002765,0.8970749729757063
34. Taraba,2. North East,Honey,1.596487981198835e-4,0.0014712973691125247,-0.0013116485709926413,0.10850885855670525
34. Taraba,2. North East,Kola nut,3.8822246683253245e-4,0.0015876219466052603,-0.001199399479772728,0.24453080134263128
34. Taraba,2. North East,Leaves,0.22864803757874683,0.1754662752643898,0.053181762314357034,1.3030882272631799
34. Taraba,2. North East,Local eggs,0.0032729645920695715,0,0.0032729645920695715,NA
34. Taraba,2. North East,Maize - shelled/off cob,0,0.011132619976204287,-0.011132619976204287,0
34. Taraba,2. North East,Maize - unshelled/on cob,0,0.3678393002874911,-0.3678393002874911,0
34. Taraba,2. North East,Maize flour,0.5482117129328719,0.647017777128323,-0.09880606419545113,0.8472900317608199
34. Taraba,2. North East,Malt drinks,0.009377807665920258,0.008288325359471863,0.0010894823064483954,1.1314478207836447
34. Taraba,2. North East,Mangoes,0.03157246488625871,0,0.03157246488625871,NA
34. Taraba,2. North East,Meat pie/Sausage roll,0,0,0,NA
34. Taraba,2. North East,Melon - ground,9.81366256074695e-4,7.000584809942144e-4,2.8130777508048065e-4,1.4018346791270506
34. Taraba,2. North East,Melon - shelled,3.121162149117642e-4,6.344066849488588e-4,-3.222904700370946e-4,0.4919812831684217
34. Taraba,2. North East,Melon - unshelled,0,0,0,NA
34. Taraba,2. North East,Milk - tinned,0,0,0,NA
34. Taraba,2. North East,Milk powder,0.0010846439613305288,7.123370261994476e-4,3.7230693513108117e-4,1.5226555990181518
34. Taraba,2. North East,Millet,0.07828056589449213,0.08628301688119497,-0.008002450986702839,0.9072534633585936
34. Taraba,2. North East,Mutton,7.678349529897021e-4,0.005775039468202671,-0.005007204515212969,0.1329575247437522
34. Taraba,2. North East,Ogbono - ground,1.8400872877669588e-4,0,1.8400872877669588e-4,NA
34. Taraba,2. North East,Ogbono - unground,0,0,0,NA
34. Taraba,2. North East,Okra - dried,0.00913427465197208,0.00279763593815362,0.0063366387138184595,3.2649976100895053
34. Taraba,2. North East,Okra - fresh,0.02881547789433874,0.12242100663078698,-0.09360552873644823,0.23538017442745074
34. Taraba,2. North East,Onions,0.10350444552644163,0.17628397181021518,-0.07277952628377356,0.5871460942454431
34. Taraba,2. North East,Orange/Tangerine,0.12427561336428501,0.05749925101466571,0.06677636234961931,2.161343168323834
34. Taraba,2. North East,Other alcoholic beverages,0.011542269435019433,0.0023003620632210944,0.00924190737179834,5.017588152561213
34. Taraba,2. North East,Other domestic poultry,0,0,0,NA
34. Taraba,2. North East,Other eggs,0,2.5153774559856284e-4,-2.5153774559856284e-4,0
34. Taraba,2. North East,Other fish/seafood,0,0,0,NA
34. Taraba,2. North East,Other fruits,0,0,0,NA
34. Taraba,2. North East,Other grains/flour,0,0,0,NA
34. Taraba,2. North East,Other meat,0,0,0,NA
34. Taraba,2. North East,Other milk products,NA,0,NA,NA
34. Taraba,2. North East,Other non-alcoholic drinks,0,0.0013337323809065322,-0.0013337323809065322,0
34. Taraba,2. North East,Other nuts/seeds/pulses,0,0,0,NA
34. Taraba,2. North East,Other oil/fat,0,0,0,NA
34. Taraba,2. North East,Other roots/tubers,NA,0,NA,NA
34. Taraba,2. North East,Other spices,0.024836324307563006,0.018177693277560584,0.006658631030002422,1.3663078108057944
34. Taraba,2. North East,Other sweets,NA,0,NA,NA
34. Taraba,2. North East,Other vegetables,0.00782953747979082,0.020686628491132963,-0.012857091011342144,0.37848301298333087
34. Taraba,2. North East,Palm oil,0.06840327174468865,0.10134675021463933,-0.03294347846995069,0.6749429221935518
34. Taraba,2. North East,Palm wine,0.013328153899894078,0.021271590813211172,-0.007943436913317094,0.626570622617296
34. Taraba,2. North East,Pawpaw,0,0,0,NA
34. Taraba,2. North East,Pineapples,0.06676230593582647,0,0.06676230593582647,NA
34. Taraba,2. North East,Pito,0.011806502065316018,0.026250597583155153,-0.014444095517839135,0.4497612684022164
34. Taraba,2. North East,Plantains,0.0082823480774501,0.004483213858813408,0.003799134218636692,1.8474131144040997
34. Taraba,2. North East,Pork,0.007855011434414869,9.620927095814676e-4,0.006892918724833401,8.164505724019028
34. Taraba,2. North East,Potatoes,0.016547201340071104,0.010813592751870868,0.005733608588200236,1.5302223525301764
34. Taraba,2. North East,Rice - imported,0,0.014549318892338178,-0.014549318892338178,0
34. Taraba,2. North East,Rice - local,0.417425252866067,0.3834828986033923,0.03394235426267472,1.0885107377311727
34. Taraba,2. North East,Sachet water,1.0662495161945125,0.8319213255799016,0.23432819061461085,1.2816710948613672
34. Taraba,2. North East,Salt,0.014276278465274182,0.03303741210401535,-0.018761133638741163,0.43212459923696783
34. Taraba,2. North East,Seafood,0,0,0,NA
34. Taraba,2. North East,Shea butter,NA,0,NA,NA
34. Taraba,2. North East,Snails,0,0,0,NA
34. Taraba,2. North East,Soft drinks,0.10496441369380231,0.10981532984950654,-0.004850916155704224,0.955826603058498
34. Taraba,2. North East,Soya beans,0,0.006416210717608491,-0.006416210717608491,0
34. Taraba,2. North East,Sugar,0.016906128392861992,0.03070106744737302,-0.013794939054511027,0.55066907435196
34. Taraba,2. North East,Sweet potatoes,0.13274085635262745,0.1852629920017749,-0.052522135649147456,0.7164995821256936
34. Taraba,2. North East,Tea,9.285202874653015e-4,0.007025645612103003,-0.006097125324637702,0.13216156047861988
34. Taraba,2. North East,Tomato puree - canned,0.007805147100376975,0,0.007805147100376975,NA
34. Taraba,2. North East,Tomatoes,0.025594618722133543,0.04731134535508349,-0.021716726632949945,0.5409826867116021
34. Taraba,2. North East,Watermelon,0.008582666592010227,0,0.008582666592010227,NA
34. Taraba,2. North East,Wheat flour,0,0,0,NA
34. Taraba,2. North East,White beans,0.11639916494407837,0.19572982509791798,-0.0793306601538396,0.5946930412156003
34. Taraba,2. North East,Wild game/Bush meat,0.005836485935140375,7.356486845562624e-4,0.005100837250584112,7.933795108545458
34. Taraba,2. North East,Yam flour,0,0,0,NA
34. Taraba,2. North East,Yam roots,0.7803824366004033,0.1206426363875309,0.6597398002128724,6.468545946672136
35. Yobe,2. North East,Agricultural eggs,0,0,0,NA
35. Yobe,2. North East,Animal fat,0.0013288689935133944,0,0.0013288689935133944,NA
35. Yobe,2. North East,Apples,0,0,0,NA
35. Yobe,2. North East,Avocado pear,0,0,0,NA
35. Yobe,2. North East,Baby milk powder,0,0,0,NA
35. Yobe,2. North East,Bananas,0.002877281576055645,0,0.002877281576055645,NA
35. Yobe,2. North East,Beef,0.010778667084511728,0,0.010778667084511728,NA
35. Yobe,2. North East,Beer,0,0,0,NA
35. Yobe,2. North East,Biscuits,0.003881154733757967,8.083852977767541e-4,0.003072769435981213,4.801119892249448
35. Yobe,2. North East,Bottled water,0,0,0,NA
35. Yobe,2. North East,Bread,0.07838717166374974,0.01685691763828125,0.061530254025468495,4.650148582664736
35. Yobe,2. North East,Brown beans,0.03695319940010498,0.0554116193559484,-0.018458419955843415,0.6668853902775913
35. Yobe,2. North East,Buns/Pofpof/Donuts,1.006850939859013e-4,0,1.006850939859013e-4,NA
35. Yobe,2. North East,Butter/Margarine,0,0,0,NA
35. Yobe,2. North East,Cake,0.050992288225248,0,0.050992288225248,NA
35. Yobe,2. North East,Canned fish/seafood,0,0,0,NA
35. Yobe,2. North East,Cashew nut,5.535910034865153e-5,0,5.535910034865153e-5,NA
35. Yobe,2. North East,Cassava flour,0.007991106763219864,0.01975555245379996,-0.011764445690580095,0.40449928099493787
35. Yobe,2. North East,Cassava roots,0.6118593582960838,0.4688668345663872,0.14299252372969662,1.304974703237301
35. Yobe,2. North East,Cheese/wara,0.007554664005430613,0,0.007554664005430613,NA
35. Yobe,2. North East,Chicken,0.03222719118003513,0,0.03222719118003513,NA
35. Yobe,2. North East,Chocolate drinks,0.0035094208850864083,0,0.0035094208850864083,NA
35. Yobe,2. North East,Coconut,0.0044502276030348575,0,0.0044502276030348575,NA
35. Yobe,2. North East,Cocoyam,0,0.0014127860448237633,-0.0014127860448237633,0
35. Yobe,2. North East,Coffee,5.3991168244805334e-5,0,5.3991168244805334e-5,NA
35. Yobe,2. North East,Dry pepper,0.0011360587103215883,0.014672923006990678,-0.01353686429666909,0.07742552113033861
35. Yobe,2. North East,Duck,0,0,0,NA
35. Yobe,2. North East,Fish - dried,0.013702463004506935,0.0012939371384060676,0.012408525866100866,10.589743966531689
35. Yobe,2. North East,Fish - fresh,0.04760748064364223,0.03227661631042089,0.015330864333221339,1.4749836285742128
35. Yobe,2. North East,Fish - frozen,0.004697283338377485,0,0.004697283338377485,NA
35. Yobe,2. North East,Fish - smoked,0.03828683172262144,0,0.03828683172262144,NA
35. Yobe,2. North East,Fresh milk,0.04469133638031684,0.06490392923080025,-0.020212592850483414,0.688576745814466
35. Yobe,2. North East,Fresh pepper,0.026620615668122533,0.003708466925046207,0.022912148743076326,7.178334391587123
35. Yobe,2. North East,Fruit juice,0,0,0,NA
35. Yobe,2. North East,Garden eggs/Eggplant,0.001958940871332053,0.008974650776576906,-0.007015709905244853,0.21827488557490463
35. Yobe,2. North East,Gari - white,0.037214639034729,0,0.037214639034729,NA
35. Yobe,2. North East,Gari - yellow,0.004458250085105079,0.021793702767382957,-0.017335452682277878,0.204565976359805
35. Yobe,2. North East,Gin,0,0,0,NA
35. Yobe,2. North East,Goat,0.04159642241081856,9.127513832494755e-4,0.040683671027569084,45.57256573277558
35. Yobe,2. North East,Ground pepper,9.549654090912004e-4,1.240834497962055e-4,8.308819592949949e-4,7.696154569039097
35. Yobe,2. North East,Groundnut oil,0.04336134148836955,0.044806933332143306,-0.0014455918437737553,0.9677373179490343
35. Yobe,2. North East,Groundnuts - shelled,0.001195089344188216,6.372532099945043e-4,5.578361341937117e-4,1.8753759501635505
35. Yobe,2. North East,Groundnuts - unshelled,0.010417913199899504,0.0011145371674984854,0.009303376032401018,9.347299940909025
35. Yobe,2. North East,Guava,0.001230243201137479,0,0.001230243201137479,NA
35. Yobe,2. North East,Guinea corn / sorghum,0.15752120424347016,1.03147492986283,-0.8739537256193599,0.15271452527151386
35. Yobe,2. North East,Honey,0.0013288689935133944,5.335852070848537e-4,7.952837864285407e-4,2.4904532132242383
35. Yobe,2. North East,Kola nut,5.532923038169163e-4,0.004532857170860668,-0.003979564867043752,0.12206259384781386
35. Yobe,2. North East,Leaves,0.07164478748806305,0.02972623290082897,0.04191855458723408,2.410153608332427
35. Yobe,2. North East,Local eggs,0.0011733611427514258,0,0.0011733611427514258,NA
35. Yobe,2. North East,Maize - shelled/off cob,0,0,0,NA
35. Yobe,2. North East,Maize - unshelled/on cob,0,0,0,NA
35. Yobe,2. North East,Maize flour,0.35443610244784024,0.5070473655353538,-0.15261126308751355,0.6990197100691321
35. Yobe,2. North East,Malt drinks,0.00589857374215641,0,0.00589857374215641,NA
35. Yobe,2. North East,Mangoes,0.005221390361101732,0,0.005221390361101732,NA
35. Yobe,2. North East,Meat pie/Sausage roll,0,0,0,NA
35. Yobe,2. North East,Melon - ground,0,0,0,NA
35. Yobe,2. North East,Melon - shelled,0,0,0,NA
35. Yobe,2. North East,Melon - unshelled,0,0,0,NA
35. Yobe,2. North East,Milk - tinned,2.62459797304168e-4,0,2.62459797304168e-4,NA
35. Yobe,2. North East,Milk powder,0.003046144232637997,0,0.003046144232637997,NA
35. Yobe,2. North East,Millet,0.04675643288715306,0.6928357518916349,-0.6460793190044819,0.06748559490397969
35. Yobe,2. North East,Mutton,0.014043795726370115,0,0.014043795726370115,NA
35. Yobe,2. North East,Ogbono - ground,0,0,0,NA
35. Yobe,2. North East,Ogbono - unground,0,0,0,NA
35. Yobe,2. North East,Okra - dried,0.0020949911548809046,0.002760772471056178,-6.657813161752733e-4,0.7588423808353291
35. Yobe,2. North East,Okra - fresh,0.013076193747584917,0.03924348974949353,-0.026167296001908612,0.33320670080707276
35. Yobe,2. North East,Onions,0.08617595460204476,0.06989856086412753,0.01627739373791723,1.2328716576805934
35. Yobe,2. North East,Orange/Tangerine,0.023677702217770553,0.042502523555892596,-0.018824821338122043,0.5570893263933702
35. Yobe,2. North East,Other alcoholic beverages,0,0,0,NA
35. Yobe,2. North East,Other domestic poultry,0,0,0,NA
35. Yobe,2. North East,Other eggs,0,0,0,NA
35. Yobe,2. North East,Other fish/seafood,0,0,0,NA
35. Yobe,2. North East,Other fruits,0,0,0,NA
35. Yobe,2. North East,Other grains/flour,0,0,0,NA
35. Yobe,2. North East,Other meat,0,0,0,NA
35. Yobe,2. North East,Other milk products,NA,0,NA,NA
35. Yobe,2. North East,Other non-alcoholic drinks,0,0,0,NA
35. Yobe,2. North East,Other nuts/seeds/pulses,0,0,0,NA
35. Yobe,2. North East,Other oil/fat,0,0.009962100293305742,-0.009962100293305742,0
35. Yobe,2. North East,Other roots/tubers,NA,0,NA,NA
35. Yobe,2. North East,Other spices,0.00667605623614698,0,0.00667605623614698,NA
35. Yobe,2. North East,Other sweets,NA,0,NA,NA
35. Yobe,2. North East,Other vegetables,0,0,0,NA
35. Yobe,2. North East,Palm oil,0.06083182773611499,0.06055496254326444,2.768651928505561e-4,1.0045721305277457
35. Yobe,2. North East,Palm wine,0,0,0,NA
35. Yobe,2. North East,Pawpaw,0,0,0,NA
35. Yobe,2. North East,Pineapples,0.010832910571362955,0,0.010832910571362955,NA
35. Yobe,2. North East,Pito,0,0,0,NA
35. Yobe,2. North East,Plantains,2.972504486182667e-4,0,2.972504486182667e-4,NA
35. Yobe,2. North East,Pork,0,0,0,NA
35. Yobe,2. North East,Potatoes,0.006763943379752495,0,0.006763943379752495,NA
35. Yobe,2. North East,Rice - imported,0,0,0,NA
35. Yobe,2. North East,Rice - local,0.15222566521959457,0.5417919713652803,-0.38956630614568577,0.2809670007401473
35. Yobe,2. North East,Sachet water,0.31245903118929824,0.4095069861893286,-0.09704795500003038,0.7630126999709795
35. Yobe,2. North East,Salt,0.02721615913808617,0.04846787869823827,-0.0212517195601521,0.5615298186977479
35. Yobe,2. North East,Seafood,0,0,0,NA
35. Yobe,2. North East,Shea butter,NA,0,NA,NA
35. Yobe,2. North East,Snails,0,0,0,NA
35. Yobe,2. North East,Soft drinks,0.05078525047240335,0.004606910935609473,0.04617833953679388,11.023710069985256
35. Yobe,2. North East,Soya beans,0.010045149818522373,0,0.010045149818522373,NA
35. Yobe,2. North East,Sugar,0.01696514539625726,0.021103058198418612,-0.004137912802161352,0.8039188082004421
35. Yobe,2. North East,Sweet potatoes,0.07032522762742774,0.02302952428064509,0.04729570334678265,3.053698668301707
35. Yobe,2. North East,Tea,8.437378787296914e-4,4.896038714187117e-4,3.541340073109797e-4,1.7233072040153916
35. Yobe,2. North East,Tomato puree - canned,8.609118496943499e-4,0.00119782470029093,-3.3691285059658e-4,0.71872941799017
35. Yobe,2. North East,Tomatoes,0.06693971812169852,0.0303412233442436,0.03659849477745492,2.2062300310774536
35. Yobe,2. North East,Watermelon,0.17001001514856737,0.0659726919708425,0.10403732317772486,2.5769755647337464
35. Yobe,2. North East,Wheat flour,0.019633141781845675,0,0.019633141781845675,NA
35. Yobe,2. North East,White beans,0.13099306307323183,0.12088495358604702,0.01010810948718481,1.0836175982810778
35. Yobe,2. North East,Wild game/Bush meat,0.0013288689935133944,0,0.0013288689935133944,NA
35. Yobe,2. North East,Yam flour,0.0015371166695633347,0,0.0015371166695633347,NA
35. Yobe,2. North East,Yam roots,0.07102033870604205,0.029930469872369345,0.0410898688336727,2.3728440952945173
36. Zamfara,3. North West,Agricultural eggs,0.004835205322939258,0.0018505299691176993,0.002984675353821559,2.6128759888415103
36. Zamfara,3. North West,Animal fat,0,0,0,NA
36. Zamfara,3. North West,Apples,0,0,0,NA
36. Zamfara,3. North West,Avocado pear,0,0,0,NA
36. Zamfara,3. North West,Baby milk powder,0,0,0,NA
36. Zamfara,3. North West,Bananas,0.018709247105111904,0.018144111404924373,5.651357001875308e-4,1.0311470585456255
36. Zamfara,3. North West,Beef,0.03214406676812862,0.037703892972804944,-0.005559826204676321,0.8525397308790763
36. Zamfara,3. North West,Beer,0,0,0,NA
36. Zamfara,3. North West,Biscuits,0.002798390045752174,0.004338609860219718,-0.0015402198144675435,0.6449969312544864
36. Zamfara,3. North West,Bottled water,8.09987777847334e-4,0,8.09987777847334e-4,NA
36. Zamfara,3. North West,Bread,0.052129493343625065,0.08190814300140656,-0.029778649657781493,0.6364384716026327
36. Zamfara,3. North West,Brown beans,0.023916825182301642,0.012412536457740918,0.011504288724560724,1.926828192104622
36. Zamfara,3. North West,Buns/Pofpof/Donuts,0,0,0,NA
36. Zamfara,3. North West,Butter/Margarine,0,0,0,NA
36. Zamfara,3. North West,Cake,0.0035420518980408275,0.005342997843882334,-0.0018009459458415067,0.6629334320425438
36. Zamfara,3. North West,Canned fish/seafood,0,0,0,NA
36. Zamfara,3. North West,Cashew nut,0,0,0,NA
36. Zamfara,3. North West,Cassava flour,0,0,0,NA
36. Zamfara,3. North West,Cassava roots,0.8677872862584249,1.2335231095501347,-0.3657358232917097,0.7035030633312631
36. Zamfara,3. North West,Cheese/wara,0.020140017971666563,0.0020961987079638894,0.018043819263702673,9.60787634070687
36. Zamfara,3. North West,Chicken,0.031080760372286395,0.04707745238941706,-0.015996692017130665,0.6602048070739126
36. Zamfara,3. North West,Chocolate drinks,7.251664858735725e-5,0,7.251664858735725e-5,NA
36. Zamfara,3. North West,Coconut,0,0,0,NA
36. Zamfara,3. North West,Cocoyam,0.0014563761102165834,0,0.0014563761102165834,NA
36. Zamfara,3. North West,Coffee,0,0,0,NA
36. Zamfara,3. North West,Dry pepper,0.008187970719154782,5.977931043892373e-4,0.007590177614765545,13.696997605083446
36. Zamfara,3. North West,Duck,0,0,0,NA
36. Zamfara,3. North West,Fish - dried,7.298734221464566e-4,0.0047119303675526945,-0.003982056945406238,0.15489902549759915
36. Zamfara,3. North West,Fish - fresh,0.0051979056691283465,0.009402845752226285,-0.004204940083097938,0.5528013333514116
36. Zamfara,3. North West,Fish - frozen,0.0022620581027325355,0.00604134136611524,-0.0037792832633827046,0.37442977737030364
36. Zamfara,3. North West,Fish - smoked,0,0,0,NA
36. Zamfara,3. North West,Fresh milk,0.09747638659362527,0.09934642919763721,-0.00187004260401194,0.9811765493826484
36. Zamfara,3. North West,Fresh pepper,0.07826371432954389,0.055840017784997996,0.022423696544545894,1.4015703689580532
36. Zamfara,3. North West,Fruit juice,0,0,0,NA
36. Zamfara,3. North West,Garden eggs/Eggplant,0.014760135479968697,0.02822791642482332,-0.013467780944854624,0.5228914262686706
36. Zamfara,3. North West,Gari - white,0.034778927998707555,0.05892935130897059,-0.024150423310263035,0.590180058428936
36. Zamfara,3. North West,Gari - yellow,0.06509160119422491,0.05676454815380444,0.008327053040420473,1.1466946062506864
36. Zamfara,3. North West,Gin,0,0,0,NA
36. Zamfara,3. North West,Goat,0.011861926082840224,0.009887992001923552,0.0019739340809166728,1.1996294172297748
36. Zamfara,3. North West,Ground pepper,0.001849733562269361,0.0034242896109628602,-0.0015745560486934993,0.5401802336891834
36. Zamfara,3. North West,Groundnut oil,0.06367912122774473,0.06966215302338563,-0.0059830317956409,0.9141135963220604
36. Zamfara,3. North West,Groundnuts - shelled,0.030862808568174284,0.022805390392197148,0.008057418175977136,1.3533120037591628
36. Zamfara,3. North West,Groundnuts - unshelled,0.029518880813717105,0.01035651712623019,0.019162363687486916,2.8502710374469378
36. Zamfara,3. North West,Guava,0,0.003446347188770015,-0.003446347188770015,0
36. Zamfara,3. North West,Guinea corn / sorghum,1.0618878220443764,0.8607389133784429,0.2011489086659335,1.2336932901946005
36. Zamfara,3. North West,Honey,9.97480232312994e-4,0.007819546544195376,-0.006822066311882383,0.12756241384015365
36. Zamfara,3. North West,Kola nut,0.0049058126130193305,0.004889252478061681,1.6560134957649755e-5,1.0033870484357181
36. Zamfara,3. North West,Leaves,0.051209732533229066,0.019347029431130487,0.03186270310209858,2.6469041521604164
36. Zamfara,3. North West,Local eggs,0.006479784684822217,0.009248439410836083,-0.002768654726013866,0.7006354690749309
36. Zamfara,3. North West,Maize - shelled/off cob,0.19390903165382087,0.1219280993394678,0.07198093231435307,1.5903555677838164
36. Zamfara,3. North West,Maize - unshelled/on cob,0.00196187657324097,0.01902356319852944,-0.01706168662528847,0.10312876472019852
36. Zamfara,3. North West,Maize flour,0.029241745894312058,0.04023574518957638,-0.01099399929526432,0.7267603907057134
36. Zamfara,3. North West,Malt drinks,0.003518468473137432,0.006143718008774844,-0.002625249535637412,0.5726936796435211
36. Zamfara,3. North West,Mangoes,0,0.009144073185863851,-0.009144073185863851,0
36. Zamfara,3. North West,Meat pie/Sausage roll,0,0,0,NA
36. Zamfara,3. North West,Melon - ground,0,0,0,NA
36. Zamfara,3. North West,Melon - shelled,0,0,0,NA
36. Zamfara,3. North West,Melon - unshelled,0,0,0,NA
36. Zamfara,3. North West,Milk - tinned,0,0,0,NA
36. Zamfara,3. North West,Milk powder,6.852645231798793e-4,0.0011631122670809743,-4.77847743901095e-4,0.5891645566594064
36. Zamfara,3. North West,Millet,0.58242903984268,0.4449872953722329,0.1374417444704471,1.3088666708011893
36. Zamfara,3. North West,Mutton,0.01603374230963883,0.004497485266582163,0.011536257043056665,3.5650461000450533
36. Zamfara,3. North West,Ogbono - ground,0,0,0,NA
36. Zamfara,3. North West,Ogbono - unground,0,0,0,NA
36. Zamfara,3. North West,Okra - dried,0.0035047475648354635,0.003873303857944731,-3.685562931092677e-4,0.9048470487660546
36. Zamfara,3. North West,Okra - fresh,0.004465642821103438,0.05729817696348103,-0.05283253414237759,0.07793690930079004
36. Zamfara,3. North West,Onions,0.13091714559650924,0.12841071261432113,0.0025064329821881115,1.0195188776010933
36. Zamfara,3. North West,Orange/Tangerine,0.030426541637200166,0.030761366482595157,-3.3482484539499105e-4,0.9891154105398915
36. Zamfara,3. North West,Other alcoholic beverages,0,0,0,NA
36. Zamfara,3. North West,Other domestic poultry,0,0,0,NA
36. Zamfara,3. North West,Other eggs,0,0,0,NA
36. Zamfara,3. North West,Other fish/seafood,0,0,0,NA
36. Zamfara,3. North West,Other fruits,0,0,0,NA
36. Zamfara,3. North West,Other grains/flour,0,0,0,NA
36. Zamfara,3. North West,Other meat,0,0,0,NA
36. Zamfara,3. North West,Other milk products,NA,0,NA,NA
36. Zamfara,3. North West,Other non-alcoholic drinks,0,0,0,NA
36. Zamfara,3. North West,Other nuts/seeds/pulses,0,0,0,NA
36. Zamfara,3. North West,Other oil/fat,0,0,0,NA
36. Zamfara,3. North West,Other roots/tubers,NA,0,NA,NA
36. Zamfara,3. North West,Other spices,0.02209594247208625,0.011976408829251084,0.010119533642835165,1.8449555945451108
36. Zamfara,3. North West,Other sweets,NA,0,NA,NA
36. Zamfara,3. North West,Other vegetables,0.0037374967979265563,0.009492204753508473,-0.005754707955581917,0.39374380293947164
36. Zamfara,3. North West,Palm oil,0.076988538806092785,0.07251413146516109,0.004474407340931699,1.0617039361918221
36. Zamfara,3. North West,Palm wine,0,0,0,NA
36. Zamfara,3. North West,Pawpaw,0.0018248504867975552,0.0029473923008129315,-0.0011225418140153763,0.6191406845618197
36. Zamfara,3. North West,Pineapples,0.01459967711126247,0.028107858950824495,-0.013508181839562025,0.5194161937700421
36. Zamfara,3. North West,Pito,0,0,0,NA
36. Zamfara,3. North West,Plantains,0,0,0,NA
36. Zamfara,3. North West,Pork,0,0,0,NA
36. Zamfara,3. North West,Potatoes,0.0033462593142017175,0.00520098974674597,-0.0018547304325442528,0.6433889465548984
36. Zamfara,3. North West,Rice - imported,0.014856295269961408,0.07181640979640727,-0.056960114526445865,0.20686491168352192
36. Zamfara,3. North West,Rice - local,0.6406329527413066,0.565410725365987,0.07522222737531958,1.1330399725378903
36. Zamfara,3. North West,Sachet water,1.0024363778669139,0.5745600432787462,0.42787633458816765,1.7447025591032697
36. Zamfara,3. North West,Salt,0.029938738016989545,0.02640137809477411,0.0035373599222154363,1.1339839121093311
36. Zamfara,3. North West,Seafood,0,0,0,NA
36. Zamfara,3. North West,Shea butter,NA,0,NA,NA
36. Zamfara,3. North West,Snails,0,0,0,NA
36. Zamfara,3. North West,Soft drinks,0.006147874227377976,0.026750046960820485,-0.02060217273344251,0.22982667044968083
36. Zamfara,3. North West,Soya beans,0.2136585650772827,0.15332244825708893,0.06033611682019377,1.3935243501918455
36. Zamfara,3. North West,Sugar,0.06956749748597937,0.05062539203940596,0.01894210544657341,1.3741621483509538
36. Zamfara,3. North West,Sweet potatoes,0.2419425871440436,0.18818767239911718,0.05375491474492641,1.2856452500826967
36. Zamfara,3. North West,Tea,0,2.88750481367231e-4,-2.88750481367231e-4,0
36. Zamfara,3. North West,Tomato puree - canned,0,0,0,NA
36. Zamfara,3. North West,Tomatoes,0.14734385146451026,0.1535326375726418,-0.006188786108131533,0.9596907458506769
36. Zamfara,3. North West,Watermelon,0.3211434493630913,0.5977501207384647,-0.27660667137537337,0.537253675442756
36. Zamfara,3. North West,Wheat flour,0,0,0,NA
36. Zamfara,3. North West,White beans,0.15575582971372953,0.1325127238979155,0.02324310581581404,1.1754028227034254
36. Zamfara,3. North West,Wild game/Bush meat,0,0,0,NA
36. Zamfara,3. North West,Yam flour,0,0,0,NA
36. Zamfara,3. North West,Yam roots,0.2897744097905631,0.021183630623944835,0.2685907791666183,13.679166472201311
37. FCT,1. North Central,Agricultural eggs,0.040818068070380874,0.03295161948407471,0.007866448586306161,1.2387272221964072
37. FCT,1. North Central,Animal fat,0,0,0,NA
37. FCT,1. North Central,Apples,0.00169871923176457,0.011794964957934508,-0.010096245726169937,0.14402071034741282
37. FCT,1. North Central,Avocado pear,0.010794656327023316,0.009918849433369022,8.758068936542945e-4,1.0882972263605395
37. FCT,1. North Central,Baby milk powder,4.8060993015586775e-4,7.154385208404099e-4,-2.348285906845421e-4,0.6717697134776945
37. FCT,1. North Central,Bananas,0.059080831080852485,0.18648907427081374,-0.12740824318996125,0.31680585745767126
37. FCT,1. North Central,Beef,0.06957895291626616,0.09094823790780966,-0.021369284991543502,0.7650390432720133
37. FCT,1. North Central,Beer,0.013452166632296718,0.026910717036156783,-0.013458550403860065,0.4998813897906405
37. FCT,1. North Central,Biscuits,0.014704511137296724,0.01994749155467896,-0.005242980417382236,0.7371609155461744
37. FCT,1. North Central,Bottled water,0.08823799767277836,0.06733294587673053,0.020905051796047833,1.3104728528337326
37. FCT,1. North Central,Bread,0.14220650960127115,0.1064928552644208,0.03571365433685035,1.3353619756759612
37. FCT,1. North Central,Brown beans,0.06729284350457941,0.10785935834719643,-0.040566514842617016,0.6238943429272547
37. FCT,1. North Central,Buns/Pofpof/Donuts,0.004903316136693765,0.00260877334506068,0.002294542791633085,1.8795485418376636
37. FCT,1. North Central,Butter/Margarine,0,0.0014341668927371524,-0.0014341668927371524,0
37. FCT,1. North Central,Cake,0.0044575165394138095,0.023470647543469933,-0.019013131004056123,0.18991877114417288
37. FCT,1. North Central,Canned fish/seafood,0,0,0,NA
37. FCT,1. North Central,Cashew nut,4.9895695458238e-4,0,4.9895695458238e-4,NA
37. FCT,1. North Central,Cassava flour,0.05714505646679971,0.06443126111911594,-0.007286204652316233,0.8869150700178595
37. FCT,1. North Central,Cassava roots,0,0.11931392740947223,-0.11931392740947223,0
37. FCT,1. North Central,Cheese/wara,2.7163298331972844e-4,0.005620149673456416,-0.005348516690136688,0.048331983862037076
37. FCT,1. North Central,Chicken,0.04186545425223715,0.08485120640136816,-0.04298575214913101,0.49339845628361156
37. FCT,1. North Central,Chocolate drinks,0.009011703136975836,0.007341096759470123,0.0016706063775057131,1.2275690448229832
37. FCT,1. North Central,Coconut,0.001226050737614818,0.0077193431217318365,-0.006493292384117019,0.15882837675179715
37. FCT,1. North Central,Cocoyam,0.002210915494663772,0.005414180564668552,-0.0032032650700047796,0.40835643884719997
37. FCT,1. North Central,Coffee,9.313385661195101e-4,0.0015577691284163525,-6.264305622968424e-4,0.5978668784291036
37. FCT,1. North Central,Dry pepper,0.0035008712119337453,0.0015633578630845314,0.001937513348849214,2.2393281120078723
37. FCT,1. North Central,Duck,0,0,0,NA
37. FCT,1. North Central,Fish - dried,0.02601262122103587,0.028140012972554744,-0.0021273917515188742,0.924399759389104
37. FCT,1. North Central,Fish - fresh,0.1384198098232967,0.08881870972277081,0.0496011001005259,1.5584532837208
37. FCT,1. North Central,Fish - frozen,0.013539777731625284,0.04715610387500718,-0.0336163261433819,0.2871267263197584
37. FCT,1. North Central,Fish - smoked,0.009188080310622666,0.035049761614158646,-0.02586168130353598,0.26214387452241794
37. FCT,1. North Central,Fresh milk,0.001892716922003656,0.005047575327058588,-0.0031548584050549323,0.374975468292142
37. FCT,1. North Central,Fresh pepper,0.05046018526009457,0.06533657955187373,-0.014876394291779164,0.7723114005383752
37. FCT,1. North Central,Fruit juice,0.005350213959293916,0,0.005350213959293916,NA
37. FCT,1. North Central,Garden eggs/Eggplant,0.03483569298832895,0.047022116143414894,-0.012186423155085946,0.7408363520280964
37. FCT,1. North Central,Gari - white,0.13079224477971788,0.13296204376363968,-0.0021697989839218057,0.9836810647422135
37. FCT,1. North Central,Gari - yellow,0.0328940391086556,0.07479918422331769,-0.04190514511466209,0.4397646772516712
37. FCT,1. North Central,Gin,0,0,0,NA
37. FCT,1. North Central,Goat,0.028481555696429958,0.032233608066431635,-0.0037520523700016774,0.883598126456433
37. FCT,1. North Central,Ground pepper,0.004073326675445554,0.0020728799610215975,0.0020004467144239565,1.9650567095250693
37. FCT,1. North Central,Groundnut oil,0.11187960880879361,0.10243269316912193,0.009446915639671677,1.0922255907503506
37. FCT,1. North Central,Groundnuts - shelled,0.013061293344508744,0.031403011891485665,-0.018341718546976922,0.41592486063574263
37. FCT,1. North Central,Groundnuts - unshelled,0.0013214593028605419,0.04853144819349022,-0.04720998889062968,0.027228927881814087
37. FCT,1. North Central,Guava,0,0.0034647421806764216,-0.0034647421806764216,0
37. FCT,1. North Central,Guinea corn / sorghum,0.21462655890051585,0.15762383198379032,0.05700272691672553,1.361637743476428
37. FCT,1. North Central,Honey,0.00858190657655273,0.015586381010326509,-0.007004474433773779,0.5506028994714632
37. FCT,1. North Central,Kola nut,0.001249570471786348,0.0010253049949451695,2.242654768411785e-4,1.218730502579061
37. FCT,1. North Central,Leaves,0.15842314718129624,0.10528750149423775,0.05313564568705849,1.5046719214812647
37. FCT,1. North Central,Local eggs,0.0014503771617558306,0.0016408602528624394,-1.9048309110660877e-4,0.883912666679374
37. FCT,1. North Central,Maize - shelled/off cob,0.05082171469635125,0.02906110135431156,0.02176061334203969,1.7487883228077055
37. FCT,1. North Central,Maize - unshelled/on cob,0.004074031184611143,0.16129324612667845,-0.1572192149420673,0.025258535508743067
37. FCT,1. North Central,Maize flour,0.2458708302483618,0.24722013712090632,-0.0013493068725445312,0.994542083471604
37. FCT,1. North Central,Malt drinks,0.0176531594189848,0.06138171352636802,-0.04372855410738322,0.28759639320595787
37. FCT,1. North Central,Mangoes,0.026300620422854522,0,0.026300620422854522,NA
37. FCT,1. North Central,Meat pie/Sausage roll,0.0027101628886603037,0.00503964224590799,-0.002329479357247686,0.537768904302852
37. FCT,1. North Central,Melon - ground,0.010817151665195061,0.010469972263493239,3.471794017018224e-4,1.0331595340431197
37. FCT,1. North Central,Melon - shelled,0.007589295515714879,0.008016159606072625,-4.268640903577455e-4,0.9467495519881646
37. FCT,1. North Central,Melon - unshelled,3.527496855316313e-4,9.271092010655641e-5,2.600387654250749e-4,3.8048342646821087
37. FCT,1. North Central,Milk - tinned,0.0017471619285008622,0.0014224222872333042,3.2473964126755804e-4,1.2283004450803396
37. FCT,1. North Central,Milk powder,0.01710019602251248,0.009044684661745609,0.00805551136076687,1.8906348493096243
37. FCT,1. North Central,Millet,0.07716267821753658,0.04236979003555458,0.03479288818198201,1.8211720698352667
37. FCT,1. North Central,Mutton,0.006703002273436982,0.038745823557928764,-0.03204282128449178,0.17299934955351623
37. FCT,1. North Central,Ogbono - ground,0.005036946294867203,0.003557469681779161,0.001479476613088042,1.4158789098514892
37. FCT,1. North Central,Ogbono - unground,9.073964865965864e-4,2.0477286969261172e-4,7.026236169039746e-4,4.431233922534249
37. FCT,1. North Central,Okra - dried,0.01160128417431557,0.003355126472280554,0.008246157702035017,3.457778498117217
37. FCT,1. North Central,Okra - fresh,0.0483156009740095,0.08129000256573175,-0.032974401591722255,0.5943609232259663
37. FCT,1. North Central,Onions,0.18953787965805918,0.1497560512100598,0.03978182844799938,1.2656442135496628
37. FCT,1. North Central,Orange/Tangerine,0.14469546074459563,0.11508692802816946,0.029608532716426175,1.2572710317646065
37. FCT,1. North Central,Other alcoholic beverages,0,0,0,NA
37. FCT,1. North Central,Other domestic poultry,0,0,0,NA
37. FCT,1. North Central,Other eggs,1.7439270965008738e-4,0,1.7439270965008738e-4,NA
37. FCT,1. North Central,Other fish/seafood,0,0,0,NA
37. FCT,1. North Central,Other fruits,0,0,0,NA
37. FCT,1. North Central,Other grains/flour,6.757821407346312e-5,0,6.757821407346312e-5,NA
37. FCT,1. North Central,Other meat,6.392837822600993e-4,0,6.392837822600993e-4,NA
37. FCT,1. North Central,Other milk products,NA,0,NA,NA
37. FCT,1. North Central,Other non-alcoholic drinks,0,0,0,NA
37. FCT,1. North Central,Other nuts/seeds/pulses,0,0,0,NA
37. FCT,1. North Central,Other oil/fat,0,0,0,NA
37. FCT,1. North Central,Other roots/tubers,NA,0,NA,NA
37. FCT,1. North Central,Other spices,0.01984515789102849,0.002412269682397482,0.01743288820863101,8.226757578491384
37. FCT,1. North Central,Other sweets,NA,0,NA,NA
37. FCT,1. North Central,Other vegetables,0,0.0020186099378258493,-0.0020186099378258493,0
37. FCT,1. North Central,Palm oil,0.10880038647156129,0.08762142625012707,0.021178960221434215,1.2417098320332751
37. FCT,1. North Central,Palm wine,0.005363409372322399,0.0018253063810315972,0.0035381029912908016,2.9383611584654594
37. FCT,1. North Central,Pawpaw,0.019189047402502372,0.020796144207559382,-0.0016070968050570095,0.9227214050346492
37. FCT,1. North Central,Pineapples,0.18795528862181268,0.08031800454449896,0.10763728407731372,2.340138922620755
37. FCT,1. North Central,Pito,0,1.777176492079716e-5,-1.777176492079716e-5,0
37. FCT,1. North Central,Plantains,0.11290527400317796,0.14502991426691408,-0.032124640263736126,0.7784964541548738
37. FCT,1. North Central,Pork,7.704674873145498e-4,5.852730777102276e-4,1.851944096043222e-4,1.3164239338137012
37. FCT,1. North Central,Potatoes,0.09231277889304361,0.28449560716709027,-0.19218282827404665,0.32447874964489826
37. FCT,1. North Central,Rice - imported,0.03260396476188893,0.07032805524036992,-0.037724090478480986,0.4635982702842252
37. FCT,1. North Central,Rice - local,1.100904630560767,0.28513312195976714,0.8157715086009999,3.8610198036414265
37. FCT,1. North Central,Sachet water,3.2353181991963407,1.7306335615930026,1.504684637603338,1.869441498764369
37. FCT,1. North Central,Salt,0.14473757479527183,0.0353816818587967,0.10935589293647513,4.0907488618799714
37. FCT,1. North Central,Seafood,8.037250800756616e-4,0,8.037250800756616e-4,NA
37. FCT,1. North Central,Shea butter,NA,0,NA,NA
37. FCT,1. North Central,Snails,0.0010221727417126128,0.002173382395218831,-0.0011512096535062182,0.47031426405278004
37. FCT,1. North Central,Soft drinks,0.1880746593357973,0.15649615845046977,0.03157850088532754,1.2017845115049388
37. FCT,1. North Central,Soya beans,0.013278615542657921,0.004762381250727232,0.008516234291930689,2.7882302662413325
37. FCT,1. North Central,Sugar,0.041208845125323766,0.02823424519360179,0.012974599931721977,1.4595341523300993
37. FCT,1. North Central,Sweet potatoes,0.13977178290966746,0.2080311107235608,-0.06825932781389335,0.6718792320221816
37. FCT,1. North Central,Tea,0.0061299505767950626,0.003985143959343851,0.0021448066174512117,1.5382005366261227
37. FCT,1. North Central,Tomato puree - canned,0.015997595773743285,0.005764856620994552,0.010232739152748731,2.7750205816885316
37. FCT,1. North Central,Tomatoes,0.15810272620184368,0.24364988597710613,-0.08554715977526245,0.6488930851241989
37. FCT,1. North Central,Watermelon,0.2729310155073066,0.2999646074910563,-0.027033591983749716,0.9098773945037641
37. FCT,1. North Central,Wheat flour,0.012261179998620059,0.03779570421236312,-0.02553452421374306,0.32440670849068026
37. FCT,1. North Central,White beans,0.17520957807120227,0.16660705613210644,0.00860252193909583,1.051633599073227
37. FCT,1. North Central,Wild game/Bush meat,7.704674873145498e-4,0,7.704674873145498e-4,NA
37. FCT,1. North Central,Yam flour,0.04832490891659896,0.04163772269385342,0.006687186222745542,1.1606040337968029
37. FCT,1. North Central,Yam roots,1.12503558166914,0.5241487955796013,0.6008867860895387,2.14640497346766
4. Anambra,4. South East,Agricultural eggs,0.014260843916381228,0.010661997088749967,0.0035988468276312614,1.3375396558144435
4. Anambra,4. South East,Animal fat,0,0,0,NA
4. Anambra,4. South East,Apples,0.0018356092087339114,0.002194047534076673,-3.584383253427614e-4,0.8366314677436539
4. Anambra,4. South East,Avocado pear,0.01838174173210732,8.230568644170025e-4,0.017558684867690317,22.333501519518578
4. Anambra,4. South East,Baby milk powder,0.0014413112371372673,0.003499445643145774,-0.002058134406008507,0.411868445495162
4. Anambra,4. South East,Bananas,0.0348080095838806,0.029215950917253257,0.005592058666627341,1.1914043011115887
4. Anambra,4. South East,Beef,0.1318452981418611,0.15973209064989236,-0.02788679250803125,0.8254152162250558
4. Anambra,4. South East,Beer,0.034914554579211575,0.089391420656116,-0.05447686607690442,0.3905805984841207
4. Anambra,4. South East,Biscuits,0.0024133006182269386,0.0030954463184277702,-6.821457002008317e-4,0.7796292908909804
4. Anambra,4. South East,Bottled water,0.0022123510249593996,0.01694811778805238,-0.014735766763092979,0.13053667980281577
4. Anambra,4. South East,Bread,0.11545743831431636,0.13252761766860643,-0.017070179354290074,0.8711953051402831
4. Anambra,4. South East,Brown beans,0.07091791652376794,0.06696622743357658,0.003951689090191363,1.0590101793342177
4. Anambra,4. South East,Buns/Pofpof/Donuts,0,9.914684165374327e-4,-9.914684165374327e-4,0
4. Anambra,4. South East,Butter/Margarine,0,0,0,NA
4. Anambra,4. South East,Cake,0,0.003010535224122426,-0.003010535224122426,0
4. Anambra,4. South East,Canned fish/seafood,0,0,0,NA
4. Anambra,4. South East,Cashew nut,0,4.731283244394028e-4,-4.731283244394028e-4,0
4. Anambra,4. South East,Cassava flour,0.01879692532965355,0.0014698674340785534,0.017327057895574996,12.788177283101161
4. Anambra,4. South East,Cassava roots,0.4923488709922801,0.05274473096916904,0.43960414002311105,9.334560285843027
4. Anambra,4. South East,Cheese/wara,0,0,0,NA
4. Anambra,4. South East,Chicken,0.008309131154558357,0.012126264408223373,-0.0038171332536650164,0.6852177121359448
4. Anambra,4. South East,Chocolate drinks,0.007280326434166472,0.007069514746396122,2.108116877703502e-4,1.029819824320731
4. Anambra,4. South East,Coconut,0.03505022682388332,0.0357195658369248,-6.693390130414825e-4,0.981261278031841
4. Anambra,4. South East,Cocoyam,0.1415451271598667,0.15790552821778978,-0.01636040105792308,0.8963912078153582
4. Anambra,4. South East,Coffee,0,0,0,NA
4. Anambra,4. South East,Dry pepper,6.216920373927306e-4,0.003947309252671465,-0.0033256172152787344,0.15749767692307895
4. Anambra,4. South East,Duck,0,0,0,NA
4. Anambra,4. South East,Fish - dried,0.012654516225188995,0.019101702482144916,-0.006447186256955921,0.662481066125789
4. Anambra,4. South East,Fish - fresh,0.046822466238909594,0.021727860187147032,0.02509460605176256,2.154950641048726
4. Anambra,4. South East,Fish - frozen,0.028580417301822862,0.0613919546142436,-0.03281153731242074,0.4655401099607911
4. Anambra,4. South East,Fish - smoked,0.02355390393028725,0.0070372558061543074,0.016516648124132942,3.3470296631378105
4. Anambra,4. South East,Fresh milk,0,0,0,NA
4. Anambra,4. South East,Fresh pepper,0.03826671823978627,0.06115476161826343,-0.022888043378477156,0.6257357109598837
4. Anambra,4. South East,Fruit juice,0,0,0,NA
4. Anambra,4. South East,Garden eggs/Eggplant,0.017624711621231158,0.01585429056624977,0.0017704210549813887,1.1116682608776087
4. Anambra,4. South East,Gari - white,0.27524983484100457,0.37800052932415795,-0.10275069448315338,0.7281731465644627
4. Anambra,4. South East,Gari - yellow,0.01000324667504764,0.032446556288625056,-0.022443309613577416,0.3082991793047241
4. Anambra,4. South East,Gin,0,6.654403694167777e-4,-6.654403694167777e-4,0
4. Anambra,4. South East,Goat,0.00882939315977199,0.0015128049052866655,0.007316588254485325,5.836438742971213
4. Anambra,4. South East,Ground pepper,0.00306473682974819,0.005036747533406925,-0.0019720107036587347,0.6084753721366614
4. Anambra,4. South East,Groundnut oil,0.05095444757863407,0.08272304088149746,-0.031768593302863385,0.61596439197185
4. Anambra,4. South East,Groundnuts - shelled,0.007401367249153324,0.005690649280882676,0.0017107179682706473,1.3006191181062028
4. Anambra,4. South East,Groundnuts - unshelled,2.1574431468486714e-4,0.05467045726911864,-0.05445471295443378,0.003946268706384742
4. Anambra,4. South East,Guava,0.0027738616824500638,0.04122157672663141,-0.038447715044181346,0.06729149883919884
4. Anambra,4. South East,Guinea corn / sorghum,0,0,0,NA
4. Anambra,4. South East,Honey,0,3.486099704622706e-4,-3.486099704622706e-4,0
4. Anambra,4. South East,Kola nut,2.1810502221854318e-4,8.592840157302046e-4,-6.411789935116613e-4,0.2538218077211658
4. Anambra,4. South East,Leaves,0.10745450178160332,0.05101137921538593,0.05644312256621739,2.106481013342081
4. Anambra,4. South East,Local eggs,0.00129582390793112,5.360909233210495e-4,7.597329846100705e-4,2.4171718855144433
4. Anambra,4. South East,Maize - shelled/off cob,0,0.004029007926364447,-0.004029007926364447,0
4. Anambra,4. South East,Maize - unshelled/on cob,0,0.31237509242359646,-0.31237509242359646,0
4. Anambra,4. South East,Maize flour,0.008857976475171812,0.005670808274653203,0.0031871682005186084,1.5620306746684218
4. Anambra,4. South East,Malt drinks,0.019700015575249027,0.015826499464326352,0.0038735161109226743,1.2447487594874505
4. Anambra,4. South East,Mangoes,0.03180344524346588,0,0.03180344524346588,NA
4. Anambra,4. South East,Meat pie/Sausage roll,4.664533301475611e-4,0.0012774472615391154,-8.109939313915542e-4,0.3651448824474844
4. Anambra,4. South East,Melon - ground,0.010111731961822771,0.009254749410300302,8.569825515224692e-4,1.0925992172806613
4. Anambra,4. South East,Melon - shelled,0.0016722198280576604,0.015748229503582838,-0.014076009675525178,0.10618462397167999
4. Anambra,4. South East,Melon - unshelled,1.895034611506785e-4,8.854548648639029e-5,1.0095797466428822e-4,2.140182054110751
4. Anambra,4. South East,Milk - tinned,0.0019586506151289197,0.0026657981446347686,-7.071475295058489e-4,0.7347332801888747
4. Anambra,4. South East,Milk powder,0.009989237637931931,0.009478806587613818,5.10431050318113e-4,1.0538497167971657
4. Anambra,4. South East,Millet,0,0,0,NA
4. Anambra,4. South East,Mutton,0,0,0,NA
4. Anambra,4. South East,Ogbono - ground,0.0022054164847968775,0.001871696871786364,3.3371961301051356e-4,1.1782978953702095
4. Anambra,4. South East,Ogbono - unground,0.0010084146028949935,0.006821034882873801,-0.005812620279978808,0.1478389452936112
4. Anambra,4. South East,Okra - dried,0,0.0018671322130968907,-0.0018671322130968907,0
4. Anambra,4. South East,Okra - fresh,0.07146555861099421,0.09593362626265589,-0.02446806765166168,0.7449479540711746
4. Anambra,4. South East,Onions,0.10204084851589898,0.23990933491460403,-0.13786848639870505,0.42533087990186175
4. Anambra,4. South East,Orange/Tangerine,0.07171204380350756,0.15417699968775303,-0.08246495588424547,0.46512802784294915
4. Anambra,4. South East,Other alcoholic beverages,0,0,0,NA
4. Anambra,4. South East,Other domestic poultry,0,0,0,NA
4. Anambra,4. South East,Other eggs,0,0,0,NA
4. Anambra,4. South East,Other fish/seafood,0,0,0,NA
4. Anambra,4. South East,Other fruits,0,5.20746023471011e-4,-5.20746023471011e-4,0
4. Anambra,4. South East,Other grains/flour,0,0.004425899800330715,-0.004425899800330715,0
4. Anambra,4. South East,Other meat,0,0,0,NA
4. Anambra,4. South East,Other milk products,NA,0,NA,NA
4. Anambra,4. South East,Other non-alcoholic drinks,0,0,0,NA
4. Anambra,4. South East,Other nuts/seeds/pulses,0,0,0,NA
4. Anambra,4. South East,Other oil/fat,0,0,0,NA
4. Anambra,4. South East,Other roots/tubers,NA,0,NA,NA
4. Anambra,4. South East,Other spices,0.006350855210768568,0.00688117361859817,-5.303184078296018e-4,0.9229319826495472
4. Anambra,4. South East,Other sweets,NA,0,NA,NA
4. Anambra,4. South East,Other vegetables,6.1760628489062e-4,0,6.1760628489062e-4,NA
4. Anambra,4. South East,Palm oil,0.08600471780820744,0.09455155332425573,-0.00854683551604829,0.9096066091401194
4. Anambra,4. South East,Palm wine,0.0032561815009183297,0,0.0032561815009183297,NA
4. Anambra,4. South East,Pawpaw,0.14217468726478974,0.03089856089838767,0.11127612636640208,4.6013368626565585
4. Anambra,4. South East,Pineapples,0.0017017186411340157,0.017981837173679564,-0.01628011853254555,0.09463541598657456
4. Anambra,4. South East,Pito,0,0,0,NA
4. Anambra,4. South East,Plantains,0.08884421919976963,0.06966264452332281,0.019181574676446822,1.2753495048558614
4. Anambra,4. South East,Pork,0,0,0,NA
4. Anambra,4. South East,Potatoes,0,9.446356987358865e-4,-9.446356987358865e-4,0
4. Anambra,4. South East,Rice - imported,0.12113744820650511,0.00461310813898546,0.11652434006751966,26.259399206962083
4. Anambra,4. South East,Rice - local,0.4263753045991607,0.5008818325116172,-0.07450652791245654,0.8512492905984398
4. Anambra,4. South East,Sachet water,1.2999231134260485,1.0727223332140137,0.22720078021203483,1.2117983127388727
4. Anambra,4. South East,Salt,0.015333628818504592,0.019536091061770986,-0.004202462243266394,0.7848872514988455
4. Anambra,4. South East,Seafood,0,0,0,NA
4. Anambra,4. South East,Shea butter,NA,0,NA,NA
4. Anambra,4. South East,Snails,0,0,0,NA
4. Anambra,4. South East,Soft drinks,0.049314263933835444,0.10999238219284221,-0.06067811825900677,0.4483425392803665
4. Anambra,4. South East,Soya beans,0.005385117522140055,0.0014638925678120715,0.003921224954327984,3.678628910718928
4. Anambra,4. South East,Sugar,0.012022307732653757,0.014654152910691713,-0.0026318451780379566,0.8204027763271288
4. Anambra,4. South East,Sweet potatoes,0.01774111784725617,0.1607978863669667,-0.14305676851971055,0.11033178512538452
4. Anambra,4. South East,Tea,3.794600613254015e-4,0.003173443983925425,-0.002793983922600023,0.11957358102033501
4. Anambra,4. South East,Tomato puree - canned,0.050145153374872194,0.062019823260399294,-0.0118746698855271,0.8085342836971727
4. Anambra,4. South East,Tomatoes,0.14846377031617172,0.207215192888339,-0.05875142257216728,0.7164714529217635
4. Anambra,4. South East,Watermelon,0.08857061820815164,0.32281464196110143,-0.23424402375294978,0.2743698912480687
4. Anambra,4. South East,Wheat flour,0.01307368456796067,0,0.01307368456796067,NA
4. Anambra,4. South East,White beans,0.07828505086558377,0.13289999260184857,-0.0546149417362648,0.5890523342624691
4. Anambra,4. South East,Wild game/Bush meat,0,0,0,NA
4. Anambra,4. South East,Yam flour,0,0,0,NA
4. Anambra,4. South East,Yam roots,1.0552733448955924,0.318086815246882,0.7371865296487105,3.317563930075334
5. Bauchi,2. North East,Agricultural eggs,3.98306399286451e-4,6.454433237506609e-4,-2.4713692446420995e-4,0.6171051502584283
5. Bauchi,2. North East,Animal fat,0,0,0,NA
5. Bauchi,2. North East,Apples,3.15306328779369e-4,2.815464893046844e-4,3.3759839474684604e-5,1.119908579070046
5. Bauchi,2. North East,Avocado pear,0.0010053398135084937,0,0.0010053398135084937,NA
5. Bauchi,2. North East,Baby milk powder,0,0,0,NA
5. Bauchi,2. North East,Bananas,0.003401670416507936,0.00596343403883852,-0.002561763622330584,0.5704214039014456
5. Bauchi,2. North East,Beef,0.010060800696275508,0.005682432750228466,0.004378367946047042,1.770509417092707
5. Bauchi,2. North East,Beer,0,8.553598898615012e-4,-8.553598898615012e-4,0
5. Bauchi,2. North East,Biscuits,0.0032682570495912934,0.002961370797315214,3.068862522760795e-4,1.1036297962262285
5. Bauchi,2. North East,Bottled water,0,7.938340613169443e-4,-7.938340613169443e-4,0
5. Bauchi,2. North East,Bread,0.07434660781062298,0.06605430658770076,0.008292301222922224,1.125537631856183
5. Bauchi,2. North East,Brown beans,0.0013125416267720815,7.11768093655238e-4,6.007735331168435e-4,1.844057971229942
5. Bauchi,2. North East,Buns/Pofpof/Donuts,2.3501978190432654e-4,6.195781202185635e-4,-3.8455833831423694e-4,0.379322274681715
5. Bauchi,2. North East,Butter/Margarine,9.505267021229089e-6,0,9.505267021229089e-6,NA
5. Bauchi,2. North East,Cake,0,7.256913506984881e-4,-7.256913506984881e-4,0
5. Bauchi,2. North East,Canned fish/seafood,0,0,0,NA
5. Bauchi,2. North East,Cashew nut,2.3900473016619527e-5,0,2.3900473016619527e-5,NA
5. Bauchi,2. North East,Cassava flour,0.02399832848212642,0.008273266363490796,0.015725062118635627,2.9007078253915473
5. Bauchi,2. North East,Cassava roots,0.06558087790386348,2.6124616270022227,-2.546880749098359,0.025103097104288177
5. Bauchi,2. North East,Cheese/wara,6.087857100015745e-4,0.004103453567493335,-0.0034946678574917607,0.14835935145562318
5. Bauchi,2. North East,Chicken,0.016797994942695814,0.005414321571874152,0.011383673370821662,3.10251150023238
5. Bauchi,2. North East,Chocolate drinks,1.5277510995998316e-4,1.4967745357730915e-4,3.0976563826740175e-6,1.020695544376522
5. Bauchi,2. North East,Coconut,0,2.1168908301785183e-4,-2.1168908301785183e-4,0
5. Bauchi,2. North East,Cocoyam,0,0,0,NA
5. Bauchi,2. North East,Coffee,0,4.2337817026948536e-5,-4.2337817026948536e-5,0
5. Bauchi,2. North East,Dry pepper,0.0037669645884896128,0.005612686979716952,-0.0018457223912273393,0.6711517321565617
5. Bauchi,2. North East,Duck,0.006647817695023632,5.370838105445131e-4,0.0061107338844791186,12.37761698362097
5. Bauchi,2. North East,Fish - dried,0.010960665208231909,0.017360680755730565,-0.006400015547498656,0.6313499661938036
5. Bauchi,2. North East,Fish - fresh,0.024050951723600177,0.009676797529700869,0.014374154193899308,2.48542471306038
5. Bauchi,2. North East,Fish - frozen,5.836896800534718e-4,4.532654436016108e-4,1.3042423645186104e-4,1.2877436131365332
5. Bauchi,2. North East,Fish - smoked,7.167663923725226e-4,0.001163240168050734,-4.464737756782114e-4,0.616180916081692
5. Bauchi,2. North East,Fresh milk,0.012203333891423956,0.07415199394841725,-0.06194866005699329,0.16457189134944944
5. Bauchi,2. North East,Fresh pepper,0.01680271795927277,0.05460160182095575,-0.03779888386168298,0.3077330590844314
5. Bauchi,2. North East,Fruit juice,0,4.2337816603570366e-4,-4.2337816603570366e-4,0
5. Bauchi,2. North East,Garden eggs/Eggplant,0.013405096601404152,0.023113982314327815,-0.009708885712923663,0.5799561676178426
5. Bauchi,2. North East,Gari - white,0.006367982470214942,0.007304603655561242,-9.366211853463003e-4,0.8717765905569402
5. Bauchi,2. North East,Gari - yellow,8.21809464629169e-4,0.00195320828999301,-0.0011313988253638411,0.42074850329050667
5. Bauchi,2. North East,Gin,0,0,0,NA
5. Bauchi,2. North East,Goat,0.011531298408520558,0.008690412912670885,0.0028408854958496734,1.326898793463263
5. Bauchi,2. North East,Ground pepper,0.002077979874795913,0.0014795168860814703,5.984629887144427e-4,1.404498924172122
5. Bauchi,2. North East,Groundnut oil,0.02891132873172982,0.045196211772015896,-0.016284883040286077,0.6396847788387173
5. Bauchi,2. North East,Groundnuts - shelled,0.017890339930594166,0.00837111386142263,0.009519226069171535,2.1371516654479943
5. Bauchi,2. North East,Groundnuts - unshelled,0.008361841113106698,0.001613248090507453,0.006748593022599244,5.183233231335455
5. Bauchi,2. North East,Guava,0.0029498546148725535,6.884918920461713e-4,0.0022613627228263824,4.28451612713361
5. Bauchi,2. North East,Guinea corn / sorghum,1.2074477663300789,0.8294747363681877,0.3779730299618912,1.455677567247951
5. Bauchi,2. North East,Honey,5.097822832372948e-4,0,5.097822832372948e-4,NA
5. Bauchi,2. North East,Kola nut,0.0028321745853170377,0.002413205843648974,4.189687416680638e-4,1.1736150037804265
5. Bauchi,2. North East,Leaves,0.030769023014987167,0.06066902412464108,-0.02990000110965391,0.5071619901413603
5. Bauchi,2. North East,Local eggs,0.0012819785731667068,0.0019053691530363757,-6.233905798696689e-4,0.6728242509456813
5. Bauchi,2. North East,Maize - shelled/off cob,0.05316835568928598,0.3480637976817804,-0.29489544199249446,0.1527546272936305
5. Bauchi,2. North East,Maize - unshelled/on cob,0,0.012840749286969705,-0.012840749286969705,0
5. Bauchi,2. North East,Maize flour,0.2130830980798236,0.13638171516978992,0.07670138291003367,1.5624022458915658
5. Bauchi,2. North East,Malt drinks,0.0033754346172184995,0.0057610171269486445,-0.002385582509730145,0.5859094918202956
5. Bauchi,2. North East,Mangoes,1.1813969818259197e-4,0,1.1813969818259197e-4,NA
5. Bauchi,2. North East,Meat pie/Sausage roll,3.2679728674686614e-4,0,3.2679728674686614e-4,NA
5. Bauchi,2. North East,Melon - ground,0,0,0,NA
5. Bauchi,2. North East,Melon - shelled,0,0,0,NA
5. Bauchi,2. North East,Melon - unshelled,0,0,0,NA
5. Bauchi,2. North East,Milk - tinned,0,6.774050804753617e-5,-6.774050804753617e-5,0
5. Bauchi,2. North East,Milk powder,7.098309300533531e-4,3.634581158941314e-4,3.4637281415922166e-4,1.9529923779721392
5. Bauchi,2. North East,Millet,0.6016758960643026,0.5028392388706895,0.09883665719361312,1.1965571688788392
5. Bauchi,2. North East,Mutton,0.003747367752423143,0,0.003747367752423143,NA
5. Bauchi,2. North East,Ogbono - ground,1.0762343643140786e-5,0,1.0762343643140786e-5,NA
5. Bauchi,2. North East,Ogbono - unground,0,0,0,NA
5. Bauchi,2. North East,Okra - dried,0.011414982457692582,0.0012366108326732775,0.010178371625019306,9.230860797989235
5. Bauchi,2. North East,Okra - fresh,0.005321978989818754,0.07657563355085718,-0.07125365456103842,0.06949964032989943
5. Bauchi,2. North East,Onions,0.1054421723442064,0.12875108920786074,-0.02330891686365434,0.8189614005826116
5. Bauchi,2. North East,Orange/Tangerine,0.04084494855564057,0.04801187363707687,-0.0071669250814363,0.8507259863338954
5. Bauchi,2. North East,Other alcoholic beverages,0,0,0,NA
5. Bauchi,2. North East,Other domestic poultry,0,0,0,NA
5. Bauchi,2. North East,Other eggs,0,0,0,NA
5. Bauchi,2. North East,Other fish/seafood,0,0,0,NA
5. Bauchi,2. North East,Other fruits,0,0,0,NA
5. Bauchi,2. North East,Other grains/flour,0,0.002540540073253874,-0.002540540073253874,0
5. Bauchi,2. North East,Other meat,0,0,0,NA
5. Bauchi,2. North East,Other milk products,NA,0,NA,NA
5. Bauchi,2. North East,Other non-alcoholic drinks,0.0013431914503500284,0,0.0013431914503500284,NA
5. Bauchi,2. North East,Other nuts/seeds/pulses,0,0,0,NA
5. Bauchi,2. North East,Other oil/fat,0,0,0,NA
5. Bauchi,2. North East,Other roots/tubers,NA,0,NA,NA
5. Bauchi,2. North East,Other spices,0.016419276680426663,0.014557089755971168,0.0018621869244554948,1.127923022779443
5. Bauchi,2. North East,Other sweets,NA,0,NA,NA
5. Bauchi,2. North East,Other vegetables,0,0,0,NA
5. Bauchi,2. North East,Palm oil,0.07365356835640922,0.06952743145467878,0.004126136901730443,1.059345452800454
5. Bauchi,2. North East,Palm wine,8.8750088804668e-4,0,8.8750088804668e-4,NA
5. Bauchi,2. North East,Pawpaw,0.0011257403547461338,0,0.0011257403547461338,NA
5. Bauchi,2. North East,Pineapples,0,5.789696198264711e-4,-5.789696198264711e-4,0
5. Bauchi,2. North East,Pito,6.435323837040044e-4,0,6.435323837040044e-4,NA
5. Bauchi,2. North East,Plantains,0,0.0015654238268790709,-0.0015654238268790709,0
5. Bauchi,2. North East,Pork,0,0,0,NA
5. Bauchi,2. North East,Potatoes,5.506703024512564e-4,0.011086700551398087,-0.01053603024894683,0.049669448534155114
5. Bauchi,2. North East,Rice - imported,0,9.407959951479032e-4,-9.407959951479032e-4,0
5. Bauchi,2. North East,Rice - local,0.416331017008619,0.3996819827578763,0.01664903425074271,1.0416557037068856
5. Bauchi,2. North East,Sachet water,0.249297053576702,0.1971018591092777,0.05219519446742432,1.264813303655782
5. Bauchi,2. North East,Salt,0.028698743786412427,0.038536018764273816,-0.009837274977861389,0.7447251871544814
5. Bauchi,2. North East,Seafood,1.4464135927454822e-4,0,1.4464135927454822e-4,NA
5. Bauchi,2. North East,Shea butter,NA,0,NA,NA
5. Bauchi,2. North East,Snails,0,0,0,NA
5. Bauchi,2. North East,Soft drinks,0.024820232917655307,0.014080965476035196,0.01073926744162011,1.7626797650983224
5. Bauchi,2. North East,Soya beans,0.02928346270122707,0.016970934718837507,0.012312527982389562,1.7255067670917867
5. Bauchi,2. North East,Sugar,0.020938316349622666,0.05631392252685347,-0.0353756061772308,0.37181420526403863
5. Bauchi,2. North East,Sweet potatoes,0.11158073410185836,0.08096637456768296,0.030614359534175392,1.3781120211648312
5. Bauchi,2. North East,Tea,3.8760244190185595e-4,1.006248863696275e-4,2.8697755553222845e-4,3.8519540829896473
5. Bauchi,2. North East,Tomato puree - canned,0.0012822273113022803,0.0039739133074524514,-0.002691685996150171,0.32266111817227217
5. Bauchi,2. North East,Tomatoes,0.09447044039217048,0.09064311411933884,0.003827326272831638,1.0422241260135068
5. Bauchi,2. North East,Watermelon,0.09500000433336755,0.15924589024241542,-0.06424588590904787,0.5965617334849382
5. Bauchi,2. North East,Wheat flour,0.00526823698513768,0,0.00526823698513768,NA
5. Bauchi,2. North East,White beans,0.15651597555606336,0.23209300228418048,-0.07557702672811711,0.6743674906855713
5. Bauchi,2. North East,Wild game/Bush meat,0,0,0,NA
5. Bauchi,2. North East,Yam flour,7.196771697167715e-4,0,7.196771697167715e-4,NA
5. Bauchi,2. North East,Yam roots,0.08722702177057534,0.04059434539956871,0.04663267637100663,2.1487480808472914
6. Bayelsa,5. South South,Agricultural eggs,0.012962815101070136,0.021458349880481085,-0.00849553477941095,0.6040918883917236
6. Bayelsa,5. South South,Animal fat,0,0,0,NA
6. Bayelsa,5. South South,Apples,3.9628587983276e-4,0,3.9628587983276e-4,NA
6. Bayelsa,5. South South,Avocado pear,0.0030975638044218228,0,0.0030975638044218228,NA
6. Bayelsa,5. South South,Baby milk powder,4.0249147435246295e-4,0.001009448358186004,-6.069568838335412e-4,0.39872418543108734
6. Bayelsa,5. South South,Bananas,0.12562727329064696,0.08236847335707022,0.043258799933576744,1.5251863749622787
6. Bayelsa,5. South South,Beef,0.021079838988608463,0.09002547401815321,-0.06894563502954475,0.2341541571262131
6. Bayelsa,5. South South,Beer,0.0038663674961163276,0.0071555740524314945,-0.003289206556315167,0.5403294645245855
6. Bayelsa,5. South South,Biscuits,0.020477183012745846,0.018814366388943692,0.0016628166238021533,1.088380155325311
6. Bayelsa,5. South South,Bottled water,0.050067467091739204,0.0075420168820446425,0.04252545020969456,6.638471893497791
6. Bayelsa,5. South South,Bread,0.3565330507055064,0.36970547124928305,-0.013172420543776653,0.9643705014717112
6. Bayelsa,5. South South,Brown beans,0.012636270606145852,0.017236602765696392,-0.00460033215955054,0.73310679476202
6. Bayelsa,5. South South,Buns/Pofpof/Donuts,0.010630853028571885,0.007091690764757609,0.003539162263814276,1.4990576128054343
6. Bayelsa,5. South South,Butter/Margarine,3.5327287352121013e-4,0,3.5327287352121013e-4,NA
6. Bayelsa,5. South South,Cake,0.0010196450071341741,0,0.0010196450071341741,NA
6. Bayelsa,5. South South,Canned fish/seafood,0,0,0,NA
6. Bayelsa,5. South South,Cashew nut,0,0,0,NA
6. Bayelsa,5. South South,Cassava flour,0,6.630874507873392e-4,-6.630874507873392e-4,0
6. Bayelsa,5. South South,Cassava roots,0.40446147358413165,0.009812213209411336,0.3946492603747203,41.22020842313072
6. Bayelsa,5. South South,Cheese/wara,0,0,0,NA
6. Bayelsa,5. South South,Chicken,9.51949424397303e-4,0.011421596101128513,-0.01046964667673121,0.08334644439959188
6. Bayelsa,5. South South,Chocolate drinks,0.0036929238992152846,0.00885828637844221,-0.005165362479226925,0.4168891974640258
6. Bayelsa,5. South South,Coconut,0.03504847058127033,0.007757246817595129,0.0272912237636752,4.51815849171806
6. Bayelsa,5. South South,Cocoyam,0.06362591397081431,0.014484239348747947,0.04914167462206637,4.392768749455545
6. Bayelsa,5. South South,Coffee,1.8351502095196887e-4,3.5054310350095835e-5,1.4846071060187302e-4,5.235162783667977
6. Bayelsa,5. South South,Dry pepper,6.00685055866294e-4,0.003617312993041521,-0.003016627937175227,0.1660583579639936
6. Bayelsa,5. South South,Duck,0,0,0,NA
6. Bayelsa,5. South South,Fish - dried,0.04379442121643233,0.017866901337682844,0.025927519878749486,2.4511480971838187
6. Bayelsa,5. South South,Fish - fresh,0.2619956688669461,0.3952211507282684,-0.13322548186132233,0.6629090279813477
6. Bayelsa,5. South South,Fish - frozen,0.0037931928815836597,0.0718588536548538,-0.06806566077327014,0.05278671574421148
6. Bayelsa,5. South South,Fish - smoked,0.015046664778375237,0.009382223552420332,0.005664441225954905,1.6037418735874875
6. Bayelsa,5. South South,Fresh milk,0,0,0,NA
6. Bayelsa,5. South South,Fresh pepper,0.050294061806746525,0.10135569186991487,-0.05106163006316835,0.49621349209767635
6. Bayelsa,5. South South,Fruit juice,0,0,0,NA
6. Bayelsa,5. South South,Garden eggs/Eggplant,8.491840021019833e-4,0.0030204633400646606,-0.0021712793379626773,0.2811436215225855
6. Bayelsa,5. South South,Gari - white,0.5883235903040216,0.3028951615725369,0.2854284287314847,1.942334064531205
6. Bayelsa,5. South South,Gari - yellow,0.47008872962663045,0.5770763911363149,-0.10698766150968447,0.8146039880456447
6. Bayelsa,5. South South,Gin,0,0.016024088237233752,-0.016024088237233752,0
6. Bayelsa,5. South South,Goat,0,0,0,NA
6. Bayelsa,5. South South,Ground pepper,0.0077826275307447314,0.0019405366483130969,0.005842090882431634,4.010554264723703
6. Bayelsa,5. South South,Groundnut oil,0.027119080740183484,0.024238556535883096,0.002880524204300388,1.1188405835981206
6. Bayelsa,5. South South,Groundnuts - shelled,0.02969252680051431,0.08536154712683337,-0.05566902032631906,0.3478442905491866
6. Bayelsa,5. South South,Groundnuts - unshelled,0.02142742715888662,0.9515185876246427,-0.9300911604657561,0.02251918925974714
6. Bayelsa,5. South South,Guava,0.06745758553069617,0.08987091632059797,-0.022413330789901806,0.7506052935974707
6. Bayelsa,5. South South,Guinea corn / sorghum,0,0,0,NA
6. Bayelsa,5. South South,Honey,0,4.977210153890265e-5,-4.977210153890265e-5,0
6. Bayelsa,5. South South,Kola nut,0,1.5906924925188605e-4,-1.5906924925188605e-4,0
6. Bayelsa,5. South South,Leaves,0.07194226565729177,0,0.07194226565729177,NA
6. Bayelsa,5. South South,Local eggs,0,0.0010498273268110452,-0.0010498273268110452,0
6. Bayelsa,5. South South,Maize - shelled/off cob,0,0.025236208576106974,-0.025236208576106974,0
6. Bayelsa,5. South South,Maize - unshelled/on cob,0.00103731873825089,0.04128691895116025,-0.04024960021290935,0.025124634257111096
6. Bayelsa,5. South South,Maize flour,0,0,0,NA
6. Bayelsa,5. South South,Malt drinks,0.008448661131609919,0.014243379926453822,-0.005794718794843903,0.5931640646556413
6. Bayelsa,5. South South,Mangoes,0,0,0,NA
6. Bayelsa,5. South South,Meat pie/Sausage roll,0.002356221501081442,0.004038916199191926,-0.0016826946981104841,0.5833796456467346
6. Bayelsa,5. South South,Melon - ground,0.006497913068660873,0.006194961418383313,3.029516502775602e-4,1.0489029115465616
6. Bayelsa,5. South South,Melon - shelled,8.091830951479973e-4,0.0011630614781321642,-3.538783829841669e-4,0.6957354450837087
6. Bayelsa,5. South South,Melon - unshelled,0,0.004184311420076683,-0.004184311420076683,0
6. Bayelsa,5. South South,Milk - tinned,0.0030718179927297674,0.0020307390089714973,0.0010410789837582701,1.5126601592616977
6. Bayelsa,5. South South,Milk powder,0.008710563657042742,0.011813332374610564,-0.0031027687175678217,0.7373502565426543
6. Bayelsa,5. South South,Millet,0,0,0,NA
6. Bayelsa,5. South South,Mutton,0,0,0,NA
6. Bayelsa,5. South South,Ogbono - ground,0.006182071805964686,0.00978856964973268,-0.003606497843767993,0.6315602817551097
6. Bayelsa,5. South South,Ogbono - unground,0.003318249996354885,0.00306634799974468,2.519019966102051e-4,1.0821504919308507
6. Bayelsa,5. South South,Okra - dried,0,0,0,NA
6. Bayelsa,5. South South,Okra - fresh,0.11011174867829326,0.04579983302486782,0.06431191565342545,2.404195417448491
6. Bayelsa,5. South South,Onions,0.1185243015828083,0.14425047285724937,-0.025726171274441073,0.8216562430273643
6. Bayelsa,5. South South,Orange/Tangerine,0.02746256892565586,0.008592353405415419,0.018870215520240444,3.1961638016829355
6. Bayelsa,5. South South,Other alcoholic beverages,0,0,0,NA
6. Bayelsa,5. South South,Other domestic poultry,0,0,0,NA
6. Bayelsa,5. South South,Other eggs,0,0,0,NA
6. Bayelsa,5. South South,Other fish/seafood,0,0,0,NA
6. Bayelsa,5. South South,Other fruits,0,0,0,NA
6. Bayelsa,5. South South,Other grains/flour,0,0,0,NA
6. Bayelsa,5. South South,Other meat,0,0,0,NA
6. Bayelsa,5. South South,Other milk products,NA,0,NA,NA
6. Bayelsa,5. South South,Other non-alcoholic drinks,0,0.0010743917136150358,-0.0010743917136150358,0
6. Bayelsa,5. South South,Other nuts/seeds/pulses,0,0,0,NA
6. Bayelsa,5. South South,Other oil/fat,0,0,0,NA
6. Bayelsa,5. South South,Other roots/tubers,NA,0,NA,NA
6. Bayelsa,5. South South,Other spices,0.00841102047076433,0.008555759378334965,-1.4473890757063512e-4,0.9830828683731867
6. Bayelsa,5. South South,Other sweets,NA,0,NA,NA
6. Bayelsa,5. South South,Other vegetables,0,0,0,NA
6. Bayelsa,5. South South,Palm oil,0.07781332297503722,0.12263101307013698,-0.044817690095099755,0.6345321711607573
6. Bayelsa,5. South South,Palm wine,0.0011217717949722217,0.0038117439394147784,-0.0026899721444425565,0.2942935865582956
6. Bayelsa,5. South South,Pawpaw,0.1353348531260537,0.007131489262061033,0.12820336386399267,18.97708152573749
6. Bayelsa,5. South South,Pineapples,0.008422732397804673,0.0018803720257303113,0.006542360372074362,4.479290418359312
6. Bayelsa,5. South South,Pito,0,0,0,NA
6. Bayelsa,5. South South,Plantains,0.4200786083721501,0.2512960793937288,0.16878252897842133,1.671648078973704
6. Bayelsa,5. South South,Pork,0,0,0,NA
6. Bayelsa,5. South South,Potatoes,0,0,0,NA
6. Bayelsa,5. South South,Rice - imported,0.024611704519151237,0.059848121482639995,-0.035236416963488754,0.41123604065484826
6. Bayelsa,5. South South,Rice - local,0.518871144259611,0.26485962932913887,0.25401151493047214,1.9590420237839046
6. Bayelsa,5. South South,Sachet water,1.4601081031319945,2.30082451994996,-0.8407164168179655,0.634602113490928
6. Bayelsa,5. South South,Salt,0.007543038661209848,0.028946688740635412,-0.021403650079425563,0.2605838176793229
6. Bayelsa,5. South South,Seafood,0.0036448880574150517,0.002425862939432452,0.0012190251179825997,1.5025119507649511
6. Bayelsa,5. South South,Shea butter,NA,0,NA,NA
6. Bayelsa,5. South South,Snails,2.3583475886948036e-4,6.903222931715037e-4,-4.5448753430202336e-4,0.3416299331519481
6. Bayelsa,5. South South,Soft drinks,0.0839976222799313,0.17646392125447263,-0.09246629897454134,0.4760045094929131
6. Bayelsa,5. South South,Soya beans,0,0,0,NA
6. Bayelsa,5. South South,Sugar,0.00833349674116205,0.011992328624123569,-0.0036588318829615194,0.694902299825117
6. Bayelsa,5. South South,Sweet potatoes,0.13268587554250977,0.1496282770952056,-0.01694240155269583,0.8867700552221442
6. Bayelsa,5. South South,Tea,7.018900696848835e-4,0.00498944894647389,-0.004287558876789006,0.14067486754843309
6. Bayelsa,5. South South,Tomato puree - canned,0.0136746306189133,0.013606117086394889,6.851353251841052e-5,1.0050354948501008
6. Bayelsa,5. South South,Tomatoes,0.01985143011515582,0.009116624800578281,0.010734805314577538,2.1774977636346966
6. Bayelsa,5. South South,Watermelon,0.00790329439319645,0.014137211636071402,-0.006233917242874953,0.5590419523062824
6. Bayelsa,5. South South,Wheat flour,0,0,0,NA
6. Bayelsa,5. South South,White beans,0.3254666464716107,0.19220010518452382,0.1332665412870869,1.6933739248432924
6. Bayelsa,5. South South,Wild game/Bush meat,0,0,0,NA
6. Bayelsa,5. South South,Yam flour,0,0,0,NA
6. Bayelsa,5. South South,Yam roots,0.5365103149653427,1.0269645330390669,-0.49045421807372414,0.5224234116222719
7. Benue,1. North Central,Agricultural eggs,0.0020311356651814497,0.005422107345455384,-0.003390971680273934,0.37460262878857886
7. Benue,1. North Central,Animal fat,0,0,0,NA
7. Benue,1. North Central,Apples,0,0,0,NA
7. Benue,1. North Central,Avocado pear,0,0,0,NA
7. Benue,1. North Central,Baby milk powder,0,0,0,NA
7. Benue,1. North Central,Bananas,0.036384638296024195,0.05903737166962503,-0.022652733373600832,0.6162984100924033
7. Benue,1. North Central,Beef,0.04056404399173687,0.026065681219482693,0.014498362772254175,1.5562242033949771
7. Benue,1. North Central,Beer,0.019849781765953,0.052797884987456044,-0.032948103221503044,0.3759578962427946
7. Benue,1. North Central,Biscuits,0.005082945188624123,0.006255996996145034,-0.0011730518075209117,0.8124916287134168
7. Benue,1. North Central,Bottled water,0,0.00521118296519142,-0.00521118296519142,0
7. Benue,1. North Central,Bread,0.04767829146923727,0.07898806848118581,-0.031309777011948536,0.6036138417613514
7. Benue,1. North Central,Brown beans,0.0021764910730867073,0.011538841730562287,-0.00936235065747558,0.18862301120934494
7. Benue,1. North Central,Buns/Pofpof/Donuts,3.2721971704555516e-4,0.0010190963759017398,-6.918766588561846e-4,0.3210880980280371
7. Benue,1. North Central,Butter/Margarine,0,0,0,NA
7. Benue,1. North Central,Cake,0.003431827301856267,0.006421375102670757,-0.00298954780081449,0.5344380677012487
7. Benue,1. North Central,Canned fish/seafood,0,0,0,NA
7. Benue,1. North Central,Cashew nut,6.905986988702369e-4,0,6.905986988702369e-4,NA
7. Benue,1. North Central,Cassava flour,0.12779939443092628,0.20812978481919714,-0.08033039038827086,0.6140370276265165
7. Benue,1. North Central,Cassava roots,0.18968458712726913,0.8480993732993617,-0.6584147861720926,0.223658445105718
7. Benue,1. North Central,Cheese/wara,0,0,0,NA
7. Benue,1. North Central,Chicken,0.031389060214858315,0.021293678577093807,0.010095381637764508,1.474102283511708
7. Benue,1. North Central,Chocolate drinks,0.0010838885236750294,0.00157074788230201,-4.868593586269806e-4,0.6900461467352331
7. Benue,1. North Central,Coconut,0.006458422594548546,0,0.006458422594548546,NA
7. Benue,1. North Central,Cocoyam,0,0,0,NA
7. Benue,1. North Central,Coffee,0,0,0,NA
7. Benue,1. North Central,Dry pepper,0.004187520084844724,0.0033351555793867103,8.52364505458014e-4,1.2555696384079187
7. Benue,1. North Central,Duck,0,0,0,NA
7. Benue,1. North Central,Fish - dried,0.027936188383561815,0.031761400141618025,-0.00382521175805621,0.8795641331616264
7. Benue,1. North Central,Fish - fresh,0.0789231905942088,0.052560980129238724,0.026362210464970073,1.5015547731444463
7. Benue,1. North Central,Fish - frozen,0.033286465674466775,0.07355027038258333,-0.04026380470811655,0.45256755007591376
7. Benue,1. North Central,Fish - smoked,0.03143321547302249,0.04705732717405015,-0.015624111701027663,0.6679770688369312
7. Benue,1. North Central,Fresh milk,0,0,0,NA
7. Benue,1. North Central,Fresh pepper,0.03255160395708221,0.07194229719000811,-0.0393906932329259,0.4524682311868577
7. Benue,1. North Central,Fruit juice,0,0,0,NA
7. Benue,1. North Central,Garden eggs/Eggplant,0.0033388442388640922,0.017430526760351273,-0.014091682521487181,0.1915515397078456
7. Benue,1. North Central,Gari - white,0.14787581563369076,0.2471194856836407,-0.09924367004994994,0.5983980390077355
7. Benue,1. North Central,Gari - yellow,0.021859373810720017,0.012769819616116469,0.009089554194603548,1.7117997331091388
7. Benue,1. North Central,Gin,0,0.002307860448978386,-0.002307860448978386,0
7. Benue,1. North Central,Goat,0.01657317157655475,0.018689636592634996,-0.002116465016080246,0.8867572943117429
7. Benue,1. North Central,Ground pepper,0.005279379493983794,0.00404268484255534,0.0012366946514284537,1.3059092409109863
7. Benue,1. North Central,Groundnut oil,0.03740269634567041,0.05000649996132453,-0.012603803615654122,0.7479566931218539
7. Benue,1. North Central,Groundnuts - shelled,0.0016147121587602655,0.009781196313359225,-0.008166484154598959,0.16508329932555188
7. Benue,1. North Central,Groundnuts - unshelled,0.008955793409585902,0.08496201869393007,-0.07600622528434417,0.10540937641616711
7. Benue,1. North Central,Guava,6.971829078200173e-4,0.00934772740712356,-0.008650544499303543,0.07458314491378083
7. Benue,1. North Central,Guinea corn / sorghum,0.1943267142638033,0.22931839787738265,-0.03499168361357935,0.8474100467408222
7. Benue,1. North Central,Honey,0.0026421895076083764,2.0983515804052626e-4,0.00243235434956785,12.591738831002193
7. Benue,1. North Central,Kola nut,3.590084400823664e-4,3.2832423878807103e-4,3.0684201294295366e-5,1.09345700886282
7. Benue,1. North Central,Leaves,0.013052984282629713,0.013202459040404835,-1.494747577751223e-4,0.9886782638508729
7. Benue,1. North Central,Local eggs,0.0012202893496706423,0.0010036440536888088,2.1664529598183356e-4,1.2158586953069388
7. Benue,1. North Central,Maize - shelled/off cob,0,0.007067046106429432,-0.007067046106429432,0
7. Benue,1. North Central,Maize - unshelled/on cob,0.010597549227240214,0.5166126967928594,-0.5060151475656192,0.0205135283995728
7. Benue,1. North Central,Maize flour,0.13365944530821275,0.16533410015704997,-0.03167465484883722,0.8084203148730381
7. Benue,1. North Central,Malt drinks,0.0041729394457021545,0.0034112241655606416,7.617152801415129e-4,1.223296753063522
7. Benue,1. North Central,Mangoes,0.1868449484393067,0.040949710112355396,0.1458952383269513,4.5627905039291505
7. Benue,1. North Central,Meat pie/Sausage roll,0,0,0,NA
7. Benue,1. North Central,Melon - ground,0.0019388963503055307,0.005512022446072311,-0.00357312609576678,0.3517577022363408
7. Benue,1. North Central,Melon - shelled,0.011463570276574265,0.016965763892603996,-0.005502193616029731,0.6756884245908703
7. Benue,1. North Central,Melon - unshelled,0.0023296213294544026,0.001307121304969923,0.0010225000244844795,1.7822533536839622
7. Benue,1. North Central,Milk - tinned,0,4.891966885183819e-5,-4.891966885183819e-5,0
7. Benue,1. North Central,Milk powder,0.0020700745296975574,0.0035795000080580254,-0.001509425478360468,0.5783138776470148
7. Benue,1. North Central,Millet,0.012923431097231255,0.012295308538931219,6.281225583000365e-4,1.0510863599974887
7. Benue,1. North Central,Mutton,0,0,0,NA
7. Benue,1. North Central,Ogbono - ground,0.0014260208468904545,0.001063348838791722,3.626720080987325e-4,1.3410658806105764
7. Benue,1. North Central,Ogbono - unground,0.00359438708407199,0.004675444073624342,-0.001081056989552352,0.7687798265728519
7. Benue,1. North Central,Okra - dried,0.014503876749981525,0.004936294923936636,0.009567581826044889,2.9382111428656
7. Benue,1. North Central,Okra - fresh,0.034239796663782615,0.08335681309555952,-0.049117016431776905,0.41076182488563245
7. Benue,1. North Central,Onions,0.13231827951012687,0.17609569023336272,-0.04377741072323585,0.7513998743227511
7. Benue,1. North Central,Orange/Tangerine,0.10808788051011703,0.2216819529821791,-0.11359407247206207,0.48758087456404786
7. Benue,1. North Central,Other alcoholic beverages,0,0,0,NA
7. Benue,1. North Central,Other domestic poultry,0,0,0,NA
7. Benue,1. North Central,Other eggs,0,0,0,NA
7. Benue,1. North Central,Other fish/seafood,0,0,0,NA
7. Benue,1. North Central,Other fruits,1.9919512513319712e-4,0,1.9919512513319712e-4,NA
7. Benue,1. North Central,Other grains/flour,0,0.0030362866350280393,-0.0030362866350280393,0
7. Benue,1. North Central,Other meat,0,0,0,NA
7. Benue,1. North Central,Other milk products,NA,0.0013360802934591714,NA,NA
7. Benue,1. North Central,Other non-alcoholic drinks,0,0,0,NA
7. Benue,1. North Central,Other nuts/seeds/pulses,0,0,0,NA
7. Benue,1. North Central,Other oil/fat,0,0,0,NA
7. Benue,1. North Central,Other roots/tubers,NA,0,NA,NA
7. Benue,1. North Central,Other spices,0.012161292445105746,0.010955848148883781,0.0012054442962219653,1.1100274738971059
7. Benue,1. North Central,Other sweets,NA,0,NA,NA
7. Benue,1. North Central,Other vegetables,0,0,0,NA
7. Benue,1. North Central,Palm oil,0.1274238827140609,0.14197489649227474,-0.014551013778213828,0.8975099532542671
7. Benue,1. North Central,Palm wine,0.012519480608283097,0.0063181057765835606,0.0062013748316995364,1.9815243762906507
7. Benue,1. North Central,Pawpaw,0.01527018296297334,0,0.01527018296297334,NA
7. Benue,1. North Central,Pineapples,0.011277905084872612,0,0.011277905084872612,NA
7. Benue,1. North Central,Pito,0,0.014246580653299944,-0.014246580653299944,0
7. Benue,1. North Central,Plantains,0.022065277023145792,0.010861008454775343,0.01120426856837045,2.031604810457926
7. Benue,1. North Central,Pork,0.022829643852586633,0.028164549948890102,-0.005334906096303469,0.8105808150322067
7. Benue,1. North Central,Potatoes,0,0,0,NA
7. Benue,1. North Central,Rice - imported,0,0,0,NA
7. Benue,1. North Central,Rice - local,0.33094242056056095,0.4516548138853741,-0.12071239332481315,0.7327330748755202
7. Benue,1. North Central,Sachet water,0.507208188270496,0.4040572793297382,0.10315090894075779,1.2552878371894882
7. Benue,1. North Central,Salt,0.025324035745508126,0.046908212484213646,-0.02158417673870552,0.5398635847407446
7. Benue,1. North Central,Seafood,0,0,0,NA
7. Benue,1. North Central,Shea butter,NA,0,NA,NA
7. Benue,1. North Central,Snails,0,0,0,NA
7. Benue,1. North Central,Soft drinks,0.0468766770007913,0.07167227310569334,-0.024795596104902035,0.6540420021514236
7. Benue,1. North Central,Soya beans,0.004081920892654549,0.021285278293320133,-0.017203357400665583,0.19177202366837556
7. Benue,1. North Central,Sugar,0.005914888214928881,0.021919064518839577,-0.016004176303910697,0.269851307287544
7. Benue,1. North Central,Sweet potatoes,0.200353953732758,0.2156297080584544,-0.015275754325696417,0.9291574687771902
7. Benue,1. North Central,Tea,0.0015996708577040034,0.0010394544952450444,5.60216362458959e-4,1.538952272583026
7. Benue,1. North Central,Tomato puree - canned,0.006705129520526679,0.012897954984653808,-0.006192825464127129,0.5198598947278502
7. Benue,1. North Central,Tomatoes,0.07625608750666216,0.15050694318102512,-0.07425085567436296,0.5066615924485536
7. Benue,1. North Central,Watermelon,0,0.10651397790347614,-0.10651397790347614,0
7. Benue,1. North Central,Wheat flour,0.008659178373335736,6.53422242888838e-4,0.008005756130446897,13.252041031007355
7. Benue,1. North Central,White beans,0.10550954619290473,0.18519080367510962,-0.07968125748220489,0.5697342637920937
7. Benue,1. North Central,Wild game/Bush meat,0,6.994504988237343e-4,-6.994504988237343e-4,0
7. Benue,1. North Central,Yam flour,0.188379404370691,0.1339732879105625,0.054406116460128495,1.406096747408698
7. Benue,1. North Central,Yam roots,3.8326636356693675,0.48057166251715094,3.3520919731522167,7.975217713825532
8. Borno,2. North East,Agricultural eggs,0.0016816347681182097,6.463407085869961e-4,0.0010352940595312137,2.6017775853768077
8. Borno,2. North East,Animal fat,0,8.394535902905904e-4,-8.394535902905904e-4,0
8. Borno,2. North East,Apples,0,0,0,NA
8. Borno,2. North East,Avocado pear,0,0,0,NA
8. Borno,2. North East,Baby milk powder,0,0,0,NA
8. Borno,2. North East,Bananas,0.003556111612867314,0.007314683063564776,-0.0037585714506974616,0.48616072384334585
8. Borno,2. North East,Beef,0.007552227908223528,0.002010676444604323,0.005541551463619206,3.7560632534836884
8. Borno,2. North East,Beer,0,0,0,NA
8. Borno,2. North East,Biscuits,0.0033141324682996374,0.0034453162469564045,-1.311837786567671e-4,0.9619240240216976
8. Borno,2. North East,Bottled water,0,0,0,NA
8. Borno,2. North East,Bread,0.03413737725897669,0.033636175768653465,5.012014903232262e-4,1.0149006680714967
8. Borno,2. North East,Brown beans,0.023503652277731636,0.0433075145898386,-0.019803862312106964,0.5427153347480805
8. Borno,2. North East,Buns/Pofpof/Donuts,6.84668779849718e-4,0.0031056549436213918,-0.0024209861637716737,0.22045874132151674
8. Borno,2. North East,Butter/Margarine,0,0,0,NA
8. Borno,2. North East,Cake,0,0,0,NA
8. Borno,2. North East,Canned fish/seafood,0,0,0,NA
8. Borno,2. North East,Cashew nut,7.075303239743452e-4,0,7.075303239743452e-4,NA
8. Borno,2. North East,Cassava flour,0.011040712771931992,0.0510862254284414,-0.04004551265650941,0.21611917262114377
8. Borno,2. North East,Cassava roots,0.0380096072986385,0.9906825434351114,-0.952672936136473,0.038367091002576126
8. Borno,2. North East,Cheese/wara,0,0.0036991372254221826,-0.0036991372254221826,0
8. Borno,2. North East,Chicken,0.01937251594721206,0.0034049664325211527,0.015967549514690905,5.689488084870191
8. Borno,2. North East,Chocolate drinks,2.310614352715315e-4,0.0016511757611391937,-0.0014201143258676622,0.13993751647136315
8. Borno,2. North East,Coconut,0,3.180406681819844e-4,-3.180406681819844e-4,0
8. Borno,2. North East,Cocoyam,0.004176435529040408,0,0.004176435529040408,NA
8. Borno,2. North East,Coffee,0,0,0,NA
8. Borno,2. North East,Dry pepper,0.008574389569747674,0.012521504021298872,-0.003947114451551197,0.6847731354925718
8. Borno,2. North East,Duck,0.002403038802872916,0,0.002403038802872916,NA
8. Borno,2. North East,Fish - dried,0.017389631121342057,0.0071361340183671365,0.01025349710297492,2.4368420038895358
8. Borno,2. North East,Fish - fresh,4.2746365439156236e-4,0.00884402818533193,-0.008416564530940368,0.04833359250262486
8. Borno,2. North East,Fish - frozen,0,0,0,NA
8. Borno,2. North East,Fish - smoked,0.0020673383332831937,0,0.0020673383332831937,NA
8. Borno,2. North East,Fresh milk,0.026739903292778044,0.01893408362549923,0.007805819667278814,1.4122628705815172
8. Borno,2. North East,Fresh pepper,0.019255864819794154,0.028935768320769883,-0.00967990350097573,0.6654692768594098
8. Borno,2. North East,Fruit juice,0,0,0,NA
8. Borno,2. North East,Garden eggs/Eggplant,0.023298604000852107,0.08446697238442227,-0.06116836838357016,0.27583093537218967
8. Borno,2. North East,Gari - white,0.08386515302024596,0.059039706674051194,0.02482544634619476,1.4204872914300217
8. Borno,2. North East,Gari - yellow,0,0,0,NA
8. Borno,2. North East,Gin,0,0,0,NA
8. Borno,2. North East,Goat,9.054215001720085e-4,0.0023233525544418114,-0.001417931054269803,0.38970473871518707
8. Borno,2. North East,Ground pepper,0,2.1211076186913652e-4,-2.1211076186913652e-4,0
8. Borno,2. North East,Groundnut oil,0.020693564697291698,0.01500288372171597,0.005690680975575728,1.379305810878127
8. Borno,2. North East,Groundnuts - shelled,0.02334153343198595,0.012766106135983588,0.010575427296002363,1.8283988228950723
8. Borno,2. North East,Groundnuts - unshelled,0.015152358663416245,0.008699999937086715,0.0064523587263295296,1.741650433676919
8. Borno,2. North East,Guava,0,0.005736436619772888,-0.005736436619772888,0
8. Borno,2. North East,Guinea corn / sorghum,0.1392674673748061,0.292079898449938,-0.15281243107513187,0.4768129135688409
8. Borno,2. North East,Honey,0.0011553071591422393,0,0.0011553071591422393,NA
8. Borno,2. North East,Kola nut,0.005367823260430693,0.010994864400881706,-0.005627041140451013,0.488211865532442
8. Borno,2. North East,Leaves,0.024399108490290946,0.052439208730386766,-0.02804010024009582,0.4652836890758132
8. Borno,2. North East,Local eggs,0.001039776484545019,7.070370148457532e-4,3.327394696992658e-4,1.4706111033972613
8. Borno,2. North East,Maize - shelled/off cob,0,0.08907996211607841,-0.08907996211607841,0
8. Borno,2. North East,Maize - unshelled/on cob,0,0.023628408305009434,-0.023628408305009434,0
8. Borno,2. North East,Maize flour,0.5216405317988921,0.3189382810999074,0.20270225069898473,1.6355532173809146
8. Borno,2. North East,Malt drinks,0.0031972035883793192,0,0.0031972035883793192,NA
8. Borno,2. North East,Mangoes,0,0,0,NA
8. Borno,2. North East,Meat pie/Sausage roll,0,0,0,NA
8. Borno,2. North East,Melon - ground,0,0,0,NA
8. Borno,2. North East,Melon - shelled,0,1.538906510572915e-4,-1.538906510572915e-4,0
8. Borno,2. North East,Melon - unshelled,0,0,0,NA
8. Borno,2. North East,Milk - tinned,0,0,0,NA
8. Borno,2. North East,Milk powder,0.001133590564421286,0.0017544480488892618,-6.208574844679758e-4,0.6461237567786406
8. Borno,2. North East,Millet,0.028582171122234264,0.164068211084761,-0.13548603996252673,0.17420907397757954
8. Borno,2. North East,Mutton,0.00164128664044897,0.003717797477003383,-0.002076510836554413,0.44146746846788404
8. Borno,2. North East,Ogbono - ground,0,0,0,NA
8. Borno,2. North East,Ogbono - unground,0,0,0,NA
8. Borno,2. North East,Okra - dried,0.009751269780432899,0.005526356345097278,0.004224913435335621,1.764502535035361
8. Borno,2. North East,Okra - fresh,0.007016698095263495,0.019217195018407858,-0.012200496923144363,0.36512602846265063
8. Borno,2. North East,Onions,0.11861616453864993,0.0824247526299179,0.03619141190873203,1.4390842647866868
8. Borno,2. North East,Orange/Tangerine,0.0704092435269742,0.043775074474099146,0.02663416905287505,1.6084322956122887
8. Borno,2. North East,Other alcoholic beverages,0,0,0,NA
8. Borno,2. North East,Other domestic poultry,0,0,0,NA
8. Borno,2. North East,Other eggs,0,0,0,NA
8. Borno,2. North East,Other fish/seafood,0,0,0,NA
8. Borno,2. North East,Other fruits,0,0,0,NA
8. Borno,2. North East,Other grains/flour,0,0,0,NA
8. Borno,2. North East,Other meat,0,0,0,NA
8. Borno,2. North East,Other milk products,NA,0,NA,NA
8. Borno,2. North East,Other non-alcoholic drinks,0,0,0,NA
8. Borno,2. North East,Other nuts/seeds/pulses,0.002394374076304423,0.00206544575500136,3.289283213030632e-4,1.1592529460076992
8. Borno,2. North East,Other oil/fat,0.012085294058244812,0.01856368933495708,-0.006478395276712269,0.6510179006005625
8. Borno,2. North East,Other roots/tubers,NA,0,NA,NA
8. Borno,2. North East,Other spices,0.034552967979451246,0.025404905871264444,0.009148062108186802,1.3600903760298595
8. Borno,2. North East,Other sweets,NA,0,NA,NA
8. Borno,2. North East,Other vegetables,0.0023191559559271003,0.015935596839863012,-0.013616440883935911,0.14553304650163557
8. Borno,2. North East,Palm oil,0.026284367395939947,0.03001657849379042,-0.0037322110978504734,0.8756616748100533
8. Borno,2. North East,Palm wine,0,0,0,NA
8. Borno,2. North East,Pawpaw,0,0,0,NA
8. Borno,2. North East,Pineapples,0,0,0,NA
8. Borno,2. North East,Pito,0,0,0,NA
8. Borno,2. North East,Plantains,0,0,0,NA
8. Borno,2. North East,Pork,0,0,0,NA
8. Borno,2. North East,Potatoes,0,0.015874539576428943,-0.015874539576428943,0
8. Borno,2. North East,Rice - imported,0,0.006014278113077629,-0.006014278113077629,0
8. Borno,2. North East,Rice - local,0.2761488239863353,0.39195297080841085,-0.11580414682207557,0.7045458117507639
8. Borno,2. North East,Sachet water,0.2746429206748421,0.05249369929853862,0.22214922137630347,5.231921627639756
8. Borno,2. North East,Salt,0.015009486277732416,0.019909037300325904,-0.004899551022593488,0.7539031672559434
8. Borno,2. North East,Seafood,0,0,0,NA
8. Borno,2. North East,Shea butter,NA,0,NA,NA
8. Borno,2. North East,Snails,0,0,0,NA
8. Borno,2. North East,Soft drinks,0.004102991630063237,0.005689439565238594,-0.0015864479351753568,0.7211591902885733
8. Borno,2. North East,Soya beans,0.0026987974840919473,0.009424622431200553,-0.006725824947108606,0.2863560321692549
8. Borno,2. North East,Sugar,0.016196383768372492,0.008002301139416279,0.008194082628956214,2.0239657926137387
8. Borno,2. North East,Sweet potatoes,0.06891614803597099,0.03705422708483719,0.0318619209511338,1.8598727718212718
8. Borno,2. North East,Tea,0.003939628092743053,0.002020106046907966,0.0019195220458350874,1.9502085540376282
8. Borno,2. North East,Tomato puree - canned,0.0019370187398623623,8.895695656269121e-4,0.0010474491742354503,2.1774786533948864
8. Borno,2. North East,Tomatoes,0.06171304464629855,0.01792305900228936,0.04378998564400919,3.443220526050591
8. Borno,2. North East,Watermelon,0.03791502135868527,0.02265038536677593,0.015264635991909338,1.673923897749653
8. Borno,2. North East,Wheat flour,0.004446784557501552,0.00686813326843126,-0.0024213487109297077,0.6474516995674482
8. Borno,2. North East,White beans,0.06700381966391046,0.056595848306252194,0.010407971357658266,1.1838999090770495
8. Borno,2. North East,Wild game/Bush meat,0,0,0,NA
8. Borno,2. North East,Yam flour,0,0,0,NA
8. Borno,2. North East,Yam roots,0.14886895217091245,0.022356577571886707,0.12651237459902576,6.6588435413349885
9. Cross River,5. South South,Agricultural eggs,0.01910746164404478,0.013307977863019483,0.005799483781025296,1.4357900081229498
9. Cross River,5. South South,Animal fat,0,0,0,NA
9. Cross River,5. South South,Apples,0.0057896550636174346,0,0.0057896550636174346,NA
9. Cross River,5. South South,Avocado pear,0.011201878417450566,0.010069322602357248,0.0011325558150933179,1.1124758695116377
9. Cross River,5. South South,Baby milk powder,9.110987467793272e-4,4.864212367086964e-4,4.2467751007063085e-4,1.873065314631725
9. Cross River,5. South South,Bananas,0.19322151867378307,0.2226106045241275,-0.029389085850344443,0.8679798479808758
9. Cross River,5. South South,Beef,0.1494431712408273,0.07001839639827101,0.07942477484255628,2.1343415292001393
9. Cross River,5. South South,Beer,0.04202108596730243,0.06412453350874714,-0.022103447541444707,0.6553043533887134
9. Cross River,5. South South,Biscuits,0.014650215191958095,0.01074804436470511,0.003902170827252985,1.363058682569929
9. Cross River,5. South South,Bottled water,0,0,0,NA
9. Cross River,5. South South,Bread,0.16040166034034736,0.19024800764473032,-0.02984634730438296,0.843118739197952
9. Cross River,5. South South,Brown beans,0.0014329175952208452,0.004948879914566454,-0.003515962319345608,0.28954382000727447
9. Cross River,5. South South,Buns/Pofpof/Donuts,0.007877027856716625,0.00336906240819315,0.0045079654485234745,2.338047475036571
9. Cross River,5. South South,Butter/Margarine,0,0,0,NA
9. Cross River,5. South South,Cake,0.0059917597942771,0,0.0059917597942771,NA
9. Cross River,5. South South,Canned fish/seafood,0,0,0,NA
9. Cross River,5. South South,Cashew nut,0,0,0,NA
9. Cross River,5. South South,Cassava flour,0.00119826738494361,0,0.00119826738494361,NA
9. Cross River,5. South South,Cassava roots,0.21809456335450186,0.06805405424169804,0.1500405091128038,3.2047255051098937
9. Cross River,5. South South,Cheese/wara,0,0,0,NA
9. Cross River,5. South South,Chicken,0.03849962396928436,0.01677559546189655,0.021724028507387808,2.2949780862760396
9. Cross River,5. South South,Chocolate drinks,0.0036846216215665043,8.909687257894025e-4,0.0027936528957771016,4.135522959351813
9. Cross River,5. South South,Coconut,0.05590903732680621,0.026003162824284155,0.029905874502522054,2.150086037787418
9. Cross River,5. South South,Cocoyam,0.1252881124280986,0.038710716941999915,0.08657739548609868,3.2365226563955707
9. Cross River,5. South South,Coffee,2.3668747852398767e-5,6.60506651435215e-5,-4.238191729112273e-5,0.3583423089073962
9. Cross River,5. South South,Dry pepper,0.02080214713122857,0.01407983441684524,0.00672231271438333,1.4774425973604273
9. Cross River,5. South South,Duck,0,0,0,NA
9. Cross River,5. South South,Fish - dried,0.07651705125119498,0.06390074926189128,0.012616301989303705,1.197435900752853
9. Cross River,5. South South,Fish - fresh,0.059737464012741937,0.049445444244945166,0.01029201976779677,1.2081489998716906
9. Cross River,5. South South,Fish - frozen,0.0474663891449814,0.09994035904665731,-0.05247396990167591,0.4749471544606083
9. Cross River,5. South South,Fish - smoked,0.058049684224480286,0.09257698553087004,-0.03452730130638976,0.6270422815303645
9. Cross River,5. South South,Fresh milk,0,0,0,NA
9. Cross River,5. South South,Fresh pepper,0.07007908942086825,0.10165144152773775,-0.0315723521068695,0.689405761174038
9. Cross River,5. South South,Fruit juice,0.009679766516907004,0.0033613851904960037,0.006318381326411,2.8796957112429786
9. Cross River,5. South South,Garden eggs/Eggplant,0.03246591965405705,0.02329337817763449,0.009172541476422557,1.393783220556206
9. Cross River,5. South South,Gari - white,0.02575946581474871,0.09133392278025265,-0.06557445696550394,0.2820361266725114
9. Cross River,5. South South,Gari - yellow,0.7822830521303551,0.8977191690661486,-0.11543611693579348,0.8714117722852284
9. Cross River,5. South South,Gin,0.009022359820500012,0.007883201543404505,0.0011391582770955075,1.1445045227910717
9. Cross River,5. South South,Goat,0.05147151026750003,0.05468609044212112,-0.00321458017462109,0.9412175902751112
9. Cross River,5. South South,Ground pepper,0.008764175353979083,0.004737778044119692,0.004026397309859391,1.8498492906092903
9. Cross River,5. South South,Groundnut oil,0.04310092502574105,0.32105190022055147,-0.27795097519481043,0.13424908868669588
9. Cross River,5. South South,Groundnuts - shelled,0.015079717829489529,0.011695062939315127,0.003384654890174402,1.2894088648977045
9. Cross River,5. South South,Groundnuts - unshelled,0.009616251622707007,0.022725486211580992,-0.013109234588873985,0.42314833368918325
9. Cross River,5. South South,Guava,0.02793483194792146,0.04015741137615826,-0.012222579428236801,0.6956332838850905
9. Cross River,5. South South,Guinea corn / sorghum,0,0.003181293579627604,-0.003181293579627604,0
9. Cross River,5. South South,Honey,0.0031761487031574252,0.006482552189137206,-0.0033064034859797806,0.48995343353805754
9. Cross River,5. South South,Kola nut,1.9624173720181892e-4,3.3428518272600406e-4,-1.3804344552418514e-4,0.5870488652877801
9. Cross River,5. South South,Leaves,0.33090279844137516,0.25491169930000424,0.07599109914137092,1.2981075382183123
9. Cross River,5. South South,Local eggs,0.011096335062400368,8.051361671170372e-4,0.010291198895283332,13.781935920396144
9. Cross River,5. South South,Maize - shelled/off cob,0,0.016626261175694466,-0.016626261175694466,0
9. Cross River,5. South South,Maize - unshelled/on cob,0,0.16894012139188563,-0.16894012139188563,0
9. Cross River,5. South South,Maize flour,0,0,0,NA
9. Cross River,5. South South,Malt drinks,0.04396998899853283,0.02725167928541342,0.016718309713119408,1.6134781470904789
9. Cross River,5. South South,Mangoes,0.0022692669828956614,0,0.0022692669828956614,NA
9. Cross River,5. South South,Meat pie/Sausage roll,0.003447952671734586,0.0019872816156307686,0.0014606710561038175,1.7350095953261242
9. Cross River,5. South South,Melon - ground,0.020721522664952436,0.01288743327634991,0.007834089388602526,1.6078859320248884
9. Cross River,5. South South,Melon - shelled,0.011444600350939674,0.018642241185792052,-0.007197640834852378,0.6139068922497383
9. Cross River,5. South South,Melon - unshelled,2.639614395849562e-4,0.0033287773835059455,-0.0030648159439209894,0.07929681356671137
9. Cross River,5. South South,Milk - tinned,0.006068989773975769,0,0.006068989773975769,NA
9. Cross River,5. South South,Milk powder,0.003734025545958863,0.003552976294376187,1.810492515826761e-4,1.0509570671409345
9. Cross River,5. South South,Millet,0.07452215233071864,0.07539683558894815,-8.746832582295083e-4,0.9883989394064474
9. Cross River,5. South South,Mutton,0.0048914230486528315,0,0.0048914230486528315,NA
9. Cross River,5. South South,Ogbono - ground,0.003881181164803194,0.002223854646731022,0.0016573265180721722,1.7452494795504627
9. Cross River,5. South South,Ogbono - unground,0.002556269516821515,0.003315409998830038,-7.591404820085227e-4,0.7710266656985372
9. Cross River,5. South South,Okra - dried,0.004368094540099906,9.528472334450308e-4,0.0034152473066548753,4.584254838319682
9. Cross River,5. South South,Okra - fresh,0.07707325269605898,0.0924092118123388,-0.015335959116279815,0.8340429615672568
9. Cross River,5. South South,Onions,0.1560862674719286,0.18506695625911293,-0.028980688787184322,0.8434043041881104
9. Cross River,5. South South,Orange/Tangerine,0.21248568099567375,0.07322352494614313,0.13926215604953063,2.9018772471273375
9. Cross River,5. South South,Other alcoholic beverages,0,0.004392561546445754,-0.004392561546445754,0
9. Cross River,5. South South,Other domestic poultry,0,0,0,NA
9. Cross River,5. South South,Other eggs,0,0,0,NA
9. Cross River,5. South South,Other fish/seafood,0,0,0,NA
9. Cross River,5. South South,Other fruits,0,0,0,NA
9. Cross River,5. South South,Other grains/flour,0,0,0,NA
9. Cross River,5. South South,Other meat,0,0,0,NA
9. Cross River,5. South South,Other milk products,NA,0,NA,NA
9. Cross River,5. South South,Other non-alcoholic drinks,0,0,0,NA
9. Cross River,5. South South,Other nuts/seeds/pulses,0,0,0,NA
9. Cross River,5. South South,Other oil/fat,0,0,0,NA
9. Cross River,5. South South,Other roots/tubers,NA,0,NA,NA
9. Cross River,5. South South,Other spices,0.01891895007371494,0.007981412839525725,0.010937537234189216,2.3703760792856254
9. Cross River,5. South South,Other sweets,NA,0,NA,NA
9. Cross River,5. South South,Other vegetables,0,0,0,NA
9. Cross River,5. South South,Palm oil,0.19342101666999945,0.16214171992276422,0.03127929674723523,1.192913315352366
9. Cross River,5. South South,Palm wine,0.14266956915086138,0.07119969215391965,0.07146987699694173,2.0037947473485977
9. Cross River,5. South South,Pawpaw,0.13088039775088797,0.05963009331978964,0.07125030443109834,2.1948715902386864
9. Cross River,5. South South,Pineapples,0.03176843837898171,0.0241153169307875,0.00765312144819421,1.3173552091460858
9. Cross River,5. South South,Pito,0,0,0,NA
9. Cross River,5. South South,Plantains,0.7386735843216922,0.5577678844771784,0.18090569984451377,1.324338680801038
9. Cross River,5. South South,Pork,0.04077201125290531,0.02631568039372281,0.014456330859182503,1.5493428496962152
9. Cross River,5. South South,Potatoes,0,0,0,NA
9. Cross River,5. South South,Rice - imported,0.04029396809812313,0.04333778558237991,-0.0030438174842567847,0.9297652742669361
9. Cross River,5. South South,Rice - local,0.3269794673405419,0.36310493054894394,-0.03612546320840204,0.9005095767942689
9. Cross River,5. South South,Sachet water,1.1743295293625085,0.5868452189512209,0.5874843104112876,2.001089028996792
9. Cross River,5. South South,Salt,0.03266745631531316,0.05155103320415584,-0.01888357688884268,0.6336915922895536
9. Cross River,5. South South,Seafood,0.004972159362054518,0.00728150457816866,-0.002309345216114142,0.6828477972755795
9. Cross River,5. South South,Shea butter,NA,0,NA,NA
9. Cross River,5. South South,Snails,0,0.009491277609006112,-0.009491277609006112,0
9. Cross River,5. South South,Soft drinks,0.10548700509441973,0.05778660711711251,0.04770039797730722,1.8254576684288766
9. Cross River,5. South South,Soya beans,0,0,0,NA
9. Cross River,5. South South,Sugar,0.02713500112911962,0.016342616029303023,0.010792385099816598,1.660382957077703
9. Cross River,5. South South,Sweet potatoes,0.05458880372798874,0.13389461936342945,-0.0793058156354407,0.40769975662590774
9. Cross River,5. South South,Tea,5.865618840806553e-4,3.156588046859085e-4,2.7090307939474687e-4,1.8582148679942727
9. Cross River,5. South South,Tomato puree - canned,0.029476735932523233,0.01887738723652582,0.010599348695997414,1.5614838835052742
9. Cross River,5. South South,Tomatoes,0.024463007505288896,0.06072417938286657,-0.03626117187757767,0.4028544766500571
9. Cross River,5. South South,Watermelon,0.0763597361290509,0.04595129265036574,0.030408443478685168,1.661753820726154
9. Cross River,5. South South,Wheat flour,0,0,0,NA
9. Cross River,5. South South,White beans,0.23804969762656703,0.257207961036205,-0.019158263409638,0.9255145006692026
9. Cross River,5. South South,Wild game/Bush meat,0.012490658041940083,0.058659112363885914,-0.04616845432194583,0.21293636297214216
9. Cross River,5. South South,Yam flour,0,0,0,NA
9. Cross River,5. South South,Yam roots,1.230407278049294,0.36885275934908235,0.8615545187002117,3.335768126611292
