survey_period,product,state,estimate_kg_person_week,se,cv,ci_low,ci_high,estimate_kg_person_year_equivalent,zone,n_households,n_psu,weighted_population,mean_household_size,precision_flag
Post-Planting,Agricultural eggs,1. Abia,0.014638373978022583,0.0023356255365694807,0.15955498473232663,0.0100605479263464,0.019216200029698767,0.763286643139749,4. South East,245,28,4591792.975217456,4.023665256231419,CV < 10%
Post-Planting,Animal fat,1. Abia,0,0,NA,0,0,0,4. South East,245,28,4591792.975217456,4.023665256231419,No estimate
Post-Planting,Apples,1. Abia,0.0013730850020709814,6.658750365329745e-4,0.48494815363117055,6.796993046635151e-5,0.002678200073675611,0.07159657510798689,4. South East,245,28,4591792.975217456,4.023665256231419,CV < 10%
Post-Planting,Avocado pear,1. Abia,0.010887835785686775,0.004621021799759369,0.4244206002660508,0.0018306330581584103,0.01994503851321514,0.5677228659679533,4. South East,245,28,4591792.975217456,4.023665256231419,CV < 10%
Post-Planting,Baby milk powder,1. Abia,0,0,NA,0,0,0,4. South East,245,28,4591792.975217456,4.023665256231419,No estimate
Post-Planting,Bananas,1. Abia,0.15135002735736397,0.032542959795649515,0.21501786530113984,0.08756582615789092,0.215134228556837,7.89182285506255,4. South East,245,28,4591792.975217456,4.023665256231419,CV < 10%
Post-Planting,Beef,1. Abia,0.10662612333371538,0.01063545572810395,0.09974531001954752,0.08578063010663163,0.1274716165607991,5.559790716686587,4. South East,245,28,4591792.975217456,4.023665256231419,CV < 10%
Post-Planting,Beer,1. Abia,0.012628617738141829,0.0053409429390664015,0.42292379497205895,0.002160369577571682,0.023096865898711974,0.6584922106316811,4. South East,245,28,4591792.975217456,4.023665256231419,CV < 10%
Post-Planting,Biscuits,1. Abia,0.009549077259116367,0.001439866425149585,0.15078592266859767,0.00672693906582318,0.012371215452409554,0.4979161713682106,4. South East,245,28,4591792.975217456,4.023665256231419,CV < 10%
Post-Planting,Bottled water,1. Abia,0.01238628494450866,0.011787665709370532,0.9516708005814513,0,0.0354901097348749,0.6458562863922372,4. South East,245,28,4591792.975217456,4.023665256231419,CV < 10%
Post-Planting,Bread,1. Abia,0.19342598636314248,0.009732870603955921,0.05031831961649249,0.1743495599793889,0.21250241274689607,10.085783574649572,4. South East,245,28,4591792.975217456,4.023665256231419,CV < 10%
Post-Planting,Brown beans,1. Abia,0.035304006986551284,0.008554674723876872,0.24231455446787362,0.018536844527752616,0.05207116944534995,1.840851792870174,4. South East,245,28,4591792.975217456,4.023665256231419,CV < 10%
Post-Planting,Buns/Pofpof/Donuts,1. Abia,0.007917361561509236,0.0013631657016314627,0.17217423898620227,0.00524555678631157,0.010589166336706902,0.4128338528501244,4. South East,245,28,4591792.975217456,4.023665256231419,CV < 10%
Post-Planting,Butter/Margarine,1. Abia,7.774260725306645e-5,7.064649044671011e-5,0.9087229376903044,0,2.1620972852861827e-4,0.004053721663909894,4. South East,245,28,4591792.975217456,4.023665256231419,CV < 10%
Post-Planting,Cake,1. Abia,0,0,NA,0,0,0,4. South East,245,28,4591792.975217456,4.023665256231419,No estimate
Post-Planting,Canned fish/seafood,1. Abia,0,0,NA,0,0,0,4. South East,245,28,4591792.975217456,4.023665256231419,No estimate
Post-Planting,Cashew nut,1. Abia,3.5438929646682964e-4,3.204584793709046e-4,0.9042555251126189,0,9.824879160338026e-4,0.018478870458627544,4. South East,245,28,4591792.975217456,4.023665256231419,CV < 10%
Post-Planting,Cassava flour,1. Abia,0.0013002332003388497,8.335234872263039e-4,0.6410569173353533,0,0.002933939235302405,0.0677978740176686,4. South East,245,28,4591792.975217456,4.023665256231419,CV < 10%
Post-Planting,Cassava roots,1. Abia,0.013219755240078459,0.011101414362870458,0.8397594479823797,0,0.034978527391304554,0.6893158089469482,4. South East,245,28,4591792.975217456,4.023665256231419,CV < 10%
Post-Planting,Cheese/wara,1. Abia,0,0,NA,0,0,0,4. South East,245,28,4591792.975217456,4.023665256231419,No estimate
Post-Planting,Chicken,1. Abia,0.03342790628916982,0.009837477724655281,0.2942893772513203,0.01414644994884547,0.052709362629494175,1.7430265422209976,4. South East,245,28,4591792.975217456,4.023665256231419,CV < 10%
Post-Planting,Chocolate drinks,1. Abia,0.01914161803465262,0.003498240500767769,0.1827557364500119,0.012285066653147794,0.025998169416157447,0.9980986546640295,4. South East,245,28,4591792.975217456,4.023665256231419,CV < 10%
Post-Planting,Coconut,1. Abia,0.03792217497160823,0.011747746371391355,0.3097856697351014,0.014896592083681173,0.06094775785953528,1.9773705520910005,4. South East,245,28,4591792.975217456,4.023665256231419,CV < 10%
Post-Planting,Cocoyam,1. Abia,0.0039525429264584706,0.002230551021062475,0.5643331552786138,0,0.00832442292774092,0.20609688116533453,4. South East,245,28,4591792.975217456,4.023665256231419,CV < 10%
Post-Planting,Coffee,1. Abia,1.2918112044753847e-4,3.851679572613671e-5,0.29816118324951907,5.3688200824310515e-5,2.0467404007076643e-4,0.00673587270905022,4. South East,245,28,4591792.975217456,4.023665256231419,CV < 10%
Post-Planting,Dry pepper,1. Abia,0.00118067426835625,3.970411087715275e-4,0.3362833589354778,4.024736951640562e-4,0.001958874841548444,0.06156372970714732,4. South East,245,28,4591792.975217456,4.023665256231419,CV < 10%
Post-Planting,Duck,1. Abia,0,0,NA,0,0,0,4. South East,245,28,4591792.975217456,4.023665256231419,No estimate
Post-Planting,Fish - dried,1. Abia,0.01753858716067727,0.0014615832417422656,0.08333528968737211,0.01467388400686243,0.02040329031449211,0.9145120448067434,4. South East,245,28,4591792.975217456,4.023665256231419,CV < 10%
Post-Planting,Fish - fresh,1. Abia,0.020326131174370165,0.007143420664817896,0.3514402521334336,0.006325026671327089,0.03432723567741324,1.0598625540921585,4. South East,245,28,4591792.975217456,4.023665256231419,CV < 10%
Post-Planting,Fish - frozen,1. Abia,0.04463601137395879,0.010198454308474006,0.22848041288975726,0.024647040929349738,0.06462498181856785,2.32744916449928,4. South East,245,28,4591792.975217456,4.023665256231419,CV < 10%
Post-Planting,Fish - smoked,1. Abia,0.05813518803928867,0.004505397647140356,0.07749863377229532,0.04930460865089357,0.06696576742768376,3.031334804905766,4. South East,245,28,4591792.975217456,4.023665256231419,CV < 10%
Post-Planting,Fresh milk,1. Abia,0,0,NA,0,0,0,4. South East,245,28,4591792.975217456,4.023665256231419,No estimate
Post-Planting,Fresh pepper,1. Abia,0.06382099666577078,0.003502946163234226,0.054887048874825345,0.0569552221858317,0.07068677114570986,3.327809111858048,4. South East,245,28,4591792.975217456,4.023665256231419,CV < 10%
Post-Planting,Fruit juice,1. Abia,0.015674109783474218,0.014130617647446983,0.9015260096203617,0,0.0433701203724703,0.8172928672811557,4. South East,245,28,4591792.975217456,4.023665256231419,CV < 10%
Post-Planting,Garden eggs/Eggplant,1. Abia,0.05259738656781119,0.006146028627631408,0.11685045643299481,0.04055117045765363,0.06464360267796875,2.742578013893012,4. South East,245,28,4591792.975217456,4.023665256231419,CV < 10%
Post-Planting,Gari - white,1. Abia,0.11695216432598726,0.03693045469228198,0.31577401671117156,0.04456847312911458,0.18933585552285995,6.098219996997907,4. South East,245,28,4591792.975217456,4.023665256231419,CV < 10%
Post-Planting,Gari - yellow,1. Abia,0.42179253456750304,0.03536510567695122,0.08384478808572048,0.35247692744067866,0.4911081416943274,21.993467873876945,4. South East,245,28,4591792.975217456,4.023665256231419,CV < 10%
Post-Planting,Gin,1. Abia,0.0012851754441167242,8.482710373067816e-4,0.6600429857184064,0,0.0029477866772380165,0.06701271958608633,4. South East,245,28,4591792.975217456,4.023665256231419,CV < 10%
Post-Planting,Goat,1. Abia,0.009309690308231963,0.0033776704767290444,0.36281233477147856,0.002689456173843036,0.01592992444262089,0.48543385178638093,4. South East,245,28,4591792.975217456,4.023665256231419,CV < 10%
Post-Planting,Ground pepper,1. Abia,0.0027375445679286765,5.262294102142754e-4,0.19222679198696638,0.0017061349239086967,0.0037689542119486562,0.14274339532770955,4. South East,245,28,4591792.975217456,4.023665256231419,CV < 10%
Post-Planting,Groundnut oil,1. Abia,0.0534697140671901,0.004844348015379355,0.09059984890309947,0.043974791957046566,0.06296463617733364,2.7880636620749124,4. South East,245,28,4591792.975217456,4.023665256231419,CV < 10%
Post-Planting,Groundnuts - shelled,1. Abia,0.014631911027509525,0.0026440052290314167,0.18070129213199904,0.009449660778607948,0.019814161276411103,0.7629496464344252,4. South East,245,28,4591792.975217456,4.023665256231419,CV < 10%
Post-Planting,Groundnuts - unshelled,1. Abia,0.05213013534150286,0.00777406833363003,0.14912810570512344,0.03689296140758801,0.06736730927541772,2.718214199949792,4. South East,245,28,4591792.975217456,4.023665256231419,CV < 10%
Post-Planting,Guava,1. Abia,0.06748063821766596,0.01971515186448546,0.29216012748563736,0.028838940563274462,0.10612233587205747,3.5186332784925827,4. South East,245,28,4591792.975217456,4.023665256231419,CV < 10%
Post-Planting,Guinea corn / sorghum,1. Abia,0.0011160428756126198,8.004664472206185e-4,0.7172362860891213,0,0.002684957112165032,0.05819366422837231,4. South East,245,28,4591792.975217456,4.023665256231419,CV < 10%
Post-Planting,Honey,1. Abia,0.002288992273894137,0.0011088844304543639,0.4844421901730055,1.1557879020358385e-4,0.00446240575758469,0.11935459713876571,4. South East,245,28,4591792.975217456,4.023665256231419,CV < 10%
Post-Planting,Kola nut,1. Abia,9.062668421046627e-4,3.0053664702429597e-4,0.33162048202750827,3.1721501393704263e-4,0.0014953186702722828,0.0472553424811717,4. South East,245,28,4591792.975217456,4.023665256231419,CV < 10%
Post-Planting,Leaves,1. Abia,0.020707729624063514,0.003238552901609095,0.15639343184419985,0.014360165936909686,0.02705529331121734,1.0797601875404548,4. South East,245,28,4591792.975217456,4.023665256231419,CV < 10%
Post-Planting,Local eggs,1. Abia,0.001504897208557927,8.756769370663556e-4,0.5818848836230324,0,0.003221224005207984,0.07846964016052048,4. South East,245,28,4591792.975217456,4.023665256231419,CV < 10%
Post-Planting,Maize - shelled/off cob,1. Abia,0.0134507075469357,0.006497758520987154,0.4830793100149927,7.151008458008805e-4,0.02618631424807052,0.7013583220902186,4. South East,245,28,4591792.975217456,4.023665256231419,CV < 10%
Post-Planting,Maize - unshelled/on cob,1. Abia,0.47973792962923656,0.06566177746404331,0.13687009804455055,0.3510408457997117,0.6084350134587615,25.014906330667337,4. South East,245,28,4591792.975217456,4.023665256231419,CV < 10%
Post-Planting,Maize flour,1. Abia,0.0017736701910817517,0.0011045414999265402,0.6227434533659758,0,0.00393857153093777,0.09248423139211992,4. South East,245,28,4591792.975217456,4.023665256231419,CV < 10%
Post-Planting,Malt drinks,1. Abia,0.03831661598738193,0.008726454362596623,0.22774595662284836,0.02121276543669255,0.05542046653807131,1.997937833627772,4. South East,245,28,4591792.975217456,4.023665256231419,CV < 10%
Post-Planting,Mangoes,1. Abia,0,0,NA,0,0,0,4. South East,245,28,4591792.975217456,4.023665256231419,No estimate
Post-Planting,Meat pie/Sausage roll,1. Abia,0.003639815819311346,0.0010010304225108442,0.2750222737095086,0.0016777961911900916,0.005601835447432601,0.18979039629266303,4. South East,245,28,4591792.975217456,4.023665256231419,CV < 10%
Post-Planting,Melon - ground,1. Abia,0.003101963274396905,5.914400758172259e-4,0.19066636948892177,0.0019427407257951422,0.004261185822998668,0.1617452278792672,4. South East,245,28,4591792.975217456,4.023665256231419,CV < 10%
Post-Planting,Melon - shelled,1. Abia,0.030757129535736248,0.0020230018345906322,0.06577342766138618,0.02679204593993861,0.03472221313153389,1.6037646115062472,4. South East,245,28,4591792.975217456,4.023665256231419,CV < 10%
Post-Planting,Melon - unshelled,1. Abia,0.003495403406237599,0.001154954970774825,0.33042108064373654,0.001231691663518942,0.005759115148956256,0.1822603204681034,4. South East,245,28,4591792.975217456,4.023665256231419,CV < 10%
Post-Planting,Milk - tinned,1. Abia,0.0017421571753332892,5.552744249709623e-4,0.3187280877023818,6.538193023902031e-4,0.0028304950482763752,0.09084105271380723,4. South East,245,28,4591792.975217456,4.023665256231419,CV < 10%
Post-Planting,Milk powder,1. Abia,0.0211247081464497,0.0030507517342155057,0.14441627846717622,0.015145234747387309,0.02710418154551209,1.1015026390648772,4. South East,245,28,4591792.975217456,4.023665256231419,CV < 10%
Post-Planting,Millet,1. Abia,0,0,NA,0,0,0,4. South East,245,28,4591792.975217456,4.023665256231419,No estimate
Post-Planting,Mutton,1. Abia,0,0,NA,0,0,0,4. South East,245,28,4591792.975217456,4.023665256231419,No estimate
Post-Planting,Ogbono - ground,1. Abia,0.0023591204616581134,8.015635963874383e-4,0.33977221995016627,7.880558127387343e-4,0.003930185110577493,0.1230112812150302,4. South East,245,28,4591792.975217456,4.023665256231419,CV < 10%
Post-Planting,Ogbono - unground,1. Abia,0.003018601114295611,5.051835517719355e-4,0.16735684267108603,0.0020284413528226172,0.0040087608757686044,0.15739848667398543,4. South East,245,28,4591792.975217456,4.023665256231419,CV < 10%
Post-Planting,Okra - dried,1. Abia,3.7224763483059085e-4,2.577194779801617e-4,0.6923334196534232,0,8.773778116717079e-4,0.01941005524473795,4. South East,245,28,4591792.975217456,4.023665256231419,CV < 10%
Post-Planting,Okra - fresh,1. Abia,0.064265951122557,0.007032542481383967,0.1094287466153377,0.05048216785904442,0.07804973438606957,3.351010308533329,4. South East,245,28,4591792.975217456,4.023665256231419,CV < 10%
Post-Planting,Onions,1. Abia,0.14276943149448312,0.006912982768869896,0.04842060864504477,0.12921998526749812,0.15631887772146813,7.444406070783763,4. South East,245,28,4591792.975217456,4.023665256231419,CV < 10%
Post-Planting,Orange/Tangerine,1. Abia,0.08512297533831122,0.013204849471736302,0.15512673774918212,0.05924147037370807,0.11100448030291436,4.438555142640514,4. South East,245,28,4591792.975217456,4.023665256231419,CV < 10%
Post-Planting,Other alcoholic beverages,1. Abia,0,0,NA,0,0,0,4. South East,245,28,4591792.975217456,4.023665256231419,No estimate
Post-Planting,Other domestic poultry,1. Abia,0,0,NA,0,0,0,4. South East,245,28,4591792.975217456,4.023665256231419,No estimate
Post-Planting,Other eggs,1. Abia,0,0,NA,0,0,0,4. South East,245,28,4591792.975217456,4.023665256231419,No estimate
Post-Planting,Other fish/seafood,1. Abia,5.216608530797132e-5,3.8751836752869246e-5,0.7428549894838996,0,1.2811968534359505e-4,0.0027200887339156473,4. South East,245,28,4591792.975217456,4.023665256231419,CV < 10%
Post-Planting,Other fruits,1. Abia,0,0,NA,0,0,0,4. South East,245,28,4591792.975217456,4.023665256231419,No estimate
Post-Planting,Other grains/flour,1. Abia,0,0,NA,0,0,0,4. South East,245,28,4591792.975217456,4.023665256231419,No estimate
Post-Planting,Other meat,1. Abia,0,0,NA,0,0,0,4. South East,245,28,4591792.975217456,4.023665256231419,No estimate
Post-Planting,Other milk products,1. Abia,0,0,NA,0,0,0,4. South East,245,28,4591792.975217456,4.023665256231419,No estimate
Post-Planting,Other non-alcoholic drinks,1. Abia,0,0,NA,0,0,0,4. South East,245,28,4591792.975217456,4.023665256231419,No estimate
Post-Planting,Other nuts/seeds/pulses,1. Abia,0,0,NA,0,0,0,4. South East,245,28,4591792.975217456,4.023665256231419,No estimate
Post-Planting,Other oil/fat,1. Abia,0,0,NA,0,0,0,4. South East,245,28,4591792.975217456,4.023665256231419,No estimate
Post-Planting,Other roots/tubers,1. Abia,0,0,NA,0,0,0,4. South East,245,28,4591792.975217456,4.023665256231419,No estimate
Post-Planting,Other spices,1. Abia,0.0030726582858469353,4.5335363317334463e-4,0.14754443579409743,0.00218408516482718,0.0039612314068666905,0.16021718204773308,4. South East,245,28,4591792.975217456,4.023665256231419,CV < 10%
Post-Planting,Other sweets,1. Abia,0,0,NA,0,0,0,4. South East,245,28,4591792.975217456,4.023665256231419,No estimate
Post-Planting,Other vegetables,1. Abia,0,0,NA,0,0,0,4. South East,245,28,4591792.975217456,4.023665256231419,No estimate
Post-Planting,Palm oil,1. Abia,0.07393183722216302,0.0035896819885301513,0.04855393999939784,0.06689606052464393,0.08096761391968212,3.855017226584215,4. South East,245,28,4591792.975217456,4.023665256231419,CV < 10%
Post-Planting,Palm wine,1. Abia,0.011557323665534212,0.0045560193334019386,0.39421058588059765,0.002627525772066413,0.020487121559002012,0.6026318768457125,4. South East,245,28,4591792.975217456,4.023665256231419,CV < 10%
Post-Planting,Pawpaw,1. Abia,0.2241519085311404,0.06246894954094966,0.2786902415879771,0.10171276743087905,0.34659104963140175,11.687920944838035,4. South East,245,28,4591792.975217456,4.023665256231419,CV < 10%
Post-Planting,Pineapples,1. Abia,0.01792604247127227,0.006131798238212197,0.34206090095116254,0.005907717924376365,0.029944367018168175,0.9347150717163398,4. South East,245,28,4591792.975217456,4.023665256231419,CV < 10%
Post-Planting,Pito,1. Abia,0,0,NA,0,0,0,4. South East,245,28,4591792.975217456,4.023665256231419,No estimate
Post-Planting,Plantains,1. Abia,0.16533821880404026,0.026271840176932452,0.15889756383592094,0.11384541205725265,0.21683102555082787,8.621207123353528,4. South East,245,28,4591792.975217456,4.023665256231419,CV < 10%
Post-Planting,Pork,1. Abia,2.1889541765582993e-4,2.2382092260209128e-4,1.0225016357080883,0,6.575844259559289e-4,0.01141383249205399,4. South East,245,28,4591792.975217456,4.023665256231419,CV < 10%
Post-Planting,Potatoes,1. Abia,0.031342616956304345,0.009940712898238769,0.31716282377114224,0.011858819675756357,0.05082641423685233,1.6342935984358693,4. South East,245,28,4591792.975217456,4.023665256231419,CV < 10%
Post-Planting,Rice - imported,1. Abia,0.0656847142135105,0.020210927758597026,0.30769605989150967,0.026071295806660337,0.10529813262036067,3.4249886697044762,4. South East,245,28,4591792.975217456,4.023665256231419,CV < 10%
Post-Planting,Rice - local,1. Abia,0.4344210445282958,0.02284224472408793,0.05258088900571232,0.38965024486908345,0.4791918441875081,22.65195446468971,4. South East,245,28,4591792.975217456,4.023665256231419,CV < 10%
Post-Planting,Sachet water,1. Abia,2.687645510936845,0.8939145955173528,0.3326013761412147,0.9355729037228337,4.439718118150856,140.1415159274212,4. South East,245,28,4591792.975217456,4.023665256231419,CV < 10%
Post-Planting,Salt,1. Abia,0.033018230181753414,0.0032190547812220136,0.09749325640721146,0.026708882810558266,0.03932757755294856,1.7216648594771422,4. South East,245,28,4591792.975217456,4.023665256231419,CV < 10%
Post-Planting,Seafood,1. Abia,0.0034726957538031063,8.889249473323401e-4,0.25597547563987955,0.0017304028570317197,0.005214988650574493,0.18107627859116196,4. South East,245,28,4591792.975217456,4.023665256231419,CV < 10%
Post-Planting,Shea butter,1. Abia,0,0,NA,0,0,0,4. South East,245,28,4591792.975217456,4.023665256231419,No estimate
Post-Planting,Snails,1. Abia,0.005471855990799796,0.0025153904957262016,0.4596960336594199,5.416906191764411e-4,0.010402021362423151,0.28531820523456075,4. South East,245,28,4591792.975217456,4.023665256231419,CV < 10%
Post-Planting,Soft drinks,1. Abia,0.1198628788963996,0.011474495835119268,0.09573018720030038,0.09737286705956583,0.14235289073323337,6.2499929710265505,4. South East,245,28,4591792.975217456,4.023665256231419,CV < 10%
Post-Planting,Soya beans,1. Abia,0.0010082392292898295,3.951647747558473e-4,0.39193552807322163,2.337162707683688e-4,0.0017827621878112902,0.05257247409868397,4. South East,245,28,4591792.975217456,4.023665256231419,CV < 10%
Post-Planting,Sugar,1. Abia,0.0240727403432914,0.002020292914090639,0.08392450902057999,0.02011296623167375,0.028032514454909053,1.2552214607573373,4. South East,245,28,4591792.975217456,4.023665256231419,CV < 10%
Post-Planting,Sweet potatoes,1. Abia,0.057079655714521095,0.01869424951695218,0.3275116025655416,0.020438926661294828,0.09372038476774736,2.9762963336857426,4. South East,245,28,4591792.975217456,4.023665256231419,CV < 10%
Post-Planting,Tea,1. Abia,9.724574789053769e-4,2.1217188366156155e-4,0.21818114237795536,5.566005869287162e-4,0.0013883143708820376,0.050706711400066086,4. South East,245,28,4591792.975217456,4.023665256231419,CV < 10%
Post-Planting,Tomato puree - canned,1. Abia,0.05447005570006896,0.0033168138537264273,0.06089242632667674,0.04796910054676516,0.060971010853372754,2.840224332932167,4. South East,245,28,4591792.975217456,4.023665256231419,CV < 10%
Post-Planting,Tomatoes,1. Abia,0.11994982094378119,0.00903237952074239,0.07530131724811612,0.1022463570831261,0.13765328480443628,6.254526377782876,4. South East,245,28,4591792.975217456,4.023665256231419,CV < 10%
Post-Planting,Watermelon,1. Abia,0.09881297384347071,0.02423755416031465,0.24528716440322174,0.051307367689254,0.1463185799976874,5.152390778980973,4. South East,245,28,4591792.975217456,4.023665256231419,CV < 10%
Post-Planting,Wheat flour,1. Abia,0.0031827132435900424,0.0023136595671726604,0.7269456561417688,0,0.007717485995248457,0.16595576198719506,4. South East,245,28,4591792.975217456,4.023665256231419,CV < 10%
Post-Planting,White beans,1. Abia,0.2018033244826617,0.012139277182619394,0.06015400000837133,0.1780103412047277,0.2255963077605957,10.522601919453075,4. South East,245,28,4591792.975217456,4.023665256231419,CV < 10%
Post-Planting,Wild game/Bush meat,1. Abia,0.0030478685080853533,0.0016415727124356352,0.5385969598363212,0,0.006265351024459198,0.15892457220730768,4. South East,245,28,4591792.975217456,4.023665256231419,CV < 10%
Post-Planting,Yam flour,1. Abia,1.221821403643783e-4,1.249791615034294e-4,1.0228922257435469,0,3.671412969110999e-4,0.0063709258904282974,4. South East,245,28,4591792.975217456,4.023665256231419,CV < 10%
Post-Planting,Yam roots,1. Abia,0.6763239471358089,0.07959624891304776,0.11768953213934398,0.5203152992662353,0.8323325950053825,35.26546295779575,4. South East,245,28,4591792.975217456,4.023665256231419,CV < 10%
Post-Planting,Agricultural eggs,10. Delta,0.06319691993366075,0.011466116255231617,0.1814347323772719,0.04072333207340678,0.08567050779391472,3.2952679679694534,5. South South,146,23,5962555.821091869,4.599292203192198,CV < 10%
Post-Planting,Animal fat,10. Delta,0,0,NA,0,0,0,5. South South,146,23,5962555.821091869,4.599292203192198,No estimate
Post-Planting,Apples,10. Delta,0.013967702022902841,0.003168297026190072,0.22683022740569744,0.0077578398515703,0.020177564194235383,0.7283158911942197,5. South South,146,23,5962555.821091869,4.599292203192198,CV < 10%
Post-Planting,Avocado pear,10. Delta,0.010173794222583278,0.004270341998751271,0.4197393720891445,0.001803923905030787,0.01854366454013577,0.5304906987489852,5. South South,146,23,5962555.821091869,4.599292203192198,CV < 10%
Post-Planting,Baby milk powder,10. Delta,9.721557537349803e-4,7.395520906745115e-4,0.7607341599668411,0,0.0024216778514570226,0.05069097858760969,5. South South,146,23,5962555.821091869,4.599292203192198,CV < 10%
Post-Planting,Bananas,10. Delta,0.06909258708480842,0.01607593839706214,0.23267240488953703,0.03758374782656662,0.10060142634305022,3.602684897993582,5. South South,146,23,5962555.821091869,4.599292203192198,CV < 10%
Post-Planting,Beef,10. Delta,0.11967701578075617,0.013165399153532637,0.11000774933802793,0.0938728334398322,0.14548119812168014,6.240301537139429,5. South South,146,23,5962555.821091869,4.599292203192198,CV < 10%
Post-Planting,Beer,10. Delta,0.060287737722617925,0.01743887979465529,0.2892608091365288,0.02610753332509356,0.09446794212014228,3.143574895536506,5. South South,146,23,5962555.821091869,4.599292203192198,CV < 10%
Post-Planting,Biscuits,10. Delta,0.015020176975511813,0.0026136727568382974,0.17401078303534678,0.009897378372108752,0.020142975578914875,0.7831949422945446,5. South South,146,23,5962555.821091869,4.599292203192198,CV < 10%
Post-Planting,Bottled water,10. Delta,0.025393335788924342,0.01074545841145408,0.42316056861426066,0.004332237302474343,0.04645443427537434,1.3240810804224836,5. South South,146,23,5962555.821091869,4.599292203192198,CV < 10%
Post-Planting,Bread,10. Delta,0.268124725277925,0.04137895798071773,0.15432727413641661,0.18702196763571827,0.3492274829201318,13.98078924663466,5. South South,146,23,5962555.821091869,4.599292203192198,CV < 10%
Post-Planting,Brown beans,10. Delta,0.07264357950865742,0.014655654460523472,0.2017474160779324,0.04391849676603142,0.10136866225128342,3.7878437886657084,5. South South,146,23,5962555.821091869,4.599292203192198,CV < 10%
Post-Planting,Buns/Pofpof/Donuts,10. Delta,0.002570055200391785,0.001029587061749525,0.4006089291749735,5.52064559362716e-4,0.004588045841420854,0.13401002116328595,5. South South,146,23,5962555.821091869,4.599292203192198,CV < 10%
Post-Planting,Butter/Margarine,10. Delta,0.0022885880680984442,0.0013135242533035565,0.5739452510538279,0,0.004863095604573415,0.11933352069370459,5. South South,146,23,5962555.821091869,4.599292203192198,CV < 10%
Post-Planting,Cake,10. Delta,0.007113141662557764,0.002625536543857623,0.36911067829254013,0.001967090036596823,0.012259193288518704,0.3708995295476548,5. South South,146,23,5962555.821091869,4.599292203192198,CV < 10%
Post-Planting,Canned fish/seafood,10. Delta,0,0,NA,0,0,0,5. South South,146,23,5962555.821091869,4.599292203192198,No estimate
Post-Planting,Cashew nut,10. Delta,3.962459101042292e-4,3.578647788036152e-4,0.9031381010582086,0,0.001097660876559315,0.020661393884006236,5. South South,146,23,5962555.821091869,4.599292203192198,CV < 10%
Post-Planting,Cassava flour,10. Delta,0.016870353366445316,0.011287395326409391,0.669066917641436,0,0.03899364820620772,0.8796684255360772,5. South South,146,23,5962555.821091869,4.599292203192198,CV < 10%
Post-Planting,Cassava roots,10. Delta,0.1161167010241326,0.08527129387456711,0.734358564465633,0,0.28324843701828417,6.0546565534012,5. South South,146,23,5962555.821091869,4.599292203192198,CV < 10%
Post-Planting,Cheese/wara,10. Delta,0,0,NA,0,0,0,5. South South,146,23,5962555.821091869,4.599292203192198,No estimate
Post-Planting,Chicken,10. Delta,0.04888349820225254,0.008226652149748059,0.16829098678066737,0.03275925998874635,0.06500773641575873,2.548925263403168,5. South South,146,23,5962555.821091869,4.599292203192198,CV < 10%
Post-Planting,Chocolate drinks,10. Delta,0.01556005812003485,0.0019292986395719807,0.12399045200787846,0.011778632786473769,0.01934148345359593,0.8113458876875315,5. South South,146,23,5962555.821091869,4.599292203192198,CV < 10%
Post-Planting,Coconut,10. Delta,0.020112437131298014,0.007698868562390703,0.38279142960800566,0.005022654749012237,0.03520221951358379,1.048719936131968,5. South South,146,23,5962555.821091869,4.599292203192198,CV < 10%
Post-Planting,Cocoyam,10. Delta,0.012848572015384111,0.006251141937548567,0.48652425577440234,5.963338177889192e-4,0.025100810212979302,0.6699612550878858,5. South South,146,23,5962555.821091869,4.599292203192198,CV < 10%
Post-Planting,Coffee,10. Delta,8.664023817263049e-4,7.519840573131468e-4,0.8679385850888592,0,0.0023402911340600725,0.0451766956185859,5. South South,146,23,5962555.821091869,4.599292203192198,CV < 10%
Post-Planting,Dry pepper,10. Delta,0.0019541240201471307,0.0010148049496319946,0.5193145057167802,0,0.00394314172142584,0.10189360962195752,5. South South,146,23,5962555.821091869,4.599292203192198,CV < 10%
Post-Planting,Duck,10. Delta,0,0,NA,0,0,0,5. South South,146,23,5962555.821091869,4.599292203192198,No estimate
Post-Planting,Fish - dried,10. Delta,0.02203818721414413,0.00336918105618594,0.15287922837970977,0.015434592344019688,0.028641782084268572,1.1491340475946583,5. South South,146,23,5962555.821091869,4.599292203192198,CV < 10%
Post-Planting,Fish - fresh,10. Delta,0.20834340399389092,0.04813307476910984,0.23102759120956481,0.11400257744643563,0.3026842305413462,10.863620351110027,5. South South,146,23,5962555.821091869,4.599292203192198,CV < 10%
Post-Planting,Fish - frozen,10. Delta,0.0691942550966049,0.017578226151096107,0.2540416993658568,0.03474093184045653,0.10364757835275326,3.6079861586086843,5. South South,146,23,5962555.821091869,4.599292203192198,CV < 10%
Post-Planting,Fish - smoked,10. Delta,0.05479365623248423,0.014206176927913282,0.2592668185462535,0.0269495494537742,0.08263776301119426,2.857097789265249,5. South South,146,23,5962555.821091869,4.599292203192198,CV < 10%
Post-Planting,Fresh milk,10. Delta,0,0,NA,0,0,0,5. South South,146,23,5962555.821091869,4.599292203192198,No estimate
Post-Planting,Fresh pepper,10. Delta,0.04898083457651596,0.006387943153676823,0.13041719703035737,0.03646046599530939,0.061501203157722534,2.554000660061189,5. South South,146,23,5962555.821091869,4.599292203192198,CV < 10%
Post-Planting,Fruit juice,10. Delta,0.0020060665407325277,0.001453187697422846,0.7243965580983198,0,0.0048543144276813055,0.1046020410524818,5. South South,146,23,5962555.821091869,4.599292203192198,CV < 10%
Post-Planting,Garden eggs/Eggplant,10. Delta,0.027211694774748097,0.00973383346431967,0.3577077262145565,0.008133381184681543,0.04629000836481465,1.418895513254722,5. South South,146,23,5962555.821091869,4.599292203192198,CV < 10%
Post-Planting,Gari - white,10. Delta,0.06315945624780758,0.019007119083648365,0.3009386117745139,0.025905502843856787,0.10041340965175838,3.293314504349967,5. South South,146,23,5962555.821091869,4.599292203192198,CV < 10%
Post-Planting,Gari - yellow,10. Delta,0.42430767995060764,0.03136646610732476,0.073923870788707,0.36282940638025113,0.48578595352096415,22.124614740281686,5. South South,146,23,5962555.821091869,4.599292203192198,CV < 10%
Post-Planting,Gin,10. Delta,0.009822013645610141,0.003765459548442064,0.3833694071607202,0.002441712930663696,0.017202314360556588,0.5121478543782431,5. South South,146,23,5962555.821091869,4.599292203192198,CV < 10%
Post-Planting,Goat,10. Delta,0.0158370269331049,0.011343564055862692,0.7162685334676482,0,0.038070412482595774,0.8257878329404698,5. South South,146,23,5962555.821091869,4.599292203192198,CV < 10%
Post-Planting,Ground pepper,10. Delta,0.009133247248207863,0.0015552361239196612,0.17028293241758363,0.006084984445325327,0.012181510051090399,0.47623360651369573,5. South South,146,23,5962555.821091869,4.599292203192198,CV < 10%
Post-Planting,Groundnut oil,10. Delta,0.05226618440096866,0.008942921694966499,0.1711033969183478,0.03473805787883433,0.069794310923103,2.7253081866219375,5. South South,146,23,5962555.821091869,4.599292203192198,CV < 10%
Post-Planting,Groundnuts - shelled,10. Delta,0.018464581699523766,0.007446372500967486,0.4032786998450954,0.003869691597627494,0.033059471801420034,0.9627960457608821,5. South South,146,23,5962555.821091869,4.599292203192198,CV < 10%
Post-Planting,Groundnuts - unshelled,10. Delta,0.014552300464506007,0.00555620295197319,0.3818092517760422,0.0036621426786385552,0.02544245825037346,0.7587985242206703,5. South South,146,23,5962555.821091869,4.599292203192198,CV < 10%
Post-Planting,Guava,10. Delta,0.023108762793294817,0.00985472223376842,0.42644958200132815,0.0037935072151087136,0.04242401837148092,1.204956917078944,5. South South,146,23,5962555.821091869,4.599292203192198,CV < 10%
Post-Planting,Guinea corn / sorghum,10. Delta,0.0011373824806063827,0.0011611822058070354,1.0209249971812158,0,0.003413299603988172,0.059306372203047096,5. South South,146,23,5962555.821091869,4.599292203192198,CV < 10%
Post-Planting,Honey,10. Delta,2.6821657717736026e-4,2.2543815306082883e-4,0.8405079038487473,0,7.100753571765848e-4,0.013985578667105213,5. South South,146,23,5962555.821091869,4.599292203192198,CV < 10%
Post-Planting,Kola nut,10. Delta,6.809737344213552e-4,2.5356107854065734e-4,0.3723507467672247,1.8399402048166686e-4,0.0011779534483610434,0.035507916151970666,5. South South,146,23,5962555.821091869,4.599292203192198,CV < 10%
Post-Planting,Leaves,10. Delta,0.09410472177346507,0.030856652378203557,0.3278969619875576,0.033625683112186104,0.15458376043474403,4.906889063902107,5. South South,146,23,5962555.821091869,4.599292203192198,CV < 10%
Post-Planting,Local eggs,10. Delta,1.6744406512973447e-4,1.6582201198683322e-4,0.9903128657223862,0,4.924552086239275e-4,0.008731011967479012,5. South South,146,23,5962555.821091869,4.599292203192198,CV < 10%
Post-Planting,Maize - shelled/off cob,10. Delta,0.018540927791802463,0.014113945537510164,0.7612318917368521,0,0.04620426104532238,0.9667769491439856,5. South South,146,23,5962555.821091869,4.599292203192198,CV < 10%
Post-Planting,Maize - unshelled/on cob,10. Delta,0.18561564275255657,0.04671816769935106,0.2516930524095475,0.09404803406182849,0.27718325144328465,9.678529943526163,5. South South,146,23,5962555.821091869,4.599292203192198,CV < 10%
Post-Planting,Maize flour,10. Delta,0.0014072931379117324,0.0014469612643936288,1.0281875363513528,0,0.004243337216123245,0.07338028504825463,5. South South,146,23,5962555.821091869,4.599292203192198,CV < 10%
Post-Planting,Malt drinks,10. Delta,0.019002406455686075,0.004425701713861531,0.23290217079517483,0.010328031096517474,0.027676781814854674,0.9908397651893454,5. South South,146,23,5962555.821091869,4.599292203192198,CV < 10%
Post-Planting,Mangoes,10. Delta,0.006425370751140934,0.006538336037495964,1.0175811312265477,0,0.019240509384633023,0.33503718916663444,5. South South,146,23,5962555.821091869,4.599292203192198,CV < 10%
Post-Planting,Meat pie/Sausage roll,10. Delta,0.004428119328708447,0.0015762731310262719,0.35596898231873636,0.0013386239918969545,0.00751761466551994,0.230894793568369,5. South South,146,23,5962555.821091869,4.599292203192198,CV < 10%
Post-Planting,Melon - ground,10. Delta,0.012761543413171901,0.004034220478230667,0.3161232421202848,0.0048544712758397945,0.020668615550504008,0.665423335115392,5. South South,146,23,5962555.821091869,4.599292203192198,CV < 10%
Post-Planting,Melon - shelled,10. Delta,0.011856283625620554,0.003713792338996894,0.3132341006900057,0.004577250641186642,0.019135316610054465,0.6182205033359288,5. South South,146,23,5962555.821091869,4.599292203192198,CV < 10%
Post-Planting,Melon - unshelled,10. Delta,0.0019376720918615313,0.0011513018178398518,0.5941675181654654,0,0.00419422365482764,0.10103575907563699,5. South South,146,23,5962555.821091869,4.599292203192198,CV < 10%
Post-Planting,Milk - tinned,10. Delta,0.005939185639363265,0.0011903027753336444,0.20041514908115513,0.0036061921997093222,0.008272179079017207,0.3096861083382274,5. South South,146,23,5962555.821091869,4.599292203192198,CV < 10%
Post-Planting,Milk powder,10. Delta,0.010889655960640897,0.0013536146005284023,0.12430278839118965,0.008236571343605227,0.013542740577676566,0.5678177750905611,5. South South,146,23,5962555.821091869,4.599292203192198,CV < 10%
Post-Planting,Millet,10. Delta,0.00506636814421569,0.004775974114297461,0.9426820117188338,0,0.014427277408238712,0.26417491037696095,5. South South,146,23,5962555.821091869,4.599292203192198,CV < 10%
Post-Planting,Mutton,10. Delta,0,0,NA,0,0,0,5. South South,146,23,5962555.821091869,4.599292203192198,No estimate
Post-Planting,Ogbono - ground,10. Delta,0.006901654598830202,0.001576157624692579,0.22837387790454342,0.003812385654432747,0.009990923543227656,0.35987198979614626,5. South South,146,23,5962555.821091869,4.599292203192198,CV < 10%
Post-Planting,Ogbono - unground,10. Delta,0.004153615861698447,0.0012472690567536095,0.30028512464404716,0.0017089685104613728,0.006598263212935522,0.2165813985028476,5. South South,146,23,5962555.821091869,4.599292203192198,CV < 10%
Post-Planting,Okra - dried,10. Delta,0,0,NA,0,0,0,5. South South,146,23,5962555.821091869,4.599292203192198,No estimate
Post-Planting,Okra - fresh,10. Delta,0.07929379923390809,0.012289432984472212,0.1549860531744698,0.05520651058434255,0.10338108788347362,4.134605245768064,5. South South,146,23,5962555.821091869,4.599292203192198,CV < 10%
Post-Planting,Onions,10. Delta,0.19705881872726194,0.018791059686887032,0.09535761864529739,0.16022834174096334,0.23388929571356054,10.2752098336358,5. South South,146,23,5962555.821091869,4.599292203192198,CV < 10%
Post-Planting,Orange/Tangerine,10. Delta,0.1060991185987109,0.017624399266598156,0.16611258886378996,0.07155529603617852,0.1406429411612433,5.53231118407564,5. South South,146,23,5962555.821091869,4.599292203192198,CV < 10%
Post-Planting,Other alcoholic beverages,10. Delta,0,0,NA,0,0,0,5. South South,146,23,5962555.821091869,4.599292203192198,No estimate
Post-Planting,Other domestic poultry,10. Delta,0,0,NA,0,0,0,5. South South,146,23,5962555.821091869,4.599292203192198,No estimate
Post-Planting,Other eggs,10. Delta,2.603075961964178e-4,2.577859615585807e-4,0.9903128657223881,0,7.65568080851236e-4,0.013573181801670357,5. South South,146,23,5962555.821091869,4.599292203192198,CV < 10%
Post-Planting,Other fish/seafood,10. Delta,0,0,NA,0,0,0,5. South South,146,23,5962555.821091869,4.599292203192198,No estimate
Post-Planting,Other fruits,10. Delta,0,0,NA,0,0,0,5. South South,146,23,5962555.821091869,4.599292203192198,No estimate
Post-Planting,Other grains/flour,10. Delta,0,0,NA,0,0,0,5. South South,146,23,5962555.821091869,4.599292203192198,No estimate
Post-Planting,Other meat,10. Delta,0,0,NA,0,0,0,5. South South,146,23,5962555.821091869,4.599292203192198,No estimate
Post-Planting,Other milk products,10. Delta,0,0,NA,0,0,0,5. South South,146,23,5962555.821091869,4.599292203192198,No estimate
Post-Planting,Other non-alcoholic drinks,10. Delta,0,0,NA,0,0,0,5. South South,146,23,5962555.821091869,4.599292203192198,No estimate
Post-Planting,Other nuts/seeds/pulses,10. Delta,0,0,NA,0,0,0,5. South South,146,23,5962555.821091869,4.599292203192198,No estimate
Post-Planting,Other oil/fat,10. Delta,0.007605011120188085,0.004261723246049702,0.5603835653489881,0,0.015957988682445502,0.39654700840980733,5. South South,146,23,5962555.821091869,4.599292203192198,CV < 10%
Post-Planting,Other roots/tubers,10. Delta,0,0,NA,0,0,0,5. South South,146,23,5962555.821091869,4.599292203192198,No estimate
Post-Planting,Other spices,10. Delta,0.006583316101004557,0.0014710592576272095,0.22345262403589258,0.0037000399560552263,0.009466592245953887,0.34327291098095186,5. South South,146,23,5962555.821091869,4.599292203192198,CV < 10%
Post-Planting,Other sweets,10. Delta,0,0,NA,0,0,0,5. South South,146,23,5962555.821091869,4.599292203192198,No estimate
Post-Planting,Other vegetables,10. Delta,0,0,NA,0,0,0,5. South South,146,23,5962555.821091869,4.599292203192198,No estimate
Post-Planting,Palm oil,10. Delta,0.12632831236176234,0.008095782188650013,0.06408525561131839,0.11046057927200831,0.14219604545151637,6.587119144577607,5. South South,146,23,5962555.821091869,4.599292203192198,CV < 10%
Post-Planting,Palm wine,10. Delta,0.02520226453315072,0.0088259499741352,0.35020463984598144,0.007903402583845729,0.042501126482455714,1.3141180792285732,5. South South,146,23,5962555.821091869,4.599292203192198,CV < 10%
Post-Planting,Pawpaw,10. Delta,0.03506781634459779,0.011211716101744058,0.31971526232403197,0.013092852785179437,0.05704277990401614,1.8285361379683134,5. South South,146,23,5962555.821091869,4.599292203192198,CV < 10%
Post-Planting,Pineapples,10. Delta,0.08929169522006049,0.026160495524049268,0.29297792431397346,0.038017123992923924,0.14056626644719705,4.655924107903154,5. South South,146,23,5962555.821091869,4.599292203192198,CV < 10%
Post-Planting,Pito,10. Delta,0,0,NA,0,0,0,5. South South,146,23,5962555.821091869,4.599292203192198,No estimate
Post-Planting,Plantains,10. Delta,0.2725111143435565,0.03369947286506926,0.12366274654979437,0.20646014752802078,0.33856208115909225,14.209508105056875,5. South South,146,23,5962555.821091869,4.599292203192198,CV < 10%
Post-Planting,Pork,10. Delta,0.005469234911778772,0.002730200630518218,0.49919242353959675,1.1804167596306519e-4,0.010820428147594478,0.2851815346856074,5. South South,146,23,5962555.821091869,4.599292203192198,CV < 10%
Post-Planting,Potatoes,10. Delta,0.0068280219681006666,0.003568580487095917,0.5226375228093444,0,0.013822439722808662,0.3560325740509633,5. South South,146,23,5962555.821091869,4.599292203192198,CV < 10%
Post-Planting,Rice - imported,10. Delta,0.0659181376205365,0.023794326697477674,0.36096782397663885,0.019281257293480257,0.11255501794759273,3.437160033070832,5. South South,146,23,5962555.821091869,4.599292203192198,CV < 10%
Post-Planting,Rice - local,10. Delta,0.48859666526481693,0.043962837433940194,0.08997776808425935,0.40242950389429416,0.5747638266353398,25.47682611737974,5. South South,146,23,5962555.821091869,4.599292203192198,CV < 10%
Post-Planting,Sachet water,10. Delta,2.018740574782836,0.1747165105001904,0.08654728234160813,1.676296214202463,2.3611849353632093,105.26290139939076,5. South South,146,23,5962555.821091869,4.599292203192198,CV < 10%
Post-Planting,Salt,10. Delta,0.022882583001376435,0.003103135693329619,0.13561125040573255,0.01680043704245038,0.02896472896030249,1.1931632565003427,5. South South,146,23,5962555.821091869,4.599292203192198,CV < 10%
Post-Planting,Seafood,10. Delta,0.005352240354463487,0.003974939708760863,0.7426683866029993,0,0.013143122183634778,0.27908110419702464,5. South South,146,23,5962555.821091869,4.599292203192198,CV < 10%
Post-Planting,Shea butter,10. Delta,0,0,NA,0,0,0,5. South South,146,23,5962555.821091869,4.599292203192198,No estimate
Post-Planting,Snails,10. Delta,0.013163810461688928,0.007523050047574426,0.5714948623325296,0,0.027908988554934802,0.6863986883594941,5. South South,146,23,5962555.821091869,4.599292203192198,CV < 10%
Post-Planting,Soft drinks,10. Delta,0.18192524010135308,0.03252435795272494,0.17877870016609662,0.1181774985140122,0.24567298168869395,9.486101805284838,5. South South,146,23,5962555.821091869,4.599292203192198,CV < 10%
Post-Planting,Soya beans,10. Delta,0,0,NA,0,0,0,5. South South,146,23,5962555.821091869,4.599292203192198,No estimate
Post-Planting,Sugar,10. Delta,0.016200970174147695,0.004480728282034333,0.27657160243306583,0.007418742741360403,0.024983197606934987,0.8447648733662726,5. South South,146,23,5962555.821091869,4.599292203192198,CV < 10%
Post-Planting,Sweet potatoes,10. Delta,0.07888025492126567,0.02223217049112457,0.2818470923213371,0.03530520075866152,0.12245530908386983,4.11304186375171,5. South South,146,23,5962555.821091869,4.599292203192198,CV < 10%
Post-Planting,Tea,10. Delta,0.001288535723469435,4.650204973279563e-4,0.36089065196878645,3.770955487066406e-4,0.0021999758982322293,0.06718793415233483,5. South South,146,23,5962555.821091869,4.599292203192198,CV < 10%
Post-Planting,Tomato puree - canned,10. Delta,0.02870024502469294,0.003632570351671479,0.12656931494996335,0.02158040713541684,0.03582008291396904,1.4965127762875603,5. South South,146,23,5962555.821091869,4.599292203192198,CV < 10%
Post-Planting,Tomatoes,10. Delta,0.19336027257618377,0.028430566659338755,0.1470341672596533,0.13763636192387982,0.24908418322848772,10.082357070043868,5. South South,146,23,5962555.821091869,4.599292203192198,CV < 10%
Post-Planting,Watermelon,10. Delta,0.20230867604036581,0.03216553789063069,0.15899237996205773,0.13926422177472966,0.26535313030600194,10.54895239353336,5. South South,146,23,5962555.821091869,4.599292203192198,CV < 10%
Post-Planting,Wheat flour,10. Delta,0.05728863942687572,0.02431763987686546,0.42447577949385495,0.009626065268219415,0.10495121358553203,2.9871933415442338,5. South South,146,23,5962555.821091869,4.599292203192198,CV < 10%
Post-Planting,White beans,10. Delta,0.20328337680183647,0.04094752461947128,0.20143075771211488,0.12302622854767277,0.2835405250560002,10.59977607609576,5. South South,146,23,5962555.821091869,4.599292203192198,CV < 10%
Post-Planting,Wild game/Bush meat,10. Delta,0.015398773375084995,0.00801598042761826,0.5205596726676948,0,0.031110095013216783,0.802936040272289,5. South South,146,23,5962555.821091869,4.599292203192198,CV < 10%
Post-Planting,Yam flour,10. Delta,0.024562319232390772,0.014421589046980153,0.5871428064481038,0,0.052828633764471875,1.2807495028318046,5. South South,146,23,5962555.821091869,4.599292203192198,CV < 10%
Post-Planting,Yam roots,10. Delta,0.327285403477297,0.08073031060860708,0.24666639499004467,0.16905399468442714,0.48551681227016685,17.06559603845906,5. South South,146,23,5962555.821091869,4.599292203192198,CV < 10%
Post-Planting,Agricultural eggs,11. Ebonyi,0.004311968329962606,0.0018046015743412333,0.4185099324133679,7.749492442537891e-4,0.007848987415671423,0.22483834863376445,4. South East,108,12,3234624.279992391,5.4343022206470435,CV < 10%
Post-Planting,Animal fat,11. Ebonyi,0,0,NA,0,0,0,4. South East,108,12,3234624.279992391,5.4343022206470435,No estimate
Post-Planting,Apples,11. Ebonyi,0,0,NA,0,0,0,4. South East,108,12,3234624.279992391,5.4343022206470435,No estimate
Post-Planting,Avocado pear,11. Ebonyi,0,0,NA,0,0,0,4. South East,108,12,3234624.279992391,5.4343022206470435,No estimate
Post-Planting,Baby milk powder,11. Ebonyi,9.082091232342351e-4,6.283914665342732e-4,0.6919017332665635,0,0.0021398563976414106,0.04735661856864226,4. South East,108,12,3234624.279992391,5.4343022206470435,CV < 10%
Post-Planting,Bananas,11. Ebonyi,0.0485647540898841,0.01978842568068166,0.40746475610804195,0.009779439755748048,0.08735006842402016,2.532305034686814,4. South East,108,12,3234624.279992391,5.4343022206470435,CV < 10%
Post-Planting,Beef,11. Ebonyi,0.024510987799343333,0.00530594164927532,0.21647196321551226,0.014111342166763706,0.03491063343192296,1.278072935251474,4. South East,108,12,3234624.279992391,5.4343022206470435,CV < 10%
Post-Planting,Beer,11. Ebonyi,0.00322067594611903,0.003174110322099912,0.9855416611922008,0,0.009441932177434857,0.16793524576192084,4. South East,108,12,3234624.279992391,5.4343022206470435,CV < 10%
Post-Planting,Biscuits,11. Ebonyi,0.0036470208752415194,8.186162908535084e-4,0.22446164111942368,0.002042532945168643,0.005251508805314395,0.19016608849473635,4. South East,108,12,3234624.279992391,5.4343022206470435,CV < 10%
Post-Planting,Bottled water,11. Ebonyi,0,0,NA,0,0,0,4. South East,108,12,3234624.279992391,5.4343022206470435,No estimate
Post-Planting,Bread,11. Ebonyi,0.03529581791581667,0.011174324776586747,0.316590617144456,0.013394141353706649,0.0571974944779267,1.8404247913247265,4. South East,108,12,3234624.279992391,5.4343022206470435,CV < 10%
Post-Planting,Brown beans,11. Ebonyi,3.134786431140076e-4,3.0894626268285636e-4,0.9855416611922017,0,9.19013317972406e-4,0.016345672105230396,4. South East,108,12,3234624.279992391,5.4343022206470435,CV < 10%
Post-Planting,Buns/Pofpof/Donuts,11. Ebonyi,0,0,NA,0,0,0,4. South East,108,12,3234624.279992391,5.4343022206470435,No estimate
Post-Planting,Butter/Margarine,11. Ebonyi,0,0,NA,0,0,0,4. South East,108,12,3234624.279992391,5.4343022206470435,No estimate
Post-Planting,Cake,11. Ebonyi,0,0,NA,0,0,0,4. South East,108,12,3234624.279992391,5.4343022206470435,No estimate
Post-Planting,Canned fish/seafood,11. Ebonyi,0,0,NA,0,0,0,4. South East,108,12,3234624.279992391,5.4343022206470435,No estimate
Post-Planting,Cashew nut,11. Ebonyi,0,0,NA,0,0,0,4. South East,108,12,3234624.279992391,5.4343022206470435,No estimate
Post-Planting,Cassava flour,11. Ebonyi,0.0527901340277495,0.01811474099136535,0.34314633453749543,0.017285241684673408,0.08829502637082559,2.752628417161224,4. South East,108,12,3234624.279992391,5.4343022206470435,CV < 10%
Post-Planting,Cassava roots,11. Ebonyi,1.6228566690512347,0.428540732752111,0.2640656694609065,0.7829168328570971,2.462796505245372,84.62038345767152,4. South East,108,12,3234624.279992391,5.4343022206470435,CV < 10%
Post-Planting,Cheese/wara,11. Ebonyi,0,0,NA,0,0,0,4. South East,108,12,3234624.279992391,5.4343022206470435,No estimate
Post-Planting,Chicken,11. Ebonyi,0.009331655304003436,0.005987902893879104,0.6416763906088766,0,0.021067944976006482,0.48657916942303636,4. South East,108,12,3234624.279992391,5.4343022206470435,CV < 10%
Post-Planting,Chocolate drinks,11. Ebonyi,0.001194917649198779,5.448974697265733e-4,0.4560125713198229,1.2691860853469524e-4,0.0022629166898628624,0.062306420279650616,4. South East,108,12,3234624.279992391,5.4343022206470435,CV < 10%
Post-Planting,Coconut,11. Ebonyi,0.015796181566187964,0.013717481556558988,0.8684049052665693,0,0.04268244541704358,0.8236580388083724,4. South East,108,12,3234624.279992391,5.4343022206470435,CV < 10%
Post-Planting,Cocoyam,11. Ebonyi,0.05299146030806576,0.034295759830463644,0.6471940880867466,0,0.1202111495757745,2.763126144634857,4. South East,108,12,3234624.279992391,5.4343022206470435,CV < 10%
Post-Planting,Coffee,11. Ebonyi,0,0,NA,0,0,0,4. South East,108,12,3234624.279992391,5.4343022206470435,No estimate
Post-Planting,Dry pepper,11. Ebonyi,0.0017328729197148888,8.705883518321871e-4,0.5023959587154411,2.651975012380207e-5,0.0034392260893059755,0.09035694509941919,4. South East,108,12,3234624.279992391,5.4343022206470435,CV < 10%
Post-Planting,Duck,11. Ebonyi,0,0,NA,0,0,0,4. South East,108,12,3234624.279992391,5.4343022206470435,No estimate
Post-Planting,Fish - dried,11. Ebonyi,0.0331240915219301,0.005146244885925325,0.15536259711509998,0.02303745154551646,0.04321073149834374,1.7271847722149265,4. South East,108,12,3234624.279992391,5.4343022206470435,CV < 10%
Post-Planting,Fish - fresh,11. Ebonyi,0.016756174276345372,0.005881888988441385,0.3510281578262662,0.005227671859000258,0.02828467669369049,0.8737148015522944,4. South East,108,12,3234624.279992391,5.4343022206470435,CV < 10%
Post-Planting,Fish - frozen,11. Ebonyi,0.027044172578026604,0.005502815773759782,0.2034751019977894,0.01625865366145743,0.03782969149459578,1.4101604272828159,4. South East,108,12,3234624.279992391,5.4343022206470435,CV < 10%
Post-Planting,Fish - smoked,11. Ebonyi,0.01590959873790466,0.005533727424674739,0.3478231925165164,0.005063492985542173,0.02675570449026715,0.829571934190743,4. South East,108,12,3234624.279992391,5.4343022206470435,CV < 10%
Post-Planting,Fresh milk,11. Ebonyi,0,0,NA,0,0,0,4. South East,108,12,3234624.279992391,5.4343022206470435,No estimate
Post-Planting,Fresh pepper,11. Ebonyi,0.03738818496987574,0.005175710149172777,0.13843170384823253,0.027243793077497098,0.047532576862254386,1.9495267877149494,4. South East,108,12,3234624.279992391,5.4343022206470435,CV < 10%
Post-Planting,Fruit juice,11. Ebonyi,0,0,NA,0,0,0,4. South East,108,12,3234624.279992391,5.4343022206470435,No estimate
Post-Planting,Garden eggs/Eggplant,11. Ebonyi,0.004483186812392882,0.004418367378520647,0.9855416611922005,0,0.01314318687429335,0.23376616950334314,4. South East,108,12,3234624.279992391,5.4343022206470435,CV < 10%
Post-Planting,Gari - white,11. Ebonyi,0.40336154446187555,0.021730877976321495,0.053874441613695846,0.36076902362828545,0.44595406529546566,21.032423389797795,4. South East,108,12,3234624.279992391,5.4343022206470435,CV < 10%
Post-Planting,Gari - yellow,11. Ebonyi,0.056319968364057414,0.02617435883867854,0.46474384838935096,0.005018225040247473,0.10762171168786736,2.936684064697279,4. South East,108,12,3234624.279992391,5.4343022206470435,CV < 10%
Post-Planting,Gin,11. Ebonyi,0,0,NA,0,0,0,4. South East,108,12,3234624.279992391,5.4343022206470435,No estimate
Post-Planting,Goat,11. Ebonyi,0.023012552815657093,0.022401886643723862,0.9734637796673409,0,0.06692025063735586,1.1999402539592627,4. South East,108,12,3234624.279992391,5.4343022206470435,CV < 10%
Post-Planting,Ground pepper,11. Ebonyi,0.004888140312768195,8.096491090348592e-4,0.16563540676604435,0.003301228059059871,0.006475052566476519,0.25488160202291305,4. South East,108,12,3234624.279992391,5.4343022206470435,CV < 10%
Post-Planting,Groundnut oil,11. Ebonyi,0.011819690264970373,0.0053287837288006025,0.4508395405752166,0.0013752741565211928,0.02226410637341955,0.6163124209591695,4. South East,108,12,3234624.279992391,5.4343022206470435,CV < 10%
Post-Planting,Groundnuts - shelled,11. Ebonyi,0.019908666431297028,0.005844078571312771,0.2935444516828964,0.008454272431523996,0.03136306043107006,1.0380947496319164,4. South East,108,12,3234624.279992391,5.4343022206470435,CV < 10%
Post-Planting,Groundnuts - unshelled,11. Ebonyi,0.09611774545061022,0.014914940280593281,0.15517363844387375,0.06688446250064739,0.12535102840057305,5.011853869924676,4. South East,108,12,3234624.279992391,5.4343022206470435,CV < 10%
Post-Planting,Guava,11. Ebonyi,0.013652341451674523,0.0059331841487260985,0.4345909578754614,0.00202330052017137,0.025281382383177675,0.7118720899801715,4. South East,108,12,3234624.279992391,5.4343022206470435,CV < 10%
Post-Planting,Guinea corn / sorghum,11. Ebonyi,0,0,NA,0,0,0,4. South East,108,12,3234624.279992391,5.4343022206470435,No estimate
Post-Planting,Honey,11. Ebonyi,0,0,NA,0,0,0,4. South East,108,12,3234624.279992391,5.4343022206470435,No estimate
Post-Planting,Kola nut,11. Ebonyi,3.5577756265446885e-4,1.9560935891712458e-4,0.5498080245917598,0,7.39171906132033e-4,0.018551258624125877,4. South East,108,12,3234624.279992391,5.4343022206470435,CV < 10%
Post-Planting,Leaves,11. Ebonyi,0.16107776374088703,0.029731001868086387,0.1845754570811666,0.10280500007943771,0.21935052740233635,8.399054823631968,4. South East,108,12,3234624.279992391,5.4343022206470435,CV < 10%
Post-Planting,Local eggs,11. Ebonyi,1.0028915745465432e-4,9.334161131477221e-5,0.9307248528533761,0,2.8323871563160785e-4,0.005229363210135547,4. South East,108,12,3234624.279992391,5.4343022206470435,CV < 10%
Post-Planting,Maize - shelled/off cob,11. Ebonyi,0.015530040865823512,0.014454194999650517,0.9307248528533768,0,0.04386026306513852,0.8097807022893688,4. South East,108,12,3234624.279992391,5.4343022206470435,CV < 10%
Post-Planting,Maize - unshelled/on cob,11. Ebonyi,0.3534066525667396,0.046678321572646765,0.13208104950381977,0.2619171422843519,0.44489616284912725,18.427632598122848,4. South East,108,12,3234624.279992391,5.4343022206470435,CV < 10%
Post-Planting,Maize flour,11. Ebonyi,2.55261178998112e-4,2.5157052638768014e-4,0.9855416611922051,0,7.483394107179651e-4,0.013310047190615843,4. South East,108,12,3234624.279992391,5.4343022206470435,CV < 10%
Post-Planting,Malt drinks,11. Ebonyi,0.008187987348673117,0.0039786228979417915,0.4859097515076812,3.8988646870720574e-4,0.015986088228639027,0.426945054609384,4. South East,108,12,3234624.279992391,5.4343022206470435,CV < 10%
Post-Planting,Mangoes,11. Ebonyi,0,0,NA,0,0,0,4. South East,108,12,3234624.279992391,5.4343022206470435,No estimate
Post-Planting,Meat pie/Sausage roll,11. Ebonyi,0,0,NA,0,0,0,4. South East,108,12,3234624.279992391,5.4343022206470435,No estimate
Post-Planting,Melon - ground,11. Ebonyi,1.5488120676431045e-4,1.4415178837546644e-4,0.9307248528533779,0,4.3741871198022463e-4,0.008075948638424759,4. South East,108,12,3234624.279992391,5.4343022206470435,CV < 10%
Post-Planting,Melon - shelled,11. Ebonyi,0.012733401529967148,0.00224319313117728,0.17616605632816068,0.00833674299285968,0.01713006006707462,0.6639559369197156,4. South East,108,12,3234624.279992391,5.4343022206470435,CV < 10%
Post-Planting,Melon - unshelled,11. Ebonyi,0.003901104372192741,0.001766339416141784,0.45277932801089255,4.390791165548441e-4,0.007363129627830638,0.2034147279786215,4. South East,108,12,3234624.279992391,5.4343022206470435,CV < 10%
Post-Planting,Milk - tinned,11. Ebonyi,4.893980334023928e-4,3.392569972626362e-4,0.6932128331290052,0,0.0011543417480371597,0.025518611741696194,4. South East,108,12,3234624.279992391,5.4343022206470435,CV < 10%
Post-Planting,Milk powder,11. Ebonyi,0.0015944039681448875,6.909964031875005e-4,0.433388537028972,2.4005101789738672e-4,0.0029487569183923885,0.0831367783389834,4. South East,108,12,3234624.279992391,5.4343022206470435,CV < 10%
Post-Planting,Millet,11. Ebonyi,0,0,NA,0,0,0,4. South East,108,12,3234624.279992391,5.4343022206470435,No estimate
Post-Planting,Mutton,11. Ebonyi,0,0,NA,0,0,0,4. South East,108,12,3234624.279992391,5.4343022206470435,No estimate
Post-Planting,Ogbono - ground,11. Ebonyi,3.117868615357645e-4,1.878491905936094e-4,0.6024923233401276,0,6.799712750992389e-4,0.016257457780079147,4. South East,108,12,3234624.279992391,5.4343022206470435,CV < 10%
Post-Planting,Ogbono - unground,11. Ebonyi,0.007077906228674498,9.598837600919391e-4,0.13561690831720719,0.0051965340588942975,0.008959278398454699,0.3690622533523131,4. South East,108,12,3234624.279992391,5.4343022206470435,CV < 10%
Post-Planting,Okra - dried,11. Ebonyi,0.004611563574706079,9.661282928080982e-4,0.20950124120747377,0.002717952120802206,0.006505175028609951,0.24046010068110268,4. South East,108,12,3234624.279992391,5.4343022206470435,CV < 10%
Post-Planting,Okra - fresh,11. Ebonyi,0.05677709631801472,0.005491486027927051,0.09672009285520058,0.0460137837032777,0.06754040893275173,2.960520022296482,4. South East,108,12,3234624.279992391,5.4343022206470435,CV < 10%
Post-Planting,Onions,11. Ebonyi,0.1291010417026581,0.011441669878263755,0.0886256975727267,0.10667536874126114,0.15152671466405507,6.731697174495744,4. South East,108,12,3234624.279992391,5.4343022206470435,CV < 10%
Post-Planting,Orange/Tangerine,11. Ebonyi,0.03741987391050777,0.017412009129220876,0.46531447890131605,0.0032923360172348592,0.07154741180378069,1.9511791396193339,4. South East,108,12,3234624.279992391,5.4343022206470435,CV < 10%
Post-Planting,Other alcoholic beverages,11. Ebonyi,0,0,NA,0,0,0,4. South East,108,12,3234624.279992391,5.4343022206470435,No estimate
Post-Planting,Other domestic poultry,11. Ebonyi,0,0,NA,0,0,0,4. South East,108,12,3234624.279992391,5.4343022206470435,No estimate
Post-Planting,Other eggs,11. Ebonyi,0,0,NA,0,0,0,4. South East,108,12,3234624.279992391,5.4343022206470435,No estimate
Post-Planting,Other fish/seafood,11. Ebonyi,0,0,NA,0,0,0,4. South East,108,12,3234624.279992391,5.4343022206470435,No estimate
Post-Planting,Other fruits,11. Ebonyi,0,0,NA,0,0,0,4. South East,108,12,3234624.279992391,5.4343022206470435,No estimate
Post-Planting,Other grains/flour,11. Ebonyi,0,0,NA,0,0,0,4. South East,108,12,3234624.279992391,5.4343022206470435,No estimate
Post-Planting,Other meat,11. Ebonyi,0,0,NA,0,0,0,4. South East,108,12,3234624.279992391,5.4343022206470435,No estimate
Post-Planting,Other milk products,11. Ebonyi,0,0,NA,0,0,0,4. South East,108,12,3234624.279992391,5.4343022206470435,No estimate
Post-Planting,Other non-alcoholic drinks,11. Ebonyi,0,0,NA,0,0,0,4. South East,108,12,3234624.279992391,5.4343022206470435,No estimate
Post-Planting,Other nuts/seeds/pulses,11. Ebonyi,0,0,NA,0,0,0,4. South East,108,12,3234624.279992391,5.4343022206470435,No estimate
Post-Planting,Other oil/fat,11. Ebonyi,0,0,NA,0,0,0,4. South East,108,12,3234624.279992391,5.4343022206470435,No estimate
Post-Planting,Other roots/tubers,11. Ebonyi,0,0,NA,0,0,0,4. South East,108,12,3234624.279992391,5.4343022206470435,No estimate
Post-Planting,Other spices,11. Ebonyi,0.009429381214897274,8.151886166574435e-4,0.08645197368513904,0.007831611526248686,0.011027150903545863,0.4916748776339293,4. South East,108,12,3234624.279992391,5.4343022206470435,CV < 10%
Post-Planting,Other sweets,11. Ebonyi,0,0,NA,0,0,0,4. South East,108,12,3234624.279992391,5.4343022206470435,No estimate
Post-Planting,Other vegetables,11. Ebonyi,0.027312834997678174,0.011856877670292568,0.43411376634100796,0.004073354763904739,0.05055231523145161,1.4241692534503618,4. South East,108,12,3234624.279992391,5.4343022206470435,CV < 10%
Post-Planting,Palm oil,11. Ebonyi,0.08295379126454522,0.009280635328153406,0.11187716904411078,0.06476374602136455,0.10114383650772589,4.325447687365572,4. South East,108,12,3234624.279992391,5.4343022206470435,CV < 10%
Post-Planting,Palm wine,11. Ebonyi,0.002194994484333124,0.002070975014709397,0.9434989606994816,0,0.006254105513163542,0.11445328382594146,4. South East,108,12,3234624.279992391,5.4343022206470435,CV < 10%
Post-Planting,Pawpaw,11. Ebonyi,0.0016670516212694965,0.0016836261346287,1.0099424115892595,0,0.004966958845141749,0.08692483453762374,4. South East,108,12,3234624.279992391,5.4343022206470435,CV < 10%
Post-Planting,Pineapples,11. Ebonyi,0,0,NA,0,0,0,4. South East,108,12,3234624.279992391,5.4343022206470435,No estimate
Post-Planting,Pito,11. Ebonyi,0,0,NA,0,0,0,4. South East,108,12,3234624.279992391,5.4343022206470435,No estimate
Post-Planting,Plantains,11. Ebonyi,0.007244174510108762,0.004501557326343221,0.6214037665798358,0,0.016067226869741477,0.37773195659852826,4. South East,108,12,3234624.279992391,5.4343022206470435,CV < 10%
Post-Planting,Pork,11. Ebonyi,9.541244979467059e-4,7.870345195344214e-4,0.8248761259438728,0,0.0024967121562341718,0.049750777392935375,4. South East,108,12,3234624.279992391,5.4343022206470435,CV < 10%
Post-Planting,Potatoes,11. Ebonyi,0,0,NA,0,0,0,4. South East,108,12,3234624.279992391,5.4343022206470435,No estimate
Post-Planting,Rice - imported,11. Ebonyi,0,0,NA,0,0,0,4. South East,108,12,3234624.279992391,5.4343022206470435,No estimate
Post-Planting,Rice - local,11. Ebonyi,0.44949873626120673,0.047089073383325575,0.1047590784681579,0.3572041524298886,0.5417933200925249,23.438148390762922,4. South East,108,12,3234624.279992391,5.4343022206470435,CV < 10%
Post-Planting,Sachet water,11. Ebonyi,0.2838045129886802,0.21181124790229386,0.7463279765066391,0,0.6989545588771762,14.798378177266896,4. South East,108,12,3234624.279992391,5.4343022206470435,CV < 10%
Post-Planting,Salt,11. Ebonyi,0.016827290687079496,0.0015389294999770774,0.09145438375048184,0.013810988867124424,0.019843592507034567,0.8774230143977165,4. South East,108,12,3234624.279992391,5.4343022206470435,CV < 10%
Post-Planting,Seafood,11. Ebonyi,1.567929780857333e-4,1.5951322371315297e-4,1.0173492822231633,0,4.694388965635131e-4,0.008175633857327521,4. South East,108,12,3234624.279992391,5.4343022206470435,CV < 10%
Post-Planting,Shea butter,11. Ebonyi,0,0,NA,0,0,0,4. South East,108,12,3234624.279992391,5.4343022206470435,No estimate
Post-Planting,Snails,11. Ebonyi,0,0,NA,0,0,0,4. South East,108,12,3234624.279992391,5.4343022206470435,No estimate
Post-Planting,Soft drinks,11. Ebonyi,0.013621252623358738,0.006288530150409662,0.46167047365567704,0.0012957335285558019,0.025946771718161676,0.7102510296465628,4. South East,108,12,3234624.279992391,5.4343022206470435,CV < 10%
Post-Planting,Soya beans,11. Ebonyi,0,0,NA,0,0,0,4. South East,108,12,3234624.279992391,5.4343022206470435,No estimate
Post-Planting,Sugar,11. Ebonyi,0.0040882536576486465,0.0015698928566680887,0.38400084440235305,0.0010112636585791926,0.0071652436567181,0.21317322643453657,4. South East,108,12,3234624.279992391,5.4343022206470435,CV < 10%
Post-Planting,Sweet potatoes,11. Ebonyi,0.09899303155278251,0.04342301801116351,0.4386472192036124,0.013883916250902031,0.18410214685466297,5.161779502395087,4. South East,108,12,3234624.279992391,5.4343022206470435,CV < 10%
Post-Planting,Tea,11. Ebonyi,6.384109004504499e-4,6.291805393531446e-4,0.9855416611922,0,0.0018716047575826134,0.03328856838063061,4. South East,108,12,3234624.279992391,5.4343022206470435,CV < 10%
Post-Planting,Tomato puree - canned,11. Ebonyi,0.01809297994178578,0.0039035171385874193,0.2157476076990633,0.010442086350154438,0.025743873533417123,0.9434196683931156,4. South East,108,12,3234624.279992391,5.4343022206470435,CV < 10%
Post-Planting,Tomatoes,11. Ebonyi,0.024668966486914898,0.008880368914454206,0.35998139278208513,0.007263443414584653,0.04207448955924514,1.286310395389134,4. South East,108,12,3234624.279992391,5.4343022206470435,CV < 10%
Post-Planting,Watermelon,11. Ebonyi,0.013383589832717873,0.00964490053538733,0.7206512345297039,0,0.03228759488207704,0.6978586127060034,4. South East,108,12,3234624.279992391,5.4343022206470435,CV < 10%
Post-Planting,Wheat flour,11. Ebonyi,0,0,NA,0,0,0,4. South East,108,12,3234624.279992391,5.4343022206470435,No estimate
Post-Planting,White beans,11. Ebonyi,0.13225366443778563,0.017722381099457077,0.13400294936851437,0.09751779748284976,0.1669895313927215,6.896083931398822,4. South East,108,12,3234624.279992391,5.4343022206470435,CV < 10%
Post-Planting,Wild game/Bush meat,11. Ebonyi,1.4736351148217003e-4,1.5142332590494296e-4,1.0275496585412471,0,4.441532302558582e-4,0.0076839545272845795,4. South East,108,12,3234624.279992391,5.4343022206470435,CV < 10%
Post-Planting,Yam flour,11. Ebonyi,0,0,NA,0,0,0,4. South East,108,12,3234624.279992391,5.4343022206470435,No estimate
Post-Planting,Yam roots,11. Ebonyi,1.0930303281127127,0.1297011595857415,0.11866199523456111,0.8388160553246594,1.347244600900766,56.99372425159145,4. South East,108,12,3234624.279992391,5.4343022206470435,CV < 10%
Post-Planting,Agricultural eggs,12. Edo,0.05967828631833993,0.021000902162061262,0.35190189694852897,0.018516518080699852,0.10084005455598,3.111796358027725,5. South South,154,21,4943843.939293538,4.995771020544826,CV < 10%
Post-Planting,Animal fat,12. Edo,0.0022632287497589046,0.0017012566213492892,0.7516945079150834,0,0.005597691727603511,0.11801121338028574,5. South South,154,21,4943843.939293538,4.995771020544826,CV < 10%
Post-Planting,Apples,12. Edo,0.023888673887474444,0.009849029656102917,0.4122886729709623,0.004584575761512725,0.04319277201343616,1.2456237098468816,5. South South,154,21,4943843.939293538,4.995771020544826,CV < 10%
Post-Planting,Avocado pear,12. Edo,0.01965845689075546,0.012605718569940395,0.6412364225733471,0,0.04436566528783863,1.0250481093036776,5. South South,154,21,4943843.939293538,4.995771020544826,CV < 10%
Post-Planting,Baby milk powder,12. Edo,8.431201649051853e-4,6.076671789828824e-4,0.7207361468471328,0,0.002034147835711635,0.04396269431291323,5. South South,154,21,4943843.939293538,4.995771020544826,CV < 10%
Post-Planting,Bananas,12. Edo,0.11135095971207358,0.02645609725101401,0.23759200027932426,0.05949700910008612,0.16320491032406104,5.806157184986694,5. South South,154,21,4943843.939293538,4.995771020544826,CV < 10%
Post-Planting,Beef,12. Edo,0.22441057036710182,0.020831362449738725,0.09282701084740241,0.18358109996561392,0.2652400407685897,11.70140831199888,5. South South,154,21,4943843.939293538,4.995771020544826,CV < 10%
Post-Planting,Beer,12. Edo,0.034342309962822615,0.016179212419210883,0.4711160209294525,0.002631053621169284,0.06605356630447595,1.7907061623471792,5. South South,154,21,4943843.939293538,4.995771020544826,CV < 10%
Post-Planting,Biscuits,12. Edo,0.028481281113481232,0.004705094826399855,0.16519955010635956,0.019259295253737516,0.037703266973224944,1.4850953723458071,5. South South,154,21,4943843.939293538,4.995771020544826,CV < 10%
Post-Planting,Bottled water,12. Edo,0.12849958452762156,0.05520960435964325,0.4296481156931344,0.020288759982720797,0.23671040907252233,6.700335478940267,5. South South,154,21,4943843.939293538,4.995771020544826,CV < 10%
Post-Planting,Bread,12. Edo,0.30690617158937056,0.050437287674176615,0.1643410668901761,0.2080490877479844,0.40576325543075675,16.002964661445752,5. South South,154,21,4943843.939293538,4.995771020544826,CV < 10%
Post-Planting,Brown beans,12. Edo,0.18516641440926707,0.0842196801206733,0.4548323754572759,0.02009584137274742,0.3502369874457867,9.655105894197495,5. South South,154,21,4943843.939293538,4.995771020544826,CV < 10%
Post-Planting,Buns/Pofpof/Donuts,12. Edo,0.010223421059001918,0.004062826118450396,0.39740377462718307,0.0022602818668391433,0.01818656025116469,0.5330783837908143,5. South South,154,21,4943843.939293538,4.995771020544826,CV < 10%
Post-Planting,Butter/Margarine,12. Edo,0,0,NA,0,0,0,5. South South,154,21,4943843.939293538,4.995771020544826,No estimate
Post-Planting,Cake,12. Edo,0.024928443635203926,0.010599571469032964,0.42519988909633566,0.004153283555899317,0.04570360371450853,1.2998402752642046,5. South South,154,21,4943843.939293538,4.995771020544826,CV < 10%
Post-Planting,Canned fish/seafood,12. Edo,0,0,NA,0,0,0,5. South South,154,21,4943843.939293538,4.995771020544826,No estimate
Post-Planting,Cashew nut,12. Edo,0,0,NA,0,0,0,5. South South,154,21,4943843.939293538,4.995771020544826,No estimate
Post-Planting,Cassava flour,12. Edo,0.0910546895280269,0.03181347203743132,0.3493886169107088,0.028700284334661513,0.15340909472139228,4.747851668247116,5. South South,154,21,4943843.939293538,4.995771020544826,CV < 10%
Post-Planting,Cassava roots,12. Edo,0.29269397686522547,0.16653048970066409,0.5689576925504862,0,0.6190937366785271,15.261900222258186,5. South South,154,21,4943843.939293538,4.995771020544826,CV < 10%
Post-Planting,Cheese/wara,12. Edo,0,0,NA,0,0,0,5. South South,154,21,4943843.939293538,4.995771020544826,No estimate
Post-Planting,Chicken,12. Edo,0.04910480550840987,0.010874631159930027,0.22145757522789897,0.027790528434947018,0.07041908258187272,2.5604648586528005,5. South South,154,21,4943843.939293538,4.995771020544826,CV < 10%
Post-Planting,Chocolate drinks,12. Edo,0.01174343901400308,0.0036271816111445245,0.3088687740294313,0.004634163056159811,0.018852714971846346,0.6123364628730178,5. South South,154,21,4943843.939293538,4.995771020544826,CV < 10%
Post-Planting,Coconut,12. Edo,0.05012953700901076,0.021729956234710582,0.43347610074285414,0.0075388227889780154,0.09272025122904351,2.613897286898418,5. South South,154,21,4943843.939293538,4.995771020544826,CV < 10%
Post-Planting,Cocoyam,12. Edo,0.054816253819064596,0.020516128910919272,0.37427090473271174,0.014604641153662827,0.09502786648446637,2.8582760919940826,5. South South,154,21,4943843.939293538,4.995771020544826,CV < 10%
Post-Planting,Coffee,12. Edo,0,0,NA,0,0,0,5. South South,154,21,4943843.939293538,4.995771020544826,No estimate
Post-Planting,Dry pepper,12. Edo,0.005945973745636141,0.0012062018263300528,0.20286026779302657,0.0035818181660292373,0.008310129325243044,0.3100400595938845,5. South South,154,21,4943843.939293538,4.995771020544826,CV < 10%
Post-Planting,Duck,12. Edo,0,0,NA,0,0,0,5. South South,154,21,4943843.939293538,4.995771020544826,No estimate
Post-Planting,Fish - dried,12. Edo,0.025785881037496718,0.0083881365084162909,0.3252995891906359,0.009345133481000786,0.04222662859399265,1.3445495112409003,5. South South,154,21,4943843.939293538,4.995771020544826,CV < 10%
Post-Planting,Fish - fresh,12. Edo,0.31001204207155675,0.08240305051384185,0.2658059666431333,0.14850206306442673,0.4715220210786868,16.164913622302603,5. South South,154,21,4943843.939293538,4.995771020544826,CV < 10%
Post-Planting,Fish - frozen,12. Edo,0.10910439442705054,0.015673429535694068,0.14365534603808877,0.07838447253709016,0.13982431631701092,5.689014852267635,5. South South,154,21,4943843.939293538,4.995771020544826,CV < 10%
Post-Planting,Fish - smoked,12. Edo,0.05538860806981486,0.012112140957410472,0.218675669591546,0.031648811793290335,0.07912840434633939,2.8881202779260606,5. South South,154,21,4943843.939293538,4.995771020544826,CV < 10%
Post-Planting,Fresh milk,12. Edo,0.02649784882548575,0.012828365068559567,0.48412854768124375,0.0013542532911089977,0.0516414443598625,1.3816735459003284,5. South South,154,21,4943843.939293538,4.995771020544826,CV < 10%
Post-Planting,Fresh pepper,12. Edo,0.13589353353074365,0.007561604700178611,0.055643594685599394,0.12107278831839358,0.15071427874309373,7.085877105531634,5. South South,154,21,4943843.939293538,4.995771020544826,CV < 10%
Post-Planting,Fruit juice,12. Edo,0.035006371970001136,0.02406932393274916,0.6875697931043946,0,0.08218224687818948,1.825332252721488,5. South South,154,21,4943843.939293538,4.995771020544826,CV < 10%
Post-Planting,Garden eggs/Eggplant,12. Edo,0.09001281547868267,0.03162007753840146,0.3512841740395277,0.028037463503415815,0.15198816745394952,4.693525378531311,5. South South,154,21,4943843.939293538,4.995771020544826,CV < 10%
Post-Planting,Gari - white,12. Edo,0.31844969847439736,0.10360890116574316,0.32535405642430865,0.11537625218954078,0.5215231447592539,16.604877134736434,5. South South,154,21,4943843.939293538,4.995771020544826,CV < 10%
Post-Planting,Gari - yellow,12. Edo,0.35589778613109113,0.10923549800587236,0.3069294113721647,0.14179621003958132,0.569999362222601,18.557527419692608,5. South South,154,21,4943843.939293538,4.995771020544826,CV < 10%
Post-Planting,Gin,12. Edo,0.0014977861178057082,0.0010539255357063294,0.7036555641538159,0,0.0035634801677901133,0.07809884757129763,5. South South,154,21,4943843.939293538,4.995771020544826,CV < 10%
Post-Planting,Goat,12. Edo,0.03189182544110654,0.010264504635825927,0.3218537820853501,0.011773396354887722,0.052010254527325356,1.6629308980005553,5. South South,154,21,4943843.939293538,4.995771020544826,CV < 10%
Post-Planting,Ground pepper,12. Edo,0.007105077521309241,0.0011698613145074688,0.16465144975531532,0.004812149344874603,0.00939800569774388,0.3704790421825533,5. South South,154,21,4943843.939293538,4.995771020544826,CV < 10%
Post-Planting,Groundnut oil,12. Edo,0.178691852772787,0.05979629990674061,0.3346336107599361,0.061491104955575415,0.2958926005899986,9.317503751723894,5. South South,154,21,4943843.939293538,4.995771020544826,CV < 10%
Post-Planting,Groundnuts - shelled,12. Edo,0.05431365077569632,0.005965452573058728,0.10983339340775972,0.04262136373250121,0.06600593781889143,2.832068933304165,5. South South,154,21,4943843.939293538,4.995771020544826,CV < 10%
Post-Planting,Groundnuts - unshelled,12. Edo,0.06084617114803347,0.008762742261207117,0.14401468647695387,0.04367119631606752,0.07802114597999943,3.172693209861745,5. South South,154,21,4943843.939293538,4.995771020544826,CV < 10%
Post-Planting,Guava,12. Edo,0.007944390402353507,0.003705089291916914,0.4663780484427465,6.824153901963557e-4,0.015206365414510658,0.4142432138370043,5. South South,154,21,4943843.939293538,4.995771020544826,CV < 10%
Post-Planting,Guinea corn / sorghum,12. Edo,0,0,NA,0,0,0,5. South South,154,21,4943843.939293538,4.995771020544826,No estimate
Post-Planting,Honey,12. Edo,6.415429154677905e-4,2.7380290536523105e-4,0.42678813648122604,1.0488922095193767e-4,0.0011781966099836433,0.03345188059224908,5. South South,154,21,4943843.939293538,4.995771020544826,CV < 10%
Post-Planting,Kola nut,12. Edo,0.0020060820534664042,4.20563151848695e-4,0.2096440427857794,0.001181778275842962,0.0028303858310898466,0.10460284993074821,5. South South,154,21,4943843.939293538,4.995771020544826,CV < 10%
Post-Planting,Leaves,12. Edo,0.052626729229095816,0.012914901993540468,0.2454057507035833,0.0273135213217565,0.07793993713643513,2.744108024088568,5. South South,154,21,4943843.939293538,4.995771020544826,CV < 10%
Post-Planting,Local eggs,12. Edo,7.880625112323552e-4,3.3991873499956537e-4,0.4313347357026383,1.2182179063320716e-4,0.0014543032318315033,0.041091830942829956,5. South South,154,21,4943843.939293538,4.995771020544826,CV < 10%
Post-Planting,Maize - shelled/off cob,12. Edo,0.02297238660485156,0.021339073332580887,0.9289010192817436,0,0.0647969703367101,1.1978458729672599,5. South South,154,21,4943843.939293538,4.995771020544826,CV < 10%
Post-Planting,Maize - unshelled/on cob,12. Edo,0.6580171540451296,0.10136083072126507,0.15403979987171174,0.45934992583145007,0.8566843822588092,34.310894460924615,5. South South,154,21,4943843.939293538,4.995771020544826,CV < 10%
Post-Planting,Maize flour,12. Edo,0.013812444374080057,0.007053270001616919,0.510646038499372,0,0.027636853577249217,0.7202203137913173,5. South South,154,21,4943843.939293538,4.995771020544826,CV < 10%
Post-Planting,Malt drinks,12. Edo,0.1025479721830477,0.011561671152775994,0.11274402512941416,0.07988709672360675,0.12520884764248866,5.347144263830344,5. South South,154,21,4943843.939293538,4.995771020544826,CV < 10%
Post-Planting,Mangoes,12. Edo,0.003445400880911132,0.0029537962101837388,0.8573156832195999,0,0.00923484145287126,0.17965304593322332,5. South South,154,21,4943843.939293538,4.995771020544826,CV < 10%
Post-Planting,Meat pie/Sausage roll,12. Edo,0.008666700663559642,0.003778133564556464,0.43593677816082377,0.0012615588770289732,0.01607184245009031,0.45190653459989566,5. South South,154,21,4943843.939293538,4.995771020544826,CV < 10%
Post-Planting,Melon - ground,12. Edo,0.013947213093352671,0.0037703450349281286,0.27032963572665986,0.006557336824893539,0.021337089361811803,0.727247539867675,5. South South,154,21,4943843.939293538,4.995771020544826,CV < 10%
Post-Planting,Melon - shelled,12. Edo,0.033385053141624446,0.007773083415350054,0.23283124284318069,0.01814980964753834,0.048620296635710554,1.7407920566704174,5. South South,154,21,4943843.939293538,4.995771020544826,CV < 10%
Post-Planting,Melon - unshelled,12. Edo,6.391683207098152e-4,6.338343794314281e-4,0.9916548722682883,0,0.0018814837043954142,0.03332806243701179,5. South South,154,21,4943843.939293538,4.995771020544826,CV < 10%
Post-Planting,Milk - tinned,12. Edo,0.009439437534236839,0.005302376839829089,0.5617259312959453,0,0.019832096140301854,0.4921992428566352,5. South South,154,21,4943843.939293538,4.995771020544826,CV < 10%
Post-Planting,Milk powder,12. Edo,0.017531163140930353,0.002020291269691221,0.115240001673044,0.01357139225233556,0.021490934029525146,0.9141249352056542,5. South South,154,21,4943843.939293538,4.995771020544826,CV < 10%
Post-Planting,Millet,12. Edo,0,0,NA,0,0,0,5. South South,154,21,4943843.939293538,4.995771020544826,No estimate
Post-Planting,Mutton,12. Edo,0,0,NA,0,0,0,5. South South,154,21,4943843.939293538,4.995771020544826,No estimate
Post-Planting,Ogbono - ground,12. Edo,0.01818904929623025,0.003385022010114842,0.18610219561153207,0.011554406156405161,0.02482369243605534,0.9484289990177202,5. South South,154,21,4943843.939293538,4.995771020544826,CV < 10%
Post-Planting,Ogbono - unground,12. Edo,0.0020176578440855865,7.482528617647211e-4,0.37085220566911004,5.510822350267331e-4,0.00348423345314444,0.10520644472731987,5. South South,154,21,4943843.939293538,4.995771020544826,CV < 10%
Post-Planting,Okra - dried,12. Edo,4.0788735604889074e-4,4.1844668634250654e-4,1.0258878588341191,0,0.0012280428612802036,0.02126841213683502,5. South South,154,21,4943843.939293538,4.995771020544826,CV < 10%
Post-Planting,Okra - fresh,12. Edo,0.04980390357660596,0.012915861630022455,0.2593343232655629,0.024488814781761948,0.07511899237144998,2.5969178293515967,5. South South,154,21,4943843.939293538,4.995771020544826,CV < 10%
Post-Planting,Onions,12. Edo,0.26073942005149525,0.031508269925641194,0.12084198821727227,0.1989832109972385,0.32249562910575197,13.59569833125654,5. South South,154,21,4943843.939293538,4.995771020544826,CV < 10%
Post-Planting,Orange/Tangerine,12. Edo,0.13671771447692974,0.05953157200372217,0.4354342246832085,0.020035833349634283,0.2533995956042252,7.1288522548684785,5. South South,154,21,4943843.939293538,4.995771020544826,CV < 10%
Post-Planting,Other alcoholic beverages,12. Edo,0,0,NA,0,0,0,5. South South,154,21,4943843.939293538,4.995771020544826,No estimate
Post-Planting,Other domestic poultry,12. Edo,0.002508155359292205,0.0024930460962826846,0.9939759461256881,0,0.007394525708006267,0.130782386591665,5. South South,154,21,4943843.939293538,4.995771020544826,CV < 10%
Post-Planting,Other eggs,12. Edo,0,0,NA,0,0,0,5. South South,154,21,4943843.939293538,4.995771020544826,No estimate
Post-Planting,Other fish/seafood,12. Edo,0,0,NA,0,0,0,5. South South,154,21,4943843.939293538,4.995771020544826,No estimate
Post-Planting,Other fruits,12. Edo,0,0,NA,0,0,0,5. South South,154,21,4943843.939293538,4.995771020544826,No estimate
Post-Planting,Other grains/flour,12. Edo,0.004250315687717573,0.0043545729936863755,1.0245293087923049,0,0.012785278755342869,0.22162360371670203,5. South South,154,21,4943843.939293538,4.995771020544826,CV < 10%
Post-Planting,Other meat,12. Edo,0,0,NA,0,0,0,5. South South,154,21,4943843.939293538,4.995771020544826,No estimate
Post-Planting,Other milk products,12. Edo,0,0,NA,0,0,0,5. South South,154,21,4943843.939293538,4.995771020544826,No estimate
Post-Planting,Other non-alcoholic drinks,12. Edo,0,0,NA,0,0,0,5. South South,154,21,4943843.939293538,4.995771020544826,No estimate
Post-Planting,Other nuts/seeds/pulses,12. Edo,0,0,NA,0,0,0,5. South South,154,21,4943843.939293538,4.995771020544826,No estimate
Post-Planting,Other oil/fat,12. Edo,0,0,NA,0,0,0,5. South South,154,21,4943843.939293538,4.995771020544826,No estimate
Post-Planting,Other roots/tubers,12. Edo,0,0,NA,0,0,0,5. South South,154,21,4943843.939293538,4.995771020544826,No estimate
Post-Planting,Other spices,12. Edo,0.00715154579997294,0.0010729009198189152,0.1500236382214003,0.005048659997127867,0.009254431602818013,0.372902030998589,5. South South,154,21,4943843.939293538,4.995771020544826,CV < 10%
Post-Planting,Other sweets,12. Edo,0,0,NA,0,0,0,5. South South,154,21,4943843.939293538,4.995771020544826,No estimate
Post-Planting,Other vegetables,12. Edo,0.010668624717390772,0.008189399969246903,0.7676153380760953,0,0.0267198486571147,0.5562925745496616,5. South South,154,21,4943843.939293538,4.995771020544826,CV < 10%
Post-Planting,Palm oil,12. Edo,0.17641599514512873,0.013345987233320498,0.07565066434220669,0.15025786016782056,0.2025741301224369,9.198834032567428,5. South South,154,21,4943843.939293538,4.995771020544826,CV < 10%
Post-Planting,Palm wine,12. Edo,0.0124162648381976,0.00569643975445702,0.45878851882511396,0.0012512429194618414,0.023581286756933356,0.6474195237060176,5. South South,154,21,4943843.939293538,4.995771020544826,CV < 10%
Post-Planting,Pawpaw,12. Edo,0.11978514699431594,0.04623546614442468,0.38598663778088155,0.02916363335124357,0.21040666063738833,6.2459398075607595,5. South South,154,21,4943843.939293538,4.995771020544826,CV < 10%
Post-Planting,Pineapples,12. Edo,0.21196033816304993,0.08904346859491465,0.4200949543985828,0.03743513971701723,0.38648553660908264,11.052217632787604,5. South South,154,21,4943843.939293538,4.995771020544826,CV < 10%
Post-Planting,Pito,12. Edo,0.0015704695551585696,0.0015573637861220028,0.9916548722682856,0,0.004622902575957695,0.0818887696618397,5. South South,154,21,4943843.939293538,4.995771020544826,CV < 10%
Post-Planting,Plantains,12. Edo,0.2589552680423935,0.05530067825825543,0.21355301506823246,0.15056593865621287,0.3673445974285741,13.502667547924803,5. South South,154,21,4943843.939293538,4.995771020544826,CV < 10%
Post-Planting,Pork,12. Edo,4.633935733774975e-4,4.7807730402193863e-4,1.0316873851689765,0,0.0014004250892604973,0.024162664897540938,5. South South,154,21,4943843.939293538,4.995771020544826,CV < 10%
Post-Planting,Potatoes,12. Edo,0,0,NA,0,0,0,5. South South,154,21,4943843.939293538,4.995771020544826,No estimate
Post-Planting,Rice - imported,12. Edo,0.0452528550302501,0.01700538594607544,0.37578592410816686,0.011922298575942236,0.07858341148455797,2.359613155148755,5. South South,154,21,4943843.939293538,4.995771020544826,CV < 10%
Post-Planting,Rice - local,12. Edo,0.48308641385218193,0.02587620300447434,0.053564336032832664,0.43236905596341224,0.5338037717409516,25.18950586514949,5. South South,154,21,4943843.939293538,4.995771020544826,CV < 10%
Post-Planting,Sachet water,12. Edo,3.1916556035472516,0.5317388452050981,0.1666028266377224,2.1494474669452597,4.233863740149244,166.42204218496383,5. South South,154,21,4943843.939293538,4.995771020544826,CV < 10%
Post-Planting,Salt,12. Edo,0.05237254273903064,0.0037746090651799673,0.07207228955807295,0.04497430897127791,0.05977077650678338,2.7308540142494553,5. South South,154,21,4943843.939293538,4.995771020544826,CV < 10%
Post-Planting,Seafood,12. Edo,0.00740812841506533,0.0018281340890517449,0.2467740820115931,0.0038249856005239105,0.01099127122960675,0.3862809816426922,5. South South,154,21,4943843.939293538,4.995771020544826,CV < 10%
Post-Planting,Shea butter,12. Edo,0,0,NA,0,0,0,5. South South,154,21,4943843.939293538,4.995771020544826,No estimate
Post-Planting,Snails,12. Edo,0.002061405178570959,8.466605780929474e-4,0.4107201179536588,4.019504455087821e-4,0.0037208599116331357,0.10748755573977142,5. South South,154,21,4943843.939293538,4.995771020544826,CV < 10%
Post-Planting,Soft drinks,12. Edo,0.13744664531116274,0.030181124930172068,0.21958429659629464,0.07829164044802549,0.19660165017429998,7.166860791224914,5. South South,154,21,4943843.939293538,4.995771020544826,CV < 10%
Post-Planting,Soya beans,12. Edo,0.004831134644487174,0.0036480737381115566,0.7551173806083811,0,0.011981359171185825,0.2519091636054026,5. South South,154,21,4943843.939293538,4.995771020544826,CV < 10%
Post-Planting,Sugar,12. Edo,0.02353136609287047,0.0027584497804287378,0.11722437913472829,0.018124804523230145,0.028937927662510795,1.2269926605568173,5. South South,154,21,4943843.939293538,4.995771020544826,CV < 10%
Post-Planting,Sweet potatoes,12. Edo,0.03203633431203754,0.011720337861438725,0.36584516028835573,0.00906447210361764,0.05500819652045744,1.670466003413386,5. South South,154,21,4943843.939293538,4.995771020544826,CV < 10%
Post-Planting,Tea,12. Edo,8.309338768867249e-4,4.893837614023934e-4,0.5889563237401952,0,0.001790126049235416,0.043327266437664935,5. South South,154,21,4943843.939293538,4.995771020544826,CV < 10%
Post-Planting,Tomato puree - canned,12. Edo,0.0482605393219778,0.0137446879999416,0.2848017903041188,0.021320950842092262,0.07520012780186333,2.5164424075031278,5. South South,154,21,4943843.939293538,4.995771020544826,CV < 10%
Post-Planting,Tomatoes,12. Edo,0.3154882047223685,0.01565159171023043,0.04961070327178768,0.2848110849703169,0.3461653244744201,16.450456389094928,5. South South,154,21,4943843.939293538,4.995771020544826,CV < 10%
Post-Planting,Watermelon,12. Edo,0.31149018773393056,0.09670801280671686,0.31046888991997124,0.12194248263276553,0.5010378928350956,16.241988360412094,5. South South,154,21,4943843.939293538,4.995771020544826,CV < 10%
Post-Planting,Wheat flour,12. Edo,0.010594820974279504,0.007638910558621616,0.7210042130174924,0,0.02556708566917787,0.5524442365160027,5. South South,154,21,4943843.939293538,4.995771020544826,CV < 10%
Post-Planting,White beans,12. Edo,0.23109629720571043,0.0268701865217877,0.11627268306194105,0.17843073162300654,0.2837618627884143,12.050021211440614,5. South South,154,21,4943843.939293538,4.995771020544826,CV < 10%
Post-Planting,Wild game/Bush meat,12. Edo,0.007868767001201475,0.004244142560276236,0.5393656413550181,0,0.016187286419342896,0.41029999363407693,5. South South,154,21,4943843.939293538,4.995771020544826,CV < 10%
Post-Planting,Yam flour,12. Edo,0.024361165036505088,0.010505170268247219,0.4312261032058718,0.0037710313107405385,0.04495129876226964,1.270260748332051,5. South South,154,21,4943843.939293538,4.995771020544826,CV < 10%
Post-Planting,Yam roots,12. Edo,1.947237529474686,0.27742638499242966,0.14247177388126456,1.4034818148895238,2.4909932440598483,101.53452832260862,5. South South,154,21,4943843.939293538,4.995771020544826,CV < 10%
Post-Planting,Agricultural eggs,13. Ekiti,0.025190243514567227,0.008366664979074106,0.33213910672343283,0.008791580155581978,0.041588906873552475,1.3134912689738625,6. South West,127,16,3826544.422832469,4.097490599046106,CV < 10%
Post-Planting,Animal fat,13. Ekiti,0,0,NA,0,0,0,6. South West,127,16,3826544.422832469,4.097490599046106,No estimate
Post-Planting,Apples,13. Ekiti,0.011301282309201091,0.006000399117626804,0.5309485201286848,0,0.023062064579749627,0.5892811489797712,6. South West,127,16,3826544.422832469,4.097490599046106,CV < 10%
Post-Planting,Avocado pear,13. Ekiti,8.787491221080228e-4,8.798166210118811e-4,1.0012147937073297,0,0.0026031896992913094,0.04582048993848976,6. South West,127,16,3826544.422832469,4.097490599046106,CV < 10%
Post-Planting,Baby milk powder,13. Ekiti,0,0,NA,0,0,0,6. South West,127,16,3826544.422832469,4.097490599046106,No estimate
Post-Planting,Bananas,13. Ekiti,0.22517168380369149,0.0892960035174213,0.39656852943939025,0.05015151690954575,0.40019185069783725,11.741094941192484,6. South West,127,16,3826544.422832469,4.097490599046106,CV < 10%
Post-Planting,Beef,13. Ekiti,0.0554931374251577,0.014082253595600386,0.2537656771450847,0.027891920377780943,0.08309435447253445,2.893570737168937,6. South West,127,16,3826544.422832469,4.097490599046106,CV < 10%
Post-Planting,Beer,13. Ekiti,0.006903729347427456,0.003799249705556792,0.5503184604090122,0,0.014350258770318768,0.35998017311586017,6. South West,127,16,3826544.422832469,4.097490599046106,CV < 10%
Post-Planting,Biscuits,13. Ekiti,0.0015960447992945791,6.936865273206732e-4,0.4346284813729973,2.364192057460596e-4,0.002955670392843099,0.08322233596321735,6. South West,127,16,3826544.422832469,4.097490599046106,CV < 10%
Post-Planting,Bottled water,13. Ekiti,0.014574026003535565,0.010045770154800793,0.6892927288838206,0,0.034263735506945114,0.7599313558986401,6. South West,127,16,3826544.422832469,4.097490599046106,CV < 10%
Post-Planting,Bread,13. Ekiti,0.27368410055629017,0.03457600349527912,0.12633544814989234,0.2059151337055431,0.34145306740703724,14.270670957577988,6. South West,127,16,3826544.422832469,4.097490599046106,CV < 10%
Post-Planting,Brown beans,13. Ekiti,0.03459863268161898,0.012458251664650791,0.3600793065810782,0.010180459418903432,0.05901680594433453,1.804071561255847,6. South West,127,16,3826544.422832469,4.097490599046106,CV < 10%
Post-Planting,Buns/Pofpof/Donuts,13. Ekiti,4.134098327627512e-4,2.44944801228132e-4,0.5924987308386097,0,8.9350164316989e-4,0.0215563698512006,6. South West,127,16,3826544.422832469,4.097490599046106,CV < 10%
Post-Planting,Butter/Margarine,13. Ekiti,8.651667488459166e-4,7.785221058461182e-4,0.8998520884957988,0,0.0023910700763043083,0.045112266189822794,6. South West,127,16,3826544.422832469,4.097490599046106,CV < 10%
Post-Planting,Cake,13. Ekiti,0,0,NA,0,0,0,6. South West,127,16,3826544.422832469,4.097490599046106,No estimate
Post-Planting,Canned fish/seafood,13. Ekiti,0,0,NA,0,0,0,6. South West,127,16,3826544.422832469,4.097490599046106,No estimate
Post-Planting,Cashew nut,13. Ekiti,0.0011348072937376133,0.0010849911000707347,0.9561016271733649,0,0.0032613898498762535,0.059172094602032696,6. South West,127,16,3826544.422832469,4.097490599046106,CV < 10%
Post-Planting,Cassava flour,13. Ekiti,0.1404260319667982,0.024593579345625,0.17513547168690072,0.0922226164493732,0.18862944748422322,7.32221452398305,6. South West,127,16,3826544.422832469,4.097490599046106,CV < 10%
Post-Planting,Cassava roots,13. Ekiti,0.4115178935768611,0.1843656708085032,0.44801374055942084,0.05016117879219484,0.7728746083615273,21.457718736507758,6. South West,127,16,3826544.422832469,4.097490599046106,CV < 10%
Post-Planting,Cheese/wara,13. Ekiti,1.9687651738951992e-4,1.598163033749347e-4,0.8117590939438367,0,5.101164720043919e-4,0.010265704121024967,6. South West,127,16,3826544.422832469,4.097490599046106,CV < 10%
Post-Planting,Chicken,13. Ekiti,0.022120878715118836,0.008539462813094758,0.3860363289844511,0.00538353160145311,0.038858225828784565,1.1534458187169108,6. South West,127,16,3826544.422832469,4.097490599046106,CV < 10%
Post-Planting,Chocolate drinks,13. Ekiti,0.0058622061836206395,0.0016233856610929924,0.2769240129473492,0.0026803702878783744,0.009044042079362904,0.3056721795745048,6. South West,127,16,3826544.422832469,4.097490599046106,CV < 10%
Post-Planting,Coconut,13. Ekiti,0.012105331477853554,0.0029348499343943226,0.24244275671125304,0.0063530256064406815,0.017857637349266427,0.6312065699166496,6. South West,127,16,3826544.422832469,4.097490599046106,CV < 10%
Post-Planting,Cocoyam,13. Ekiti,0.007956153132594996,0.005203923323524202,0.654075309612207,0,0.018155842846702432,0.4148565561995962,6. South West,127,16,3826544.422832469,4.097490599046106,CV < 10%
Post-Planting,Coffee,13. Ekiti,0,0,NA,0,0,0,6. South West,127,16,3826544.422832469,4.097490599046106,No estimate
Post-Planting,Dry pepper,13. Ekiti,0.0011477498911195703,2.0990667809906084e-4,0.18288538271548674,7.36332802045411e-4,0.0015591669801937294,0.05984695860837759,6. South West,127,16,3826544.422832469,4.097490599046106,CV < 10%
Post-Planting,Duck,13. Ekiti,0.0037367603359439398,0.003522787215245092,0.9427383344228321,0,0.01064142327782432,0.1948453603742197,6. South West,127,16,3826544.422832469,4.097490599046106,CV < 10%
Post-Planting,Fish - dried,13. Ekiti,0.017823406667921003,0.0032817556466473575,0.1841261722740098,0.011391165600492182,0.024255647735349824,0.9293633476844523,6. South West,127,16,3826544.422832469,4.097490599046106,CV < 10%
Post-Planting,Fish - fresh,13. Ekiti,0.1061702366640027,0.029637030995290765,0.2791463212904307,0.0480816559132328,0.1642588174147726,5.536019483194427,6. South West,127,16,3826544.422832469,4.097490599046106,CV < 10%
Post-Planting,Fish - frozen,13. Ekiti,0.08431910744111648,0.010892579144758009,0.12918280891866352,0.06296965231739078,0.10566856256484218,4.396639173715359,6. South West,127,16,3826544.422832469,4.097490599046106,CV < 10%
Post-Planting,Fish - smoked,13. Ekiti,0.044742278539382806,0.009609342311499795,0.2147709644031989,0.02590796760884321,0.0635765894699224,2.3329902381249608,6. South West,127,16,3826544.422832469,4.097490599046106,CV < 10%
Post-Planting,Fresh milk,13. Ekiti,0,0,NA,0,0,0,6. South West,127,16,3826544.422832469,4.097490599046106,No estimate
Post-Planting,Fresh pepper,13. Ekiti,0.11075865232722862,0.008873788163663352,0.08011823886630881,0.09336602752644844,0.12815127712800878,5.775272585634063,6. South West,127,16,3826544.422832469,4.097490599046106,CV < 10%
Post-Planting,Fruit juice,13. Ekiti,0.0037674527589259444,0.002636422379559379,0.6997891010877576,0,0.008934840622862327,0.19644575100113854,6. South West,127,16,3826544.422832469,4.097490599046106,CV < 10%
Post-Planting,Garden eggs/Eggplant,13. Ekiti,0.07708136437969365,0.01572077776510542,0.20395043460396903,0.04626863996008703,0.10789408879930026,4.019242571226884,6. South West,127,16,3826544.422832469,4.097490599046106,CV < 10%
Post-Planting,Gari - white,13. Ekiti,0.29375638616797,0.01858164780473434,0.06325529819838316,0.2573363564706907,0.3301764158652493,15.317297278758435,6. South West,127,16,3826544.422832469,4.097490599046106,CV < 10%
Post-Planting,Gari - yellow,13. Ekiti,0.023605139024209222,0.007111248769019669,0.3012584997583126,0.009667091436930671,0.03754318661148777,1.2308393919766236,6. South West,127,16,3826544.422832469,4.097490599046106,CV < 10%
Post-Planting,Gin,13. Ekiti,0.0025604459612282473,0.0015290770552467941,0.5971916917603272,0,0.005557436989511964,0.13350896797833003,6. South West,127,16,3826544.422832469,4.097490599046106,CV < 10%
Post-Planting,Goat,13. Ekiti,0,0,NA,0,0,0,6. South West,127,16,3826544.422832469,4.097490599046106,No estimate
Post-Planting,Ground pepper,13. Ekiti,2.285999594113416e-4,1.1987863510600448e-4,0.5244035712635254,0,0.00046356208421911035,0.011919855026448526,6. South West,127,16,3826544.422832469,4.097490599046106,CV < 10%
Post-Planting,Groundnut oil,13. Ekiti,0.03106520473768876,0.007579099808802036,0.24397392107340474,0.016210169112436768,0.04592024036294075,1.6198285327509139,6. South West,127,16,3826544.422832469,4.097490599046106,CV < 10%
Post-Planting,Groundnuts - shelled,13. Ekiti,0.006045004656334114,0.0015306078565063778,0.2532020971898784,0.003045013257581614,0.009044996055086615,0.315203814223136,6. South West,127,16,3826544.422832469,4.097490599046106,CV < 10%
Post-Planting,Groundnuts - unshelled,13. Ekiti,0.011325988549245285,0.002247701225566246,0.19845519142044543,0.006920494147135443,0.015731482951355128,0.5905694029249328,6. South West,127,16,3826544.422832469,4.097490599046106,CV < 10%
Post-Planting,Guava,13. Ekiti,6.772929288587498e-4,6.733443043014541e-4,0.9941699899865348,0,0.0019970477652896,0.0353159884333491,6. South West,127,16,3826544.422832469,4.097490599046106,CV < 10%
Post-Planting,Guinea corn / sorghum,13. Ekiti,0.02524479871402805,0.008302570453648388,0.32888241842208904,0.008971760624877211,0.04151783680317889,1.3163359329457482,6. South West,127,16,3826544.422832469,4.097490599046106,CV < 10%
Post-Planting,Honey,13. Ekiti,0.004367117680474622,0.0015470790550543676,0.3542563237925454,0.001334842732568062,0.0073993926283811825,0.2277139933390339,6. South West,127,16,3826544.422832469,4.097490599046106,CV < 10%
Post-Planting,Kola nut,13. Ekiti,9.040408900137358e-4,2.9847983151333213e-4,0.33016187078528836,3.190204202476049e-4,0.0014890613597798668,0.04713927497928765,6. South West,127,16,3826544.422832469,4.097490599046106,CV < 10%
Post-Planting,Leaves,13. Ekiti,0.07586573894640826,0.010928930955662391,0.14405621176882774,0.054445034273309975,0.09728644361950654,3.955856387919859,6. South West,127,16,3826544.422832469,4.097490599046106,CV < 10%
Post-Planting,Local eggs,13. Ekiti,0.002395632780017144,0.0010768005409425997,0.4494848083247941,2.851037197696489e-4,0.004506161840264639,0.12491513781517967,6. South West,127,16,3826544.422832469,4.097490599046106,CV < 10%
Post-Planting,Maize - shelled/off cob,13. Ekiti,0.009960302730980355,0.005397021842569679,0.5418531934559453,0,0.020538465542416926,0.5193586424011185,6. South West,127,16,3826544.422832469,4.097490599046106,CV < 10%
Post-Planting,Maize - unshelled/on cob,13. Ekiti,0.5333560708389847,0.06852297487732573,0.12847510063874792,0.3990510400794263,0.6676611015985432,27.810709408032775,6. South West,127,16,3826544.422832469,4.097490599046106,CV < 10%
Post-Planting,Maize flour,13. Ekiti,0.024423252754812552,0.007130668369932516,0.29196227224596166,0.010447142749744821,0.03839936275988028,1.2734981793580833,6. South West,127,16,3826544.422832469,4.097490599046106,CV < 10%
Post-Planting,Malt drinks,13. Ekiti,0.046373987923727066,0.011034916578701382,0.2379548767048221,0.024745551429472355,0.06800242441798178,2.4180722274514825,6. South West,127,16,3826544.422832469,4.097490599046106,CV < 10%
Post-Planting,Mangoes,13. Ekiti,0,0,NA,0,0,0,6. South West,127,16,3826544.422832469,4.097490599046106,No estimate
Post-Planting,Meat pie/Sausage roll,13. Ekiti,0.0015432240505755127,9.031667704389989e-4,0.585246691886497,0,0.0033134309206359503,0.0804681112085803,6. South West,127,16,3826544.422832469,4.097490599046106,CV < 10%
Post-Planting,Melon - ground,13. Ekiti,0.00501079660345861,8.005576050400748e-4,0.15976653382568046,0.003441703697580063,0.006579889509337157,0.26127725146605607,6. South West,127,16,3826544.422832469,4.097490599046106,CV < 10%
Post-Planting,Melon - shelled,13. Ekiti,0.016277284859637958,0.002323922155211666,0.1427708721234086,0.011722397435423092,0.020832172283852823,0.8487441391096935,6. South West,127,16,3826544.422832469,4.097490599046106,CV < 10%
Post-Planting,Melon - unshelled,13. Ekiti,0.0017733722052206216,0.0010618704726470017,0.5987860131792787,0,0.0038546383316087453,0.09246869355793241,6. South West,127,16,3826544.422832469,4.097490599046106,CV < 10%
Post-Planting,Milk - tinned,13. Ekiti,0.0033168209612856915,0.00100130899434274,0.3018881652130554,0.0013542553323739209,0.005279386590197463,0.17294852155275392,6. South West,127,16,3826544.422832469,4.097490599046106,CV < 10%
Post-Planting,Milk powder,13. Ekiti,0.003832608678063478,5.294750414478942e-4,0.13815003980928853,0.0027948375968256055,0.00487037975930135,0.19984316678473849,6. South West,127,16,3826544.422832469,4.097490599046106,CV < 10%
Post-Planting,Millet,13. Ekiti,0.003154542317109414,0.0018763768204767609,0.5948174511084485,0,0.006832240885243866,0.16448684939213373,6. South West,127,16,3826544.422832469,4.097490599046106,CV < 10%
Post-Planting,Mutton,13. Ekiti,0,0,NA,0,0,0,6. South West,127,16,3826544.422832469,4.097490599046106,No estimate
Post-Planting,Ogbono - ground,13. Ekiti,0.0010008197639586383,5.27294479934093e-4,0.5268625769823275,0,0.0020343169446294606,0.052185601977843284,6. South West,127,16,3826544.422832469,4.097490599046106,CV < 10%
Post-Planting,Ogbono - unground,13. Ekiti,2.6371563762299453e-4,1.8370264403491977e-4,0.6965936707080654,0,6.237728199314373e-4,0.013750886818913286,6. South West,127,16,3826544.422832469,4.097490599046106,CV < 10%
Post-Planting,Okra - dried,13. Ekiti,0,0,NA,0,0,0,6. South West,127,16,3826544.422832469,4.097490599046106,No estimate
Post-Planting,Okra - fresh,13. Ekiti,0.03650174008338707,0.004177132482198893,0.11443653022174739,0.028314560418277242,0.044688919748496904,1.9033050186337543,6. South West,127,16,3826544.422832469,4.097490599046106,CV < 10%
Post-Planting,Onions,13. Ekiti,0.11434029772334098,0.013583556328089165,0.11879937868411088,0.08771652732028622,0.14096406812639575,5.9620298098599225,6. South West,127,16,3826544.422832469,4.097490599046106,CV < 10%
Post-Planting,Orange/Tangerine,13. Ekiti,0.06209133463828487,0.017270222644578566,0.27814223587215225,0.02824169825491088,0.09594097102165886,3.237619591853425,6. South West,127,16,3826544.422832469,4.097490599046106,CV < 10%
Post-Planting,Other alcoholic beverages,13. Ekiti,0,0,NA,0,0,0,6. South West,127,16,3826544.422832469,4.097490599046106,No estimate
Post-Planting,Other domestic poultry,13. Ekiti,0,0,NA,0,0,0,6. South West,127,16,3826544.422832469,4.097490599046106,No estimate
Post-Planting,Other eggs,13. Ekiti,0,0,NA,0,0,0,6. South West,127,16,3826544.422832469,4.097490599046106,No estimate
Post-Planting,Other fish/seafood,13. Ekiti,0,0,NA,0,0,0,6. South West,127,16,3826544.422832469,4.097490599046106,No estimate
Post-Planting,Other fruits,13. Ekiti,0,0,NA,0,0,0,6. South West,127,16,3826544.422832469,4.097490599046106,No estimate
Post-Planting,Other grains/flour,13. Ekiti,0,0,NA,0,0,0,6. South West,127,16,3826544.422832469,4.097490599046106,No estimate
Post-Planting,Other meat,13. Ekiti,0.011617401683966777,0.0038446867781995677,0.33094205423796574,0.004081815598695624,0.01915298776923793,0.6057645163782677,6. South West,127,16,3826544.422832469,4.097490599046106,CV < 10%
Post-Planting,Other milk products,13. Ekiti,0,0,NA,0,0,0,6. South West,127,16,3826544.422832469,4.097490599046106,No estimate
Post-Planting,Other non-alcoholic drinks,13. Ekiti,0,0,NA,0,0,0,6. South West,127,16,3826544.422832469,4.097490599046106,No estimate
Post-Planting,Other nuts/seeds/pulses,13. Ekiti,0.005033086177720344,0.003974746548550509,0.7897235231427743,0,0.012823589412879342,0.2624394935525608,6. South West,127,16,3826544.422832469,4.097490599046106,CV < 10%
Post-Planting,Other oil/fat,13. Ekiti,0,0,NA,0,0,0,6. South West,127,16,3826544.422832469,4.097490599046106,No estimate
Post-Planting,Other roots/tubers,13. Ekiti,0,0,NA,0,0,0,6. South West,127,16,3826544.422832469,4.097490599046106,No estimate
Post-Planting,Other spices,13. Ekiti,0.011736382826504941,0.0046760928683449495,0.39842709099303264,0.0025712408045488397,0.020901524848461042,0.611968533096329,6. South West,127,16,3826544.422832469,4.097490599046106,CV < 10%
Post-Planting,Other sweets,13. Ekiti,0,0,NA,0,0,0,6. South West,127,16,3826544.422832469,4.097490599046106,No estimate
Post-Planting,Other vegetables,13. Ekiti,0,0,NA,0,0,0,6. South West,127,16,3826544.422832469,4.097490599046106,No estimate
Post-Planting,Palm oil,13. Ekiti,0.1304693525595817,0.006425652642108051,0.04925028381031964,0.11787507338104991,0.14306363173811348,6.803044812035331,6. South West,127,16,3826544.422832469,4.097490599046106,CV < 10%
Post-Planting,Palm wine,13. Ekiti,0.06305308908723611,0.014323322527608318,0.22716289931158662,0.03497937693312381,0.09112680124134842,3.2877682166915974,6. South West,127,16,3826544.422832469,4.097490599046106,CV < 10%
Post-Planting,Pawpaw,13. Ekiti,0.14724795215610015,0.04297122108905754,0.2918289895366626,0.06302435882154736,0.23147154549065294,7.677928933853793,6. South West,127,16,3826544.422832469,4.097490599046106,CV < 10%
Post-Planting,Pineapples,13. Ekiti,0.1677369571152593,0.027559978082850586,0.16430474569723438,0.11371940007287215,0.22175451415764644,8.74628419243852,6. South West,127,16,3826544.422832469,4.097490599046106,CV < 10%
Post-Planting,Pito,13. Ekiti,0,0,NA,0,0,0,6. South West,127,16,3826544.422832469,4.097490599046106,No estimate
Post-Planting,Plantains,13. Ekiti,0.2341384938044471,0.0410760504226966,0.1754348452288388,0.15362943497596177,0.3146475526329324,12.208650034089027,6. South West,127,16,3826544.422832469,4.097490599046106,CV < 10%
Post-Planting,Pork,13. Ekiti,0.0025969141476643335,0.0024752511087183394,0.9531509198887387,0,0.007448406320752278,0.13541052341392595,6. South West,127,16,3826544.422832469,4.097490599046106,CV < 10%
Post-Planting,Potatoes,13. Ekiti,0,0,NA,0,0,0,6. South West,127,16,3826544.422832469,4.097490599046106,No estimate
Post-Planting,Rice - imported,13. Ekiti,0.14995003780367755,0.03344380337075511,0.22303297725434046,0.08440018319699753,0.21549989241035755,7.818823399763187,6. South West,127,16,3826544.422832469,4.097490599046106,CV < 10%
Post-Planting,Rice - local,13. Ekiti,0.3084646424675097,0.03665823356248657,0.11884095781365848,0.23661450468503603,0.3803147802499834,16.08422778580586,6. South West,127,16,3826544.422832469,4.097490599046106,CV < 10%
Post-Planting,Sachet water,13. Ekiti,1.3775070895786927,0.3268127293891049,0.2372493991947873,0.7369541399760472,2.0180600391813384,71.82715538517469,6. South West,127,16,3826544.422832469,4.097490599046106,CV < 10%
Post-Planting,Salt,13. Ekiti,0.018777797630758857,0.002221007910664498,0.11827840273591986,0.014424622125856441,0.023130973135661273,0.9791280193181404,6. South West,127,16,3826544.422832469,4.097490599046106,CV < 10%
Post-Planting,Seafood,13. Ekiti,0.0018925978871696082,4.431602262660927e-4,0.23415445471559812,0.0010240038436880666,0.0027611919306511495,0.09868546125955814,6. South West,127,16,3826544.422832469,4.097490599046106,CV < 10%
Post-Planting,Shea butter,13. Ekiti,0,0,NA,0,0,0,6. South West,127,16,3826544.422832469,4.097490599046106,No estimate
Post-Planting,Snails,13. Ekiti,6.258935117232507e-4,2.4198018946792175e-4,0.3866155902490284,1.5161234036612404e-4,0.0011001746830803772,0.03263587596842664,6. South West,127,16,3826544.422832469,4.097490599046106,CV < 10%
Post-Planting,Soft drinks,13. Ekiti,0.05818984974341016,0.016249024852090826,0.27924156745104817,0.026341761033312143,0.09003793845350819,3.0341850223349587,6. South West,127,16,3826544.422832469,4.097490599046106,CV < 10%
Post-Planting,Soya beans,13. Ekiti,0.005865386346745766,0.001852354557922354,0.3158111756696262,0.002234771413217952,0.009496001280273579,0.3058380023660292,6. South West,127,16,3826544.422832469,4.097490599046106,CV < 10%
Post-Planting,Sugar,13. Ekiti,0.010396662894813245,0.0024301130822539994,0.23373972079698285,0.005633641253595407,0.015159684536031084,0.5421117080866906,6. South West,127,16,3826544.422832469,4.097490599046106,CV < 10%
Post-Planting,Sweet potatoes,13. Ekiti,0.02906822676447134,0.010719037434243947,0.36875443146553744,0.008058913393353205,0.050077540135589474,1.5157003955760058,6. South West,127,16,3826544.422832469,4.097490599046106,CV < 10%
Post-Planting,Tea,13. Ekiti,5.501522853541249e-4,2.73453353228748e-4,0.497050290453179,1.4183713025778797e-5,0.001086120857682471,0.028686512022036512,6. South West,127,16,3826544.422832469,4.097490599046106,CV < 10%
Post-Planting,Tomato puree - canned,13. Ekiti,0.009549509442939566,0.002849176557575202,0.29835842088011566,0.0039651233900921705,0.015133895495786961,0.4979387066675631,6. South West,127,16,3826544.422832469,4.097490599046106,CV < 10%
Post-Planting,Tomatoes,13. Ekiti,0.17362829534996124,0.009043565928661054,0.05208578423483942,0.15590290612978558,0.1913536845701369,9.053475400390836,6. South West,127,16,3826544.422832469,4.097490599046106,CV < 10%
Post-Planting,Watermelon,13. Ekiti,0.28809298037723713,0.11699907535151015,0.40611567556525757,0.05877479268827723,0.517411168066197,15.021991119670222,6. South West,127,16,3826544.422832469,4.097490599046106,CV < 10%
Post-Planting,Wheat flour,13. Ekiti,0.05032068481597966,0.0087543585026519,0.17397137051425612,0.03316214215078194,0.06747922748117738,2.6238642796903684,6. South West,127,16,3826544.422832469,4.097490599046106,CV < 10%
Post-Planting,White beans,13. Ekiti,0.21265019356044246,0.013406278069187226,0.0630438084476829,0.1863738885448355,0.23892649857604942,11.08818866422307,6. South West,127,16,3826544.422832469,4.097490599046106,CV < 10%
Post-Planting,Wild game/Bush meat,13. Ekiti,0.009004861303800925,0.004092249203562957,0.45444888771753,9.840528648175292e-4,0.01702566974278432,0.46953919655533394,6. South West,127,16,3826544.422832469,4.097490599046106,CV < 10%
Post-Planting,Yam flour,13. Ekiti,0.08773085277280761,0.018112490327645857,0.20645519512446672,0.05223037173062173,0.12323133381499349,4.57453732315354,6. South West,127,16,3826544.422832469,4.097490599046106,CV < 10%
Post-Planting,Yam roots,13. Ekiti,2.2000584654749042,0.2616303686161488,0.11891973450790695,1.6872629429872528,2.7128539879625557,114.71733427119145,6. South West,127,16,3826544.422832469,4.097490599046106,CV < 10%
Post-Planting,Agricultural eggs,14. Enugu,0.013001474480240688,0.003137193949496029,0.24129524341749523,0.006852574339228471,0.019150374621252905,0.677934026469693,4. South East,164,22,4932064.321707827,3.616884756919006,CV < 10%
Post-Planting,Animal fat,14. Enugu,1.294798062225296e-4,1.2506101987754814e-4,0.9658727760421023,0,3.7459940518252396e-4,0.006751447038746187,4. South East,164,22,4932064.321707827,3.616884756919006,CV < 10%
Post-Planting,Apples,14. Enugu,7.269261238579941e-4,5.316500179738894e-4,0.7313673295331286,0,0.0017689601590868173,0.037904005029738265,4. South East,164,22,4932064.321707827,3.616884756919006,CV < 10%
Post-Planting,Avocado pear,14. Enugu,0.007140431482890226,0.0044399878885986845,0.6218094661698952,0,0.015842807744543646,0.37232249875070467,4. South East,164,22,4932064.321707827,3.616884756919006,CV < 10%
Post-Planting,Baby milk powder,14. Enugu,0.001257682970667267,0.0012534433531053042,0.9966290252306482,0,0.003714431942753663,0.0655791834705075,4. South East,164,22,4932064.321707827,3.616884756919006,CV < 10%
Post-Planting,Bananas,14. Enugu,0.13505648085166577,0.04092009707778722,0.30298506831915956,0.05485309057920283,0.2152598711241287,7.04223078726543,4. South East,164,22,4932064.321707827,3.616884756919006,CV < 10%
Post-Planting,Beef,14. Enugu,0.054595738050669626,0.008197651711387316,0.15015186174018158,0.038528340696350485,0.07066313540498877,2.8467777697849166,4. South East,164,22,4932064.321707827,3.616884756919006,CV < 10%
Post-Planting,Beer,14. Enugu,0.031207924094538767,0.011842027842321736,0.3794558012397253,0.007997549523588166,0.05441829866548937,1.6272703277866643,4. South East,164,22,4932064.321707827,3.616884756919006,CV < 10%
Post-Planting,Biscuits,14. Enugu,0.008867847729407345,0.0016677561054179932,0.18806774273845728,0.005599045762788079,0.01213664969602661,0.46239491731909727,4. South East,164,22,4932064.321707827,3.616884756919006,CV < 10%
Post-Planting,Bottled water,14. Enugu,0.0072001315113461115,0.00467788847079488,0.6496948650761962,0,0.016368792914104077,0.3754354288059044,4. South East,164,22,4932064.321707827,3.616884756919006,CV < 10%
Post-Planting,Bread,14. Enugu,0.1512922245862885,0.013924314644890804,0.09203589069409952,0.12400056788230251,0.17858388129027447,7.888808853427901,4. South East,164,22,4932064.321707827,3.616884756919006,CV < 10%
Post-Planting,Brown beans,14. Enugu,0.0030314595900327946,0.0017633258231443166,0.5816755166197815,0,0.006487578203395655,0.1580689643374243,4. South East,164,22,4932064.321707827,3.616884756919006,CV < 10%
Post-Planting,Buns/Pofpof/Donuts,14. Enugu,0.00262631029784241,9.630034405834056e-4,0.36667542345416715,7.388235542989353e-4,0.004513797041385885,0.13694332267321138,4. South East,164,22,4932064.321707827,3.616884756919006,CV < 10%
Post-Planting,Butter/Margarine,14. Enugu,2.088164197869494e-4,2.1302986140650314e-4,1.0201777313481986,0,6.263549481436956e-4,0.01088828474603379,4. South East,164,22,4932064.321707827,3.616884756919006,CV < 10%
Post-Planting,Cake,14. Enugu,4.775400488336355e-4,4.871757236470063e-4,1.0201777313481988,0,0.0014324044671817678,0.02490030254632528,4. South East,164,22,4932064.321707827,3.616884756919006,CV < 10%
Post-Planting,Canned fish/seafood,14. Enugu,0,0,NA,0,0,0,4. South East,164,22,4932064.321707827,3.616884756919006,No estimate
Post-Planting,Cashew nut,14. Enugu,0.0018685757422363654,0.0015588485571568812,0.8342442438491716,0,0.004923918914263852,0.09743287798803905,4. South East,164,22,4932064.321707827,3.616884756919006,CV < 10%
Post-Planting,Cassava flour,14. Enugu,0.11910526815558392,0.04035642271042838,0.33882987155288463,0.040006679643144305,0.19820385666802354,6.210488982398304,4. South East,164,22,4932064.321707827,3.616884756919006,CV < 10%
Post-Planting,Cassava roots,14. Enugu,2.443962513377657,0.6088930315673305,0.24914172301514367,1.250532171505689,3.6373928552496246,127.43518819754924,4. South East,164,22,4932064.321707827,3.616884756919006,CV < 10%
Post-Planting,Cheese/wara,14. Enugu,0,0,NA,0,0,0,4. South East,164,22,4932064.321707827,3.616884756919006,No estimate
Post-Planting,Chicken,14. Enugu,0.020499802303807706,0.00948519602761328,0.462696951270182,0.0019088180896856786,0.03909078651792973,1.0689182629842588,4. South East,164,22,4932064.321707827,3.616884756919006,CV < 10%
Post-Planting,Chocolate drinks,14. Enugu,0.0057552685806465205,0.002928119641276967,0.5087720234505608,1.6154083743664775e-5,0.011494383077549377,0.30009614741942575,4. South East,164,22,4932064.321707827,3.616884756919006,CV < 10%
Post-Planting,Coconut,14. Enugu,0.02865765378534601,0.007262478412177329,0.25342194677119634,0.014423196097478445,0.042892111473213576,1.4942919473787561,4. South East,164,22,4932064.321707827,3.616884756919006,CV < 10%
Post-Planting,Cocoyam,14. Enugu,0.1269430128998768,0.04748400970770075,0.37405768638209813,0.03387435387278333,0.2200116719269703,6.619171386922147,4. South East,164,22,4932064.321707827,3.616884756919006,CV < 10%
Post-Planting,Coffee,14. Enugu,0,0,NA,0,0,0,4. South East,164,22,4932064.321707827,3.616884756919006,No estimate
Post-Planting,Dry pepper,14. Enugu,3.5291331653994454e-4,1.7359854557960088e-4,0.4919013747670587,1.2660167203926815e-5,6.931664658759622e-4,0.01840190864815425,4. South East,164,22,4932064.321707827,3.616884756919006,CV < 10%
Post-Planting,Duck,14. Enugu,0.008943517015748975,0.008147112931645538,0.9109518008741954,0,0.02491185836177423,0.46634053010691084,4. South East,164,22,4932064.321707827,3.616884756919006,CV < 10%
Post-Planting,Fish - dried,14. Enugu,0.04784780261061019,0.006169211069498896,0.12893405199199015,0.035756148914392355,0.05993945630682802,2.494921136124674,4. South East,164,22,4932064.321707827,3.616884756919006,CV < 10%
Post-Planting,Fish - fresh,14. Enugu,0.037598870627246685,0.011000428722249598,0.2925733815599755,0.016038030331637473,0.05915971092285589,1.9605125398492915,4. South East,164,22,4932064.321707827,3.616884756919006,CV < 10%
Post-Planting,Fish - frozen,14. Enugu,0.04016081139289055,0.005510373567914389,0.13720772506329043,0.02936047919977835,0.050961143586002754,2.0940994512007216,4. South East,164,22,4932064.321707827,3.616884756919006,CV < 10%
Post-Planting,Fish - smoked,14. Enugu,0.006896949741554954,0.004459215266904872,0.6465488997313642,0,0.015637011664688505,0.35962666509536545,4. South East,164,22,4932064.321707827,3.616884756919006,CV < 10%
Post-Planting,Fresh milk,14. Enugu,0,0,NA,0,0,0,4. South East,164,22,4932064.321707827,3.616884756919006,No estimate
Post-Planting,Fresh pepper,14. Enugu,0.1130724596829458,0.01605963123413784,0.14202955590750307,0.08159558246403564,0.14454933690185595,5.895921112039317,4. South East,164,22,4932064.321707827,3.616884756919006,CV < 10%
Post-Planting,Fruit juice,14. Enugu,1.691252509433292e-4,1.7253781482106032e-4,1.0201777313481983,0,5.072993679926074e-4,0.00881867379918788,4. South East,164,22,4932064.321707827,3.616884756919006,CV < 10%
Post-Planting,Garden eggs/Eggplant,14. Enugu,0.06329025586549064,0.010529063603996552,0.16636152690508527,0.042653291201657395,0.08392722052932389,3.300134770129155,4. South East,164,22,4932064.321707827,3.616884756919006,CV < 10%
Post-Planting,Gari - white,14. Enugu,0.13139079326998312,0.026609467016857267,0.20252154930048916,0.07923623791694288,0.18354534862302335,6.851091363363406,4. South East,164,22,4932064.321707827,3.616884756919006,CV < 10%
Post-Planting,Gari - yellow,14. Enugu,0.1513752649978216,0.022002678464086947,0.14535187412820436,0.1082500152082112,0.19450051478743202,7.893138817743555,4. South East,164,22,4932064.321707827,3.616884756919006,CV < 10%
Post-Planting,Gin,14. Enugu,8.635298941003134e-4,8.798457538736531e-4,1.0188943774671968,0,0.002588027571692674,0.04502691590665919,4. South East,164,22,4932064.321707827,3.616884756919006,CV < 10%
Post-Planting,Goat,14. Enugu,0.030710341035524644,0.021909418723041245,0.7134215376409269,0,0.07365280173268549,1.6013249254237851,4. South East,164,22,4932064.321707827,3.616884756919006,CV < 10%
Post-Planting,Ground pepper,14. Enugu,3.257966655220655e-4,1.3640999710574366e-4,0.41869672572356303,5.843307119480796e-5,5.931602598493231e-4,0.016987968987936274,4. South East,164,22,4932064.321707827,3.616884756919006,CV < 10%
Post-Planting,Groundnut oil,14. Enugu,0.03949889388849738,0.007474215233626641,0.18922593768640278,0.024849432030589164,0.0541483557464056,2.0595851813287918,4. South East,164,22,4932064.321707827,3.616884756919006,CV < 10%
Post-Planting,Groundnuts - shelled,14. Enugu,0.0210211229540498,0.010354182427953336,0.4925608613101501,7.26925395261261e-4,0.041315320512838344,1.096101411175454,4. South East,164,22,4932064.321707827,3.616884756919006,CV < 10%
Post-Planting,Groundnuts - unshelled,14. Enugu,0.04031232909516844,0.007998525812544089,0.1984138845875501,0.02463521850258202,0.055989439687754855,2.1020000171052113,4. South East,164,22,4932064.321707827,3.616884756919006,CV < 10%
Post-Planting,Guava,14. Enugu,0.045451686097149994,0.016421616569021993,0.36129829229925303,0.01326531762186689,0.0776380545724331,2.3699807750656783,4. South East,164,22,4932064.321707827,3.616884756919006,CV < 10%
Post-Planting,Guinea corn / sorghum,14. Enugu,0.002956261617501219,0.002966073972627552,1.003319176851008,0,0.00876976660385122,0.15414792719827783,4. South East,164,22,4932064.321707827,3.616884756919006,CV < 10%
Post-Planting,Honey,14. Enugu,1.7827456853757926e-4,1.6093879708579853e-4,0.9027580232335469,0,4.937146108257444e-4,0.00929574535945949,4. South East,164,22,4932064.321707827,3.616884756919006,CV < 10%
Post-Planting,Kola nut,14. Enugu,9.106110996963419e-4,3.164484523557939e-4,0.347512184357646,2.9037213307898577e-4,0.0015308500663136979,0.0474818644841664,4. South East,164,22,4932064.321707827,3.616884756919006,CV < 10%
Post-Planting,Leaves,14. Enugu,0.12218780987844308,0.02221008879725922,0.18177008671613504,0.07865603583581501,0.16571958392107114,6.371221515090246,4. South East,164,22,4932064.321707827,3.616884756919006,CV < 10%
Post-Planting,Local eggs,14. Enugu,0.0016445175858873144,4.982166176065773e-4,0.30295608990873757,6.680130153784229e-4,0.002621022156396206,0.08574984554983854,4. South East,164,22,4932064.321707827,3.616884756919006,CV < 10%
Post-Planting,Maize - shelled/off cob,14. Enugu,0.017864820164688766,0.011160788363774944,0.6247355562993646,0,0.03973996535768766,0.9315227657302,4. South East,164,22,4932064.321707827,3.616884756919006,CV < 10%
Post-Planting,Maize - unshelled/on cob,14. Enugu,0.636663295097077,0.11514900427421179,0.18086326816854445,0.4109712467196219,0.8623553434745321,33.19744324434758,4. South East,164,22,4932064.321707827,3.616884756919006,CV < 10%
Post-Planting,Maize flour,14. Enugu,0.08662003881228234,0.038808307033947165,0.4480292039357101,0.01055575702574589,0.16268432059881877,4.5166163094975795,4. South East,164,22,4932064.321707827,3.616884756919006,CV < 10%
Post-Planting,Malt drinks,14. Enugu,0.0221916302052183,0.005793533554548266,0.26106840736675274,0.0108363044383037,0.033546955972132905,1.1571350035578114,4. South East,164,22,4932064.321707827,3.616884756919006,CV < 10%
Post-Planting,Mangoes,14. Enugu,0.0034507981404357764,0.0028429481077856663,0.8238523356299975,0,0.009022976431695681,0.17993447446557978,4. South East,164,22,4932064.321707827,3.616884756919006,CV < 10%
Post-Planting,Meat pie/Sausage roll,14. Enugu,6.321376039350884e-4,2.840991459435036e-4,0.4494261125662706,7.530327788582132e-5,0.0011889719299843556,0.032961460776615326,4. South East,164,22,4932064.321707827,3.616884756919006,CV < 10%
Post-Planting,Melon - ground,14. Enugu,0.011069595388166535,0.0021279668857260353,0.1922352905509848,0.006898780292143506,0.015240410484189565,0.5772003309543978,4. South East,164,22,4932064.321707827,3.616884756919006,CV < 10%
Post-Planting,Melon - shelled,14. Enugu,0.01295940926133542,0.004105462764022284,0.316793974264783,0.004912702243851744,0.021006116278819098,0.6757406257696327,4. South East,164,22,4932064.321707827,3.616884756919006,CV < 10%
Post-Planting,Melon - unshelled,14. Enugu,0.0028415811023032064,0.0015118890884027712,0.5320591015957029,0,0.005804883715572638,0.14816815747723863,4. South East,164,22,4932064.321707827,3.616884756919006,CV < 10%
Post-Planting,Milk - tinned,14. Enugu,0.0015287484893570706,4.81457594690483e-4,0.3149357778878097,5.85091603763724e-4,0.0024724053749504175,0.0797133140879044,4. South East,164,22,4932064.321707827,3.616884756919006,CV < 10%
Post-Planting,Milk powder,14. Enugu,0.007978169711140862,0.0024866060222037676,0.31167625059810716,0.0031044219076214775,0.012851917514660246,0.41600456350948783,4. South East,164,22,4932064.321707827,3.616884756919006,CV < 10%
Post-Planting,Millet,14. Enugu,0.010581132184371941,0.006425572241704013,0.6072669852092404,0,0.023175253778111804,0.5517304638993941,4. South East,164,22,4932064.321707827,3.616884756919006,CV < 10%
Post-Planting,Mutton,14. Enugu,0,0,NA,0,0,0,4. South East,164,22,4932064.321707827,3.616884756919006,No estimate
Post-Planting,Ogbono - ground,14. Enugu,0.005888174726855584,0.0013761364531761472,0.23371189154759248,0.0031909472786303354,0.008585402175080832,0.30702625361461255,4. South East,164,22,4932064.321707827,3.616884756919006,CV < 10%
Post-Planting,Ogbono - unground,14. Enugu,0.00994199898716262,0.002125530754764076,0.21379309709331284,0.005775958707825031,0.014108039266500208,0.5184042329020508,4. South East,164,22,4932064.321707827,3.616884756919006,CV < 10%
Post-Planting,Okra - dried,14. Enugu,0.0012330153388025427,8.229062672176848e-4,0.6673933740490688,0,0.002845911622549205,0.06429294266613259,4. South East,164,22,4932064.321707827,3.616884756919006,CV < 10%
Post-Planting,Okra - fresh,14. Enugu,0.07806867199865895,0.005161361527769652,0.0661130949922949,0.06795240340423044,0.08818494059308747,4.070723611358646,4. South East,164,22,4932064.321707827,3.616884756919006,CV < 10%
Post-Planting,Onions,14. Enugu,0.15892623155396107,0.011054869306267874,0.06955975233398996,0.13725868771367605,0.1805937753942461,8.286867788170827,4. South East,164,22,4932064.321707827,3.616884756919006,CV < 10%
Post-Planting,Orange/Tangerine,14. Enugu,0.08931341194723615,0.01937552599941216,0.2169385938458904,0.05133738098838832,0.12728944290608396,4.657056480105885,4. South East,164,22,4932064.321707827,3.616884756919006,CV < 10%
Post-Planting,Other alcoholic beverages,14. Enugu,0,0,NA,0,0,0,4. South East,164,22,4932064.321707827,3.616884756919006,No estimate
Post-Planting,Other domestic poultry,14. Enugu,0,0,NA,0,0,0,4. South East,164,22,4932064.321707827,3.616884756919006,No estimate
Post-Planting,Other eggs,14. Enugu,0,0,NA,0,0,0,4. South East,164,22,4932064.321707827,3.616884756919006,No estimate
Post-Planting,Other fish/seafood,14. Enugu,0,0,NA,0,0,0,4. South East,164,22,4932064.321707827,3.616884756919006,No estimate
Post-Planting,Other fruits,14. Enugu,0,0,NA,0,0,0,4. South East,164,22,4932064.321707827,3.616884756919006,No estimate
Post-Planting,Other grains/flour,14. Enugu,0,0,NA,0,0,0,4. South East,164,22,4932064.321707827,3.616884756919006,No estimate
Post-Planting,Other meat,14. Enugu,0.001098316460884663,8.293366633505174e-4,0.7550980913848001,0,0.002723816321051677,0.057269358317557424,4. South East,164,22,4932064.321707827,3.616884756919006,CV < 10%
Post-Planting,Other milk products,14. Enugu,0,0,NA,0,0,0,4. South East,164,22,4932064.321707827,3.616884756919006,No estimate
Post-Planting,Other non-alcoholic drinks,14. Enugu,0,0,NA,0,0,0,4. South East,164,22,4932064.321707827,3.616884756919006,No estimate
Post-Planting,Other nuts/seeds/pulses,14. Enugu,0,0,NA,0,0,0,4. South East,164,22,4932064.321707827,3.616884756919006,No estimate
Post-Planting,Other oil/fat,14. Enugu,0,0,NA,0,0,0,4. South East,164,22,4932064.321707827,3.616884756919006,No estimate
Post-Planting,Other roots/tubers,14. Enugu,0,0,NA,0,0,0,4. South East,164,22,4932064.321707827,3.616884756919006,No estimate
Post-Planting,Other spices,14. Enugu,0.007081009593089477,0.0013882066229202856,0.19604642596093486,0.004360124612165717,0.009801894574013236,0.3692240716396656,4. South East,164,22,4932064.321707827,3.616884756919006,CV < 10%
Post-Planting,Other sweets,14. Enugu,0,0,NA,0,0,0,4. South East,164,22,4932064.321707827,3.616884756919006,No estimate
Post-Planting,Other vegetables,14. Enugu,0,0,NA,0,0,0,4. South East,164,22,4932064.321707827,3.616884756919006,No estimate
Post-Planting,Palm oil,14. Enugu,0.2002681584656039,0.0278350318266499,0.13898880401115077,0.1457114960853701,0.2548248208458377,10.442553977135061,4. South East,164,22,4932064.321707827,3.616884756919006,CV < 10%
Post-Planting,Palm wine,14. Enugu,0.020331746846771363,0.009722852012008282,0.478210361622334,0.0012749569032351298,0.0393885367903076,1.0601553712959353,4. South East,164,22,4932064.321707827,3.616884756919006,CV < 10%
Post-Planting,Pawpaw,14. Enugu,0.07875599875814751,0.03416800212586499,0.43384634395650046,0.011786714591452141,0.14572528292484288,4.106562792389121,4. South East,164,22,4932064.321707827,3.616884756919006,CV < 10%
Post-Planting,Pineapples,14. Enugu,0.00875624319634127,0.006804733423819109,0.7771293317506777,0,0.02209352070702672,0.4565755380949376,4. South East,164,22,4932064.321707827,3.616884756919006,CV < 10%
Post-Planting,Pito,14. Enugu,0,0,NA,0,0,0,4. South East,164,22,4932064.321707827,3.616884756919006,No estimate
Post-Planting,Plantains,14. Enugu,0.09504491015007739,0.026138615877840804,0.27501331566906134,0.043813223029509414,0.14627659727064538,4.955913172111178,4. South East,164,22,4932064.321707827,3.616884756919006,CV < 10%
Post-Planting,Pork,14. Enugu,0.029511418536140806,0.011968370556374232,0.40555050045179325,0.006053412245647313,0.052969424826634304,1.5388096808130562,4. South East,164,22,4932064.321707827,3.616884756919006,CV < 10%
Post-Planting,Potatoes,14. Enugu,0.0019986942854689355,0.0015667216191194299,0.7838725664599797,0,0.005069468658943018,0.10421763059945163,4. South East,164,22,4932064.321707827,3.616884756919006,CV < 10%
Post-Planting,Rice - imported,14. Enugu,0.0020429942274876253,0.002084217216155792,1.020177731348199,0,0.006128059971152977,0.10652755614756904,4. South East,164,22,4932064.321707827,3.616884756919006,CV < 10%
Post-Planting,Rice - local,14. Enugu,0.4889418038017456,0.056753243521995934,0.11607361669776152,0.3777054464986336,0.6001781611048577,25.494822626805306,4. South East,164,22,4932064.321707827,3.616884756919006,CV < 10%
Post-Planting,Sachet water,14. Enugu,1.0162236909085285,0.3982541945466914,0.3918961918616979,0.23564546959701327,1.7968019122200438,52.988806740230416,4. South East,164,22,4932064.321707827,3.616884756919006,CV < 10%
Post-Planting,Salt,14. Enugu,0.041752776448603764,0.00672798079498001,0.16113852460235606,0.028565934090442946,0.05493961880676458,2.1771090576771965,4. South East,164,22,4932064.321707827,3.616884756919006,CV < 10%
Post-Planting,Seafood,14. Enugu,0.0018392407196698623,7.878334650728866e-4,0.42834711989972696,2.9508712812700453e-4,0.00338339431121272,0.09590326609707141,4. South East,164,22,4932064.321707827,3.616884756919006,CV < 10%
Post-Planting,Shea butter,14. Enugu,0,0,NA,0,0,0,4. South East,164,22,4932064.321707827,3.616884756919006,No estimate
Post-Planting,Snails,14. Enugu,0.019721793150071203,0.017332586898395667,0.8788545121888721,0,0.05369366347092672,1.0283506428251414,4. South East,164,22,4932064.321707827,3.616884756919006,CV < 10%
Post-Planting,Soft drinks,14. Enugu,0.05664099427634621,0.022212133976613556,0.39215649831714805,0.013105211682183641,0.10017677687050877,2.9534232729809093,4. South East,164,22,4932064.321707827,3.616884756919006,CV < 10%
Post-Planting,Soya beans,14. Enugu,1.5981852524254495e-4,1.6059899928905187e-4,1.0048835017425073,0,4.745925638490866e-4,0.00833339453050413,4. South East,164,22,4932064.321707827,3.616884756919006,CV < 10%
Post-Planting,Sugar,14. Enugu,0.02160438586037133,0.00458074950817852,0.21202868425808555,0.01262611682434143,0.030582654896401232,1.126514405576505,4. South East,164,22,4932064.321707827,3.616884756919006,CV < 10%
Post-Planting,Sweet potatoes,14. Enugu,0.07949862871799113,0.021441919422020117,0.2697143305211207,0.0374724666508317,0.12152479078515055,4.145285640295252,4. South East,164,22,4932064.321707827,3.616884756919006,CV < 10%
Post-Planting,Tea,14. Enugu,0.003292237290893015,0.0011108661757377356,0.33741983872505577,0.001114939586447053,0.005469534995338977,0.1716666587394215,4. South East,164,22,4932064.321707827,3.616884756919006,CV < 10%
Post-Planting,Tomato puree - canned,14. Enugu,0.01852061972648325,0.004343185038372699,0.23450538386478692,0.01000797705127276,0.027033262401693743,0.9657180285951981,4. South East,164,22,4932064.321707827,3.616884756919006,CV < 10%
Post-Planting,Tomatoes,14. Enugu,0.17159260197294798,0.022230244653365483,0.12955246553618982,0.12802132245235165,0.21516388149354432,8.947328531446574,4. South East,164,22,4932064.321707827,3.616884756919006,CV < 10%
Post-Planting,Watermelon,14. Enugu,0.047335164153495105,0.02022714267690139,0.4273174718758817,0.007689964506768385,0.08698036380022182,2.4681907022893874,4. South East,164,22,4932064.321707827,3.616884756919006,CV < 10%
Post-Planting,Wheat flour,14. Enugu,0.025029929056880933,0.02049912898378311,0.8189847017623779,0,0.06520822186509583,1.3051320151087915,4. South East,164,22,4932064.321707827,3.616884756919006,CV < 10%
Post-Planting,White beans,14. Enugu,0.2288668055064796,0.049111455870064456,0.21458531638688877,0.13260835200115326,0.3251252590118059,11.933769144266435,4. South East,164,22,4932064.321707827,3.616884756919006,CV < 10%
Post-Planting,Wild game/Bush meat,14. Enugu,0.011812628304282882,0.006657243358114257,0.5635700359504712,0,0.024860825286186827,0.6159441901518932,4. South East,164,22,4932064.321707827,3.616884756919006,CV < 10%
Post-Planting,Yam flour,14. Enugu,4.1285564427831625e-4,3.98766027243748e-4,0.9658727760421023,0,0.0011944370576760623,0.02152747288022649,4. South East,164,22,4932064.321707827,3.616884756919006,CV < 10%
Post-Planting,Yam roots,14. Enugu,0.98081989582208,0.10264811576843068,0.1046554175804066,0.7796295889159558,1.182010202728204,51.14275171072274,4. South East,164,22,4932064.321707827,3.616884756919006,CV < 10%
Post-Planting,Agricultural eggs,15. Gombe,0.00790738691195101,0.00381371399378632,0.48229763337144615,4.325074841298234e-4,0.015382266339772197,0.4123137461231598,2. North East,133,14,4394819.232319299,7.20783985770904,CV < 10%
Post-Planting,Animal fat,15. Gombe,1.6666933544034077e-4,1.6361476818418927e-4,0.9816728899285443,0,4.873542810813517e-4,0.008690615347960626,2. North East,133,14,4394819.232319299,7.20783985770904,CV < 10%
Post-Planting,Apples,15. Gombe,8.415326480698927e-4,5.967577138750649e-4,0.7091319810868488,0,0.00201117776726502,0.04387991664935869,2. North East,133,14,4394819.232319299,7.20783985770904,CV < 10%
Post-Planting,Avocado pear,15. Gombe,0,0,NA,0,0,0,2. North East,133,14,4394819.232319299,7.20783985770904,No estimate
Post-Planting,Baby milk powder,15. Gombe,0,0,NA,0,0,0,2. North East,133,14,4394819.232319299,7.20783985770904,No estimate
Post-Planting,Bananas,15. Gombe,0.019363348223213624,0.007620511826323335,0.3935534153740795,0.004427145043619888,0.03429955140280736,1.0096603002104245,2. North East,133,14,4394819.232319299,7.20783985770904,CV < 10%
Post-Planting,Beef,15. Gombe,0.02760806669591572,0.009635565230816044,0.34901267578586037,0.008722358843516277,0.046493774548315166,1.4395634777156054,2. North East,133,14,4394819.232319299,7.20783985770904,CV < 10%
Post-Planting,Beer,15. Gombe,0,0,NA,0,0,0,2. North East,133,14,4394819.232319299,7.20783985770904,No estimate
Post-Planting,Biscuits,15. Gombe,0.0026283114697560096,4.7163860101219354e-4,0.17944547533248656,0.0017038998117721103,0.0035527231277399087,0.13704766949442052,2. North East,133,14,4394819.232319299,7.20783985770904,CV < 10%
Post-Planting,Bottled water,15. Gombe,0.015622468691294925,0.013852487297848293,0.886702836253217,0,0.04277334379507758,0.8146001531889496,2. North East,133,14,4394819.232319299,7.20783985770904,CV < 10%
Post-Planting,Bread,15. Gombe,0.07748981257088595,0.019709000288572722,0.25434311472289817,0.03886017200528342,0.1161194531364885,4.0405402269104815,2. North East,133,14,4394819.232319299,7.20783985770904,CV < 10%
Post-Planting,Brown beans,15. Gombe,0.014152582833188132,0.011193055095535065,0.7908842666715996,0,0.03609097082043686,0.7379561048733813,2. North East,133,14,4394819.232319299,7.20783985770904,CV < 10%
Post-Planting,Buns/Pofpof/Donuts,15. Gombe,0.003287188558784384,0.0013441298289152128,0.40889952154502435,6.526940941105671e-4,0.005921683023458201,0.1714034034223286,2. North East,133,14,4394819.232319299,7.20783985770904,CV < 10%
Post-Planting,Butter/Margarine,15. Gombe,0,0,NA,0,0,0,2. North East,133,14,4394819.232319299,7.20783985770904,No estimate
Post-Planting,Cake,15. Gombe,3.0404640091861616e-4,3.112847937106172e-4,1.023806868853345,0,9.141645965914259e-4,0.01585384804789927,2. North East,133,14,4394819.232319299,7.20783985770904,CV < 10%
Post-Planting,Canned fish/seafood,15. Gombe,0,0,NA,0,0,0,2. North East,133,14,4394819.232319299,7.20783985770904,No estimate
Post-Planting,Cashew nut,15. Gombe,0,0,NA,0,0,0,2. North East,133,14,4394819.232319299,7.20783985770904,No estimate
Post-Planting,Cassava flour,15. Gombe,0.005897749064016358,0.003622672555320538,0.6142466415574324,0,0.012998187272444613,0.3075254869094244,2. North East,133,14,4394819.232319299,7.20783985770904,CV < 10%
Post-Planting,Cassava roots,15. Gombe,1.5908993258078081,0.5852817289923505,0.3678936306640039,0.443747136982801,2.738051514632815,82.95403627426428,2. North East,133,14,4394819.232319299,7.20783985770904,CV < 10%
Post-Planting,Cheese/wara,15. Gombe,5.998183821965304e-4,5.044304859098398e-4,0.8409720356728967,0,0.0015885021345798164,0.03127624421453337,2. North East,133,14,4394819.232319299,7.20783985770904,CV < 10%
Post-Planting,Chicken,15. Gombe,0.008828955826546123,0.0027697333443621667,0.3137101825829027,0.0034002784715962756,0.01425763318149597,0.46036698238419066,2. North East,133,14,4394819.232319299,7.20783985770904,CV < 10%
Post-Planting,Chocolate drinks,15. Gombe,5.22444142738506e-4,3.55938865407729e-4,0.6812955420305741,0,0.0012200843189376547,0.02724173029993638,2. North East,133,14,4394819.232319299,7.20783985770904,CV < 10%
Post-Planting,Coconut,15. Gombe,0,0,NA,0,0,0,2. North East,133,14,4394819.232319299,7.20783985770904,No estimate
Post-Planting,Cocoyam,15. Gombe,0,0,NA,0,0,0,2. North East,133,14,4394819.232319299,7.20783985770904,No estimate
Post-Planting,Coffee,15. Gombe,0,0,NA,0,0,0,2. North East,133,14,4394819.232319299,7.20783985770904,No estimate
Post-Planting,Dry pepper,15. Gombe,9.308091816449626e-4,4.2870909815278195e-4,0.4605767826603841,9.053934926551001e-5,0.0017710790140244154,0.048535050185773046,2. North East,133,14,4394819.232319299,7.20783985770904,CV < 10%
Post-Planting,Duck,15. Gombe,0,0,NA,0,0,0,2. North East,133,14,4394819.232319299,7.20783985770904,No estimate
Post-Planting,Fish - dried,15. Gombe,0.0018662836818879877,0.0017730052970967838,0.9500191821337468,0,0.005341374064197684,0.0973133634127308,2. North East,133,14,4394819.232319299,7.20783985770904,CV < 10%
Post-Planting,Fish - fresh,15. Gombe,0.016551332426815567,0.006018737755842882,0.3636406786254653,0.0047546064253635185,0.028348058428267618,0.8630337622553831,2. North East,133,14,4394819.232319299,7.20783985770904,CV < 10%
Post-Planting,Fish - frozen,15. Gombe,0,0,NA,0,0,0,2. North East,133,14,4394819.232319299,7.20783985770904,No estimate
Post-Planting,Fish - smoked,15. Gombe,0.0021156715740199244,0.0017924933988868776,0.8472455842855677,0,0.005628958635838205,0.11031716064532462,2. North East,133,14,4394819.232319299,7.20783985770904,CV < 10%
Post-Planting,Fresh milk,15. Gombe,0.037150363154261644,0.014987144652305997,0.4034185235302813,0.007775559635741891,0.0665251666727814,1.9371260787579287,2. North East,133,14,4394819.232319299,7.20783985770904,CV < 10%
Post-Planting,Fresh pepper,15. Gombe,0.044613070826042725,0.0052665250582304285,0.11804892514047952,0.03429068171191109,0.05493545994017436,2.3262529787865134,2. North East,133,14,4394819.232319299,7.20783985770904,CV < 10%
Post-Planting,Fruit juice,15. Gombe,0,0,NA,0,0,0,2. North East,133,14,4394819.232319299,7.20783985770904,No estimate
Post-Planting,Garden eggs/Eggplant,15. Gombe,0.011125567595641244,0.005604833111940787,0.5037795207982593,1.4009469623730078e-4,0.022111040495045187,0.580118881772722,2. North East,133,14,4394819.232319299,7.20783985770904,CV < 10%
Post-Planting,Gari - white,15. Gombe,0.03482829868233468,0.0055797471094625435,0.1602072831738019,0.023891994347788097,0.04576460301688127,1.816047002721737,2. North East,133,14,4394819.232319299,7.20783985770904,CV < 10%
Post-Planting,Gari - yellow,15. Gombe,0,0,NA,0,0,0,2. North East,133,14,4394819.232319299,7.20783985770904,No estimate
Post-Planting,Gin,15. Gombe,7.377046370085325e-4,7.607929972058682e-4,1.031297566856786,0,0.002228858911532034,0.03846602750115919,2. North East,133,14,4394819.232319299,7.20783985770904,CV < 10%
Post-Planting,Goat,15. Gombe,0.0032515051087043394,0.0018680207399330599,0.5745095509560584,0,0.006912825758973137,0.16954276638244054,2. North East,133,14,4394819.232319299,7.20783985770904,CV < 10%
Post-Planting,Ground pepper,15. Gombe,0.007454403944344028,8.370666113410505e-4,0.11229155511168246,0.00581375338611557,0.009095054502572487,0.38869391995508146,2. North East,133,14,4394819.232319299,7.20783985770904,CV < 10%
Post-Planting,Groundnut oil,15. Gombe,0.037375209329276786,0.005375867780196328,0.1438351216399823,0.026838508480091984,0.04791191017846159,1.948850200740861,2. North East,133,14,4394819.232319299,7.20783985770904,CV < 10%
Post-Planting,Groundnuts - shelled,15. Gombe,0.0182112693675548,0.003813056772503381,0.2093789672507246,0.010737678093448173,0.02568486064166143,0.9495876170225003,2. North East,133,14,4394819.232319299,7.20783985770904,CV < 10%
Post-Planting,Groundnuts - unshelled,15. Gombe,0.00951268318630951,0.0031324524866054118,0.3292922118034566,0.0033730763125629035,0.01565229006005612,0.49601848042899593,2. North East,133,14,4394819.232319299,7.20783985770904,CV < 10%
Post-Planting,Guava,15. Gombe,0,0,NA,0,0,0,2. North East,133,14,4394819.232319299,7.20783985770904,No estimate
Post-Planting,Guinea corn / sorghum,15. Gombe,0.6209202433663304,0.11393061487820538,0.18348671362448818,0.3976162382050479,0.844224248527613,32.37655554695866,2. North East,133,14,4394819.232319299,7.20783985770904,CV < 10%
Post-Planting,Honey,15. Gombe,8.05889597635967e-5,7.911199702746514e-5,0.9816728899285442,0,2.3564847393742837e-4,0.004202138616244686,2. North East,133,14,4394819.232319299,7.20783985770904,CV < 10%
Post-Planting,Kola nut,15. Gombe,0.0021780115259290057,6.507457714077828e-4,0.2987797647811871,9.025498139697515e-4,0.0034534732378882597,0.11356774385201243,2. North East,133,14,4394819.232319299,7.20783985770904,CV < 10%
Post-Planting,Leaves,15. Gombe,0.15582778597535232,0.021072352547564396,0.13522846657718324,0.1145259749821261,0.19712959696857854,8.125305983000514,2. North East,133,14,4394819.232319299,7.20783985770904,CV < 10%
Post-Planting,Local eggs,15. Gombe,8.87340044270262e-4,5.151858741996671e-4,0.580595767683797,0,0.0018971043577016094,0.046268445165520804,2. North East,133,14,4394819.232319299,7.20783985770904,CV < 10%
Post-Planting,Maize - shelled/off cob,15. Gombe,0.11637168926577379,0.027295499785724618,0.2345544690288562,0.06287250968575354,0.16987086884579405,6.067952368858205,2. North East,133,14,4394819.232319299,7.20783985770904,CV < 10%
Post-Planting,Maize - unshelled/on cob,15. Gombe,0.01435490416426641,0.008916760849800925,0.6211647774004213,0,0.03183175542987622,0.7485057171367485,2. North East,133,14,4394819.232319299,7.20783985770904,CV < 10%
Post-Planting,Maize flour,15. Gombe,0.6658534407002662,0.060174841568000355,0.09037250225021823,0.5479107512269855,0.7837961301735469,34.71950083651388,2. North East,133,14,4394819.232319299,7.20783985770904,CV < 10%
Post-Planting,Malt drinks,15. Gombe,0.004573711178726508,0.003126247520160478,0.6835253469220901,0,0.010701156318241044,0.23848636860502506,2. North East,133,14,4394819.232319299,7.20783985770904,CV < 10%
Post-Planting,Mangoes,15. Gombe,6.996342468188366e-4,7.088875008421964e-4,1.013225844883142,0,0.0020890537484695416,0.03648092858412505,2. North East,133,14,4394819.232319299,7.20783985770904,CV < 10%
Post-Planting,Meat pie/Sausage roll,15. Gombe,0,0,NA,0,0,0,2. North East,133,14,4394819.232319299,7.20783985770904,No estimate
Post-Planting,Melon - ground,15. Gombe,0,0,NA,0,0,0,2. North East,133,14,4394819.232319299,7.20783985770904,No estimate
Post-Planting,Melon - shelled,15. Gombe,0,0,NA,0,0,0,2. North East,133,14,4394819.232319299,7.20783985770904,No estimate
Post-Planting,Melon - unshelled,15. Gombe,0,0,NA,0,0,0,2. North East,133,14,4394819.232319299,7.20783985770904,No estimate
Post-Planting,Milk - tinned,15. Gombe,0,0,NA,0,0,0,2. North East,133,14,4394819.232319299,7.20783985770904,No estimate
Post-Planting,Milk powder,15. Gombe,0.0019587239156496315,8.973025042013961e-4,0.4581056559488611,2.0001100741489524e-4,0.003717436823884368,0.1021334613160165,2. North East,133,14,4394819.232319299,7.20783985770904,CV < 10%
Post-Planting,Millet,15. Gombe,0.28741265143678285,0.08727995140073,0.30367470243364514,0.11634394669135206,0.45848135618221364,14.986516824917961,2. North East,133,14,4394819.232319299,7.20783985770904,CV < 10%
Post-Planting,Mutton,15. Gombe,0.002832809918387963,0.0015259014940986527,0.5386529763941879,0,0.005823576846821322,0.14771080288737234,2. North East,133,14,4394819.232319299,7.20783985770904,CV < 10%
Post-Planting,Ogbono - ground,15. Gombe,0,0,NA,0,0,0,2. North East,133,14,4394819.232319299,7.20783985770904,No estimate
Post-Planting,Ogbono - unground,15. Gombe,0,0,NA,0,0,0,2. North East,133,14,4394819.232319299,7.20783985770904,No estimate
Post-Planting,Okra - dried,15. Gombe,0.0020999734681273943,7.525374687426803e-4,0.358355703138354,6.250000293917409e-4,0.0035749469068630476,0.10949861655235697,2. North East,133,14,4394819.232319299,7.20783985770904,CV < 10%
Post-Planting,Okra - fresh,15. Gombe,0.04054989749982491,0.0037292586834900463,0.09196715438075148,0.03324055048018442,0.0478592445194654,2.1143875124908704,2. North East,133,14,4394819.232319299,7.20783985770904,CV < 10%
Post-Planting,Onions,15. Gombe,0.11025441371780081,0.009403082815421373,0.08528531873099267,0.09182437139957492,0.1286844560360267,5.748980143856756,2. North East,133,14,4394819.232319299,7.20783985770904,CV < 10%
Post-Planting,Orange/Tangerine,15. Gombe,0.026663635454692927,0.012239100136023508,0.45901843193214553,0.0026749991880868525,0.050652271721299005,1.3903181344232742,2. North East,133,14,4394819.232319299,7.20783985770904,CV < 10%
Post-Planting,Other alcoholic beverages,15. Gombe,0,0,NA,0,0,0,2. North East,133,14,4394819.232319299,7.20783985770904,No estimate
Post-Planting,Other domestic poultry,15. Gombe,0,0,NA,0,0,0,2. North East,133,14,4394819.232319299,7.20783985770904,No estimate
Post-Planting,Other eggs,15. Gombe,0,0,NA,0,0,0,2. North East,133,14,4394819.232319299,7.20783985770904,No estimate
Post-Planting,Other fish/seafood,15. Gombe,0,0,NA,0,0,0,2. North East,133,14,4394819.232319299,7.20783985770904,No estimate
Post-Planting,Other fruits,15. Gombe,0,0,NA,0,0,0,2. North East,133,14,4394819.232319299,7.20783985770904,No estimate
Post-Planting,Other grains/flour,15. Gombe,0,0,NA,0,0,0,2. North East,133,14,4394819.232319299,7.20783985770904,No estimate
Post-Planting,Other meat,15. Gombe,0,0,NA,0,0,0,2. North East,133,14,4394819.232319299,7.20783985770904,No estimate
Post-Planting,Other milk products,15. Gombe,0,0,NA,0,0,0,2. North East,133,14,4394819.232319299,7.20783985770904,No estimate
Post-Planting,Other non-alcoholic drinks,15. Gombe,0,0,NA,0,0,0,2. North East,133,14,4394819.232319299,7.20783985770904,No estimate
Post-Planting,Other nuts/seeds/pulses,15. Gombe,0,0,NA,0,0,0,2. North East,133,14,4394819.232319299,7.20783985770904,No estimate
Post-Planting,Other oil/fat,15. Gombe,0,0,NA,0,0,0,2. North East,133,14,4394819.232319299,7.20783985770904,No estimate
Post-Planting,Other roots/tubers,15. Gombe,0,0,NA,0,0,0,2. North East,133,14,4394819.232319299,7.20783985770904,No estimate
Post-Planting,Other spices,15. Gombe,0.02538902879925135,0.0020601577499685655,0.08114362176899471,0.021351119609312963,0.029426937989189737,1.3238565016752488,2. North East,133,14,4394819.232319299,7.20783985770904,CV < 10%
Post-Planting,Other sweets,15. Gombe,0,0,NA,0,0,0,2. North East,133,14,4394819.232319299,7.20783985770904,No estimate
Post-Planting,Other vegetables,15. Gombe,0,0,NA,0,0,0,2. North East,133,14,4394819.232319299,7.20783985770904,No estimate
Post-Planting,Palm oil,15. Gombe,0.09666560419977073,0.0069878241665488035,0.07228863073268182,0.08296946883333507,0.11036173956620639,5.040420790416617,2. North East,133,14,4394819.232319299,7.20783985770904,CV < 10%
Post-Planting,Palm wine,15. Gombe,0,0,NA,0,0,0,2. North East,133,14,4394819.232319299,7.20783985770904,No estimate
Post-Planting,Pawpaw,15. Gombe,0,0,NA,0,0,0,2. North East,133,14,4394819.232319299,7.20783985770904,No estimate
Post-Planting,Pineapples,15. Gombe,0.02454907482554373,0.018256951499836253,0.7436920384812051,0,0.06033269976522279,1.2800589016176374,2. North East,133,14,4394819.232319299,7.20783985770904,CV < 10%
Post-Planting,Pito,15. Gombe,0,0,NA,0,0,0,2. North East,133,14,4394819.232319299,7.20783985770904,No estimate
Post-Planting,Plantains,15. Gombe,0,0,NA,0,0,0,2. North East,133,14,4394819.232319299,7.20783985770904,No estimate
Post-Planting,Pork,15. Gombe,0,0,NA,0,0,0,2. North East,133,14,4394819.232319299,7.20783985770904,No estimate
Post-Planting,Potatoes,15. Gombe,0.011794192214832935,0.007828450282164282,0.663754680233111,0,0.02713795476787493,0.6149828797734316,2. North East,133,14,4394819.232319299,7.20783985770904,CV < 10%
Post-Planting,Rice - imported,15. Gombe,0,0,NA,0,0,0,2. North East,133,14,4394819.232319299,7.20783985770904,No estimate
Post-Planting,Rice - local,15. Gombe,0.5073173852329557,0.09045713567352204,0.17830482121558858,0.33002139931285246,0.6846133711530589,26.45297794428983,2. North East,133,14,4394819.232319299,7.20783985770904,CV < 10%
Post-Planting,Sachet water,15. Gombe,0.6220293552163905,0.268295430428735,0.43132277950998127,0.09617031157606992,1.147888398856711,32.434387807711786,2. North East,133,14,4394819.232319299,7.20783985770904,CV < 10%
Post-Planting,Salt,15. Gombe,0.04870411003490039,0.004739087164840179,0.09730363949663066,0.03941549919181364,0.05799272087798714,2.539571451819806,2. North East,133,14,4394819.232319299,7.20783985770904,CV < 10%
Post-Planting,Seafood,15. Gombe,0,0,NA,0,0,0,2. North East,133,14,4394819.232319299,7.20783985770904,No estimate
Post-Planting,Shea butter,15. Gombe,0,0,NA,0,0,0,2. North East,133,14,4394819.232319299,7.20783985770904,No estimate
Post-Planting,Snails,15. Gombe,0,0,NA,0,0,0,2. North East,133,14,4394819.232319299,7.20783985770904,No estimate
Post-Planting,Soft drinks,15. Gombe,0.004992528641876302,0.0029613057261813863,0.5931474686679941,0,0.010796687865191818,0.26032470775497857,2. North East,133,14,4394819.232319299,7.20783985770904,CV < 10%
Post-Planting,Soya beans,15. Gombe,0.03695440866649286,0.015352837096789116,0.4154534641683977,0.006862847956786194,0.06704596937619953,1.9269084518956991,2. North East,133,14,4394819.232319299,7.20783985770904,CV < 10%
Post-Planting,Sugar,15. Gombe,0.04699179169189953,0.008470454974892573,0.1802539266948767,0.030389699941110085,0.06359388344268897,2.4502862810776187,2. North East,133,14,4394819.232319299,7.20783985770904,CV < 10%
Post-Planting,Sweet potatoes,15. Gombe,0.05884447189302127,0.01585475372390629,0.2694348885096648,0.027769154594164947,0.0899197891918776,3.0683188915646804,2. North East,133,14,4394819.232319299,7.20783985770904,CV < 10%
Post-Planting,Tea,15. Gombe,0.002607401668453052,0.0010683054559193163,0.4097203238169025,5.135229748511922e-4,0.0047012803620549125,0.13595737271219485,2. North East,133,14,4394819.232319299,7.20783985770904,CV < 10%
Post-Planting,Tomato puree - canned,15. Gombe,8.774532647010731e-4,6.874572805818696e-4,0.783468827614505,0,0.0022248695346415376,0.04575292023084167,2. North East,133,14,4394819.232319299,7.20783985770904,CV < 10%
Post-Planting,Tomatoes,15. Gombe,0.04384470699489061,0.01180603922931018,0.2692694292765141,0.020704870105442662,0.06698454388433855,2.28618829330501,2. North East,133,14,4394819.232319299,7.20783985770904,CV < 10%
Post-Planting,Watermelon,15. Gombe,0.06547997125056612,0.023794542637720177,0.36338657735000846,0.018842667680634577,0.11211727482049766,3.414312786636662,2. North East,133,14,4394819.232319299,7.20783985770904,CV < 10%
Post-Planting,Wheat flour,15. Gombe,0.009260819830100093,0.004930072929672547,0.5323581518828946,0,0.018923762772258285,0.48288560542664766,2. North East,133,14,4394819.232319299,7.20783985770904,CV < 10%
Post-Planting,White beans,15. Gombe,0.2310800900959738,0.01576952047385532,0.06824266195891569,0.20017182996721739,0.2619883502247302,12.04917612643292,2. North East,133,14,4394819.232319299,7.20783985770904,CV < 10%
Post-Planting,Wild game/Bush meat,15. Gombe,0,0,NA,0,0,0,2. North East,133,14,4394819.232319299,7.20783985770904,No estimate
Post-Planting,Yam flour,15. Gombe,3.707092213596616e-4,3.639151926552994e-4,0.9816728899285442,0,0.0010839829989640485,0.01932983797089664,2. North East,133,14,4394819.232319299,7.20783985770904,CV < 10%
Post-Planting,Yam roots,15. Gombe,0.1016989377103739,0.050244494775199815,0.49405132350831404,0.0032197279509822707,0.20017814746976553,5.3028731806123535,2. North East,133,14,4394819.232319299,7.20783985770904,CV < 10%
Post-Planting,Agricultural eggs,16. Imo,0.019980230726049673,0.005718740816522191,0.28621995886495216,0.008771498725666179,0.031188962726433168,1.041826316429733,4. South East,158,20,5752072.14090837,4.158219203850031,CV < 10%
Post-Planting,Animal fat,16. Imo,0,0,NA,0,0,0,4. South East,158,20,5752072.14090837,4.158219203850031,No estimate
Post-Planting,Apples,16. Imo,0.010966083674376383,0.0070009323501276964,0.6384168275577037,0,0.024687911080626665,0.5718029344496257,4. South East,158,20,5752072.14090837,4.158219203850031,CV < 10%
Post-Planting,Avocado pear,16. Imo,0.004779293991736124,0.002217791157925423,0.46404158475293733,4.324233222022956e-4,0.009126164661269953,0.2492060438548122,4. South East,158,20,5752072.14090837,4.158219203850031,CV < 10%
Post-Planting,Baby milk powder,16. Imo,1.5939821599631677e-4,1.616405904489382e-4,1.0140677512518286,0,4.7621377327623565e-4,0.008311478405522233,4. South East,158,20,5752072.14090837,4.158219203850031,CV < 10%
Post-Planting,Bananas,16. Imo,0.11964192724228645,0.03243180750946716,0.27107393082852654,0.056075584523730806,0.1832082699608421,6.238471920490651,4. South East,158,20,5752072.14090837,4.158219203850031,CV < 10%
Post-Planting,Beef,16. Imo,0.0886169897044202,0.02259521646395067,0.25497612296825317,0.04433036543507688,0.13290361397376352,4.620743034587624,4. South East,158,20,5752072.14090837,4.158219203850031,CV < 10%
Post-Planting,Beer,16. Imo,0.031901775042968455,0.013251299817311601,0.41537813489887143,0.005929227401037716,0.0578743226848992,1.6634496986690694,4. South East,158,20,5752072.14090837,4.158219203850031,CV < 10%
Post-Planting,Biscuits,16. Imo,0.01050578021396132,0.002913091634984672,0.2772846543194776,0.004796120609391363,0.016215439818531276,0.5478013968708403,4. South East,158,20,5752072.14090837,4.158219203850031,CV < 10%
Post-Planting,Bottled water,16. Imo,0.08345231362661604,0.06412898323219784,0.7684506330061139,0,0.2091451207617238,4.351442067673551,4. South East,158,20,5752072.14090837,4.158219203850031,CV < 10%
Post-Planting,Bread,16. Imo,0.2363882830295541,0.023342520173206018,0.09874651938771285,0.19063694349007032,0.2821396225690379,12.325960472255321,4. South East,158,20,5752072.14090837,4.158219203850031,CV < 10%
Post-Planting,Brown beans,16. Imo,0.09983517139686679,0.027650600102510362,0.27696251446890535,0.045639995195946484,0.1540303475977871,5.205691079979482,4. South East,158,20,5752072.14090837,4.158219203850031,CV < 10%
Post-Planting,Buns/Pofpof/Donuts,16. Imo,0.00700080757878924,0.0029782196027147443,0.42541086427486335,0.0011634971574683416,0.012838118000110138,0.3650421094654389,4. South East,158,20,5752072.14090837,4.158219203850031,CV < 10%
Post-Planting,Butter/Margarine,16. Imo,0,0,NA,0,0,0,4. South East,158,20,5752072.14090837,4.158219203850031,No estimate
Post-Planting,Cake,16. Imo,0.008968904900512303,0.0076143501029637605,0.848972108348348,0,0.02389303110232127,0.46766432695528437,4. South East,158,20,5752072.14090837,4.158219203850031,CV < 10%
Post-Planting,Canned fish/seafood,16. Imo,0,0,NA,0,0,0,4. South East,158,20,5752072.14090837,4.158219203850031,No estimate
Post-Planting,Cashew nut,16. Imo,0,0,NA,0,0,0,4. South East,158,20,5752072.14090837,4.158219203850031,No estimate
Post-Planting,Cassava flour,16. Imo,0,0,NA,0,0,0,4. South East,158,20,5752072.14090837,4.158219203850031,No estimate
Post-Planting,Cassava roots,16. Imo,0.674566251145691,0.23471467144654293,0.34794902805751227,0.21452549511046687,1.1346070071809151,35.17381166688246,4. South East,158,20,5752072.14090837,4.158219203850031,CV < 10%
Post-Planting,Cheese/wara,16. Imo,0,0,NA,0,0,0,4. South East,158,20,5752072.14090837,4.158219203850031,No estimate
Post-Planting,Chicken,16. Imo,0.03392879375559246,0.01531884880568194,0.45149995358019307,0.0039038500964558576,0.06395373741472907,1.7691442458273214,4. South East,158,20,5752072.14090837,4.158219203850031,CV < 10%
Post-Planting,Chocolate drinks,16. Imo,0.020402769037873882,0.0026333368473179827,0.1290676203033858,0.015241428817130635,0.02556410925861713,1.0638586712605667,4. South East,158,20,5752072.14090837,4.158219203850031,CV < 10%
Post-Planting,Coconut,16. Imo,0.022745934582325593,0.005792966699100325,0.2546814103475734,0.011391719852088956,0.03410014931256223,1.1860380175069773,4. South East,158,20,5752072.14090837,4.158219203850031,CV < 10%
Post-Planting,Cocoyam,16. Imo,0.07177214884683839,0.012984985525497485,0.18091955910651938,0.046321577216863315,0.09722272047681346,3.742404904156573,4. South East,158,20,5752072.14090837,4.158219203850031,CV < 10%
Post-Planting,Coffee,16. Imo,4.017324118763375e-5,3.233993308517967e-5,0.8050117971346221,0,1.0355951003458591e-4,0.0020947475762123314,4. South East,158,20,5752072.14090837,4.158219203850031,CV < 10%
Post-Planting,Dry pepper,16. Imo,0.0028753011879760625,0.0012759856328076614,0.44377459938582414,3.74369347673046e-4,0.005376233028279079,0.14992641908732326,4. South East,158,20,5752072.14090837,4.158219203850031,CV < 10%
Post-Planting,Duck,16. Imo,0,0,NA,0,0,0,4. South East,158,20,5752072.14090837,4.158219203850031,No estimate
Post-Planting,Fish - dried,16. Imo,0.050509257528167525,0.006921618446298552,0.13703663021454174,0.036942885373422364,0.0640756296829127,2.633696999683021,4. South East,158,20,5752072.14090837,4.158219203850031,CV < 10%
Post-Planting,Fish - fresh,16. Imo,0.005051717019799561,0.003062818911247006,0.6062926524274177,0,0.011054842085843692,0.2634109588895485,4. South East,158,20,5752072.14090837,4.158219203850031,CV < 10%
Post-Planting,Fish - frozen,16. Imo,0.07861773624500701,0.011327320458349435,0.14408097967930017,0.05641618814664212,0.1008192843433719,4.099353389918223,4. South East,158,20,5752072.14090837,4.158219203850031,CV < 10%
Post-Planting,Fish - smoked,16. Imo,0.030399110839209237,0.0064935800219285775,0.21361085382645661,0.017671693996229226,0.04312652768218925,1.5850964937587673,4. South East,158,20,5752072.14090837,4.158219203850031,CV < 10%
Post-Planting,Fresh milk,16. Imo,0,0,NA,0,0,0,4. South East,158,20,5752072.14090837,4.158219203850031,No estimate
Post-Planting,Fresh pepper,16. Imo,0.04845632210820861,0.006933976863400674,0.14309746513398802,0.03486572745594329,0.062046916760473934,2.5266510813565923,4. South East,158,20,5752072.14090837,4.158219203850031,CV < 10%
Post-Planting,Fruit juice,16. Imo,0,0,NA,0,0,0,4. South East,158,20,5752072.14090837,4.158219203850031,No estimate
Post-Planting,Garden eggs/Eggplant,16. Imo,0.036234985604941865,0.0047707939266281125,0.13166264169779202,0.026884229508750766,0.04558574170113296,1.8893956779719687,4. South East,158,20,5752072.14090837,4.158219203850031,CV < 10%
Post-Planting,Gari - white,16. Imo,0.21605132929958787,0.040656006683499224,0.188177535474098,0.1363655561999294,0.29573710239924633,11.265533599192796,4. South East,158,20,5752072.14090837,4.158219203850031,CV < 10%
Post-Planting,Gari - yellow,16. Imo,0.22957910286932084,0.05866385732884337,0.25552786205561373,0.11459794250478784,0.34456026323385386,11.970910363900302,4. South East,158,20,5752072.14090837,4.158219203850031,CV < 10%
Post-Planting,Gin,16. Imo,1.7303314499464545e-4,1.7504262941370037e-4,1.0116132918876155,0,5.161166986454982e-4,0.009022442560435084,4. South East,158,20,5752072.14090837,4.158219203850031,CV < 10%
Post-Planting,Goat,16. Imo,0,0,NA,0,0,0,4. South East,158,20,5752072.14090837,4.158219203850031,No estimate
Post-Planting,Ground pepper,16. Imo,0.006878647819907786,7.382640665317634e-4,0.10732691742047355,0.00543165024950553,0.008325645390310043,0.3586723506094774,4. South East,158,20,5752072.14090837,4.158219203850031,CV < 10%
Post-Planting,Groundnut oil,16. Imo,0.06029047303007362,0.00872347510883237,0.14469077236267486,0.04319246181676217,0.07738848424338507,3.1437175222824103,4. South East,158,20,5752072.14090837,4.158219203850031,CV < 10%
Post-Planting,Groundnuts - shelled,16. Imo,0.016162960247831277,0.003400216036974938,0.21037087172389565,0.009498536815360399,0.022827383680302155,0.8427829272083451,4. South East,158,20,5752072.14090837,4.158219203850031,CV < 10%
Post-Planting,Groundnuts - unshelled,16. Imo,0.03614323981377922,0.005863856873656382,0.162239381523868,0.02465008034141271,0.04763639928614573,1.8846117902899164,4. South East,158,20,5752072.14090837,4.158219203850031,CV < 10%
Post-Planting,Guava,16. Imo,0.06577463298087452,0.01845137223504659,0.28052413824052425,0.029609943400183206,0.10193932256156583,3.4296772911456004,4. South East,158,20,5752072.14090837,4.158219203850031,CV < 10%
Post-Planting,Guinea corn / sorghum,16. Imo,0,0,NA,0,0,0,4. South East,158,20,5752072.14090837,4.158219203850031,No estimate
Post-Planting,Honey,16. Imo,0,0,NA,0,0,0,4. South East,158,20,5752072.14090837,4.158219203850031,No estimate
Post-Planting,Kola nut,16. Imo,0.001195296532034653,3.810105638410962e-4,0.31875819399604033,4.485158269061046e-4,0.0019420772371632016,0.06232617631323548,4. South East,158,20,5752072.14090837,4.158219203850031,CV < 10%
Post-Planting,Leaves,16. Imo,0.08142159012324805,0.013275478028278958,0.16304616512873102,0.055401653187821295,0.10744152705867481,4.2455543421407915,4. South East,158,20,5752072.14090837,4.158219203850031,CV < 10%
Post-Planting,Local eggs,16. Imo,4.268856990218107e-4,4.2064957038249307e-4,0.9853915728411435,0,0.001251358856971497,0.022259040020422987,4. South East,158,20,5752072.14090837,4.158219203850031,CV < 10%
Post-Planting,Maize - shelled/off cob,16. Imo,0.013929438630391195,0.009888083386138084,0.7098694820740515,0,0.03331008206722184,0.7263207285846837,4. South East,158,20,5752072.14090837,4.158219203850031,CV < 10%
Post-Planting,Maize - unshelled/on cob,16. Imo,0.4864281613820614,0.09140970967618951,0.1879202664098891,0.30726513041673,0.6655911923473928,25.363754129207486,4. South East,158,20,5752072.14090837,4.158219203850031,CV < 10%
Post-Planting,Maize flour,16. Imo,0,0,NA,0,0,0,4. South East,158,20,5752072.14090837,4.158219203850031,No estimate
Post-Planting,Malt drinks,16. Imo,0.07194358128182037,0.01411188741274686,0.19615213979225182,0.04428428195283652,0.09960288061080422,3.7513438811234905,4. South East,158,20,5752072.14090837,4.158219203850031,CV < 10%
Post-Planting,Mangoes,16. Imo,0,0,NA,0,0,0,4. South East,158,20,5752072.14090837,4.158219203850031,No estimate
Post-Planting,Meat pie/Sausage roll,16. Imo,0.006704943930475685,0.00378676503183723,0.564772065374837,0,0.014127003392876656,0.3496149335176607,4. South East,158,20,5752072.14090837,4.158219203850031,CV < 10%
Post-Planting,Melon - ground,16. Imo,0.004469278013073834,0.0013919077292639597,0.3114390568660659,0.0017411388637164726,0.007197417162431195,0.23304092496742132,4. South East,158,20,5752072.14090837,4.158219203850031,CV < 10%
Post-Planting,Melon - shelled,16. Imo,0.01983551777869575,0.0033005636399448977,0.166396646498931,0.013366413044403752,0.02630462251298775,1.0342805698891355,4. South East,158,20,5752072.14090837,4.158219203850031,CV < 10%
Post-Planting,Melon - unshelled,16. Imo,5.554719673358172e-4,3.2190135769500917e-4,0.5795096361728725,0,0.0011863986284180352,0.028963895439653328,4. South East,158,20,5752072.14090837,4.158219203850031,CV < 10%
Post-Planting,Milk - tinned,16. Imo,0.004016036427696835,9.624508406165933e-4,0.23965191998234717,0.0021296327800883123,0.0059024400753053576,0.2094076137299064,4. South East,158,20,5752072.14090837,4.158219203850031,CV < 10%
Post-Planting,Milk powder,16. Imo,0.01719764758287846,0.002037845793878678,0.11849561308068118,0.013203469826876252,0.02119182533888067,0.8967344811072341,4. South East,158,20,5752072.14090837,4.158219203850031,CV < 10%
Post-Planting,Millet,16. Imo,0.0021401661228543783,0.002161512122583923,1.009973991972677,0,0.006376729883118867,0.11159437640597829,4. South East,158,20,5752072.14090837,4.158219203850031,CV < 10%
Post-Planting,Mutton,16. Imo,0,0,NA,0,0,0,4. South East,158,20,5752072.14090837,4.158219203850031,No estimate
Post-Planting,Ogbono - ground,16. Imo,0.001972127655564088,6.868575897674178e-4,0.34828252006382204,6.258867796199493e-4,0.0033183685315082267,0.10283237061155602,4. South East,158,20,5752072.14090837,4.158219203850031,CV < 10%
Post-Planting,Ogbono - unground,16. Imo,0.008085630892035544,0.0019954811882850446,0.24679350503751296,0.004174487762996857,0.011996774021074231,0.42160789651328195,4. South East,158,20,5752072.14090837,4.158219203850031,CV < 10%
Post-Planting,Okra - dried,16. Imo,2.568701333822567e-4,2.5985324121843633e-4,1.0116132918876184,0,7.661824861703919e-4,0.013393942669217672,4. South East,158,20,5752072.14090837,4.158219203850031,CV < 10%
Post-Planting,Okra - fresh,16. Imo,0.05275870867053648,0.004940866292542102,0.09365025067987245,0.04307461073715396,0.062442806603919,2.750989809249402,4. South East,158,20,5752072.14090837,4.158219203850031,CV < 10%
Post-Planting,Onions,16. Imo,0.16399203275813845,0.020298957277703034,0.12378014307341803,0.12420607649384051,0.20377798902243638,8.551013136674362,4. South East,158,20,5752072.14090837,4.158219203850031,CV < 10%
Post-Planting,Orange/Tangerine,16. Imo,0.07053428924226499,0.022798637898348392,0.3232277257383516,0.02584895896150214,0.11521961952302784,3.6778593676323887,4. South East,158,20,5752072.14090837,4.158219203850031,CV < 10%
Post-Planting,Other alcoholic beverages,16. Imo,0,0,NA,0,0,0,4. South East,158,20,5752072.14090837,4.158219203850031,No estimate
Post-Planting,Other domestic poultry,16. Imo,0,0,NA,0,0,0,4. South East,158,20,5752072.14090837,4.158219203850031,No estimate
Post-Planting,Other eggs,16. Imo,0,0,NA,0,0,0,4. South East,158,20,5752072.14090837,4.158219203850031,No estimate
Post-Planting,Other fish/seafood,16. Imo,9.006509076031473e-4,4.074855482271863e-4,0.4524345057416366,1.0197923307786211e-4,0.0016993225821284323,0.04696251161073554,4. South East,158,20,5752072.14090837,4.158219203850031,CV < 10%
Post-Planting,Other fruits,16. Imo,0.023366367708403283,0.011370537478410095,0.4866198127285693,0.0010801142507194973,0.045652621166087065,1.2183891733667427,4. South East,158,20,5752072.14090837,4.158219203850031,CV < 10%
Post-Planting,Other grains/flour,16. Imo,0,0,NA,0,0,0,4. South East,158,20,5752072.14090837,4.158219203850031,No estimate
Post-Planting,Other meat,16. Imo,0,0,NA,0,0,0,4. South East,158,20,5752072.14090837,4.158219203850031,No estimate
Post-Planting,Other milk products,16. Imo,0,0,NA,0,0,0,4. South East,158,20,5752072.14090837,4.158219203850031,No estimate
Post-Planting,Other non-alcoholic drinks,16. Imo,0,0,NA,0,0,0,4. South East,158,20,5752072.14090837,4.158219203850031,No estimate
Post-Planting,Other nuts/seeds/pulses,16. Imo,0,0,NA,0,0,0,4. South East,158,20,5752072.14090837,4.158219203850031,No estimate
Post-Planting,Other oil/fat,16. Imo,0,0,NA,0,0,0,4. South East,158,20,5752072.14090837,4.158219203850031,No estimate
Post-Planting,Other roots/tubers,16. Imo,0,0,NA,0,0,0,4. South East,158,20,5752072.14090837,4.158219203850031,No estimate
Post-Planting,Other spices,16. Imo,0.004020925991975475,5.605893191033658e-4,0.13941796497178233,0.0029221709265328777,0.005119681057418071,0.20966256958157833,4. South East,158,20,5752072.14090837,4.158219203850031,CV < 10%
Post-Planting,Other sweets,16. Imo,0,0,NA,0,0,0,4. South East,158,20,5752072.14090837,4.158219203850031,No estimate
Post-Planting,Other vegetables,16. Imo,0.0717095622327309,0.016045521469427785,0.2237570690691515,0.04026034015265244,0.10315878431280935,3.739141459278111,4. South East,158,20,5752072.14090837,4.158219203850031,CV < 10%
Post-Planting,Palm oil,16. Imo,0.0954487573260265,0.007934942145540939,0.08313300631497354,0.07989627072076627,0.11100124393128674,4.976970917714239,4. South East,158,20,5752072.14090837,4.158219203850031,CV < 10%
Post-Planting,Palm wine,16. Imo,0.009226506013292045,0.003357216104848848,0.3638664625604014,0.002646362447788303,0.015806649578795788,0.4810963849787995,4. South East,158,20,5752072.14090837,4.158219203850031,CV < 10%
Post-Planting,Pawpaw,16. Imo,0.2207115221927555,0.04514395620002516,0.20453828486851394,0.13222936804070617,0.3091936763448048,11.508529371479394,4. South East,158,20,5752072.14090837,4.158219203850031,CV < 10%
Post-Planting,Pineapples,16. Imo,0.030903574809259125,0.011120265611675631,0.35983751654335633,0.00910785421037489,0.05269929540814336,1.6114006864827972,4. South East,158,20,5752072.14090837,4.158219203850031,CV < 10%
Post-Planting,Pito,16. Imo,0,0,NA,0,0,0,4. South East,158,20,5752072.14090837,4.158219203850031,No estimate
Post-Planting,Plantains,16. Imo,0.2874620378810734,0.030686193240653557,0.10674868051046384,0.2273170991293924,0.34760697663275436,14.989091975227398,4. South East,158,20,5752072.14090837,4.158219203850031,CV < 10%
Post-Planting,Pork,16. Imo,6.707302824562756e-4,6.375636266602421e-4,0.9505514263131609,0,0.0019203549907103501,0.0349737932995058,4. South East,158,20,5752072.14090837,4.158219203850031,CV < 10%
Post-Planting,Potatoes,16. Imo,0,0,NA,0,0,0,4. South East,158,20,5752072.14090837,4.158219203850031,No estimate
Post-Planting,Rice - imported,16. Imo,0.08854838152915441,0.0318229217120289,0.3593845665214248,0.026175454973577768,0.15092130808473106,4.617165608305909,4. South East,158,20,5752072.14090837,4.158219203850031,CV < 10%
Post-Planting,Rice - local,16. Imo,0.4316019805190621,0.037219169909765586,0.0862349377197118,0.3586524074959216,0.5045515535422027,22.504960412779667,4. South East,158,20,5752072.14090837,4.158219203850031,CV < 10%
Post-Planting,Sachet water,16. Imo,0.9592484683317338,0.24695238882957316,0.25744361026612594,0.47522178622577044,1.4432751504376973,50.01795584872612,4. South East,158,20,5752072.14090837,4.158219203850031,CV < 10%
Post-Planting,Salt,16. Imo,0.026014881107229687,0.002278581584329903,0.0875876224433973,0.021548861201943076,0.030480901012516298,1.3564902291626908,4. South East,158,20,5752072.14090837,4.158219203850031,CV < 10%
Post-Planting,Seafood,16. Imo,8.93520919156667e-4,5.403824094019465e-4,0.6047786882393044,0,0.0019526704415844822,0.04659073364174049,4. South East,158,20,5752072.14090837,4.158219203850031,CV < 10%
Post-Planting,Shea butter,16. Imo,0,0,NA,0,0,0,4. South East,158,20,5752072.14090837,4.158219203850031,No estimate
Post-Planting,Snails,16. Imo,0.01170598742256473,0.0078304928945018,0.6689305747422521,0,0.027053753495788257,0.6103836298908752,4. South East,158,20,5752072.14090837,4.158219203850031,CV < 10%
Post-Planting,Soft drinks,16. Imo,0.10857442231231487,0.02729987262178835,0.2514392620322688,0.05506667197360971,0.16208217265102004,5.661380591999276,4. South East,158,20,5752072.14090837,4.158219203850031,CV < 10%
Post-Planting,Soya beans,16. Imo,0.007936660729526741,0.0060320069337655895,0.7600182418437931,0,0.019759394319707295,0.41384016661103723,4. South East,158,20,5752072.14090837,4.158219203850031,CV < 10%
Post-Planting,Sugar,16. Imo,0.02408413474603279,0.0033640524219370836,0.13967918953331798,0.017490591999036107,0.030677677493029475,1.2558155974717098,4. South East,158,20,5752072.14090837,4.158219203850031,CV < 10%
Post-Planting,Sweet potatoes,16. Imo,0.06632849116268177,0.020610611681425185,0.3107354218396766,0.025931692267088413,0.10672529005827514,3.4585570391969784,4. South East,158,20,5752072.14090837,4.158219203850031,CV < 10%
Post-Planting,Tea,16. Imo,0.0011667326469561696,3.6871365359160093e-4,0.3160224020074518,4.4405388591663175e-4,0.0018894114079957074,0.06083677373414313,4. South East,158,20,5752072.14090837,4.158219203850031,CV < 10%
Post-Planting,Tomato puree - canned,16. Imo,0.05007076415984475,0.00817449385889508,0.163258819713616,0.0340487561964104,0.0660927721232791,2.6108327026204767,4. South East,158,20,5752072.14090837,4.158219203850031,CV < 10%
Post-Planting,Tomatoes,16. Imo,0.09316267263504144,0.012404076120489283,0.13314427087210587,0.06885068343888244,0.11747466183120044,4.857767930255732,4. South East,158,20,5752072.14090837,4.158219203850031,CV < 10%
Post-Planting,Watermelon,16. Imo,0.05024085544722813,0.01424817884312147,0.2835974570155844,0.02231442491471005,0.0781672859797462,2.6197017483197524,4. South East,158,20,5752072.14090837,4.158219203850031,CV < 10%
Post-Planting,Wheat flour,16. Imo,0.004648696023744838,0.003526034105226795,0.7584996066028721,0,0.011559722869989356,0.2423962926666951,4. South East,158,20,5752072.14090837,4.158219203850031,CV < 10%
Post-Planting,White beans,16. Imo,0.16151131979184932,0.029178064239024047,0.1806564659159978,0.10432231388336219,0.21870032570033646,8.421661674860715,4. South East,158,20,5752072.14090837,4.158219203850031,CV < 10%
Post-Planting,Wild game/Bush meat,16. Imo,0,0,NA,0,0,0,4. South East,158,20,5752072.14090837,4.158219203850031,No estimate
Post-Planting,Yam flour,16. Imo,0,0,NA,0,0,0,4. South East,158,20,5752072.14090837,4.158219203850031,No estimate
Post-Planting,Yam roots,16. Imo,0.6976661714451321,0.10347061197944227,0.14830963032809125,0.49486377196542525,0.900468570924839,36.378307511067604,4. South East,158,20,5752072.14090837,4.158219203850031,CV < 10%
Post-Planting,Agricultural eggs,17. Jigawa,4.4939513821463657e-4,3.442240283875225e-4,0.765971856649497,0,0.0011240742338541807,0.023432746492620334,3. North West,109,12,8475751.827457344,9.494317364017364,CV < 10%
Post-Planting,Animal fat,17. Jigawa,0,0,NA,0,0,0,3. North West,109,12,8475751.827457344,9.494317364017364,No estimate
Post-Planting,Apples,17. Jigawa,0,0,NA,0,0,0,3. North West,109,12,8475751.827457344,9.494317364017364,No estimate
Post-Planting,Avocado pear,17. Jigawa,0,0,NA,0,0,0,3. North West,109,12,8475751.827457344,9.494317364017364,No estimate
Post-Planting,Baby milk powder,17. Jigawa,0.002349454692767578,0.0019733940586371458,0.8399370563356361,0,0.006217307047696383,0.12250728040859514,3. North West,109,12,8475751.827457344,9.494317364017364,CV < 10%
Post-Planting,Bananas,17. Jigawa,0.00439338309281535,0.00215305690007508,0.49006809890902703,1.7339156866819343e-4,0.008613374616962505,0.22908354698251468,3. North West,109,12,8475751.827457344,9.494317364017364,CV < 10%
Post-Planting,Beef,17. Jigawa,0.00682018063104746,0.0033029073508232757,0.48428443900554097,3.464822234338404e-4,0.01329387903866108,0.355623704333189,3. North West,109,12,8475751.827457344,9.494317364017364,CV < 10%
Post-Planting,Beer,17. Jigawa,0,0,NA,0,0,0,3. North West,109,12,8475751.827457344,9.494317364017364,No estimate
Post-Planting,Biscuits,17. Jigawa,0.004660807420612977,0.0013297816441216158,0.2853114330020369,0.00205443539813461,0.0072671794430913435,0.24302781550339095,3. North West,109,12,8475751.827457344,9.494317364017364,CV < 10%
Post-Planting,Bottled water,17. Jigawa,0,0,NA,0,0,0,3. North West,109,12,8475751.827457344,9.494317364017364,No estimate
Post-Planting,Bread,17. Jigawa,0.12567323591546195,0.030207107002469136,0.24036229179925706,0.06646730619062244,0.18487916564030146,6.5529615870205165,3. North West,109,12,8475751.827457344,9.494317364017364,CV < 10%
Post-Planting,Brown beans,17. Jigawa,0.046783630084524956,0.017461836717233458,0.3732467250977488,0.012558430118747382,0.08100883005030253,2.4394321401216588,3. North West,109,12,8475751.827457344,9.494317364017364,CV < 10%
Post-Planting,Buns/Pofpof/Donuts,17. Jigawa,0.0031084514727346886,0.002144373017893115,0.6898524994525919,0,0.007311422587805195,0.16208354107830877,3. North West,109,12,8475751.827457344,9.494317364017364,CV < 10%
Post-Planting,Butter/Margarine,17. Jigawa,0,0,NA,0,0,0,3. North West,109,12,8475751.827457344,9.494317364017364,No estimate
Post-Planting,Cake,17. Jigawa,0.012963782692239344,0.0075910081682637335,0.5855550303853847,0,0.02784215870203626,0.6759686689524801,3. North West,109,12,8475751.827457344,9.494317364017364,CV < 10%
Post-Planting,Canned fish/seafood,17. Jigawa,0,0,NA,0,0,0,3. North West,109,12,8475751.827457344,9.494317364017364,No estimate
Post-Planting,Cashew nut,17. Jigawa,0,0,NA,0,0,0,3. North West,109,12,8475751.827457344,9.494317364017364,No estimate
Post-Planting,Cassava flour,17. Jigawa,0.01668367111412085,0.00869719431048054,0.5212997937318091,0,0.03373017196266271,0.8699342795220157,3. North West,109,12,8475751.827457344,9.494317364017364,CV < 10%
Post-Planting,Cassava roots,17. Jigawa,0.4276681643245554,0.2266103380310903,0.5298742271101498,0,0.8718244268654924,22.299839996923247,3. North West,109,12,8475751.827457344,9.494317364017364,CV < 10%
Post-Planting,Cheese/wara,17. Jigawa,0,0,NA,0,0,0,3. North West,109,12,8475751.827457344,9.494317364017364,No estimate
Post-Planting,Chicken,17. Jigawa,0.012677698835763591,0.006052526196848739,0.4774152056503075,8.147474899400636e-4,0.024540650181587118,0.6610514392933873,3. North West,109,12,8475751.827457344,9.494317364017364,CV < 10%
Post-Planting,Chocolate drinks,17. Jigawa,2.494473584384589e-4,2.0952007995749946e-4,0.8399370563356361,0,6.601067151551579e-4,0.013006897975719644,3. North West,109,12,8475751.827457344,9.494317364017364,CV < 10%
Post-Planting,Coconut,17. Jigawa,0,0,NA,0,0,0,3. North West,109,12,8475751.827457344,9.494317364017364,No estimate
Post-Planting,Cocoyam,17. Jigawa,0,0,NA,0,0,0,3. North West,109,12,8475751.827457344,9.494317364017364,No estimate
Post-Planting,Coffee,17. Jigawa,0,0,NA,0,0,0,3. North West,109,12,8475751.827457344,9.494317364017364,No estimate
Post-Planting,Dry pepper,17. Jigawa,0.03264647636204691,0.006421348454011151,0.19669346188540815,0.02006063339218505,0.045232319331908764,1.7022805531638743,3. North West,109,12,8475751.827457344,9.494317364017364,CV < 10%
Post-Planting,Duck,17. Jigawa,0,0,NA,0,0,0,3. North West,109,12,8475751.827457344,9.494317364017364,No estimate
Post-Planting,Fish - dried,17. Jigawa,0.017789430485878114,0.00705229622962542,0.3964318158034224,0.003966929875812292,0.031611931095943936,0.9275917324779303,3. North West,109,12,8475751.827457344,9.494317364017364,CV < 10%
Post-Planting,Fish - fresh,17. Jigawa,0.14040607845054687,0.06470810977125704,0.46086402017166384,0.013578183298883051,0.2672339736022107,7.321174090635658,3. North West,109,12,8475751.827457344,9.494317364017364,CV < 10%
Post-Planting,Fish - frozen,17. Jigawa,0.0028986386589031957,0.0018303377463543234,0.6314473660704221,0,0.006486100641757669,0.15114330149995234,3. North West,109,12,8475751.827457344,9.494317364017364,CV < 10%
Post-Planting,Fish - smoked,17. Jigawa,0.023262927185022264,0.012972456521922235,0.5576450641290962,0,0.04868894196798984,1.212995488933304,3. North West,109,12,8475751.827457344,9.494317364017364,CV < 10%
Post-Planting,Fresh milk,17. Jigawa,0.06995504590776809,0.020558850757752503,0.29388660233113456,0.029659698422573183,0.110250393392963,3.647655965190765,3. North West,109,12,8475751.827457344,9.494317364017364,CV < 10%
Post-Planting,Fresh pepper,17. Jigawa,0.0016490568910217261,8.8630760834999e-4,0.5374633302073949,0,0.0033862198033877064,0.08598653788899001,3. North West,109,12,8475751.827457344,9.494317364017364,CV < 10%
Post-Planting,Fruit juice,17. Jigawa,0,0,NA,0,0,0,3. North West,109,12,8475751.827457344,9.494317364017364,No estimate
Post-Planting,Garden eggs/Eggplant,17. Jigawa,0.01369889160216615,0.005839266782042588,0.42625833911403815,0.0022539287093626785,0.02514385449496962,0.7142993478272349,3. North West,109,12,8475751.827457344,9.494317364017364,CV < 10%
Post-Planting,Gari - white,17. Jigawa,0.17545310541780776,0.049277507394436114,0.2808585648973908,0.07886919092471298,0.27203701991090257,9.148626211071404,3. North West,109,12,8475751.827457344,9.494317364017364,CV < 10%
Post-Planting,Gari - yellow,17. Jigawa,0.06013340847906765,0.023657794638167577,0.39342181387244696,0.013764130988259203,0.10650268596987611,3.135527727837099,3. North West,109,12,8475751.827457344,9.494317364017364,CV < 10%
Post-Planting,Gin,17. Jigawa,0,0,NA,0,0,0,3. North West,109,12,8475751.827457344,9.494317364017364,No estimate
Post-Planting,Goat,17. Jigawa,0.004612702737785714,0.0029149046482538567,0.6319298714777207,0,0.010325915848363273,0.2405194998988265,3. North West,109,12,8475751.827457344,9.494317364017364,CV < 10%
Post-Planting,Ground pepper,17. Jigawa,5.575023190226484e-4,5.040857839926074e-4,0.9041859859458791,0,0.001545510455648159,0.029069763777609527,3. North West,109,12,8475751.827457344,9.494317364017364,CV < 10%
Post-Planting,Groundnut oil,17. Jigawa,0.07307763658091074,0.00393049171804009,0.053785150997436734,0.06537387281355216,0.08078140034826932,3.8104767645760598,3. North West,109,12,8475751.827457344,9.494317364017364,CV < 10%
Post-Planting,Groundnuts - shelled,17. Jigawa,0.01708272437087877,0.0076310762300993784,0.446713068970908,0.0021258149598839884,0.03203963378187355,0.8907420564815359,3. North West,109,12,8475751.827457344,9.494317364017364,CV < 10%
Post-Planting,Groundnuts - unshelled,17. Jigawa,0.010823548408006214,0.0036284028254178185,0.33523228137769284,0.0037118788701872903,0.017935217945825137,0.5643707384174669,3. North West,109,12,8475751.827457344,9.494317364017364,CV < 10%
Post-Planting,Guava,17. Jigawa,0.016172630461055743,0.013696040109610808,0.8468653347760187,0,0.04301686907589293,0.8432871597550494,3. North West,109,12,8475751.827457344,9.494317364017364,CV < 10%
Post-Planting,Guinea corn / sorghum,17. Jigawa,1.0056217677673456,0.2299141574347454,0.2286288590840616,0.5549900191952446,1.4562535163394466,52.43599217644016,3. North West,109,12,8475751.827457344,9.494317364017364,CV < 10%
Post-Planting,Honey,17. Jigawa,1.395603851322334e-4,1.0792988410172473e-4,0.7733561640680572,0,3.511029579716139e-4,0.00727707722475217,3. North West,109,12,8475751.827457344,9.494317364017364,CV < 10%
Post-Planting,Kola nut,17. Jigawa,0.005267589643419088,7.433939517342267e-4,0.14112601817094172,0.0038105374980200034,0.006724641788818172,0.2746671742639953,3. North West,109,12,8475751.827457344,9.494317364017364,CV < 10%
Post-Planting,Leaves,17. Jigawa,0.02765136438948169,0.009721348250617594,0.3515684836989635,0.008597521818271208,0.04670520696069218,1.441821143165831,3. North West,109,12,8475751.827457344,9.494317364017364,CV < 10%
Post-Planting,Local eggs,17. Jigawa,0.005063539649758117,0.0036178467398341654,0.7144896633735234,0,0.012154519259833081,0.2640274245945304,3. North West,109,12,8475751.827457344,9.494317364017364,CV < 10%
Post-Planting,Maize - shelled/off cob,17. Jigawa,0.01800833367658231,0.018983125445324246,1.0541300370288862,0,0.05521525954941783,0.9390059702789346,3. North West,109,12,8475751.827457344,9.494317364017364,CV < 10%
Post-Planting,Maize - unshelled/on cob,17. Jigawa,0.014037430006865461,0.01192620088239726,0.849600024831067,0,0.03741278373636409,0.7319517075008418,3. North West,109,12,8475751.827457344,9.494317364017364,CV < 10%
Post-Planting,Maize flour,17. Jigawa,0.6056796627170216,0.09775630371092872,0.1613993497361348,0.4140773074436013,0.7972820179904418,31.581868127387555,3. North West,109,12,8475751.827457344,9.494317364017364,CV < 10%
Post-Planting,Malt drinks,17. Jigawa,9.022181841522735e-4,5.574093189964696e-4,0.6178209758875707,0,0.0019947404493853536,0.047044233887939976,3. North West,109,12,8475751.827457344,9.494317364017364,CV < 10%
Post-Planting,Mangoes,17. Jigawa,0,0,NA,0,0,0,3. North West,109,12,8475751.827457344,9.494317364017364,No estimate
Post-Planting,Meat pie/Sausage roll,17. Jigawa,1.2305397906704678e-4,1.262751398214928e-4,1.0261768110130836,0,3.7055325311717265e-4,0.006416386051353154,3. North West,109,12,8475751.827457344,9.494317364017364,CV < 10%
Post-Planting,Melon - ground,17. Jigawa,0,0,NA,0,0,0,3. North West,109,12,8475751.827457344,9.494317364017364,No estimate
Post-Planting,Melon - shelled,17. Jigawa,0,0,NA,0,0,0,3. North West,109,12,8475751.827457344,9.494317364017364,No estimate
Post-Planting,Melon - unshelled,17. Jigawa,0,0,NA,0,0,0,3. North West,109,12,8475751.827457344,9.494317364017364,No estimate
Post-Planting,Milk - tinned,17. Jigawa,0,0,NA,0,0,0,3. North West,109,12,8475751.827457344,9.494317364017364,No estimate
Post-Planting,Milk powder,17. Jigawa,9.271157538546756e-4,6.882353792920149e-4,0.7423402918465509,0,0.002276057097267025,0.04834246430813666,3. North West,109,12,8475751.827457344,9.494317364017364,CV < 10%
Post-Planting,Millet,17. Jigawa,0.8056847233443265,0.17453603471504756,0.21663068649305378,0.4635940953028333,1.1477753513858198,42.0107034315256,3. North West,109,12,8475751.827457344,9.494317364017364,CV < 10%
Post-Planting,Mutton,17. Jigawa,0.0034221858188462533,0.003047198526904915,0.890424625724222,0,0.009394694931579888,0.17844254626841177,3. North West,109,12,8475751.827457344,9.494317364017364,CV < 10%
Post-Planting,Ogbono - ground,17. Jigawa,0,0,NA,0,0,0,3. North West,109,12,8475751.827457344,9.494317364017364,No estimate
Post-Planting,Ogbono - unground,17. Jigawa,0,0,NA,0,0,0,3. North West,109,12,8475751.827457344,9.494317364017364,No estimate
Post-Planting,Okra - dried,17. Jigawa,3.7425960064837706e-4,2.9078323283215245e-4,0.776955974752263,0,9.44194736999396e-4,0.01951496489095109,3. North West,109,12,8475751.827457344,9.494317364017364,CV < 10%
Post-Planting,Okra - fresh,17. Jigawa,0.02298759032587366,0.007304407272655088,0.317754369601481,0.008670952071469687,0.03730422858027763,1.198638638420555,3. North West,109,12,8475751.827457344,9.494317364017364,CV < 10%
Post-Planting,Onions,17. Jigawa,0.13058884852746305,0.016371041190825192,0.12536324024162243,0.09850160779344568,0.16267608926148042,6.809275673217717,3. North West,109,12,8475751.827457344,9.494317364017364,CV < 10%
Post-Planting,Orange/Tangerine,17. Jigawa,0.14238071959354143,0.04240077032309359,0.297798539325664,0.05927520976027799,0.22548622942680485,7.424137521663232,3. North West,109,12,8475751.827457344,9.494317364017364,CV < 10%
Post-Planting,Other alcoholic beverages,17. Jigawa,0,0,NA,0,0,0,3. North West,109,12,8475751.827457344,9.494317364017364,No estimate
Post-Planting,Other domestic poultry,17. Jigawa,0,0,NA,0,0,0,3. North West,109,12,8475751.827457344,9.494317364017364,No estimate
Post-Planting,Other eggs,17. Jigawa,0,0,NA,0,0,0,3. North West,109,12,8475751.827457344,9.494317364017364,No estimate
Post-Planting,Other fish/seafood,17. Jigawa,0,0,NA,0,0,0,3. North West,109,12,8475751.827457344,9.494317364017364,No estimate
Post-Planting,Other fruits,17. Jigawa,0,0,NA,0,0,0,3. North West,109,12,8475751.827457344,9.494317364017364,No estimate
Post-Planting,Other grains/flour,17. Jigawa,0,0,NA,0,0,0,3. North West,109,12,8475751.827457344,9.494317364017364,No estimate
Post-Planting,Other meat,17. Jigawa,0,0,NA,0,0,0,3. North West,109,12,8475751.827457344,9.494317364017364,No estimate
Post-Planting,Other milk products,17. Jigawa,0,0,NA,0,0,0,3. North West,109,12,8475751.827457344,9.494317364017364,No estimate
Post-Planting,Other non-alcoholic drinks,17. Jigawa,0,0,NA,0,0,0,3. North West,109,12,8475751.827457344,9.494317364017364,No estimate
Post-Planting,Other nuts/seeds/pulses,17. Jigawa,0,0,NA,0,0,0,3. North West,109,12,8475751.827457344,9.494317364017364,No estimate
Post-Planting,Other oil/fat,17. Jigawa,0,0,NA,0,0,0,3. North West,109,12,8475751.827457344,9.494317364017364,No estimate
Post-Planting,Other roots/tubers,17. Jigawa,0,0,NA,0,0,0,3. North West,109,12,8475751.827457344,9.494317364017364,No estimate
Post-Planting,Other spices,17. Jigawa,0.008869478818458601,0.0012122976360050264,0.13668194725061736,0.0064933754518887495,0.011245582185028453,0.4624799669624842,3. North West,109,12,8475751.827457344,9.494317364017364,CV < 10%
Post-Planting,Other sweets,17. Jigawa,1.6368947369188353e-4,1.1249058731077003e-4,0.6872194330743201,0,3.841710248209928e-4,0.008535236842505355,3. North West,109,12,8475751.827457344,9.494317364017364,CV < 10%
Post-Planting,Other vegetables,17. Jigawa,0,0,NA,0,0,0,3. North West,109,12,8475751.827457344,9.494317364017364,No estimate
Post-Planting,Palm oil,17. Jigawa,0.06115110773954781,0.006658600987481745,0.10888765933467263,0.04810024980408359,0.07420196567501203,3.1885934749907072,3. North West,109,12,8475751.827457344,9.494317364017364,CV < 10%
Post-Planting,Palm wine,17. Jigawa,0,0,NA,0,0,0,3. North West,109,12,8475751.827457344,9.494317364017364,No estimate
Post-Planting,Pawpaw,17. Jigawa,0,0,NA,0,0,0,3. North West,109,12,8475751.827457344,9.494317364017364,No estimate
Post-Planting,Pineapples,17. Jigawa,0,0,NA,0,0,0,3. North West,109,12,8475751.827457344,9.494317364017364,No estimate
Post-Planting,Pito,17. Jigawa,0,0,NA,0,0,0,3. North West,109,12,8475751.827457344,9.494317364017364,No estimate
Post-Planting,Plantains,17. Jigawa,0,0,NA,0,0,0,3. North West,109,12,8475751.827457344,9.494317364017364,No estimate
Post-Planting,Pork,17. Jigawa,0,0,NA,0,0,0,3. North West,109,12,8475751.827457344,9.494317364017364,No estimate
Post-Planting,Potatoes,17. Jigawa,0,0,NA,0,0,0,3. North West,109,12,8475751.827457344,9.494317364017364,No estimate
Post-Planting,Rice - imported,17. Jigawa,0.0019258459373628365,0.001976258442505499,1.026176811013084,0,0.005799312484673615,0.10041910959106218,3. North West,109,12,8475751.827457344,9.494317364017364,CV < 10%
Post-Planting,Rice - local,17. Jigawa,0.9499586577100092,0.1588625591540005,0.16723102407104537,0.6385880417681682,1.2613292736518502,49.53355858059334,3. North West,109,12,8475751.827457344,9.494317364017364,CV < 10%
Post-Planting,Sachet water,17. Jigawa,0.35641447357731576,0.1237889110035593,0.34731729539795525,0.11378820801033954,0.599040739144292,18.58446897938861,3. North West,109,12,8475751.827457344,9.494317364017364,CV < 10%
Post-Planting,Salt,17. Jigawa,0.06996680070251435,0.007959259893683589,0.11375766526076934,0.054366651310894513,0.08556695009413418,3.6482688937739627,3. North West,109,12,8475751.827457344,9.494317364017364,CV < 10%
Post-Planting,Seafood,17. Jigawa,0,0,NA,0,0,0,3. North West,109,12,8475751.827457344,9.494317364017364,No estimate
Post-Planting,Shea butter,17. Jigawa,0,0,NA,0,0,0,3. North West,109,12,8475751.827457344,9.494317364017364,No estimate
Post-Planting,Snails,17. Jigawa,0,0,NA,0,0,0,3. North West,109,12,8475751.827457344,9.494317364017364,No estimate
Post-Planting,Soft drinks,17. Jigawa,0.03700261501182866,0.02415345753832162,0.6527500159272652,0,0.08434339178693903,1.929422068473923,3. North West,109,12,8475751.827457344,9.494317364017364,CV < 10%
Post-Planting,Soya beans,17. Jigawa,0.04979984743477402,0.04274094471955229,0.8582545313122251,0,0.13357209908509649,2.5967063305275024,3. North West,109,12,8475751.827457344,9.494317364017364,CV < 10%
Post-Planting,Sugar,17. Jigawa,0.06262582964442434,0.0168469500842817,0.2690096112089048,0.029605807479232214,0.09564585180961646,3.2654896886021265,3. North West,109,12,8475751.827457344,9.494317364017364,CV < 10%
Post-Planting,Sweet potatoes,17. Jigawa,0.031289867141317484,0.01945301291814487,0.6217032763446175,0,0.06941777246088143,1.6315430723686972,3. North West,109,12,8475751.827457344,9.494317364017364,CV < 10%
Post-Planting,Tea,17. Jigawa,1.2295630219725338e-4,9.832565165153507e-5,0.7996796414208648,0,3.1567457943426213e-4,0.006411292900285355,3. North West,109,12,8475751.827457344,9.494317364017364,CV < 10%
Post-Planting,Tomato puree - canned,17. Jigawa,0.0032753134126602868,0.0024149536690317905,0.7373198728699091,0,0.008008622603962597,0.17078419937442924,3. North West,109,12,8475751.827457344,9.494317364017364,CV < 10%
Post-Planting,Tomatoes,17. Jigawa,0.10313087109366,0.008441042204182634,0.08184787071677851,0.08658642837346203,0.11967531381385796,5.377538278455128,3. North West,109,12,8475751.827457344,9.494317364017364,CV < 10%
Post-Planting,Watermelon,17. Jigawa,0.2856644928081175,0.10119044726818383,0.3542282986361698,0.08733121616247722,0.48399776945375783,14.895362839280413,3. North West,109,12,8475751.827457344,9.494317364017364,CV < 10%
Post-Planting,Wheat flour,17. Jigawa,0.04169247183131412,0.018184733514565725,0.43616347786095166,0.006050394142765293,0.07733454951986293,2.1739646026328074,3. North West,109,12,8475751.827457344,9.494317364017364,CV < 10%
Post-Planting,White beans,17. Jigawa,0.36542120551224994,0.03727031029647352,0.10199274079955964,0.29237139733116185,0.438471013693338,19.054105715995888,3. North West,109,12,8475751.827457344,9.494317364017364,CV < 10%
Post-Planting,Wild game/Bush meat,17. Jigawa,0,0,NA,0,0,0,3. North West,109,12,8475751.827457344,9.494317364017364,No estimate
Post-Planting,Yam flour,17. Jigawa,0,0,NA,0,0,0,3. North West,109,12,8475751.827457344,9.494317364017364,No estimate
Post-Planting,Yam roots,17. Jigawa,0.029727574786817427,0.028244063270936818,0.9500964499620579,0,0.08508593879785359,1.5500806853126228,3. North West,109,12,8475751.827457344,9.494317364017364,CV < 10%
Post-Planting,Agricultural eggs,18. Kaduna,0.010304062813909224,0.0037164258837901155,0.36067577914736654,0.0030198680816805974,0.01758825754613785,0.5372832752966953,3. North West,216,27,9690913.643984355,7.068206701907702,CV < 10%
Post-Planting,Animal fat,18. Kaduna,0,0,NA,0,0,0,3. North West,216,27,9690913.643984355,7.068206701907702,No estimate
Post-Planting,Apples,18. Kaduna,2.652957719686717e-4,2.6864644100905966e-4,1.0126299375807002,0,7.918427963464285e-4,0.013833279538366453,3. North West,216,27,9690913.643984355,7.068206701907702,CV < 10%
Post-Planting,Avocado pear,18. Kaduna,0,0,NA,0,0,0,3. North West,216,27,9690913.643984355,7.068206701907702,No estimate
Post-Planting,Baby milk powder,18. Kaduna,0,0,NA,0,0,0,3. North West,216,27,9690913.643984355,7.068206701907702,No estimate
Post-Planting,Bananas,18. Kaduna,0.009601743176110135,0.003648398701995155,0.379972535723789,0.002450881720199631,0.016752604632020638,0.5006623227543142,3. North West,216,27,9690913.643984355,7.068206701907702,CV < 10%
Post-Planting,Beef,18. Kaduna,0.024259799883739382,0.005297999736535331,0.21838596204111402,0.013875720400130133,0.03464387936734863,1.264975279652125,3. North West,216,27,9690913.643984355,7.068206701907702,CV < 10%
Post-Planting,Beer,18. Kaduna,0.0016731056122767803,0.0010159052869659205,0.6071973457691446,0,0.0036642799747299845,0.08724050692586069,3. North West,216,27,9690913.643984355,7.068206701907702,CV < 10%
Post-Planting,Biscuits,18. Kaduna,7.183903460497237e-4,3.151873057137016e-4,0.43874100960132584,1.0062322685086848e-4,0.001336157465248579,0.03745892518687845,3. North West,216,27,9690913.643984355,7.068206701907702,CV < 10%
Post-Planting,Bottled water,18. Kaduna,0.024458395641059116,0.015835058235177828,0.6474283296241636,0,0.055495109782007654,1.2753306298552254,3. North West,216,27,9690913.643984355,7.068206701907702,CV < 10%
Post-Planting,Bread,18. Kaduna,0.0967317410095476,0.018331081398801127,0.1895043054894651,0.06080282146789739,0.1326606605511978,5.043869352640696,3. North West,216,27,9690913.643984355,7.068206701907702,CV < 10%
Post-Planting,Brown beans,18. Kaduna,0.007399543261076091,0.003272288208987574,0.44222840431257865,9.858583714604458e-4,0.013813228150691737,0.3858333271846819,3. North West,216,27,9690913.643984355,7.068206701907702,CV < 10%
Post-Planting,Buns/Pofpof/Donuts,18. Kaduna,1.4995388455284263e-4,1.4607273590590153e-4,0.9741177185338376,0,4.3625644692840964e-4,0.007819023980255366,3. North West,216,27,9690913.643984355,7.068206701907702,CV < 10%
Post-Planting,Butter/Margarine,18. Kaduna,0,0,NA,0,0,0,3. North West,216,27,9690913.643984355,7.068206701907702,No estimate
Post-Planting,Cake,18. Kaduna,7.597140602365264e-4,6.938198867757155e-4,0.9132645071221985,0,0.0021196010383169287,0.03961366171233316,3. North West,216,27,9690913.643984355,7.068206701907702,CV < 10%
Post-Planting,Canned fish/seafood,18. Kaduna,0,0,NA,0,0,0,3. North West,216,27,9690913.643984355,7.068206701907702,No estimate
Post-Planting,Cashew nut,18. Kaduna,0,0,NA,0,0,0,3. North West,216,27,9690913.643984355,7.068206701907702,No estimate
Post-Planting,Cassava flour,18. Kaduna,0.009077558128223607,0.005685077779001309,0.6262783117108858,0,0.020220310575066174,0.4733298166859452,3. North West,216,27,9690913.643984355,7.068206701907702,CV < 10%
Post-Planting,Cassava roots,18. Kaduna,0.2186089691127863,0.10313369627890066,0.47177248352372586,0.016466924406141004,0.4207510138194316,11.398896246595285,3. North West,216,27,9690913.643984355,7.068206701907702,CV < 10%
Post-Planting,Cheese/wara,18. Kaduna,0.00927878212186759,0.002384710585436076,0.2570068522048767,0.004604749374412882,0.013952814869322299,0.4838222106402386,3. North West,216,27,9690913.643984355,7.068206701907702,CV < 10%
Post-Planting,Chicken,18. Kaduna,0.009586958960453125,0.003350054686640771,0.3494387219617796,0.0030208517746372135,0.016153066146269036,0.4998914315093415,3. North West,216,27,9690913.643984355,7.068206701907702,CV < 10%
Post-Planting,Chocolate drinks,18. Kaduna,0.0012874753120540466,4.55925489091198e-4,0.35412367508920345,3.938613534352985e-4,0.0021810892706727947,0.06713264127138957,3. North West,216,27,9690913.643984355,7.068206701907702,CV < 10%
Post-Planting,Coconut,18. Kaduna,0,0,NA,0,0,0,3. North West,216,27,9690913.643984355,7.068206701907702,No estimate
Post-Planting,Cocoyam,18. Kaduna,0.01908180187293668,0.010853010175049351,0.5687623342553383,0,0.04035370181603341,0.9949796690888412,3. North West,216,27,9690913.643984355,7.068206701907702,CV < 10%
Post-Planting,Coffee,18. Kaduna,2.128947396755377e-4,1.950672895921921e-4,0.9162616694498157,0,5.952266272762342e-4,0.011100939997367323,3. North West,216,27,9690913.643984355,7.068206701907702,CV < 10%
Post-Planting,Dry pepper,18. Kaduna,3.029432795633272e-4,9.974552632640802e-5,0.3292547914255917,1.0744204796356749e-4,4.984445111630869e-4,0.015796328148659205,3. North West,216,27,9690913.643984355,7.068206701907702,CV < 10%
Post-Planting,Duck,18. Kaduna,0,0,NA,0,0,0,3. North West,216,27,9690913.643984355,7.068206701907702,No estimate
Post-Planting,Fish - dried,18. Kaduna,0.004033415415659111,0.0017478979713401416,0.43335431420086273,6.075353918324334e-4,0.0074592954394857875,0.2103138038165108,3. North West,216,27,9690913.643984355,7.068206701907702,CV < 10%
Post-Planting,Fish - fresh,18. Kaduna,0.023548294072810394,0.008677789420772486,0.3685103215520031,0.006539826808096321,0.04055676133752446,1.227875333796542,3. North West,216,27,9690913.643984355,7.068206701907702,CV < 10%
Post-Planting,Fish - frozen,18. Kaduna,0.021914132361021153,0.006612498066932633,0.3017458304073374,0.008953636149833194,0.03487462857220911,1.1426654731103887,3. North West,216,27,9690913.643984355,7.068206701907702,CV < 10%
Post-Planting,Fish - smoked,18. Kaduna,0.007912238211930968,0.002049889190189145,0.25907829558241685,0.0038944553991602437,0.011930021024701691,0.41256670676497187,3. North West,216,27,9690913.643984355,7.068206701907702,CV < 10%
Post-Planting,Fresh milk,18. Kaduna,3.950451932332281e-4,3.9731631347402526e-4,1.0057490137323513,0,0.0011737851676423177,0.020598785075732606,3. North West,216,27,9690913.643984355,7.068206701907702,CV < 10%
Post-Planting,Fresh pepper,18. Kaduna,0.04916779922458733,0.006209264221213081,0.12628721071794516,0.03699764135100969,0.061337957098164975,2.5637495309963394,3. North West,216,27,9690913.643984355,7.068206701907702,CV < 10%
Post-Planting,Fruit juice,18. Kaduna,0,0,NA,0,0,0,3. North West,216,27,9690913.643984355,7.068206701907702,No estimate
Post-Planting,Garden eggs/Eggplant,18. Kaduna,0.013679825328380106,0.006694350921687609,0.48935938588335176,5.588975218723917e-4,0.02680075313488782,0.7133051778369627,3. North West,216,27,9690913.643984355,7.068206701907702,CV < 10%
Post-Planting,Gari - white,18. Kaduna,0.13151070838167214,0.0118466076687557,0.09008093572406527,0.10829135735091097,0.1547300594124333,6.857344079901476,3. North West,216,27,9690913.643984355,7.068206701907702,CV < 10%
Post-Planting,Gari - yellow,18. Kaduna,0.003102703579173604,0.003141890531709972,1.012629937580697,0,0.009260809021325148,0.16178382948548078,3. North West,216,27,9690913.643984355,7.068206701907702,CV < 10%
Post-Planting,Gin,18. Kaduna,0,0,NA,0,0,0,3. North West,216,27,9690913.643984355,7.068206701907702,No estimate
Post-Planting,Goat,18. Kaduna,0.007371442556482807,0.004531296199609061,0.6147095585278648,0,0.016252783107716565,0.38436807615946067,3. North West,216,27,9690913.643984355,7.068206701907702,CV < 10%
Post-Planting,Ground pepper,18. Kaduna,0.001266224668232294,7.039683402538429e-4,0.5559584787086909,0,0.002646002615129826,0.06602457198639819,3. North West,216,27,9690913.643984355,7.068206701907702,CV < 10%
Post-Planting,Groundnut oil,18. Kaduna,0.05171741767140277,0.01117265670006054,0.2160327642622899,0.02981901053928411,0.07361582480352143,2.69669392143743,3. North West,216,27,9690913.643984355,7.068206701907702,CV < 10%
Post-Planting,Groundnuts - shelled,18. Kaduna,0.001765215585048815,9.037100307758136e-4,0.5119544821777803,0,0.0035364872453694097,0.09204338407754535,3. North West,216,27,9690913.643984355,7.068206701907702,CV < 10%
Post-Planting,Groundnuts - unshelled,18. Kaduna,0.004523669812269016,0.0015004017192648943,0.3316779918807362,0.0015828824425098234,0.007464457182028209,0.23587706878259868,3. North West,216,27,9690913.643984355,7.068206701907702,CV < 10%
Post-Planting,Guava,18. Kaduna,8.582208682530308e-4,8.440301614154274e-4,0.9834649711251026,0,0.0025125199846272686,0.0447500881303366,3. North West,216,27,9690913.643984355,7.068206701907702,CV < 10%
Post-Planting,Guinea corn / sorghum,18. Kaduna,0.18917917856674712,0.038126370228567845,0.20153576369989318,0.11445149291875414,0.2639068642147401,9.864342882408957,3. North West,216,27,9690913.643984355,7.068206701907702,CV < 10%
Post-Planting,Honey,18. Kaduna,0,0,NA,0,0,0,3. North West,216,27,9690913.643984355,7.068206701907702,No estimate
Post-Planting,Kola nut,18. Kaduna,5.911931797550544e-4,2.2454011320502472e-4,0.3798083619605644,1.5109455787320602e-4,0.0010312918016369028,0.030826501515799267,3. North West,216,27,9690913.643984355,7.068206701907702,CV < 10%
Post-Planting,Leaves,18. Kaduna,0.06706089225826659,0.01759114044380601,0.26231593185576135,0.032582256988406805,0.10153952752812637,3.496746524895329,3. North West,216,27,9690913.643984355,7.068206701907702,CV < 10%
Post-Planting,Local eggs,18. Kaduna,6.787406783749819e-4,2.8180925910225636e-4,0.41519429744059927,1.2639453053455948e-4,0.0012310868262154044,0.035391478229552624,3. North West,216,27,9690913.643984355,7.068206701907702,CV < 10%
Post-Planting,Maize - shelled/off cob,18. Kaduna,0.07051301055507288,0.012605455105898332,0.17876779060586379,0.045806318547512145,0.09521970256263361,3.6767498360859427,3. North West,216,27,9690913.643984355,7.068206701907702,CV < 10%
Post-Planting,Maize - unshelled/on cob,18. Kaduna,0.13803524214293666,0.035112143613179506,0.2543708626005856,0.06921544066110484,0.20685504362476848,7.197551911738841,3. North West,216,27,9690913.643984355,7.068206701907702,CV < 10%
Post-Planting,Maize flour,18. Kaduna,0.4276672523806344,0.049471769323222864,0.11567817981815397,0.3307025845071176,0.5246319202541512,22.29979244556165,3. North West,216,27,9690913.643984355,7.068206701907702,CV < 10%
Post-Planting,Malt drinks,18. Kaduna,0.008321149930271575,0.004254656865622859,0.5113063580485204,0,0.01666027738689238,0.4338885320784464,3. North West,216,27,9690913.643984355,7.068206701907702,CV < 10%
Post-Planting,Mangoes,18. Kaduna,0,0,NA,0,0,0,3. North West,216,27,9690913.643984355,7.068206701907702,No estimate
Post-Planting,Meat pie/Sausage roll,18. Kaduna,0,0,NA,0,0,0,3. North West,216,27,9690913.643984355,7.068206701907702,No estimate
Post-Planting,Melon - ground,18. Kaduna,0.0014680214394266846,0.0012677616429441888,0.8635852371742578,0,0.003952834259597295,0.07654683219867713,3. North West,216,27,9690913.643984355,7.068206701907702,CV < 10%
Post-Planting,Melon - shelled,18. Kaduna,0.0016340633218915857,9.39827835691364e-4,0.5751477455619178,0,0.003476125879846659,0.08520473035577554,3. North West,216,27,9690913.643984355,7.068206701907702,CV < 10%
Post-Planting,Melon - unshelled,18. Kaduna,0,0,NA,0,0,0,3. North West,216,27,9690913.643984355,7.068206701907702,No estimate
Post-Planting,Milk - tinned,18. Kaduna,0.0019216467492503863,0.001197465762281814,0.6231456237984075,0,0.0042686796433227415,0.10020015192519871,3. North West,216,27,9690913.643984355,7.068206701907702,CV < 10%
Post-Planting,Milk powder,18. Kaduna,0.0027784210543106134,7.043016900188693e-4,0.25348990532812593,0.0013979897418736297,0.004158852366747597,0.14487481211762485,3. North West,216,27,9690913.643984355,7.068206701907702,CV < 10%
Post-Planting,Millet,18. Kaduna,0.05973855430852827,0.014356258695460642,0.24031814732769896,0.03160028726542541,0.08787682135163113,3.114938903230403,3. North West,216,27,9690913.643984355,7.068206701907702,CV < 10%
Post-Planting,Mutton,18. Kaduna,6.549259320639279e-4,5.9812060854791e-4,0.9132645071221992,0,0.0018272423248178317,0.03414970931476195,3. North West,216,27,9690913.643984355,7.068206701907702,CV < 10%
Post-Planting,Ogbono - ground,18. Kaduna,4.680649992807738e-5,4.8042393232120137e-5,1.0264043093575,0,1.4096959066303285e-4,0.002440624639106892,3. North West,216,27,9690913.643984355,7.068206701907702,CV < 10%
Post-Planting,Ogbono - unground,18. Kaduna,0,0,NA,0,0,0,3. North West,216,27,9690913.643984355,7.068206701907702,No estimate
Post-Planting,Okra - dried,18. Kaduna,0.0018828892459663645,4.754422174404922e-4,0.25250673583643457,9.510224997829998e-4,0.002814755992149729,0.09817922496824615,3. North West,216,27,9690913.643984355,7.068206701907702,CV < 10%
Post-Planting,Okra - fresh,18. Kaduna,0.0911753122559861,0.006715115016777645,0.07365058424943058,0.07801368682310192,0.10433693768887028,4.754141281919275,3. North West,216,27,9690913.643984355,7.068206701907702,CV < 10%
Post-Planting,Onions,18. Kaduna,0.11358636035761746,0.010016862931024304,0.08818719870490631,0.09395330901280982,0.1332194117024251,5.922717361504339,3. North West,216,27,9690913.643984355,7.068206701907702,CV < 10%
Post-Planting,Orange/Tangerine,18. Kaduna,0.03867060722078535,0.008282022592183746,0.21416841336104442,0.02243784294010521,0.054903371501465494,2.0163959479409503,3. North West,216,27,9690913.643984355,7.068206701907702,CV < 10%
Post-Planting,Other alcoholic beverages,18. Kaduna,0,0,NA,0,0,0,3. North West,216,27,9690913.643984355,7.068206701907702,No estimate
Post-Planting,Other domestic poultry,18. Kaduna,0,0,NA,0,0,0,3. North West,216,27,9690913.643984355,7.068206701907702,No estimate
Post-Planting,Other eggs,18. Kaduna,0,0,NA,0,0,0,3. North West,216,27,9690913.643984355,7.068206701907702,No estimate
Post-Planting,Other fish/seafood,18. Kaduna,0,0,NA,0,0,0,3. North West,216,27,9690913.643984355,7.068206701907702,No estimate
Post-Planting,Other fruits,18. Kaduna,0,0,NA,0,0,0,3. North West,216,27,9690913.643984355,7.068206701907702,No estimate
Post-Planting,Other grains/flour,18. Kaduna,0.02270413092394927,0.008412399732913802,0.3705228692123181,0.006215827447438219,0.03919243440046032,1.183858255320212,3. North West,216,27,9690913.643984355,7.068206701907702,CV < 10%
Post-Planting,Other meat,18. Kaduna,3.057012486563747e-4,3.140853619338452e-4,1.0274258391626485,0,9.213085580467113e-4,0.015940136537082393,3. North West,216,27,9690913.643984355,7.068206701907702,CV < 10%
Post-Planting,Other milk products,18. Kaduna,0,0,NA,0,0,0,3. North West,216,27,9690913.643984355,7.068206701907702,No estimate
Post-Planting,Other non-alcoholic drinks,18. Kaduna,0,0,NA,0,0,0,3. North West,216,27,9690913.643984355,7.068206701907702,No estimate
Post-Planting,Other nuts/seeds/pulses,18. Kaduna,0,0,NA,0,0,0,3. North West,216,27,9690913.643984355,7.068206701907702,No estimate
Post-Planting,Other oil/fat,18. Kaduna,0,0,NA,0,0,0,3. North West,216,27,9690913.643984355,7.068206701907702,No estimate
Post-Planting,Other roots/tubers,18. Kaduna,0,0,NA,0,0,0,3. North West,216,27,9690913.643984355,7.068206701907702,No estimate
Post-Planting,Other spices,18. Kaduna,0.008838574217810789,0.0025294668135535537,0.28618493788923266,0.0038808192632458233,0.013796329172375754,0.46086851278584823,3. North West,216,27,9690913.643984355,7.068206701907702,CV < 10%
Post-Planting,Other sweets,18. Kaduna,1.2290121743755442e-4,8.668171562783397e-5,0.70529582566484,0,2.92797380068109e-4,0.0064084206235296235,3. North West,216,27,9690913.643984355,7.068206701907702,CV < 10%
Post-Planting,Other vegetables,18. Kaduna,7.709929673736178e-4,7.964434865747296e-4,1.0330100536296833,0,0.002332022201060088,0.04020177615591007,3. North West,216,27,9690913.643984355,7.068206701907702,CV < 10%
Post-Planting,Palm oil,18. Kaduna,0.07517882309394903,0.0057944891718216375,0.07707608251036883,0.06382162431717862,0.08653602187071945,3.9200386327559142,3. North West,216,27,9690913.643984355,7.068206701907702,CV < 10%
Post-Planting,Palm wine,18. Kaduna,0.002988225397674207,0.0021210387011126684,0.709798766439611,0,0.007145461251855037,0.15581461002158364,3. North West,216,27,9690913.643984355,7.068206701907702,CV < 10%
Post-Planting,Pawpaw,18. Kaduna,0.0011122904646676682,0.0011050002596258873,0.9934457722390355,0,0.003278090973534407,0.057998002800528414,3. North West,216,27,9690913.643984355,7.068206701907702,CV < 10%
Post-Planting,Pineapples,18. Kaduna,0.006798252428042446,0.0054801564654069134,0.8061125301557716,0,0.017539359100239994,0.354480305176499,3. North West,216,27,9690913.643984355,7.068206701907702,CV < 10%
Post-Planting,Pito,18. Kaduna,0.0066696494427577946,0.005641084388841851,0.8457842405746219,0,0.017726174844887824,0.34777457808665646,3. North West,216,27,9690913.643984355,7.068206701907702,CV < 10%
Post-Planting,Plantains,18. Kaduna,0.0035989774886367194,0.0025461507973397555,0.7074650523319136,0,0.008589433051422641,0.1876609690503432,3. North West,216,27,9690913.643984355,7.068206701907702,CV < 10%
Post-Planting,Pork,18. Kaduna,0,0,NA,0,0,0,3. North West,216,27,9690913.643984355,7.068206701907702,No estimate
Post-Planting,Potatoes,18. Kaduna,0.02183788436272537,0.010931054470125403,0.5005546457047548,4.1301760127957984e-4,0.04326275112417116,1.1386896846278227,3. North West,216,27,9690913.643984355,7.068206701907702,CV < 10%
Post-Planting,Rice - imported,18. Kaduna,0.013670990570883713,0.005789918337441772,0.4235185671017183,0.0023227506294978394,0.025019230512269584,0.7128445083389365,3. North West,216,27,9690913.643984355,7.068206701907702,CV < 10%
Post-Planting,Rice - local,18. Kaduna,0.4466665543882991,0.030096806995715437,0.06738092812194639,0.38767681267669685,0.5056562960999014,23.290470335961313,3. North West,216,27,9690913.643984355,7.068206701907702,CV < 10%
Post-Planting,Sachet water,18. Kaduna,0.664627828037587,0.16309004346348902,0.24538551740308068,0.34497134284914854,0.9842843132260255,34.65559389053132,3. North West,216,27,9690913.643984355,7.068206701907702,CV < 10%
Post-Planting,Salt,18. Kaduna,0.03528207692679536,0.0026500091100457876,0.07510921524104522,0.030088059071105615,0.0404760947824851,1.8397082968971865,3. North West,216,27,9690913.643984355,7.068206701907702,CV < 10%
Post-Planting,Seafood,18. Kaduna,0,0,NA,0,0,0,3. North West,216,27,9690913.643984355,7.068206701907702,No estimate
Post-Planting,Shea butter,18. Kaduna,0,0,NA,0,0,0,3. North West,216,27,9690913.643984355,7.068206701907702,No estimate
Post-Planting,Snails,18. Kaduna,0,0,NA,0,0,0,3. North West,216,27,9690913.643984355,7.068206701907702,No estimate
Post-Planting,Soft drinks,18. Kaduna,0.05162435524258005,0.013281914379478312,0.2572800050880503,0.02559180305880256,0.07765690742635754,2.69184138050596,3. North West,216,27,9690913.643984355,7.068206701907702,CV < 10%
Post-Planting,Soya beans,18. Kaduna,0.033325927392497484,0.011732010339361387,0.35203852547558995,0.010331187127349165,0.056320667657645804,1.737709071180226,3. North West,216,27,9690913.643984355,7.068206701907702,CV < 10%
Post-Planting,Sugar,18. Kaduna,0.04875388683342224,0.005494250697567701,0.1126935933608729,0.037985155466189545,0.05952261820065493,2.5421669563141593,3. North West,216,27,9690913.643984355,7.068206701907702,CV < 10%
Post-Planting,Sweet potatoes,18. Kaduna,0.16649180863406185,0.025449679381241146,0.15285844745177754,0.1166104370468292,0.21637318022129448,8.681358593061796,3. North West,216,27,9690913.643984355,7.068206701907702,CV < 10%
Post-Planting,Tea,18. Kaduna,0.0024630323911806655,6.934442735935877e-4,0.2815408664849844,0.0011038816149372336,0.0038221831674240974,0.12842954611156326,3. North West,216,27,9690913.643984355,7.068206701907702,CV < 10%
Post-Planting,Tomato puree - canned,18. Kaduna,0.002198718170858433,7.66363460458681e-4,0.34855011006684594,6.966457883594182e-4,0.0037007905533574478,0.11464744748047542,3. North West,216,27,9690913.643984355,7.068206701907702,CV < 10%
Post-Planting,Tomatoes,18. Kaduna,0.1438017301894337,0.01635630337181905,0.1137420485154975,0.11174337558066837,0.17586008479819903,7.49823307416333,3. North West,216,27,9690913.643984355,7.068206701907702,CV < 10%
Post-Planting,Watermelon,18. Kaduna,0.0978474986074614,0.023914092593843358,0.24440167540491195,0.050975877123528426,0.14471912009139437,5.102048141674773,3. North West,216,27,9690913.643984355,7.068206701907702,CV < 10%
Post-Planting,Wheat flour,18. Kaduna,6.758509736654736e-4,6.583584085358836e-4,0.9741177185338371,0,0.0019662334543958052,0.035240800769699696,3. North West,216,27,9690913.643984355,7.068206701907702,CV < 10%
Post-Planting,White beans,18. Kaduna,0.1560103216722472,0.012382553260896531,0.07937008992847473,0.13174051728089,0.1802801260636044,8.134823915767177,3. North West,216,27,9690913.643984355,7.068206701907702,CV < 10%
Post-Planting,Wild game/Bush meat,18. Kaduna,0,0,NA,0,0,0,3. North West,216,27,9690913.643984355,7.068206701907702,No estimate
Post-Planting,Yam flour,18. Kaduna,0.0022838917209347326,0.0023127371308112135,1.012629937580699,0,0.0068168564973247105,0.11908863973445392,3. North West,216,27,9690913.643984355,7.068206701907702,CV < 10%
Post-Planting,Yam roots,18. Kaduna,0.40176736526974155,0.08076006028650454,0.20101199666200675,0.24347764710819267,0.5600570834312905,20.94929833192224,3. North West,216,27,9690913.643984355,7.068206701907702,CV < 10%
Post-Planting,Agricultural eggs,19. Kano,0.004847157965564107,0.0029318773465824774,0.6048652359612688,0,0.010593637564865763,0.2527446653472713,3. North West,149,16,16034384.05456838,9.19909596572211,CV < 10%
Post-Planting,Animal fat,19. Kano,0,0,NA,0,0,0,3. North West,149,16,16034384.05456838,9.19909596572211,No estimate
Post-Planting,Apples,19. Kano,0,0,NA,0,0,0,3. North West,149,16,16034384.05456838,9.19909596572211,No estimate
Post-Planting,Avocado pear,19. Kano,0,0,NA,0,0,0,3. North West,149,16,16034384.05456838,9.19909596572211,No estimate
Post-Planting,Baby milk powder,19. Kano,0,0,NA,0,0,0,3. North West,149,16,16034384.05456838,9.19909596572211,No estimate
Post-Planting,Bananas,19. Kano,0.05365666607329761,0.027514880759245776,0.512795199046827,0,0.10758583236141933,2.7978118738219466,3. North West,149,16,16034384.05456838,9.19909596572211,CV < 10%
Post-Planting,Beef,19. Kano,0.012099033176228999,0.004810631589396545,0.39760462834732985,0.0026701952610117714,0.021527871091446226,0.6308781584747978,3. North West,149,16,16034384.05456838,9.19909596572211,CV < 10%
Post-Planting,Beer,19. Kano,0,0,NA,0,0,0,3. North West,149,16,16034384.05456838,9.19909596572211,No estimate
Post-Planting,Biscuits,19. Kano,8.705203312873596e-4,3.9465688107599055e-4,0.4533574540325284,9.699284437841816e-5,0.0016440478181963011,0.045391417274269465,3. North West,149,16,16034384.05456838,9.19909596572211,CV < 10%
Post-Planting,Bottled water,19. Kano,0.005608405955081852,0.004893679832828753,0.872561628388281,0,0.015200018427426208,0.29243831051498226,3. North West,149,16,16034384.05456838,9.19909596572211,CV < 10%
Post-Planting,Bread,19. Kano,0.11647485960726575,0.01894672056886884,0.16266789788589656,0.07933928729228282,0.15361043192224869,6.073331965236,3. North West,149,16,16034384.05456838,9.19909596572211,CV < 10%
Post-Planting,Brown beans,19. Kano,0.002143971899347826,0.0018569756683295194,0.8661380631408425,0,0.005783644209273684,0.11179282046599379,3. North West,149,16,16034384.05456838,9.19909596572211,CV < 10%
Post-Planting,Buns/Pofpof/Donuts,19. Kano,0,0,NA,0,0,0,3. North West,149,16,16034384.05456838,9.19909596572211,No estimate
Post-Planting,Butter/Margarine,19. Kano,0,0,NA,0,0,0,3. North West,149,16,16034384.05456838,9.19909596572211,No estimate
Post-Planting,Cake,19. Kano,0,0,NA,0,0,0,3. North West,149,16,16034384.05456838,9.19909596572211,No estimate
Post-Planting,Canned fish/seafood,19. Kano,0,0,NA,0,0,0,3. North West,149,16,16034384.05456838,9.19909596572211,No estimate
Post-Planting,Cashew nut,19. Kano,0,0,NA,0,0,0,3. North West,149,16,16034384.05456838,9.19909596572211,No estimate
Post-Planting,Cassava flour,19. Kano,0.002283181326219311,0.0010835264581270767,0.47456872815321827,1.5946946829024098e-4,0.004406893184148381,0.11905159772429265,3. North West,149,16,16034384.05456838,9.19909596572211,CV < 10%
Post-Planting,Cassava roots,19. Kano,0.41407524399896134,0.17086818097509693,0.4126500761671363,0.07917360928777134,0.7489768787101514,21.591066294231556,3. North West,149,16,16034384.05456838,9.19909596572211,CV < 10%
Post-Planting,Cheese/wara,19. Kano,0.005758909106525765,0.0020625045438167153,0.3581415343887904,0.001716400200645003,0.009801418012406526,0.3002859748402721,3. North West,149,16,16034384.05456838,9.19909596572211,CV < 10%
Post-Planting,Chicken,19. Kano,0.018452389560244514,0.008073371931594513,0.4375244683208136,0.0026285805743192676,0.034276198546169756,0.9621603127841781,3. North West,149,16,16034384.05456838,9.19909596572211,CV < 10%
Post-Planting,Chocolate drinks,19. Kano,2.2614953962949393e-4,1.2100771925568718e-4,0.5350783355736074,0,4.633246693706408e-4,0.011792083137823612,3. North West,149,16,16034384.05456838,9.19909596572211,CV < 10%
Post-Planting,Coconut,19. Kano,0.0010108003227664783,9.709261094942029e-4,0.9605518395926675,0,0.002913815497375116,0.052706016829966375,3. North West,149,16,16034384.05456838,9.19909596572211,CV < 10%
Post-Planting,Cocoyam,19. Kano,0,0,NA,0,0,0,3. North West,149,16,16034384.05456838,9.19909596572211,No estimate
Post-Planting,Coffee,19. Kano,2.806012848698239e-5,2.056956639579995e-5,0.733053179187777,0,6.83764786227503e-5,0.0014631352711069392,3. North West,149,16,16034384.05456838,9.19909596572211,CV < 10%
Post-Planting,Dry pepper,19. Kano,0.008108014809877273,0.00215795501967093,0.26615084829915275,0.0038784229713222504,0.012337606648432295,0.42277505794360065,3. North West,149,16,16034384.05456838,9.19909596572211,CV < 10%
Post-Planting,Duck,19. Kano,0,0,NA,0,0,0,3. North West,149,16,16034384.05456838,9.19909596572211,No estimate
Post-Planting,Fish - dried,19. Kano,0,0,NA,0,0,0,3. North West,149,16,16034384.05456838,9.19909596572211,No estimate
Post-Planting,Fish - fresh,19. Kano,0.0588819307794345,0.017701127884904147,0.3006207108121285,0.024187720125022377,0.09357614143384663,3.0702721049276565,3. North West,149,16,16034384.05456838,9.19909596572211,CV < 10%
Post-Planting,Fish - frozen,19. Kano,0.007074872968241562,0.0032329067354685704,0.45695615313247095,7.383757667231636e-4,0.01341137016975996,0.3689040904868814,3. North West,149,16,16034384.05456838,9.19909596572211,CV < 10%
Post-Planting,Fish - smoked,19. Kano,0,0,NA,0,0,0,3. North West,149,16,16034384.05456838,9.19909596572211,No estimate
Post-Planting,Fresh milk,19. Kano,0.00800127744830426,0.004123088348782356,0.5153037593585981,0,0.016082530611917677,0.4172094669472935,3. North West,149,16,16034384.05456838,9.19909596572211,CV < 10%
Post-Planting,Fresh pepper,19. Kano,0.024941414498967456,0.005738128949968176,0.23006429527907196,0.013694681757029831,0.03618814724090508,1.3005166131604458,3. North West,149,16,16034384.05456838,9.19909596572211,CV < 10%
Post-Planting,Fruit juice,19. Kano,0,0,NA,0,0,0,3. North West,149,16,16034384.05456838,9.19909596572211,No estimate
Post-Planting,Garden eggs/Eggplant,19. Kano,0.007020769151481887,0.003419950615286213,0.487119080758318,3.176659455209098e-4,0.013723872357442865,0.36608296289869846,3. North West,149,16,16034384.05456838,9.19909596572211,CV < 10%
Post-Planting,Gari - white,19. Kano,0.07512215168542889,0.011150418829246857,0.14843050390700743,0.05326733078010505,0.09697697259075273,3.917083623597364,3. North West,149,16,16034384.05456838,9.19909596572211,CV < 10%
Post-Planting,Gari - yellow,19. Kano,0.0013338340690523236,0.0013642673961937802,1.0228164266062563,0,0.004007798165592133,0.06954991931487116,3. North West,149,16,16034384.05456838,9.19909596572211,CV < 10%
Post-Planting,Gin,19. Kano,0,0,NA,0,0,0,3. North West,149,16,16034384.05456838,9.19909596572211,No estimate
Post-Planting,Goat,19. Kano,0.07259509022725746,0.030351327303618617,0.418090634071869,0.013106488712164972,0.13208369174234996,3.7853154189927105,3. North West,149,16,16034384.05456838,9.19909596572211,CV < 10%
Post-Planting,Ground pepper,19. Kano,0.003714188405537448,7.40863369840836e-4,0.19946844073291756,0.0022620962006494093,0.005166280610425487,0.1936683954315955,3. North West,149,16,16034384.05456838,9.19909596572211,CV < 10%
Post-Planting,Groundnut oil,19. Kano,0.056774511920962806,0.006769601496725,0.11923663044693592,0.043506092987381804,0.0700429308545438,2.9603852644502036,3. North West,149,16,16034384.05456838,9.19909596572211,CV < 10%
Post-Planting,Groundnuts - shelled,19. Kano,0.008667911284000955,0.0021578610697921634,0.24894821821435772,0.004438503587208315,0.012897318980793595,0.4519696598086212,3. North West,149,16,16034384.05456838,9.19909596572211,CV < 10%
Post-Planting,Groundnuts - unshelled,19. Kano,0.007993516095347705,0.005085081537891578,0.6361507848656411,0,0.017960275909615197,0.41680476782884457,3. North West,149,16,16034384.05456838,9.19909596572211,CV < 10%
Post-Planting,Guava,19. Kano,0,0,NA,0,0,0,3. North West,149,16,16034384.05456838,9.19909596572211,No estimate
Post-Planting,Guinea corn / sorghum,19. Kano,0.6228768565621899,0.09479325571811632,0.15218619012641366,0.4370820753546819,0.808671637769698,32.47857894931419,3. North West,149,16,16034384.05456838,9.19909596572211,CV < 10%
Post-Planting,Honey,19. Kano,3.684590256278354e-4,2.2622053473048386e-4,0.6139638847087966,0,8.118512736995838e-4,0.019212506336308558,3. North West,149,16,16034384.05456838,9.19909596572211,CV < 10%
Post-Planting,Kola nut,19. Kano,0.005223682683155819,7.996028340922115e-4,0.15307262760630438,0.0036564611283350845,0.006790904237976553,0.27237773990741054,3. North West,149,16,16034384.05456838,9.19909596572211,CV < 10%
Post-Planting,Leaves,19. Kano,8.126073535830049e-4,4.5509384728992816e-4,0.5600415074799615,0,0.0017045912942712641,0.04237166915111383,3. North West,149,16,16034384.05456838,9.19909596572211,CV < 10%
Post-Planting,Local eggs,19. Kano,0.0017280509232198147,7.474804444450858e-4,0.43255695442836406,2.629892521074466e-4,0.003193112594332183,0.09010551242503319,3. North West,149,16,16034384.05456838,9.19909596572211,CV < 10%
Post-Planting,Maize - shelled/off cob,19. Kano,0.3188186251132982,0.07893530434237597,0.24758686640193878,0.1641054286022413,0.47353182162435514,16.624114023764836,3. North West,149,16,16034384.05456838,9.19909596572211,CV < 10%
Post-Planting,Maize - unshelled/on cob,19. Kano,0.010560902778668082,0.004104751780082912,0.3886743270067859,0.002515589289705576,0.018606216267630586,0.5506756448876928,3. North West,149,16,16034384.05456838,9.19909596572211,CV < 10%
Post-Planting,Maize flour,19. Kano,0.17742447314323495,0.046726494456207024,0.263359916636104,0.08584054400906918,0.26900840227740075,9.251418956754394,3. North West,149,16,16034384.05456838,9.19909596572211,CV < 10%
Post-Planting,Malt drinks,19. Kano,5.082726670350392e-4,4.08170928418183e-4,0.8030550428753325,0,0.0013082876867346778,0.026502789066827046,3. North West,149,16,16034384.05456838,9.19909596572211,CV < 10%
Post-Planting,Mangoes,19. Kano,0,0,NA,0,0,0,3. North West,149,16,16034384.05456838,9.19909596572211,No estimate
Post-Planting,Meat pie/Sausage roll,19. Kano,6.888914086937862e-4,7.137120947539911e-4,1.036029896362429,0,0.002087767114411609,0.03592076631046171,3. North West,149,16,16034384.05456838,9.19909596572211,CV < 10%
Post-Planting,Melon - ground,19. Kano,0,0,NA,0,0,0,3. North West,149,16,16034384.05456838,9.19909596572211,No estimate
Post-Planting,Melon - shelled,19. Kano,0,0,NA,0,0,0,3. North West,149,16,16034384.05456838,9.19909596572211,No estimate
Post-Planting,Melon - unshelled,19. Kano,0,0,NA,0,0,0,3. North West,149,16,16034384.05456838,9.19909596572211,No estimate
Post-Planting,Milk - tinned,19. Kano,1.2225911165170903e-4,9.017132079211518e-5,0.737542744863014,0,2.9899490040425475e-4,0.006374939393267685,3. North West,149,16,16034384.05456838,9.19909596572211,CV < 10%
Post-Planting,Milk powder,19. Kano,9.539672813614187e-4,3.3178063338694104e-4,0.3477903696167155,3.036772399230142e-4,0.001604257322799823,0.04974257967098826,3. North West,149,16,16034384.05456838,9.19909596572211,CV < 10%
Post-Planting,Millet,19. Kano,0.22340175349013378,0.0560365568831857,0.25083311123455654,0.1135701019990898,0.33323340498117776,11.648805717699831,3. North West,149,16,16034384.05456838,9.19909596572211,CV < 10%
Post-Planting,Mutton,19. Kano,0.005321366354608507,0.0025032383483302003,0.47041270634604965,4.1501919188131463e-4,0.010227713517335698,0.27747124563315784,3. North West,149,16,16034384.05456838,9.19909596572211,CV < 10%
Post-Planting,Ogbono - ground,19. Kano,0,0,NA,0,0,0,3. North West,149,16,16034384.05456838,9.19909596572211,No estimate
Post-Planting,Ogbono - unground,19. Kano,0,0,NA,0,0,0,3. North West,149,16,16034384.05456838,9.19909596572211,No estimate
Post-Planting,Okra - dried,19. Kano,0.002808848711665349,0.001098697336764194,0.39115575438478606,6.554019316075289e-4,0.004962295491723169,0.14646139710826464,3. North West,149,16,16034384.05456838,9.19909596572211,CV < 10%
Post-Planting,Okra - fresh,19. Kano,0.04040620319198551,0.004905154021955234,0.12139606383329184,0.030792101308953254,0.05002030507501777,2.106894880724959,3. North West,149,16,16034384.05456838,9.19909596572211,CV < 10%
Post-Planting,Onions,19. Kano,0.0668217315498283,0.007536625105842685,0.11278703695702195,0.05204994634237664,0.08159351675727997,3.4842760022410473,3. North West,149,16,16034384.05456838,9.19909596572211,CV < 10%
Post-Planting,Orange/Tangerine,19. Kano,0.06804833444852815,0.014559553234193405,0.21395899476726019,0.03951161010950907,0.09658505878754722,3.548234581958968,3. North West,149,16,16034384.05456838,9.19909596572211,CV < 10%
Post-Planting,Other alcoholic beverages,19. Kano,0,0,NA,0,0,0,3. North West,149,16,16034384.05456838,9.19909596572211,No estimate
Post-Planting,Other domestic poultry,19. Kano,0,0,NA,0,0,0,3. North West,149,16,16034384.05456838,9.19909596572211,No estimate
Post-Planting,Other eggs,19. Kano,0,0,NA,0,0,0,3. North West,149,16,16034384.05456838,9.19909596572211,No estimate
Post-Planting,Other fish/seafood,19. Kano,0,0,NA,0,0,0,3. North West,149,16,16034384.05456838,9.19909596572211,No estimate
Post-Planting,Other fruits,19. Kano,0,0,NA,0,0,0,3. North West,149,16,16034384.05456838,9.19909596572211,No estimate
Post-Planting,Other grains/flour,19. Kano,0.01745251966052643,0.008331826356327851,0.47739962586448303,0.00112214000212384,0.03378289931892901,0.9100242394417352,3. North West,149,16,16034384.05456838,9.19909596572211,CV < 10%
Post-Planting,Other meat,19. Kano,0,0,NA,0,0,0,3. North West,149,16,16034384.05456838,9.19909596572211,No estimate
Post-Planting,Other milk products,19. Kano,0,0,NA,0,0,0,3. North West,149,16,16034384.05456838,9.19909596572211,No estimate
Post-Planting,Other non-alcoholic drinks,19. Kano,0,0,NA,0,0,0,3. North West,149,16,16034384.05456838,9.19909596572211,No estimate
Post-Planting,Other nuts/seeds/pulses,19. Kano,0,0,NA,0,0,0,3. North West,149,16,16034384.05456838,9.19909596572211,No estimate
Post-Planting,Other oil/fat,19. Kano,0,0,NA,0,0,0,3. North West,149,16,16034384.05456838,9.19909596572211,No estimate
Post-Planting,Other roots/tubers,19. Kano,0,0,NA,0,0,0,3. North West,149,16,16034384.05456838,9.19909596572211,No estimate
Post-Planting,Other spices,19. Kano,0.021156064705232278,0.0016644484164945073,0.0786747648811482,0.017893745808903044,0.02441838360156151,1.103137659629969,3. North West,149,16,16034384.05456838,9.19909596572211,CV < 10%
Post-Planting,Other sweets,19. Kano,0,0,NA,0,0,0,3. North West,149,16,16034384.05456838,9.19909596572211,No estimate
Post-Planting,Other vegetables,19. Kano,0,0,NA,0,0,0,3. North West,149,16,16034384.05456838,9.19909596572211,No estimate
Post-Planting,Palm oil,19. Kano,0.07402596511903839,0.0076620765457222195,0.10350525701895437,0.05900829508942284,0.08904363514865393,3.8599253240641445,3. North West,149,16,16034384.05456838,9.19909596572211,CV < 10%
Post-Planting,Palm wine,19. Kano,0,0,NA,0,0,0,3. North West,149,16,16034384.05456838,9.19909596572211,No estimate
Post-Planting,Pawpaw,19. Kano,0.0016324425313758658,0.0015680456765424016,0.9605518395926692,0,0.004705812057398973,0.08512021770745586,3. North West,149,16,16034384.05456838,9.19909596572211,CV < 10%
Post-Planting,Pineapples,19. Kano,0.006635593898303631,0.004777278033404579,0.7199473184496531,0,0.015999058843776604,0.3459988246972608,3. North West,149,16,16034384.05456838,9.19909596572211,CV < 10%
Post-Planting,Pito,19. Kano,0,0,NA,0,0,0,3. North West,149,16,16034384.05456838,9.19909596572211,No estimate
Post-Planting,Plantains,19. Kano,0.0017071006355658892,0.0016397586558626286,0.9605518395926685,0,0.004921027601056641,0.08901310456879279,3. North West,149,16,16034384.05456838,9.19909596572211,CV < 10%
Post-Planting,Pork,19. Kano,0,0,NA,0,0,0,3. North West,149,16,16034384.05456838,9.19909596572211,No estimate
Post-Planting,Potatoes,19. Kano,0.00327544114653807,0.0029218988280825266,0.8920626863257138,0,0.009002362849579821,0.1707908597837708,3. North West,149,16,16034384.05456838,9.19909596572211,CV < 10%
Post-Planting,Rice - imported,19. Kano,0.018048306847373474,0.014154429280620849,0.7842524731166519,0,0.045790988237390334,0.9410902856130454,3. North West,149,16,16034384.05456838,9.19909596572211,CV < 10%
Post-Planting,Rice - local,19. Kano,0.414554617758998,0.08632686841212248,0.20824003572506034,0.24535395567123794,0.583755279846758,21.61606221171918,3. North West,149,16,16034384.05456838,9.19909596572211,CV < 10%
Post-Planting,Sachet water,19. Kano,0.34871186680981486,0.09248095442025353,0.2652073623599739,0.16744919614611795,0.5299745374735118,18.182833055083204,3. North West,149,16,16034384.05456838,9.19909596572211,CV < 10%
Post-Planting,Salt,19. Kano,0.025713294513307103,0.0016360425514667612,0.0636263295868244,0.02250665111243225,0.028919937914181956,1.3407646424795845,3. North West,149,16,16034384.05456838,9.19909596572211,CV < 10%
Post-Planting,Seafood,19. Kano,0,0,NA,0,0,0,3. North West,149,16,16034384.05456838,9.19909596572211,No estimate
Post-Planting,Shea butter,19. Kano,0,0,NA,0,0,0,3. North West,149,16,16034384.05456838,9.19909596572211,No estimate
Post-Planting,Snails,19. Kano,0,0,NA,0,0,0,3. North West,149,16,16034384.05456838,9.19909596572211,No estimate
Post-Planting,Soft drinks,19. Kano,0.007466759720567943,0.002531149719398951,0.33898904131421875,0.0025057062705459996,0.012427813170589885,0.3893381854296142,3. North West,149,16,16034384.05456838,9.19909596572211,CV < 10%
Post-Planting,Soya beans,19. Kano,0.04014808680427851,0.01140467565705691,0.284065233610124,0.017794922516446966,0.06250125109211005,2.0934359547945225,3. North West,149,16,16034384.05456838,9.19909596572211,CV < 10%
Post-Planting,Sugar,19. Kano,0.027218226834001664,0.003402019318476198,0.12499048300333487,0.020550268969788316,0.03388618469821501,1.4192361134872298,3. North West,149,16,16034384.05456838,9.19909596572211,CV < 10%
Post-Planting,Sweet potatoes,19. Kano,0.029616779012140566,0.010329762395464686,0.3487807499671146,0.009370444717029781,0.04986311330725135,1.544303477061615,3. North West,149,16,16034384.05456838,9.19909596572211,CV < 10%
Post-Planting,Tea,19. Kano,0.0027753230772641128,0.001168690192193681,0.4211005924923756,4.8469030056449806e-4,0.0050659558539637274,0.1447132747430573,3. North West,149,16,16034384.05456838,9.19909596572211,CV < 10%
Post-Planting,Tomato puree - canned,19. Kano,0.0014038089977996893,0.0012597347332918875,0.897369040422435,0,0.0038728890750517886,0.07319861202812665,3. North West,149,16,16034384.05456838,9.19909596572211,CV < 10%
Post-Planting,Tomatoes,19. Kano,0.04507816804221506,0.007673892841657053,0.17023524191290476,0.030037338072567234,0.060118998011862886,2.350504476486928,3. North West,149,16,16034384.05456838,9.19909596572211,CV < 10%
Post-Planting,Watermelon,19. Kano,0.2418108860326445,0.054666712871772605,0.2260721747009876,0.13466412880397022,0.3489576432613188,12.60871048598789,3. North West,149,16,16034384.05456838,9.19909596572211,CV < 10%
Post-Planting,Wheat flour,19. Kano,0.014562125771129635,0.006267830136808015,0.43041999741784936,0.002277178702985926,0.026847072839273345,0.759310843780331,3. North West,149,16,16034384.05456838,9.19909596572211,CV < 10%
Post-Planting,White beans,19. Kano,0.1519355388935605,0.025432856787166377,0.16739241504901325,0.10208713959071442,0.2017839381964066,7.922353099449941,3. North West,149,16,16034384.05456838,9.19909596572211,CV < 10%
Post-Planting,Wild game/Bush meat,19. Kano,0,0,NA,0,0,0,3. North West,149,16,16034384.05456838,9.19909596572211,No estimate
Post-Planting,Yam flour,19. Kano,0,0,NA,0,0,0,3. North West,149,16,16034384.05456838,9.19909596572211,No estimate
Post-Planting,Yam roots,19. Kano,0.025065143887701924,0.013069520087863966,0.5214221049924415,0,0.0506814032599153,1.3069682170016004,3. North West,149,16,16034384.05456838,9.19909596572211,CV < 10%
Post-Planting,Agricultural eggs,2. Adamawa,9.436526893671574e-4,7.258865650342242e-4,0.7692306430250584,0,0.002366390356834237,0.04920474737414464,2. North East,233,25,5318632.32117936,6.989410970824336,CV < 10%
Post-Planting,Animal fat,2. Adamawa,8.840723757333192e-4,8.53231520193178e-4,0.9651150105051531,0,0.002556406155311948,0.046098059591808786,2. North East,233,25,5318632.32117936,6.989410970824336,CV < 10%
Post-Planting,Apples,2. Adamawa,0,0,NA,0,0,0,2. North East,233,25,5318632.32117936,6.989410970824336,No estimate
Post-Planting,Avocado pear,2. Adamawa,0,0,NA,0,0,0,2. North East,233,25,5318632.32117936,6.989410970824336,No estimate
Post-Planting,Baby milk powder,2. Adamawa,0,0,NA,0,0,0,2. North East,233,25,5318632.32117936,6.989410970824336,No estimate
Post-Planting,Bananas,2. Adamawa,0.009775562172554745,0.003179379834817227,0.32523754426558243,0.0035439776963129797,0.01600714664879651,0.5097257418546403,2. North East,233,25,5318632.32117936,6.989410970824336,CV < 10%
Post-Planting,Beef,2. Adamawa,0.03436145133571806,0.004707940859646853,0.1370122819798662,0.025133887250810227,0.04358901542062589,1.7917042482195844,2. North East,233,25,5318632.32117936,6.989410970824336,CV < 10%
Post-Planting,Beer,2. Adamawa,0.00603164945482286,0.003886536555317473,0.6443571670448833,0,0.013649261103245106,0.31450743585862057,2. North East,233,25,5318632.32117936,6.989410970824336,CV < 10%
Post-Planting,Biscuits,2. Adamawa,0.0015671814877236232,3.5207309158933925e-4,0.2246536820063742,8.771182282085182e-4,0.002257244747238728,0.08171732043130321,2. North East,233,25,5318632.32117936,6.989410970824336,CV < 10%
Post-Planting,Bottled water,2. Adamawa,0,0,NA,0,0,0,2. North East,233,25,5318632.32117936,6.989410970824336,No estimate
Post-Planting,Bread,2. Adamawa,0.08402352194720233,0.010916072148221156,0.12991686012733986,0.06262802053668887,0.1054190233577158,4.381226501532693,2. North East,233,25,5318632.32117936,6.989410970824336,CV < 10%
Post-Planting,Brown beans,2. Adamawa,0.027381653453364695,0.004882538777013829,0.17831424188205316,0.01781187745041759,0.0369514294563118,1.4277576443540163,2. North East,233,25,5318632.32117936,6.989410970824336,CV < 10%
Post-Planting,Buns/Pofpof/Donuts,2. Adamawa,0.0024987869003936032,0.001071978180230544,0.4289994397128016,3.9770966714173725e-4,0.004599864133645469,0.13029388837766645,2. North East,233,25,5318632.32117936,6.989410970824336,CV < 10%
Post-Planting,Butter/Margarine,2. Adamawa,0,0,NA,0,0,0,2. North East,233,25,5318632.32117936,6.989410970824336,No estimate
Post-Planting,Cake,2. Adamawa,0.0023361055818678215,0.002358071998884736,1.0094030069477216,0,0.006957926699681904,0.12181121962596497,2. North East,233,25,5318632.32117936,6.989410970824336,CV < 10%
Post-Planting,Canned fish/seafood,2. Adamawa,0,0,NA,0,0,0,2. North East,233,25,5318632.32117936,6.989410970824336,No estimate
Post-Planting,Cashew nut,2. Adamawa,0,0,NA,0,0,0,2. North East,233,25,5318632.32117936,6.989410970824336,No estimate
Post-Planting,Cassava flour,2. Adamawa,0.013088446719538389,0.007187005358604143,0.5491106402928169,0,0.02717497722240251,0.6824690075187875,2. North East,233,25,5318632.32117936,6.989410970824336,CV < 10%
Post-Planting,Cassava roots,2. Adamawa,0.7730679336160741,0.21652849053860243,0.28008986160605154,0.3486720921604133,1.1974637750717347,40.30997082426672,2. North East,233,25,5318632.32117936,6.989410970824336,CV < 10%
Post-Planting,Cheese/wara,2. Adamawa,0,0,NA,0,0,0,2. North East,233,25,5318632.32117936,6.989410970824336,No estimate
Post-Planting,Chicken,2. Adamawa,0.007885552680299114,0.00410194379226375,0.5201846920015953,0,0.015925362513136063,0.41117524690131096,2. North East,233,25,5318632.32117936,6.989410970824336,CV < 10%
Post-Planting,Chocolate drinks,2. Adamawa,3.8282986555031827e-4,2.753182848798441e-4,0.7191661614071666,0,9.224537039148127e-4,0.019961842989409454,2. North East,233,25,5318632.32117936,6.989410970824336,CV < 10%
Post-Planting,Coconut,2. Adamawa,2.785121764759071e-4,2.805109071258072e-4,1.0071764569692807,0,8.283135544424891e-4,0.014522420630529442,2. North East,233,25,5318632.32117936,6.989410970824336,CV < 10%
Post-Planting,Cocoyam,2. Adamawa,0,0,NA,0,0,0,2. North East,233,25,5318632.32117936,6.989410970824336,No estimate
Post-Planting,Coffee,2. Adamawa,4.316611737066274e-5,4.3246801202104504e-5,1.00186914729321,0,1.2792984772678757e-4,0.0022508046914702716,2. North East,233,25,5318632.32117936,6.989410970824336,CV < 10%
Post-Planting,Dry pepper,2. Adamawa,0.002650805966435656,5.783259194835771e-4,0.21816984223149669,0.0015172871642478447,0.0037843247686234673,0.13822059682128776,2. North East,233,25,5318632.32117936,6.989410970824336,CV < 10%
Post-Planting,Duck,2. Adamawa,6.540644216263485e-4,6.587582868032877e-4,1.007176456969281,0,0.0019452306637607925,0.034104787699088174,2. North East,233,25,5318632.32117936,6.989410970824336,CV < 10%
Post-Planting,Fish - dried,2. Adamawa,0.02127474450129699,0.0025504464989761382,0.1198814161467675,0.01627586936330376,0.026273619639290223,1.1093259632819146,2. North East,233,25,5318632.32117936,6.989410970824336,CV < 10%
Post-Planting,Fish - fresh,2. Adamawa,0.030288205185697595,0.01237732904835058,0.4086517828463234,0.006028640250930459,0.05454777012046473,1.5793135561113747,2. North East,233,25,5318632.32117936,6.989410970824336,CV < 10%
Post-Planting,Fish - frozen,2. Adamawa,5.361359257905124e-4,5.399834821916336e-4,1.007176456969281,0,0.0015945035508861142,0.027955658987648145,2. North East,233,25,5318632.32117936,6.989410970824336,CV < 10%
Post-Planting,Fish - smoked,2. Adamawa,0.007116131541416968,0.002950966662450924,0.41468691876700836,0.001332236883013157,0.01290002619982078,0.3710554303738848,2. North East,233,25,5318632.32117936,6.989410970824336,CV < 10%
Post-Planting,Fresh milk,2. Adamawa,0.03170577471491554,0.02575893457195515,0.8124366871198772,0,0.08219328647594765,1.653229681563453,2. North East,233,25,5318632.32117936,6.989410970824336,CV < 10%
Post-Planting,Fresh pepper,2. Adamawa,0.029894094477122414,0.005944332718948171,0.19884638832252627,0.018243202347984,0.041544986606260825,1.5587634977356688,2. North East,233,25,5318632.32117936,6.989410970824336,CV < 10%
Post-Planting,Fruit juice,2. Adamawa,0,0,NA,0,0,0,2. North East,233,25,5318632.32117936,6.989410970824336,No estimate
Post-Planting,Garden eggs/Eggplant,2. Adamawa,0,0,NA,0,0,0,2. North East,233,25,5318632.32117936,6.989410970824336,No estimate
Post-Planting,Gari - white,2. Adamawa,0.008811492129222331,0.0031026588669880143,0.352115035851691,0.0027302807499258236,0.014892703508518838,0.4594563753094501,2. North East,233,25,5318632.32117936,6.989410970824336,CV < 10%
Post-Planting,Gari - yellow,2. Adamawa,0.0021331825046299463,0.0012760042169980507,0.5981692678561534,0,0.004634150769946126,0.11123023059856149,2. North East,233,25,5318632.32117936,6.989410970824336,CV < 10%
Post-Planting,Gin,2. Adamawa,7.80851677571122e-4,5.56583387498216e-4,0.7127901539886503,0,0.0018717551170676252,0.040715837473351356,2. North East,233,25,5318632.32117936,6.989410970824336,CV < 10%
Post-Planting,Goat,2. Adamawa,0.025288327172448107,0.01444314159857825,0.5711386720080955,0,0.05359688470566148,1.3186056311347942,2. North East,233,25,5318632.32117936,6.989410970824336,CV < 10%
Post-Planting,Ground pepper,2. Adamawa,8.352979865802655e-4,4.7545717765610997e-4,0.5692066607303169,0,0.0017671940547862412,0.04355482358597099,2. North East,233,25,5318632.32117936,6.989410970824336,CV < 10%
Post-Planting,Groundnut oil,2. Adamawa,0.04801379809180432,0.005104621221238197,0.1063157139011989,0.03800874049817745,0.058018855685431185,2.5035766147869394,2. North East,233,25,5318632.32117936,6.989410970824336,CV < 10%
Post-Planting,Groundnuts - shelled,2. Adamawa,0.017374533179408493,0.006320778412859336,0.3637955821656513,0.004985807490204193,0.029763258868612794,0.9059578014977285,2. North East,233,25,5318632.32117936,6.989410970824336,CV < 10%
Post-Planting,Groundnuts - unshelled,2. Adamawa,0.00616395492680372,0.002602387568087075,0.422194451288197,0.0010632752933530526,0.011264634560254387,0.3214062211833368,2. North East,233,25,5318632.32117936,6.989410970824336,CV < 10%
Post-Planting,Guava,2. Adamawa,0.010260845876281236,0.0051935195753205375,0.506149262735324,8.15475086529821e-5,0.02044014424390949,0.5350298206918073,2. North East,233,25,5318632.32117936,6.989410970824336,CV < 10%
Post-Planting,Guinea corn / sorghum,2. Adamawa,0.28021008915552925,0.07085424304979875,0.2528611416645724,0.14133577277792372,0.41908440553313475,14.610954648824025,2. North East,233,25,5318632.32117936,6.989410970824336,CV < 10%
Post-Planting,Honey,2. Adamawa,3.087077314904689e-4,3.109231592415946e-4,1.007176456969281,0,9.181171236039942e-4,0.016096903142003023,2. North East,233,25,5318632.32117936,6.989410970824336,CV < 10%
Post-Planting,Kola nut,2. Adamawa,4.7745360458178164e-4,2.901563012777316e-4,0.6077162230912252,0,0.0010461599550861357,0.024895795096050045,2. North East,233,25,5318632.32117936,6.989410970824336,CV < 10%
Post-Planting,Leaves,2. Adamawa,0.06883101124049625,0.016740208368214146,0.2432073576505173,0.03602020283879652,0.10164181964219597,3.5890455861115895,2. North East,233,25,5318632.32117936,6.989410970824336,CV < 10%
Post-Planting,Local eggs,2. Adamawa,9.328179541069401e-4,5.238394412165418e-4,0.561566636780758,0,0.001959543258891362,0.048639793321290446,2. North East,233,25,5318632.32117936,6.989410970824336,CV < 10%
Post-Planting,Maize - shelled/off cob,2. Adamawa,0.01908886464182896,0.010465141684067354,0.5482327985675662,0,0.03960054234260097,0.9953479420382243,2. North East,233,25,5318632.32117936,6.989410970824336,CV < 10%
Post-Planting,Maize - unshelled/on cob,2. Adamawa,0.07927945299122384,0.029017181452064597,0.3660113731520924,0.02240577734517723,0.13615312863727044,4.133857191685243,2. North East,233,25,5318632.32117936,6.989410970824336,CV < 10%
Post-Planting,Maize flour,2. Adamawa,0.5836888380906152,0.05379709250626965,0.09216741694470758,0.47824653677832674,0.6891311394029037,30.43520370043922,2. North East,233,25,5318632.32117936,6.989410970824336,CV < 10%
Post-Planting,Malt drinks,2. Adamawa,0.004115589053155649,0.001506863793075999,0.3661356305534449,0.0011621360187266914,0.007069042087584607,0.2145985720574017,2. North East,233,25,5318632.32117936,6.989410970824336,CV < 10%
Post-Planting,Mangoes,2. Adamawa,0,0,NA,0,0,0,2. North East,233,25,5318632.32117936,6.989410970824336,No estimate
Post-Planting,Meat pie/Sausage roll,2. Adamawa,0,0,NA,0,0,0,2. North East,233,25,5318632.32117936,6.989410970824336,No estimate
Post-Planting,Melon - ground,2. Adamawa,0,0,NA,0,0,0,2. North East,233,25,5318632.32117936,6.989410970824336,No estimate
Post-Planting,Melon - shelled,2. Adamawa,0,0,NA,0,0,0,2. North East,233,25,5318632.32117936,6.989410970824336,No estimate
Post-Planting,Melon - unshelled,2. Adamawa,0,0,NA,0,0,0,2. North East,233,25,5318632.32117936,6.989410970824336,No estimate
Post-Planting,Milk - tinned,2. Adamawa,0,0,NA,0,0,0,2. North East,233,25,5318632.32117936,6.989410970824336,No estimate
Post-Planting,Milk powder,2. Adamawa,5.690014553552141e-4,2.9250778214518636e-4,0.5140721159712688,0,0.0011423167083597792,0.02966936160066474,2. North East,233,25,5318632.32117936,6.989410970824336,CV < 10%
Post-Planting,Millet,2. Adamawa,0.004472923842449226,0.002386483953534516,0.5335400372539667,0,0.009150432391376877,0.23323102892770967,2. North East,233,25,5318632.32117936,6.989410970824336,CV < 10%
Post-Planting,Mutton,2. Adamawa,0.005795057359836156,0.002753314750737511,0.4751143223913414,3.985604483906346e-4,0.011191554271281677,0.30217084804859956,2. North East,233,25,5318632.32117936,6.989410970824336,CV < 10%
Post-Planting,Ogbono - ground,2. Adamawa,2.088841407122956e-5,2.103831887596826e-5,1.007176456969281,0,6.212351906812735e-5,0.0010891815908569697,2. North East,233,25,5318632.32117936,6.989410970824336,CV < 10%
Post-Planting,Ogbono - unground,2. Adamawa,0,0,NA,0,0,0,2. North East,233,25,5318632.32117936,6.989410970824336,No estimate
Post-Planting,Okra - dried,2. Adamawa,0.0030075556016345285,0.001093330602912751,0.3635279767790674,8.646276199255364e-4,0.00515048358334352,0.15682254208522897,2. North East,233,25,5318632.32117936,6.989410970824336,CV < 10%
Post-Planting,Okra - fresh,2. Adamawa,0.05711558341949301,0.010897097818826718,0.1907902741497278,0.03575727169459264,0.07847389514439337,2.978169706873564,2. North East,233,25,5318632.32117936,6.989410970824336,CV < 10%
Post-Planting,Onions,2. Adamawa,0.1095259104927658,0.007986625062046764,0.07291996045606287,0.09387212537115415,0.12517969561437747,5.710993904265645,2. North East,233,25,5318632.32117936,6.989410970824336,CV < 10%
Post-Planting,Orange/Tangerine,2. Adamawa,0.009826021122598722,0.004890081132930343,0.4976664584695139,2.4146210205524925e-4,0.019410580143142196,0.5123568156783619,2. North East,233,25,5318632.32117936,6.989410970824336,CV < 10%
Post-Planting,Other alcoholic beverages,2. Adamawa,0,0,NA,0,0,0,2. North East,233,25,5318632.32117936,6.989410970824336,No estimate
Post-Planting,Other domestic poultry,2. Adamawa,0,0,NA,0,0,0,2. North East,233,25,5318632.32117936,6.989410970824336,No estimate
Post-Planting,Other eggs,2. Adamawa,1.252146937120349e-4,1.231641474597596e-4,0.9836237569930003,0,3.666164227331637e-4,0.0065290518864132485,2. North East,233,25,5318632.32117936,6.989410970824336,CV < 10%
Post-Planting,Other fish/seafood,2. Adamawa,0,0,NA,0,0,0,2. North East,233,25,5318632.32117936,6.989410970824336,No estimate
Post-Planting,Other fruits,2. Adamawa,0,0,NA,0,0,0,2. North East,233,25,5318632.32117936,6.989410970824336,No estimate
Post-Planting,Other grains/flour,2. Adamawa,0,0,NA,0,0,0,2. North East,233,25,5318632.32117936,6.989410970824336,No estimate
Post-Planting,Other meat,2. Adamawa,0,0,NA,0,0,0,2. North East,233,25,5318632.32117936,6.989410970824336,No estimate
Post-Planting,Other milk products,2. Adamawa,0,0,NA,0,0,0,2. North East,233,25,5318632.32117936,6.989410970824336,No estimate
Post-Planting,Other non-alcoholic drinks,2. Adamawa,0,0,NA,0,0,0,2. North East,233,25,5318632.32117936,6.989410970824336,No estimate
Post-Planting,Other nuts/seeds/pulses,2. Adamawa,0,0,NA,0,0,0,2. North East,233,25,5318632.32117936,6.989410970824336,No estimate
Post-Planting,Other oil/fat,2. Adamawa,0,0,NA,0,0,0,2. North East,233,25,5318632.32117936,6.989410970824336,No estimate
Post-Planting,Other roots/tubers,2. Adamawa,0,0,NA,0,0,0,2. North East,233,25,5318632.32117936,6.989410970824336,No estimate
Post-Planting,Other spices,2. Adamawa,0.005246653267532337,9.31867042943316e-4,0.177611707011392,0.003420193863363438,0.007073112671701236,0.27357549180704327,2. North East,233,25,5318632.32117936,6.989410970824336,CV < 10%
Post-Planting,Other sweets,2. Adamawa,0,0,NA,0,0,0,2. North East,233,25,5318632.32117936,6.989410970824336,No estimate
Post-Planting,Other vegetables,2. Adamawa,0.002665483095161606,0.0016237696726547548,0.6091840070575675,0,0.005848071653564926,0.13898590424771232,2. North East,233,25,5318632.32117936,6.989410970824336,CV < 10%
Post-Planting,Palm oil,2. Adamawa,0.057626937060872095,0.006045286291583043,0.10490382796499018,0.04577817592936933,0.06947569819237485,3.004833146745473,2. North East,233,25,5318632.32117936,6.989410970824336,CV < 10%
Post-Planting,Palm wine,2. Adamawa,0.0014434721706735527,0.0014221235368138605,0.985210221372172,0,0.004230834302828719,0.07526676318512096,2. North East,233,25,5318632.32117936,6.989410970824336,CV < 10%
Post-Planting,Pawpaw,2. Adamawa,0,0,NA,0,0,0,2. North East,233,25,5318632.32117936,6.989410970824336,No estimate
Post-Planting,Pineapples,2. Adamawa,7.617307734178274e-4,7.671973015354373e-4,1.0071764569692807,0,0.0022654374844272842,0.039718818899643855,2. North East,233,25,5318632.32117936,6.989410970824336,CV < 10%
Post-Planting,Pito,2. Adamawa,0.003805582683732398,0.0022507910652480568,0.5914445309175493,0,0.008217133171618589,0.19843395422318935,2. North East,233,25,5318632.32117936,6.989410970824336,CV < 10%
Post-Planting,Plantains,2. Adamawa,0,0,NA,0,0,0,2. North East,233,25,5318632.32117936,6.989410970824336,No estimate
Post-Planting,Pork,2. Adamawa,0.004921612258142063,0.003392770102005074,0.6893615189600215,0,0.011571441658072008,0.25662692488883615,2. North East,233,25,5318632.32117936,6.989410970824336,CV < 10%
Post-Planting,Potatoes,2. Adamawa,0.002281468878006945,0.002294358245191385,1.0056495915016381,0,0.006778411038582059,0.11896230578179069,2. North East,233,25,5318632.32117936,6.989410970824336,CV < 10%
Post-Planting,Rice - imported,2. Adamawa,0.020231235504217158,0.008311451063170511,0.4108227132958838,0.0039407914204029545,0.03652167958803136,1.0549144227198946,2. North East,233,25,5318632.32117936,6.989410970824336,CV < 10%
Post-Planting,Rice - local,2. Adamawa,0.2886651106952094,0.034631137858587915,0.11996994640323412,0.22078808049237708,0.3565421408980417,15.051823629107346,2. North East,233,25,5318632.32117936,6.989410970824336,CV < 10%
Post-Planting,Sachet water,2. Adamawa,0.24858202733704057,0.09717502144873329,0.3909173261226094,0.05811898529752332,0.43904506937655785,12.961777139717116,2. North East,233,25,5318632.32117936,6.989410970824336,CV < 10%
Post-Planting,Salt,2. Adamawa,0.0297540053613922,0.002511949012773661,0.08442389460724779,0.024830585296355824,0.03467742542642858,1.5514588509868792,2. North East,233,25,5318632.32117936,6.989410970824336,CV < 10%
Post-Planting,Seafood,2. Adamawa,0,0,NA,0,0,0,2. North East,233,25,5318632.32117936,6.989410970824336,No estimate
Post-Planting,Shea butter,2. Adamawa,0,0,NA,0,0,0,2. North East,233,25,5318632.32117936,6.989410970824336,No estimate
Post-Planting,Snails,2. Adamawa,0,0,NA,0,0,0,2. North East,233,25,5318632.32117936,6.989410970824336,No estimate
Post-Planting,Soft drinks,2. Adamawa,0.014205154129370018,0.005470149247143513,0.38508200596244485,0.003483661604968732,0.024926646653771305,0.7406973224600081,2. North East,233,25,5318632.32117936,6.989410970824336,CV < 10%
Post-Planting,Soya beans,2. Adamawa,0.003256275970557411,0.0019089761173123653,0.5862451876232057,0,0.006997869160489646,0.16979153275049355,2. North East,233,25,5318632.32117936,6.989410970824336,CV < 10%
Post-Planting,Sugar,2. Adamawa,0.024690683414539446,0.005214226498272522,0.21118194303208526,0.014470799477925303,0.03491056735115359,1.2874427780438427,2. North East,233,25,5318632.32117936,6.989410970824336,CV < 10%
Post-Planting,Sweet potatoes,2. Adamawa,0.026132853171996217,0.015142935514568056,0.5794597097723382,0,0.05581300678054961,1.3626416296826598,2. North East,233,25,5318632.32117936,6.989410970824336,CV < 10%
Post-Planting,Tea,2. Adamawa,0.0016522913241965845,5.678041122425029e-4,0.34364648892567046,5.393952642012787e-4,0.0027651873841918902,0.08615519047596476,2. North East,233,25,5318632.32117936,6.989410970824336,CV < 10%
Post-Planting,Tomato puree - canned,2. Adamawa,0.005937013600216402,0.0015633587149887554,0.26332409191917155,0.0028728305188384417,0.009001196681594364,0.30957285201128387,2. North East,233,25,5318632.32117936,6.989410970824336,CV < 10%
Post-Planting,Tomatoes,2. Adamawa,0.015777974983491542,0.005605818196503969,0.35529389559619173,0.004790571318343763,0.026765378648639322,0.8227086955677733,2. North East,233,25,5318632.32117936,6.989410970824336,CV < 10%
Post-Planting,Watermelon,2. Adamawa,0.016679535154975993,0.009357121652131426,0.5609941503279798,0,0.03501949359315359,0.8697186187951768,2. North East,233,25,5318632.32117936,6.989410970824336,CV < 10%
Post-Planting,Wheat flour,2. Adamawa,0,0,NA,0,0,0,2. North East,233,25,5318632.32117936,6.989410970824336,No estimate
Post-Planting,White beans,2. Adamawa,0.09596465481399519,0.007310355822815622,0.07617758681032115,0.08163635740127656,0.11029295222671381,5.003871286729749,2. North East,233,25,5318632.32117936,6.989410970824336,CV < 10%
Post-Planting,Wild game/Bush meat,2. Adamawa,0.0030368274796609366,0.0021800852676539363,0.7178824883056393,0,0.007309794604262652,0.1583488614394631,2. North East,233,25,5318632.32117936,6.989410970824336,CV < 10%
Post-Planting,Yam flour,2. Adamawa,0,0,NA,0,0,0,2. North East,233,25,5318632.32117936,6.989410970824336,No estimate
Post-Planting,Yam roots,2. Adamawa,0.14755499383850618,0.04064295770747845,0.2754427800116393,0.06789479673184841,0.22721519094516396,7.693938964436393,2. North East,233,25,5318632.32117936,6.989410970824336,CV < 10%
Post-Planting,Agricultural eggs,20. Katsina,0.008419448276725715,0.003301601694646739,0.3921399106130879,0.0019483089552181062,0.014890587598233324,0.4390140887149837,3. North West,124,14,11464853.107637636,8.336548121260972,CV < 10%
Post-Planting,Animal fat,20. Katsina,0,0,NA,0,0,0,3. North West,124,14,11464853.107637636,8.336548121260972,No estimate
Post-Planting,Apples,20. Katsina,0,0,NA,0,0,0,3. North West,124,14,11464853.107637636,8.336548121260972,No estimate
Post-Planting,Avocado pear,20. Katsina,0,0,NA,0,0,0,3. North West,124,14,11464853.107637636,8.336548121260972,No estimate
Post-Planting,Baby milk powder,20. Katsina,0,0,NA,0,0,0,3. North West,124,14,11464853.107637636,8.336548121260972,No estimate
Post-Planting,Bananas,20. Katsina,0.014633979726770415,0.006812141937953572,0.4655016656536636,0.0012821815283814136,0.027985777925159418,0.7630575143244573,3. North West,124,14,11464853.107637636,8.336548121260972,CV < 10%
Post-Planting,Beef,20. Katsina,0.025328353580600354,0.007439952096861176,0.29374005985764623,0.010746047470752449,0.039910659690448255,1.3206927224170184,3. North West,124,14,11464853.107637636,8.336548121260972,CV < 10%
Post-Planting,Beer,20. Katsina,0,0,NA,0,0,0,3. North West,124,14,11464853.107637636,8.336548121260972,No estimate
Post-Planting,Biscuits,20. Katsina,0.002436663386269418,7.075152590286006e-4,0.2903623303142504,0.0010499334785733607,0.003823393293965475,0.1270545908554768,3. North West,124,14,11464853.107637636,8.336548121260972,CV < 10%
Post-Planting,Bottled water,20. Katsina,0.02398991288573722,0.013227899819768728,0.5513942415202826,0,0.049916596532483926,1.2509026004705834,3. North West,124,14,11464853.107637636,8.336548121260972,CV < 10%
Post-Planting,Bread,20. Katsina,0.1380898843609878,0.025640278850003934,0.18567818322576313,0.08783493781498009,0.1883448309069955,7.200401113108649,3. North West,124,14,11464853.107637636,8.336548121260972,CV < 10%
Post-Planting,Brown beans,20. Katsina,0.01608986892081821,0.01609550349142052,1.0003501936920705,0,0.04763705576400243,0.838971736585521,3. North West,124,14,11464853.107637636,8.336548121260972,CV < 10%
Post-Planting,Buns/Pofpof/Donuts,20. Katsina,0.0015469873286692367,9.866676411482962e-4,0.6377994330419346,0,0.0034808559053198973,0.0806643392806102,3. North West,124,14,11464853.107637636,8.336548121260972,CV < 10%
Post-Planting,Butter/Margarine,20. Katsina,0,0,NA,0,0,0,3. North West,124,14,11464853.107637636,8.336548121260972,No estimate
Post-Planting,Cake,20. Katsina,0,0,NA,0,0,0,3. North West,124,14,11464853.107637636,8.336548121260972,No estimate
Post-Planting,Canned fish/seafood,20. Katsina,0,0,NA,0,0,0,3. North West,124,14,11464853.107637636,8.336548121260972,No estimate
Post-Planting,Cashew nut,20. Katsina,0,0,NA,0,0,0,3. North West,124,14,11464853.107637636,8.336548121260972,No estimate
Post-Planting,Cassava flour,20. Katsina,0.07440833611711849,0.017602460466372743,0.2365657046633394,0.03990751360302791,0.10890915863120906,3.8798632403926065,3. North West,124,14,11464853.107637636,8.336548121260972,CV < 10%
Post-Planting,Cassava roots,20. Katsina,0.8973850085853534,0.28939959817272093,0.3224921247892622,0.3301617961668204,1.4646082210038864,46.79221830480771,3. North West,124,14,11464853.107637636,8.336548121260972,CV < 10%
Post-Planting,Cheese/wara,20. Katsina,0.02992702406420925,0.01304417115046481,0.4358659625654119,0.004360448609298222,0.05549359951912028,1.5604805404909108,3. North West,124,14,11464853.107637636,8.336548121260972,CV < 10%
Post-Planting,Chicken,20. Katsina,0.011245113717782194,0.005282967703528434,0.4698011808608336,8.904970188664645e-4,0.021599730416697924,0.5863523581415001,3. North West,124,14,11464853.107637636,8.336548121260972,CV < 10%
Post-Planting,Chocolate drinks,20. Katsina,0,0,NA,0,0,0,3. North West,124,14,11464853.107637636,8.336548121260972,No estimate
Post-Planting,Coconut,20. Katsina,0,0,NA,0,0,0,3. North West,124,14,11464853.107637636,8.336548121260972,No estimate
Post-Planting,Cocoyam,20. Katsina,0.006761204701943765,0.006355211471926488,0.9399525309593778,0,0.01921741918691968,0.3525485308870677,3. North West,124,14,11464853.107637636,8.336548121260972,CV < 10%
Post-Planting,Coffee,20. Katsina,0,0,NA,0,0,0,3. North West,124,14,11464853.107637636,8.336548121260972,No estimate
Post-Planting,Dry pepper,20. Katsina,0.013274983778184571,0.003640149541962208,0.27421122336467507,0.006140290675938644,0.020409676880430497,0.6921955827196241,3. North West,124,14,11464853.107637636,8.336548121260972,CV < 10%
Post-Planting,Duck,20. Katsina,0,0,NA,0,0,0,3. North West,124,14,11464853.107637636,8.336548121260972,No estimate
Post-Planting,Fish - dried,20. Katsina,0,0,NA,0,0,0,3. North West,124,14,11464853.107637636,8.336548121260972,No estimate
Post-Planting,Fish - fresh,20. Katsina,0.010093861504866046,0.006752412965561881,0.6689623155921725,0,0.02332859091736733,0.5263227784680152,3. North West,124,14,11464853.107637636,8.336548121260972,CV < 10%
Post-Planting,Fish - frozen,20. Katsina,0.008725010269350747,0.002353440717171836,0.26973500827145297,0.0041122664636939485,0.013337754075007546,0.4549469640447175,3. North West,124,14,11464853.107637636,8.336548121260972,CV < 10%
Post-Planting,Fish - smoked,20. Katsina,0.003893962097239849,0.003660139528760483,0.9399525309593779,0,0.011067835573610397,0.20304230935607784,3. North West,124,14,11464853.107637636,8.336548121260972,CV < 10%
Post-Planting,Fresh milk,20. Katsina,0.028542713225715662,0.01198056210344666,0.41974152943010085,0.00506081150296021,0.05202461494847112,1.488298618198031,3. North West,124,14,11464853.107637636,8.336548121260972,CV < 10%
Post-Planting,Fresh pepper,20. Katsina,0.07396942699968351,0.013351810622892844,0.18050444845206076,0.04779987817881354,0.10013897582055348,3.8569772649834975,3. North West,124,14,11464853.107637636,8.336548121260972,CV < 10%
Post-Planting,Fruit juice,20. Katsina,0,0,NA,0,0,0,3. North West,124,14,11464853.107637636,8.336548121260972,No estimate
Post-Planting,Garden eggs/Eggplant,20. Katsina,0.029319407156136814,0.013727936013067685,0.4682201089524522,0.00241265257052415,0.05622616174174948,1.5287976588557053,3. North West,124,14,11464853.107637636,8.336548121260972,CV < 10%
Post-Planting,Gari - white,20. Katsina,0.06379184349959079,0.02045739709343051,0.32068985580518206,0.023695345196466988,0.10388834180271458,3.3262889824786623,3. North West,124,14,11464853.107637636,8.336548121260972,CV < 10%
Post-Planting,Gari - yellow,20. Katsina,0.14751541263882936,0.037568096360236475,0.2546723470327582,0.07388194377276587,0.22114888150489287,7.691875087596102,3. North West,124,14,11464853.107637636,8.336548121260972,CV < 10%
Post-Planting,Gin,20. Katsina,0,0,NA,0,0,0,3. North West,124,14,11464853.107637636,8.336548121260972,No estimate
Post-Planting,Goat,20. Katsina,0.028455336591192426,0.011676121704803888,0.4103315266500103,0.0055701380497768065,0.05134053513260804,1.4837425508264623,3. North West,124,14,11464853.107637636,8.336548121260972,CV < 10%
Post-Planting,Ground pepper,20. Katsina,0.0031664621438160984,0.0012996574008636232,0.4104446356327905,6.19133638123397e-4,0.0057137906495088,0.16510838321326798,3. North West,124,14,11464853.107637636,8.336548121260972,CV < 10%
Post-Planting,Groundnut oil,20. Katsina,0.03421832775417026,0.005436052051438134,0.15886375542637765,0.023563665733351516,0.044872989774989006,1.7842413757531637,3. North West,124,14,11464853.107637636,8.336548121260972,CV < 10%
Post-Planting,Groundnuts - shelled,20. Katsina,3.4593939551428644e-4,3.351779275978587e-4,0.9688920427798362,0,0.0010028881336060895,0.01803826848038779,3. North West,124,14,11464853.107637636,8.336548121260972,CV < 10%
Post-Planting,Groundnuts - unshelled,20. Katsina,0.006714202749486527,0.0030236358289025167,0.4503343050124233,7.878765248375951e-4,0.01264052897413546,0.3500977147946546,3. North West,124,14,11464853.107637636,8.336548121260972,CV < 10%
Post-Planting,Guava,20. Katsina,0,0,NA,0,0,0,3. North West,124,14,11464853.107637636,8.336548121260972,No estimate
Post-Planting,Guinea corn / sorghum,20. Katsina,0.5299799633567395,0.08661682789813437,0.16343415579247275,0.3602109806763961,0.6997489460370828,27.63466951788713,3. North West,124,14,11464853.107637636,8.336548121260972,CV < 10%
Post-Planting,Honey,20. Katsina,0.00452264358968529,0.0038291903697579657,0.8466708228990517,0,0.012027856714410902,0.23582355860501872,3. North West,124,14,11464853.107637636,8.336548121260972,CV < 10%
Post-Planting,Kola nut,20. Katsina,4.118537108475181e-4,1.9655509154001155e-4,0.47724492061887175,2.660573142909548e-5,7.971016902659407e-4,0.02147522920847773,3. North West,124,14,11464853.107637636,8.336548121260972,CV < 10%
Post-Planting,Leaves,20. Katsina,0.013016277733543705,0.004549582138658325,0.34953019840178945,0.0040990967417733875,0.02193345872531402,0.6787059103919217,3. North West,124,14,11464853.107637636,8.336548121260972,CV < 10%
Post-Planting,Local eggs,20. Katsina,0.0010528949006763841,4.713901267596324e-4,0.44770862358323643,1.2897025222750468e-4,0.001976819549125264,0.054900948392411456,3. North West,124,14,11464853.107637636,8.336548121260972,CV < 10%
Post-Planting,Maize - shelled/off cob,20. Katsina,0.14077422572616355,0.04511368343323933,0.3204683471035049,0.05235140619701446,0.22919704525531265,7.340370341435671,3. North West,124,14,11464853.107637636,8.336548121260972,CV < 10%
Post-Planting,Maize - unshelled/on cob,20. Katsina,0.012525458982894814,0.008626466213825365,0.6887145792905438,0,0.029433332761992528,0.653113218393801,3. North West,124,14,11464853.107637636,8.336548121260972,CV < 10%
Post-Planting,Maize flour,20. Katsina,0.4443030807868242,0.05571550935373606,0.12539978173247973,0.3351006824535015,0.5535054791201468,23.16723206959869,3. North West,124,14,11464853.107637636,8.336548121260972,CV < 10%
Post-Planting,Malt drinks,20. Katsina,9.121486494800349e-4,7.838497916248922e-4,0.8593443536552089,0,0.0024484942410648233,0.047562036722887537,3. North West,124,14,11464853.107637636,8.336548121260972,CV < 10%
Post-Planting,Mangoes,20. Katsina,0,0,NA,0,0,0,3. North West,124,14,11464853.107637636,8.336548121260972,No estimate
Post-Planting,Meat pie/Sausage roll,20. Katsina,1.9383105691454946e-4,1.9276813798997883e-4,0.994516261008476,0,5.71656607374908e-4,0.010106905110544365,3. North West,124,14,11464853.107637636,8.336548121260972,CV < 10%
Post-Planting,Melon - ground,20. Katsina,0,0,NA,0,0,0,3. North West,124,14,11464853.107637636,8.336548121260972,No estimate
Post-Planting,Melon - shelled,20. Katsina,0,0,NA,0,0,0,3. North West,124,14,11464853.107637636,8.336548121260972,No estimate
Post-Planting,Melon - unshelled,20. Katsina,0,0,NA,0,0,0,3. North West,124,14,11464853.107637636,8.336548121260972,No estimate
Post-Planting,Milk - tinned,20. Katsina,0.0012431411823409474,0.001169848571353743,0.9410424077101301,0,0.0035360443821942835,0.06482093307920654,3. North West,124,14,11464853.107637636,8.336548121260972,CV < 10%
Post-Planting,Milk powder,20. Katsina,0.00321805993790604,9.075444229288051e-4,0.28201600978238317,0.001439272868965582,0.004996847006846498,0.16779883961938635,3. North West,124,14,11464853.107637636,8.336548121260972,CV < 10%
Post-Planting,Millet,20. Katsina,0.4037925530359312,0.11189571009745196,0.2771118715691,0.18447696124492535,0.6231081448269371,21.05489740830213,3. North West,124,14,11464853.107637636,8.336548121260972,CV < 10%
Post-Planting,Mutton,20. Katsina,0.012757658645654205,0.008203138451578888,0.6429971736524884,0,0.028835810010748825,0.6652207722376835,3. North West,124,14,11464853.107637636,8.336548121260972,CV < 10%
Post-Planting,Ogbono - ground,20. Katsina,0,0,NA,0,0,0,3. North West,124,14,11464853.107637636,8.336548121260972,No estimate
Post-Planting,Ogbono - unground,20. Katsina,0,0,NA,0,0,0,3. North West,124,14,11464853.107637636,8.336548121260972,No estimate
Post-Planting,Okra - dried,20. Katsina,0.002758329907103877,7.569915071860623e-4,0.27443834953769886,0.0012746265530191952,0.00424203326118856,0.14382720229898788,3. North West,124,14,11464853.107637636,8.336548121260972,CV < 10%
Post-Planting,Okra - fresh,20. Katsina,0.08111208385754189,0.025472694019819594,0.314043146327711,0.03118560357869548,0.13103856413638829,4.229415801143255,3. North West,124,14,11464853.107637636,8.336548121260972,CV < 10%
Post-Planting,Onions,20. Katsina,0.14943390753898592,0.021536790146744072,0.14412251209535776,0.10722179885136754,0.1916460162266043,7.791910893104266,3. North West,124,14,11464853.107637636,8.336548121260972,CV < 10%
Post-Planting,Orange/Tangerine,20. Katsina,0.0603730712923022,0.015648880638670707,0.25920299073249237,0.02970126524050761,0.09104487734409678,3.1480244316700428,3. North West,124,14,11464853.107637636,8.336548121260972,CV < 10%
Post-Planting,Other alcoholic beverages,20. Katsina,0,0,NA,0,0,0,3. North West,124,14,11464853.107637636,8.336548121260972,No estimate
Post-Planting,Other domestic poultry,20. Katsina,0,0,NA,0,0,0,3. North West,124,14,11464853.107637636,8.336548121260972,No estimate
Post-Planting,Other eggs,20. Katsina,9.665055837089088e-4,6.971512531408081e-4,0.721311149042234,0,0.002332922039864893,0.05039636257910739,3. North West,124,14,11464853.107637636,8.336548121260972,CV < 10%
Post-Planting,Other fish/seafood,20. Katsina,0,0,NA,0,0,0,3. North West,124,14,11464853.107637636,8.336548121260972,No estimate
Post-Planting,Other fruits,20. Katsina,0,0,NA,0,0,0,3. North West,124,14,11464853.107637636,8.336548121260972,No estimate
Post-Planting,Other grains/flour,20. Katsina,0,0,NA,0,0,0,3. North West,124,14,11464853.107637636,8.336548121260972,No estimate
Post-Planting,Other meat,20. Katsina,0,0,NA,0,0,0,3. North West,124,14,11464853.107637636,8.336548121260972,No estimate
Post-Planting,Other milk products,20. Katsina,0,0,NA,0,0,0,3. North West,124,14,11464853.107637636,8.336548121260972,No estimate
Post-Planting,Other non-alcoholic drinks,20. Katsina,0,0,NA,0,0,0,3. North West,124,14,11464853.107637636,8.336548121260972,No estimate
Post-Planting,Other nuts/seeds/pulses,20. Katsina,0,0,NA,0,0,0,3. North West,124,14,11464853.107637636,8.336548121260972,No estimate
Post-Planting,Other oil/fat,20. Katsina,0.0021126673948222005,0.0014550979659746209,0.6887491942843564,0,0.004964659408132457,0.11016051415858617,3. North West,124,14,11464853.107637636,8.336548121260972,CV < 10%
Post-Planting,Other roots/tubers,20. Katsina,0,0,NA,0,0,0,3. North West,124,14,11464853.107637636,8.336548121260972,No estimate
Post-Planting,Other spices,20. Katsina,0.006883519566939068,0.0013800733415357612,0.20048949205637923,0.004178575817528976,0.00958846331634916,0.3589263774189657,3. North West,124,14,11464853.107637636,8.336548121260972,CV < 10%
Post-Planting,Other sweets,20. Katsina,0,0,NA,0,0,0,3. North West,124,14,11464853.107637636,8.336548121260972,No estimate
Post-Planting,Other vegetables,20. Katsina,0.003523212995679974,0.0024987220520348435,0.7092168583331971,0,0.008420708217668268,0.18371039191759866,3. North West,124,14,11464853.107637636,8.336548121260972,CV < 10%
Post-Planting,Palm oil,20. Katsina,0.052492884563635496,0.005770532066214942,0.10992979551770497,0.04118264171385421,0.06380312741341679,2.7371289808181367,3. North West,124,14,11464853.107637636,8.336548121260972,CV < 10%
Post-Planting,Palm wine,20. Katsina,0,0,NA,0,0,0,3. North West,124,14,11464853.107637636,8.336548121260972,No estimate
Post-Planting,Pawpaw,20. Katsina,0,0,NA,0,0,0,3. North West,124,14,11464853.107637636,8.336548121260972,No estimate
Post-Planting,Pineapples,20. Katsina,0.015270527751900008,0.008310694165698544,0.544230972283489,0,0.03155948831666915,0.7962489470633576,3. North West,124,14,11464853.107637636,8.336548121260972,CV < 10%
Post-Planting,Pito,20. Katsina,0,0,NA,0,0,0,3. North West,124,14,11464853.107637636,8.336548121260972,No estimate
Post-Planting,Plantains,20. Katsina,0,0,NA,0,0,0,3. North West,124,14,11464853.107637636,8.336548121260972,No estimate
Post-Planting,Pork,20. Katsina,0,0,NA,0,0,0,3. North West,124,14,11464853.107637636,8.336548121260972,No estimate
Post-Planting,Potatoes,20. Katsina,0.0022768862121803823,0.0022644003624793852,0.9945162610084759,0,0.006715110922639977,0.1187233524922628,3. North West,124,14,11464853.107637636,8.336548121260972,CV < 10%
Post-Planting,Rice - imported,20. Katsina,0.12891741099055853,0.03590957464549032,0.2785471285032261,0.05853464468539751,0.19930017729571955,6.722122144507694,3. North West,124,14,11464853.107637636,8.336548121260972,CV < 10%
Post-Planting,Rice - local,20. Katsina,0.3173783673484985,0.04623010774705991,0.1456624411212525,0.22676735616426108,0.4079893785327359,16.549014868885994,3. North West,124,14,11464853.107637636,8.336548121260972,CV < 10%
Post-Planting,Sachet water,20. Katsina,1.7313201581789872,0.5439940144902866,0.31420763624820425,0.6650918897780254,2.797548426579949,90.27597967647577,3. North West,124,14,11464853.107637636,8.336548121260972,CV < 10%
Post-Planting,Salt,20. Katsina,0.024061760854170777,0.0036721399390131854,0.15261310098079003,0.016864366573704933,0.03125915513463662,1.254648958824619,3. North West,124,14,11464853.107637636,8.336548121260972,CV < 10%
Post-Planting,Seafood,20. Katsina,6.198626457352035e-4,5.248196163490082e-4,0.8466708228990519,0,0.0016485090937792596,0.03232140938476418,3. North West,124,14,11464853.107637636,8.336548121260972,CV < 10%
Post-Planting,Shea butter,20. Katsina,0,0,NA,0,0,0,3. North West,124,14,11464853.107637636,8.336548121260972,No estimate
Post-Planting,Snails,20. Katsina,0,0,NA,0,0,0,3. North West,124,14,11464853.107637636,8.336548121260972,No estimate
Post-Planting,Soft drinks,20. Katsina,0.004607265689404885,0.00336290200266814,0.7299127572350884,0,0.01119855361463444,0.24023599666182613,3. North West,124,14,11464853.107637636,8.336548121260972,CV < 10%
Post-Planting,Soya beans,20. Katsina,0.033638137925924,0.012151162085131263,0.3612317100277626,0.009821860239066726,0.05745441561278128,1.7539886204231803,3. North West,124,14,11464853.107637636,8.336548121260972,CV < 10%
Post-Planting,Sugar,20. Katsina,0.061957769591126366,0.006006070543258151,0.09693813355279891,0.05018587132634039,0.07372966785591234,3.230655128680161,3. North West,124,14,11464853.107637636,8.336548121260972,CV < 10%
Post-Planting,Sweet potatoes,20. Katsina,0.07844764807685987,0.03887646685212725,0.4955721147183105,0.0022497730466904675,0.15464552310702928,4.090484506864836,3. North West,124,14,11464853.107637636,8.336548121260972,CV < 10%
Post-Planting,Tea,20. Katsina,8.835184697124261e-4,4.8488540478524564e-4,0.5488118487699183,0,0.0018338938630915076,0.04606917734929079,3. North West,124,14,11464853.107637636,8.336548121260972,CV < 10%
Post-Planting,Tomato puree - canned,20. Katsina,0.0010388913203317768,7.289749284988917e-4,0.7016854547077058,0,0.0024676821801896042,0.05417076170301408,3. North West,124,14,11464853.107637636,8.336548121260972,CV < 10%
Post-Planting,Tomatoes,20. Katsina,0.1034541337876624,0.014045544244387904,0.1357659063988309,0.07592486706866211,0.13098340050666268,5.394394118928111,3. North West,124,14,11464853.107637636,8.336548121260972,CV < 10%
Post-Planting,Watermelon,20. Katsina,0.4353943160247341,0.04921331970123408,0.11303160810771436,0.3389362094103153,0.5318524226391529,22.702703621289707,3. North West,124,14,11464853.107637636,8.336548121260972,CV < 10%
Post-Planting,Wheat flour,20. Katsina,0.0453180814669643,0.013479168688585312,0.2974346718188252,0.018898910837337086,0.07173725209659151,2.363014247920281,3. North West,124,14,11464853.107637636,8.336548121260972,CV < 10%
Post-Planting,White beans,20. Katsina,0.24292065313144443,0.026667420875399223,0.10977831868815813,0.19065250821566196,0.2951887980472269,12.666576913282459,3. North West,124,14,11464853.107637636,8.336548121260972,CV < 10%
Post-Planting,Wild game/Bush meat,20. Katsina,0,0,NA,0,0,0,3. North West,124,14,11464853.107637636,8.336548121260972,No estimate
Post-Planting,Yam flour,20. Katsina,0,0,NA,0,0,0,3. North West,124,14,11464853.107637636,8.336548121260972,No estimate
Post-Planting,Yam roots,20. Katsina,0.07854877836471932,0.07577222350010795,0.964651838992082,0,0.2270623364249309,4.095757729017508,3. North West,124,14,11464853.107637636,8.336548121260972,CV < 10%
Post-Planting,Agricultural eggs,21. Kebbi,0.004974367386016462,0.0027439677337263075,0.5516214466667514,0,0.010352544144120025,0.2593777279851441,3. North West,64,7,5996425.249357845,8.92107768956233,CV < 10%
Post-Planting,Animal fat,21. Kebbi,0,0,NA,0,0,0,3. North West,64,7,5996425.249357845,8.92107768956233,No estimate
Post-Planting,Apples,21. Kebbi,0.001141114600874245,0.0010750237563630371,0.9420822023830266,0,0.003248161163345798,0.05950097561701421,3. North West,64,7,5996425.249357845,8.92107768956233,CV < 10%
Post-Planting,Avocado pear,21. Kebbi,0,0,NA,0,0,0,3. North West,64,7,5996425.249357845,8.92107768956233,No estimate
Post-Planting,Baby milk powder,21. Kebbi,0,0,NA,0,0,0,3. North West,64,7,5996425.249357845,8.92107768956233,No estimate
Post-Planting,Bananas,21. Kebbi,0.021970324477795716,0.01865405535018855,0.8490568889431401,0,0.05853227296416527,1.1455954906279193,3. North West,64,7,5996425.249357845,8.92107768956233,CV < 10%
Post-Planting,Beef,21. Kebbi,0.03405183240304962,0.011777125427968604,0.3458587863516522,0.010968666564231153,0.05713499824186809,1.77555983244473,3. North West,64,7,5996425.249357845,8.92107768956233,CV < 10%
Post-Planting,Beer,21. Kebbi,0,0,NA,0,0,0,3. North West,64,7,5996425.249357845,8.92107768956233,No estimate
Post-Planting,Biscuits,21. Kebbi,0.0015167667814895563,2.9029876039618165e-4,0.19139314226745577,9.477812111130403e-4,0.0020857523518660725,0.07908855360624115,3. North West,64,7,5996425.249357845,8.92107768956233,CV < 10%
Post-Planting,Bottled water,21. Kebbi,0,0,NA,0,0,0,3. North West,64,7,5996425.249357845,8.92107768956233,No estimate
Post-Planting,Bread,21. Kebbi,0.09933319029574472,0.009647966782871805,0.09712732223889026,0.080423175401316,0.11824320519017345,5.179516351135261,3. North West,64,7,5996425.249357845,8.92107768956233,CV < 10%
Post-Planting,Brown beans,21. Kebbi,0.0017227660230642095,0.001622987209198979,0.942082202383027,0,0.004903820953094209,0.08982994263120522,3. North West,64,7,5996425.249357845,8.92107768956233,CV < 10%
Post-Planting,Buns/Pofpof/Donuts,21. Kebbi,0,0,NA,0,0,0,3. North West,64,7,5996425.249357845,8.92107768956233,No estimate
Post-Planting,Butter/Margarine,21. Kebbi,6.48360576602955e-5,6.10808959944441e-5,0.9420822023830269,0,1.8455461380940594e-4,0.0033807372922868366,3. North West,64,7,5996425.249357845,8.92107768956233,CV < 10%
Post-Planting,Cake,21. Kebbi,0,0,NA,0,0,0,3. North West,64,7,5996425.249357845,8.92107768956233,No estimate
Post-Planting,Canned fish/seafood,21. Kebbi,0,0,NA,0,0,0,3. North West,64,7,5996425.249357845,8.92107768956233,No estimate
Post-Planting,Cashew nut,21. Kebbi,0,0,NA,0,0,0,3. North West,64,7,5996425.249357845,8.92107768956233,No estimate
Post-Planting,Cassava flour,21. Kebbi,0,0,NA,0,0,0,3. North West,64,7,5996425.249357845,8.92107768956233,No estimate
Post-Planting,Cassava roots,21. Kebbi,2.121143223034708,0.524376566387742,0.24721412523833222,1.0933651529147337,3.1489212931546824,110.60246805823836,3. North West,64,7,5996425.249357845,8.92107768956233,CV < 10%
Post-Planting,Cheese/wara,21. Kebbi,0.021736202126017557,0.007000473521104191,0.3220651648580707,0.008015274024653343,0.03545713022738177,1.1333876822852011,3. North West,64,7,5996425.249357845,8.92107768956233,CV < 10%
Post-Planting,Chicken,21. Kebbi,0.015594397770986968,0.006924988301290778,0.4440689793211871,0.0020214207004570443,0.029167374841516894,0.8131364552014634,3. North West,64,7,5996425.249357845,8.92107768956233,CV < 10%
Post-Planting,Chocolate drinks,21. Kebbi,0.0037215921404385485,0.001195468409938741,0.32122499318204933,0.001378474056958616,0.006064710223918481,0.19405444732286717,3. North West,64,7,5996425.249357845,8.92107768956233,CV < 10%
Post-Planting,Coconut,21. Kebbi,0,0,NA,0,0,0,3. North West,64,7,5996425.249357845,8.92107768956233,No estimate
Post-Planting,Cocoyam,21. Kebbi,0,0,NA,0,0,0,3. North West,64,7,5996425.249357845,8.92107768956233,No estimate
Post-Planting,Coffee,21. Kebbi,0,0,NA,0,0,0,3. North West,64,7,5996425.249357845,8.92107768956233,No estimate
Post-Planting,Dry pepper,21. Kebbi,0.011808930620339001,0.0016629946145050817,0.14082516596725858,0.008549461175909042,0.01506840006476896,0.6157513823462478,3. North West,64,7,5996425.249357845,8.92107768956233,CV < 10%
Post-Planting,Duck,21. Kebbi,0,0,NA,0,0,0,3. North West,64,7,5996425.249357845,8.92107768956233,No estimate
Post-Planting,Fish - dried,21. Kebbi,0.016167490177188982,0.00541568202353024,0.33497357748027756,0.005552753411069712,0.02678222694330825,0.8430191306677112,3. North West,64,7,5996425.249357845,8.92107768956233,CV < 10%
Post-Planting,Fish - fresh,21. Kebbi,0.12469624173423928,0.05334220458436772,0.4277771634694018,0.020145520748878556,0.2292469627196,6.502018318999619,3. North West,64,7,5996425.249357845,8.92107768956233,CV < 10%
Post-Planting,Fish - frozen,21. Kebbi,0,0,NA,0,0,0,3. North West,64,7,5996425.249357845,8.92107768956233,No estimate
Post-Planting,Fish - smoked,21. Kebbi,0.015955376415964756,0.012911842775625576,0.8092471427189987,0,0.041262588256190884,0.8319589131181623,3. North West,64,7,5996425.249357845,8.92107768956233,CV < 10%
Post-Planting,Fresh milk,21. Kebbi,0.0066534869384841724,0.00645084639182324,0.969543707151682,0,0.019297145866457723,0.3469318189352461,3. North West,64,7,5996425.249357845,8.92107768956233,CV < 10%
Post-Planting,Fresh pepper,21. Kebbi,0.04192387883381489,0.009666982091041266,0.23058415299216273,0.022976593935374007,0.060871163732255776,2.186030824906062,3. North West,64,7,5996425.249357845,8.92107768956233,CV < 10%
Post-Planting,Fruit juice,21. Kebbi,0,0,NA,0,0,0,3. North West,64,7,5996425.249357845,8.92107768956233,No estimate
Post-Planting,Garden eggs/Eggplant,21. Kebbi,0.01795460869249098,0.012965574330637806,0.7221307104320407,0,0.04336713438054108,0.9362045961084584,3. North West,64,7,5996425.249357845,8.92107768956233,CV < 10%
Post-Planting,Gari - white,21. Kebbi,0.04771423394542965,0.011910222855996204,0.2496157199048364,0.024370197147677092,0.07105827074318222,2.487956484297403,3. North West,64,7,5996425.249357845,8.92107768956233,CV < 10%
Post-Planting,Gari - yellow,21. Kebbi,0,0,NA,0,0,0,3. North West,64,7,5996425.249357845,8.92107768956233,No estimate
Post-Planting,Gin,21. Kebbi,0,0,NA,0,0,0,3. North West,64,7,5996425.249357845,8.92107768956233,No estimate
Post-Planting,Goat,21. Kebbi,0,0,NA,0,0,0,3. North West,64,7,5996425.249357845,8.92107768956233,No estimate
Post-Planting,Ground pepper,21. Kebbi,0.009163305673462921,8.140429362047208e-4,0.08883725646763069,0.007567781518501668,0.010758829828424174,0.47780093868770945,3. North West,64,7,5996425.249357845,8.92107768956233,CV < 10%
Post-Planting,Groundnut oil,21. Kebbi,0.06272337579755125,0.005075746291331742,0.08092272182087976,0.05277491306654103,0.07267183852856146,3.2705760237294577,3. North West,64,7,5996425.249357845,8.92107768956233,CV < 10%
Post-Planting,Groundnuts - shelled,21. Kebbi,0.019660099909298494,0.009045749308203203,0.46010698571907566,0.0019304312652202171,0.03738976855337677,1.02513378098485,3. North West,64,7,5996425.249357845,8.92107768956233,CV < 10%
Post-Planting,Groundnuts - unshelled,21. Kebbi,0.012972864379793,0.003070568021691658,0.23669159961885405,0.00695455105727735,0.01899117770230865,0.6764422140892065,3. North West,64,7,5996425.249357845,8.92107768956233,CV < 10%
Post-Planting,Guava,21. Kebbi,0,0,NA,0,0,0,3. North West,64,7,5996425.249357845,8.92107768956233,No estimate
Post-Planting,Guinea corn / sorghum,21. Kebbi,0.5655995110852565,0.10080356626882765,0.17822428112677924,0.3680245211983543,0.7631745009721587,29.491974506588377,3. North West,64,7,5996425.249357845,8.92107768956233,CV < 10%
Post-Planting,Honey,21. Kebbi,0,0,NA,0,0,0,3. North West,64,7,5996425.249357845,8.92107768956233,No estimate
Post-Planting,Kola nut,21. Kebbi,0.0020567853858304754,4.739833059515828e-4,0.23044859673592094,0.0011277781061653732,0.0029857926654955776,0.10724666654687479,3. North West,64,7,5996425.249357845,8.92107768956233,CV < 10%
Post-Planting,Leaves,21. Kebbi,0.09510602491208335,0.021094036778146624,0.2217949577605214,0.05376171282691597,0.13645033699725073,4.959099870415775,3. North West,64,7,5996425.249357845,8.92107768956233,CV < 10%
Post-Planting,Local eggs,21. Kebbi,0.0019240292890274763,0.0010905566902256203,0.5668087780393692,0,0.004061520401869692,0.10032438435643269,3. North West,64,7,5996425.249357845,8.92107768956233,CV < 10%
Post-Planting,Maize - shelled/off cob,21. Kebbi,0.11327678873359859,0.02843795205618855,0.25104836016377713,0.057538402703469035,0.16901517476372813,5.906575412537641,3. North West,64,7,5996425.249357845,8.92107768956233,CV < 10%
Post-Planting,Maize - unshelled/on cob,21. Kebbi,0,0,NA,0,0,0,3. North West,64,7,5996425.249357845,8.92107768956233,No estimate
Post-Planting,Maize flour,21. Kebbi,0.052612997641050104,0.022028469691676267,0.41868874003273004,0.009437197045364623,0.09578879823673558,2.7433920198547557,3. North West,64,7,5996425.249357845,8.92107768956233,CV < 10%
Post-Planting,Malt drinks,21. Kebbi,0.013196997323960385,0.0059796340917423725,0.4531056531235167,0.0014769145041453342,0.024917080143775437,0.6881291461779344,3. North West,64,7,5996425.249357845,8.92107768956233,CV < 10%
Post-Planting,Mangoes,21. Kebbi,0,0,NA,0,0,0,3. North West,64,7,5996425.249357845,8.92107768956233,No estimate
Post-Planting,Meat pie/Sausage roll,21. Kebbi,0,0,NA,0,0,0,3. North West,64,7,5996425.249357845,8.92107768956233,No estimate
Post-Planting,Melon - ground,21. Kebbi,0,0,NA,0,0,0,3. North West,64,7,5996425.249357845,8.92107768956233,No estimate
Post-Planting,Melon - shelled,21. Kebbi,0,0,NA,0,0,0,3. North West,64,7,5996425.249357845,8.92107768956233,No estimate
Post-Planting,Melon - unshelled,21. Kebbi,0,0,NA,0,0,0,3. North West,64,7,5996425.249357845,8.92107768956233,No estimate
Post-Planting,Milk - tinned,21. Kebbi,0,0,NA,0,0,0,3. North West,64,7,5996425.249357845,8.92107768956233,No estimate
Post-Planting,Milk powder,21. Kebbi,0.003540737143109001,0.0012374237921763001,0.34948197004247544,0.001115386510443453,0.005966087775774549,0.18462415103354077,3. North West,64,7,5996425.249357845,8.92107768956233,CV < 10%
Post-Planting,Millet,21. Kebbi,0.4476008827480509,0.031054432542272067,0.06937973927042551,0.3867341949651976,0.5084675705309041,23.339188886148367,3. North West,64,7,5996425.249357845,8.92107768956233,CV < 10%
Post-Planting,Mutton,21. Kebbi,6.629654480590883e-4,6.815023095815372e-4,1.0279605243029148,0,0.001998709974838901,0.034568912648795316,3. North West,64,7,5996425.249357845,8.92107768956233,CV < 10%
Post-Planting,Ogbono - ground,21. Kebbi,0,0,NA,0,0,0,3. North West,64,7,5996425.249357845,8.92107768956233,No estimate
Post-Planting,Ogbono - unground,21. Kebbi,0,0,NA,0,0,0,3. North West,64,7,5996425.249357845,8.92107768956233,No estimate
Post-Planting,Okra - dried,21. Kebbi,0.001917010646818307,8.909013455477777e-4,0.4647346883682784,1.7084400954466266e-4,0.0036631772840919515,0.09995841229838316,3. North West,64,7,5996425.249357845,8.92107768956233,CV < 10%
Post-Planting,Okra - fresh,21. Kebbi,0.035490124753661485,0.013449850349611103,0.3789744455103245,0.009128418068423724,0.061851831438899246,1.850556505012349,3. North West,64,7,5996425.249357845,8.92107768956233,CV < 10%
Post-Planting,Onions,21. Kebbi,0.09439558582738596,0.016689331383690824,0.1768020319743482,0.061684496315351944,0.12710667533941997,4.922055546713696,3. North West,64,7,5996425.249357845,8.92107768956233,CV < 10%
Post-Planting,Orange/Tangerine,21. Kebbi,0.057765277547422465,0.02042094555324246,0.35351592548789995,0.01774022426306724,0.09779033083177768,3.0120466149727427,3. North West,64,7,5996425.249357845,8.92107768956233,CV < 10%
Post-Planting,Other alcoholic beverages,21. Kebbi,0,0,NA,0,0,0,3. North West,64,7,5996425.249357845,8.92107768956233,No estimate
Post-Planting,Other domestic poultry,21. Kebbi,0,0,NA,0,0,0,3. North West,64,7,5996425.249357845,8.92107768956233,No estimate
Post-Planting,Other eggs,21. Kebbi,0,0,NA,0,0,0,3. North West,64,7,5996425.249357845,8.92107768956233,No estimate
Post-Planting,Other fish/seafood,21. Kebbi,0,0,NA,0,0,0,3. North West,64,7,5996425.249357845,8.92107768956233,No estimate
Post-Planting,Other fruits,21. Kebbi,0,0,NA,0,0,0,3. North West,64,7,5996425.249357845,8.92107768956233,No estimate
Post-Planting,Other grains/flour,21. Kebbi,0,0,NA,0,0,0,3. North West,64,7,5996425.249357845,8.92107768956233,No estimate
Post-Planting,Other meat,21. Kebbi,0,0,NA,0,0,0,3. North West,64,7,5996425.249357845,8.92107768956233,No estimate
Post-Planting,Other milk products,21. Kebbi,0,0,NA,0,0,0,3. North West,64,7,5996425.249357845,8.92107768956233,No estimate
Post-Planting,Other non-alcoholic drinks,21. Kebbi,0,0,NA,0,0,0,3. North West,64,7,5996425.249357845,8.92107768956233,No estimate
Post-Planting,Other nuts/seeds/pulses,21. Kebbi,0,0,NA,0,0,0,3. North West,64,7,5996425.249357845,8.92107768956233,No estimate
Post-Planting,Other oil/fat,21. Kebbi,0,0,NA,0,0,0,3. North West,64,7,5996425.249357845,8.92107768956233,No estimate
Post-Planting,Other roots/tubers,21. Kebbi,0,0,NA,0,0,0,3. North West,64,7,5996425.249357845,8.92107768956233,No estimate
Post-Planting,Other spices,21. Kebbi,2.057533096107599e-4,1.4620100549125886e-4,0.710564538513811,0,4.923072803736273e-4,0.010728565429703909,3. North West,64,7,5996425.249357845,8.92107768956233,CV < 10%
Post-Planting,Other sweets,21. Kebbi,0,0,NA,0,0,0,3. North West,64,7,5996425.249357845,8.92107768956233,No estimate
Post-Planting,Other vegetables,21. Kebbi,0,0,NA,0,0,0,3. North West,64,7,5996425.249357845,8.92107768956233,No estimate
Post-Planting,Palm oil,21. Kebbi,0.05552114646475005,0.007522923393079587,0.13549654270658537,0.04077621661431406,0.07026607631518604,2.89503120851911,3. North West,64,7,5996425.249357845,8.92107768956233,CV < 10%
Post-Planting,Palm wine,21. Kebbi,0.003453853964280019,0.0027680886509407598,0.8014492446897036,0,0.008879307720123908,0.18009381385174383,3. North West,64,7,5996425.249357845,8.92107768956233,CV < 10%
Post-Planting,Pawpaw,21. Kebbi,0,0,NA,0,0,0,3. North West,64,7,5996425.249357845,8.92107768956233,No estimate
Post-Planting,Pineapples,21. Kebbi,0.028983953816408767,0.02535080218417277,0.8746495507393767,0,0.0786715260973874,1.5113061632841713,3. North West,64,7,5996425.249357845,8.92107768956233,CV < 10%
Post-Planting,Pito,21. Kebbi,0,0,NA,0,0,0,3. North West,64,7,5996425.249357845,8.92107768956233,No estimate
Post-Planting,Plantains,21. Kebbi,0,0,NA,0,0,0,3. North West,64,7,5996425.249357845,8.92107768956233,No estimate
Post-Planting,Pork,21. Kebbi,0,0,NA,0,0,0,3. North West,64,7,5996425.249357845,8.92107768956233,No estimate
Post-Planting,Potatoes,21. Kebbi,0.005717473818980127,0.005386330327452094,0.942082202383027,0,0.016274681260786232,0.2981254205611066,3. North West,64,7,5996425.249357845,8.92107768956233,CV < 10%
Post-Planting,Rice - imported,21. Kebbi,0.01611689088209812,0.015183436057773921,0.9420822023830269,0,0.045876425555335,0.8403807388522591,3. North West,64,7,5996425.249357845,8.92107768956233,CV < 10%
Post-Planting,Rice - local,21. Kebbi,0.4466172685558403,0.038077432406873016,0.08525741185511777,0.37198550103836914,0.5212490360733114,23.287900431840246,3. North West,64,7,5996425.249357845,8.92107768956233,CV < 10%
Post-Planting,Sachet water,21. Kebbi,0.290315226291349,0.11326649179607154,0.39015002155760764,0.06831290237104878,0.5123175502116492,15.137865370906054,3. North West,64,7,5996425.249357845,8.92107768956233,CV < 10%
Post-Planting,Salt,21. Kebbi,0.02889474528359053,0.0017940527918054506,0.06208924059366262,0.025378401811651845,0.03241108875552921,1.506654575501506,3. North West,64,7,5996425.249357845,8.92107768956233,CV < 10%
Post-Planting,Seafood,21. Kebbi,0,0,NA,0,0,0,3. North West,64,7,5996425.249357845,8.92107768956233,No estimate
Post-Planting,Shea butter,21. Kebbi,0,0,NA,0,0,0,3. North West,64,7,5996425.249357845,8.92107768956233,No estimate
Post-Planting,Snails,21. Kebbi,0,0,NA,0,0,0,3. North West,64,7,5996425.249357845,8.92107768956233,No estimate
Post-Planting,Soft drinks,21. Kebbi,0.030762344819507778,0.011567931000950885,0.3760419132164185,0.008089200057644044,0.05343548958137151,1.6040365513029056,3. North West,64,7,5996425.249357845,8.92107768956233,CV < 10%
Post-Planting,Soya beans,21. Kebbi,0.03026822182527454,0.013231551470249132,0.4371433362233567,0.004334380943586243,0.05620206270696284,1.578271566603601,3. North West,64,7,5996425.249357845,8.92107768956233,CV < 10%
Post-Planting,Sugar,21. Kebbi,0.024574642926218335,0.002606615777209814,0.10606932458940646,0.0194656760028871,0.02968360984954957,1.2813920954385274,3. North West,64,7,5996425.249357845,8.92107768956233,CV < 10%
Post-Planting,Sweet potatoes,21. Kebbi,0.16488036405567683,0.021036948447800533,0.12758916786899363,0.12364794509798778,0.20611278301336589,8.597333268617435,3. North West,64,7,5996425.249357845,8.92107768956233,CV < 10%
Post-Planting,Tea,21. Kebbi,1.3836169646009038e-4,1.077239703920325e-4,0.7785678634195183,0,3.495006784284741e-4,0.007214574172561855,3. North West,64,7,5996425.249357845,8.92107768956233,CV < 10%
Post-Planting,Tomato puree - canned,21. Kebbi,0.002170205505811378,0.0011906152011873991,0.5486186437179192,0,0.00450381130013868,0.11316071566016472,3. North West,64,7,5996425.249357845,8.92107768956233,CV < 10%
Post-Planting,Tomatoes,21. Kebbi,0.07189269228268386,0.012117064954789016,0.16854376390780323,0.04814324497129739,0.09564213959407032,3.7486903833113727,3. North West,64,7,5996425.249357845,8.92107768956233,CV < 10%
Post-Planting,Watermelon,21. Kebbi,0.20710315060725046,0.06068247454901899,0.29300604250148266,0.08816550049117323,0.3260408007233277,10.798949995949489,3. North West,64,7,5996425.249357845,8.92107768956233,CV < 10%
Post-Planting,Wheat flour,21. Kebbi,0,0,NA,0,0,0,3. North West,64,7,5996425.249357845,8.92107768956233,No estimate
Post-Planting,White beans,21. Kebbi,0.16480600846326082,0.013542209542478293,0.08217060572459149,0.13826327776000336,0.1913487391665183,8.593456155584315,3. North West,64,7,5996425.249357845,8.92107768956233,CV < 10%
Post-Planting,Wild game/Bush meat,21. Kebbi,0,0,NA,0,0,0,3. North West,64,7,5996425.249357845,8.92107768956233,No estimate
Post-Planting,Yam flour,21. Kebbi,0,0,NA,0,0,0,3. North West,64,7,5996425.249357845,8.92107768956233,No estimate
Post-Planting,Yam roots,21. Kebbi,0.029855940758897494,0.023244187896614005,0.7785448157310838,0,0.07541454903626094,1.5567740538567978,3. North West,64,7,5996425.249357845,8.92107768956233,CV < 10%
Post-Planting,Agricultural eggs,22. Kogi,0,0,NA,0,0,0,1. North Central,96,13,4658224.652185401,6.139819415338817,No estimate
Post-Planting,Animal fat,22. Kogi,0,0,NA,0,0,0,1. North Central,96,13,4658224.652185401,6.139819415338817,No estimate
Post-Planting,Apples,22. Kogi,0,0,NA,0,0,0,1. North Central,96,13,4658224.652185401,6.139819415338817,No estimate
Post-Planting,Avocado pear,22. Kogi,0,0,NA,0,0,0,1. North Central,96,13,4658224.652185401,6.139819415338817,No estimate
Post-Planting,Baby milk powder,22. Kogi,0,0,NA,0,0,0,1. North Central,96,13,4658224.652185401,6.139819415338817,No estimate
Post-Planting,Bananas,22. Kogi,0.009129835602251854,0.005477022655064595,0.5999037544239789,0,0.019864800006178462,0.4760557135459895,1. North Central,96,13,4658224.652185401,6.139819415338817,CV < 10%
Post-Planting,Beef,22. Kogi,0.017243079593683763,0.007419615686901431,0.43029527565477793,0.0027006328473569586,0.03178552634001057,0.8991034359563675,1. North Central,96,13,4658224.652185401,6.139819415338817,CV < 10%
Post-Planting,Beer,22. Kogi,0,0,NA,0,0,0,1. North Central,96,13,4658224.652185401,6.139819415338817,No estimate
Post-Planting,Biscuits,22. Kogi,0.00385297133108648,9.649503974440871e-4,0.2504431812556429,0.001961668552096069,0.005744274110076891,0.20090493369236648,1. North Central,96,13,4658224.652185401,6.139819415338817,CV < 10%
Post-Planting,Bottled water,22. Kogi,0.005147000501721176,0.003577024068559826,0.6949725509767594,0,0.012157967676098436,0.2683793118754613,1. North Central,96,13,4658224.652185401,6.139819415338817,CV < 10%
Post-Planting,Bread,22. Kogi,0.06464191091878854,0.009188284915300441,0.14214129478387394,0.04663287248479968,0.0826509493527774,3.370613926479688,1. North Central,96,13,4658224.652185401,6.139819415338817,CV < 10%
Post-Planting,Brown beans,22. Kogi,0.010022213155636308,0.004245670014796858,0.4236259944650221,0.0017006999266344653,0.018343726384638152,0.5225868288296075,1. North Central,96,13,4658224.652185401,6.139819415338817,CV < 10%
Post-Planting,Buns/Pofpof/Donuts,22. Kogi,2.6539829112721107e-4,2.3733064869149853e-4,0.8942433189132363,0,7.305663625625481e-4,0.013838625180204577,1. North Central,96,13,4658224.652185401,6.139819415338817,CV < 10%
Post-Planting,Butter/Margarine,22. Kogi,0,0,NA,0,0,0,1. North Central,96,13,4658224.652185401,6.139819415338817,No estimate
Post-Planting,Cake,22. Kogi,0.002089651919131417,0.0019832732929124246,0.9490926573727123,0,0.0059768675732397684,0.10896042149756673,1. North Central,96,13,4658224.652185401,6.139819415338817,CV < 10%
Post-Planting,Canned fish/seafood,22. Kogi,0,0,NA,0,0,0,1. North Central,96,13,4658224.652185401,6.139819415338817,No estimate
Post-Planting,Cashew nut,22. Kogi,0,0,NA,0,0,0,1. North Central,96,13,4658224.652185401,6.139819415338817,No estimate
Post-Planting,Cassava flour,22. Kogi,0.3945722830925048,0.021235221079878158,0.053818329339924025,0.3529512497759436,0.436193316409066,20.574126189823463,1. North Central,96,13,4658224.652185401,6.139819415338817,CV < 10%
Post-Planting,Cassava roots,22. Kogi,0,0,NA,0,0,0,1. North Central,96,13,4658224.652185401,6.139819415338817,No estimate
Post-Planting,Cheese/wara,22. Kogi,0,0,NA,0,0,0,1. North Central,96,13,4658224.652185401,6.139819415338817,No estimate
Post-Planting,Chicken,22. Kogi,0.013787891400628199,0.011631153842359042,0.8435774190844807,0,0.03658495293165192,0.7189400516041847,1. North Central,96,13,4658224.652185401,6.139819415338817,CV < 10%
Post-Planting,Chocolate drinks,22. Kogi,1.734897307680572e-4,1.840450019359252e-4,1.0608408988885896,0,5.342179345624706e-4,0.009046250247191554,1. North Central,96,13,4658224.652185401,6.139819415338817,CV < 10%
Post-Planting,Coconut,22. Kogi,0,0,NA,0,0,0,1. North Central,96,13,4658224.652185401,6.139819415338817,No estimate
Post-Planting,Cocoyam,22. Kogi,9.821467185584332e-4,0.0010074574718030983,1.0257708474369447,0,0.0029567633632925057,0.0512119360391183,1. North Central,96,13,4658224.652185401,6.139819415338817,CV < 10%
Post-Planting,Coffee,22. Kogi,0,0,NA,0,0,0,1. North Central,96,13,4658224.652185401,6.139819415338817,No estimate
Post-Planting,Dry pepper,22. Kogi,0.0017290138736005137,0.0012333415172819915,0.7133207755665201,0,0.004146363247473217,0.09015572340916965,1. North Central,96,13,4658224.652185401,6.139819415338817,CV < 10%
Post-Planting,Duck,22. Kogi,0,0,NA,0,0,0,1. North Central,96,13,4658224.652185401,6.139819415338817,No estimate
Post-Planting,Fish - dried,22. Kogi,0.013838378327155332,0.002991668731362493,0.2161863666851686,0.007974707613684847,0.019702049040625818,0.7215725842016709,1. North Central,96,13,4658224.652185401,6.139819415338817,CV < 10%
Post-Planting,Fish - fresh,22. Kogi,0.005030543618982995,0.003984295948474966,0.7920209524553242,0,0.012839763677993929,0.2623069172755419,1. North Central,96,13,4658224.652185401,6.139819415338817,CV < 10%
Post-Planting,Fish - frozen,22. Kogi,0.011919570106938076,0.0049880513043694865,0.41847577216447346,0.0021429895503738815,0.02169615066350227,0.6215204412903425,1. North Central,96,13,4658224.652185401,6.139819415338817,CV < 10%
Post-Planting,Fish - smoked,22. Kogi,0.029301808682453107,0.00729012103860748,0.24879423374888956,0.015013171446782445,0.04359044591812377,1.5278800241564834,1. North Central,96,13,4658224.652185401,6.139819415338817,CV < 10%
Post-Planting,Fresh milk,22. Kogi,0,0,NA,0,0,0,1. North Central,96,13,4658224.652185401,6.139819415338817,No estimate
Post-Planting,Fresh pepper,22. Kogi,0.10287946830021007,0.008789192371512594,0.08543193813818192,0.08565265125204538,0.12010628534837475,5.364429418510953,1. North Central,96,13,4658224.652185401,6.139819415338817,CV < 10%
Post-Planting,Fruit juice,22. Kogi,0,0,NA,0,0,0,1. North Central,96,13,4658224.652185401,6.139819415338817,No estimate
Post-Planting,Garden eggs/Eggplant,22. Kogi,0.004828107211839894,0.002590555456054946,0.5365571521904415,0,0.009905595905707588,0.2517513046173659,1. North Central,96,13,4658224.652185401,6.139819415338817,CV < 10%
Post-Planting,Gari - white,22. Kogi,0.15005821299064806,0.019954669294151982,0.13297952105690874,0.11094706117411018,0.18916936480718594,7.824463963083792,1. North Central,96,13,4658224.652185401,6.139819415338817,CV < 10%
Post-Planting,Gari - yellow,22. Kogi,0.014273285765165997,0.007384254848672259,0.517347930263791,0,0.028746425268563622,0.7442499006122271,1. North Central,96,13,4658224.652185401,6.139819415338817,CV < 10%
Post-Planting,Gin,22. Kogi,0,0,NA,0,0,0,1. North Central,96,13,4658224.652185401,6.139819415338817,No estimate
Post-Planting,Goat,22. Kogi,0.01297025364896062,0.01230997250249015,0.9490926573727121,0,0.037097799753841317,0.6763060831243752,1. North Central,96,13,4658224.652185401,6.139819415338817,CV < 10%
Post-Planting,Ground pepper,22. Kogi,5.175347338737346e-4,2.797656030835205e-4,0.5405735784910163,0,0.0010658753159174348,0.026985739694844735,1. North Central,96,13,4658224.652185401,6.139819415338817,CV < 10%
Post-Planting,Groundnut oil,22. Kogi,0.006091530365148579,0.003070916723297123,0.5041289362795813,7.253358748621815e-5,0.01211052714281094,0.3176297976113188,1. North Central,96,13,4658224.652185401,6.139819415338817,CV < 10%
Post-Planting,Groundnuts - shelled,22. Kogi,0.0038305618917385265,8.743901756976e-4,0.2282668183963873,0.0021167571473712306,0.005544366636105823,0.1997364414977946,1. North Central,96,13,4658224.652185401,6.139819415338817,CV < 10%
Post-Planting,Groundnuts - unshelled,22. Kogi,0.03384657726784416,0.0031203507640186123,0.09219102833724616,0.02773068977036768,0.039962464765320636,1.764857243251874,1. North Central,96,13,4658224.652185401,6.139819415338817,CV < 10%
Post-Planting,Guava,22. Kogi,0,0,NA,0,0,0,1. North Central,96,13,4658224.652185401,6.139819415338817,No estimate
Post-Planting,Guinea corn / sorghum,22. Kogi,0.024829698792597204,0.010456535902734519,0.4211301953389809,0.004334888423237548,0.045324509161956864,1.2946914370425684,1. North Central,96,13,4658224.652185401,6.139819415338817,CV < 10%
Post-Planting,Honey,22. Kogi,0,0,NA,0,0,0,1. North Central,96,13,4658224.652185401,6.139819415338817,No estimate
Post-Planting,Kola nut,22. Kogi,7.486372031027061e-4,2.1800040430838317e-4,0.2911963276803324,3.213564106582751e-4,0.0011759179955471372,0.03903608273321253,1. North Central,96,13,4658224.652185401,6.139819415338817,CV < 10%
Post-Planting,Leaves,22. Kogi,0.08135318738732031,0.017647508977688655,0.21692461653247028,0.04676406979105054,0.11594230498359007,4.24198762805313,1. North Central,96,13,4658224.652185401,6.139819415338817,CV < 10%
Post-Planting,Local eggs,22. Kogi,0.0011991505848665024,8.693648022476993e-4,0.7249838454146131,0,0.002903105597271993,0.06252713763946763,1. North Central,96,13,4658224.652185401,6.139819415338817,CV < 10%
Post-Planting,Maize - shelled/off cob,22. Kogi,0.007581289362513132,0.006151168704240475,0.8113618159274976,0,0.019637580022824463,0.39531008818818475,1. North Central,96,13,4658224.652185401,6.139819415338817,CV < 10%
Post-Planting,Maize - unshelled/on cob,22. Kogi,0.4365436807831378,0.07049029079769817,0.1614736254370744,0.2983827108196494,0.5747046507466262,22.76263478369219,1. North Central,96,13,4658224.652185401,6.139819415338817,CV < 10%
Post-Planting,Maize flour,22. Kogi,0.14985713909524248,0.01583004763780089,0.10563425762278845,0.11883024572515274,0.18088403246533222,7.813979395680501,1. North Central,96,13,4658224.652185401,6.139819415338817,CV < 10%
Post-Planting,Malt drinks,22. Kogi,0.021734748989208304,0.00394366405164615,0.18144511600314553,0.014005167447981848,0.02946433053043476,1.1333119115801473,1. North Central,96,13,4658224.652185401,6.139819415338817,CV < 10%
Post-Planting,Mangoes,22. Kogi,0,0,NA,0,0,0,1. North Central,96,13,4658224.652185401,6.139819415338817,No estimate
Post-Planting,Meat pie/Sausage roll,22. Kogi,0,0,NA,0,0,0,1. North Central,96,13,4658224.652185401,6.139819415338817,No estimate
Post-Planting,Melon - ground,22. Kogi,0.003785124995194129,0.0014033431504063608,0.37075212897543613,0.0010345724203976617,0.0065356775699905965,0.1973672318922653,1. North Central,96,13,4658224.652185401,6.139819415338817,CV < 10%
Post-Planting,Melon - shelled,22. Kogi,0.030541568962679757,0.003112906345357324,0.10192358975274443,0.0244402725257794,0.03664286539958011,1.59252466733973,1. North Central,96,13,4658224.652185401,6.139819415338817,CV < 10%
Post-Planting,Melon - unshelled,22. Kogi,0,0,NA,0,0,0,1. North Central,96,13,4658224.652185401,6.139819415338817,No estimate
Post-Planting,Milk - tinned,22. Kogi,0,0,NA,0,0,0,1. North Central,96,13,4658224.652185401,6.139819415338817,No estimate
Post-Planting,Milk powder,22. Kogi,3.840681335110069e-5,2.944468360481545e-5,0.7666526075892627,0,9.611839321653896e-5,0.0020026409818788217,1. North Central,96,13,4658224.652185401,6.139819415338817,CV < 10%
Post-Planting,Millet,22. Kogi,0.022688059109133723,0.004522775782433402,0.19934608600400858,0.013823418575564256,0.031552699642703186,1.1830202249762585,1. North Central,96,13,4658224.652185401,6.139819415338817,CV < 10%
Post-Planting,Mutton,22. Kogi,0,0,NA,0,0,0,1. North Central,96,13,4658224.652185401,6.139819415338817,No estimate
Post-Planting,Ogbono - ground,22. Kogi,1.5319847541767951e-4,1.1644390205105802e-4,0.7600852536788371,0,3.814285234377532e-4,0.007988206218207575,1. North Central,96,13,4658224.652185401,6.139819415338817,CV < 10%
Post-Planting,Ogbono - unground,22. Kogi,0.0018086819506841992,9.702826277873333e-4,0.5364584013348996,0,0.0037104359011473726,0.09430984457139038,1. North Central,96,13,4658224.652185401,6.139819415338817,CV < 10%
Post-Planting,Okra - dried,22. Kogi,0.0011827587177439195,4.6534562552844006e-4,0.3934408755963975,2.70681291708177e-4,0.002094836143779662,0.061672418853790094,1. North Central,96,13,4658224.652185401,6.139819415338817,CV < 10%
Post-Planting,Okra - fresh,22. Kogi,0.08421615926843957,0.008312801463439537,0.09870791467635595,0.06792306840009808,0.10050925013678107,4.391271161854349,1. North Central,96,13,4658224.652185401,6.139819415338817,CV < 10%
Post-Planting,Onions,22. Kogi,0.13673167830991775,0.014430285947107139,0.10553725461044418,0.10844831785358776,0.16501503876624773,7.12958036901714,1. North Central,96,13,4658224.652185401,6.139819415338817,CV < 10%
Post-Planting,Orange/Tangerine,22. Kogi,0.008430940862333475,0.004056331333675648,0.4811243964238833,4.805314483292064e-4,0.016381350276337744,0.4396133449645312,1. North Central,96,13,4658224.652185401,6.139819415338817,CV < 10%
Post-Planting,Other alcoholic beverages,22. Kogi,0,0,NA,0,0,0,1. North Central,96,13,4658224.652185401,6.139819415338817,No estimate
Post-Planting,Other domestic poultry,22. Kogi,0,0,NA,0,0,0,1. North Central,96,13,4658224.652185401,6.139819415338817,No estimate
Post-Planting,Other eggs,22. Kogi,0,0,NA,0,0,0,1. North Central,96,13,4658224.652185401,6.139819415338817,No estimate
Post-Planting,Other fish/seafood,22. Kogi,0,0,NA,0,0,0,1. North Central,96,13,4658224.652185401,6.139819415338817,No estimate
Post-Planting,Other fruits,22. Kogi,0,0,NA,0,0,0,1. North Central,96,13,4658224.652185401,6.139819415338817,No estimate
Post-Planting,Other grains/flour,22. Kogi,0,0,NA,0,0,0,1. North Central,96,13,4658224.652185401,6.139819415338817,No estimate
Post-Planting,Other meat,22. Kogi,0,0,NA,0,0,0,1. North Central,96,13,4658224.652185401,6.139819415338817,No estimate
Post-Planting,Other milk products,22. Kogi,0,0,NA,0,0,0,1. North Central,96,13,4658224.652185401,6.139819415338817,No estimate
Post-Planting,Other non-alcoholic drinks,22. Kogi,0,0,NA,0,0,0,1. North Central,96,13,4658224.652185401,6.139819415338817,No estimate
Post-Planting,Other nuts/seeds/pulses,22. Kogi,0,0,NA,0,0,0,1. North Central,96,13,4658224.652185401,6.139819415338817,No estimate
Post-Planting,Other oil/fat,22. Kogi,0,0,NA,0,0,0,1. North Central,96,13,4658224.652185401,6.139819415338817,No estimate
Post-Planting,Other roots/tubers,22. Kogi,0,0,NA,0,0,0,1. North Central,96,13,4658224.652185401,6.139819415338817,No estimate
Post-Planting,Other spices,22. Kogi,0.00542215083113483,3.8957620263378197e-4,0.07184901614997043,0.004658581473972617,0.0061857201882970425,0.2827264361948876,1. North Central,96,13,4658224.652185401,6.139819415338817,CV < 10%
Post-Planting,Other sweets,22. Kogi,0,0,NA,0,0,0,1. North Central,96,13,4658224.652185401,6.139819415338817,No estimate
Post-Planting,Other vegetables,22. Kogi,0,0,NA,0,0,0,1. North Central,96,13,4658224.652185401,6.139819415338817,No estimate
Post-Planting,Palm oil,22. Kogi,0.1287012044268277,0.010759770720640655,0.08360271971470211,0.10761205381437201,0.1497903550392834,6.71084851654173,1. North Central,96,13,4658224.652185401,6.139819415338817,CV < 10%
Post-Planting,Palm wine,22. Kogi,0.009010563980801042,0.005802061608043084,0.6439176970948358,0,0.020382604732565486,0.4698365504274829,1. North Central,96,13,4658224.652185401,6.139819415338817,CV < 10%
Post-Planting,Pawpaw,22. Kogi,0,0,NA,0,0,0,1. North Central,96,13,4658224.652185401,6.139819415338817,No estimate
Post-Planting,Pineapples,22. Kogi,0,0,NA,0,0,0,1. North Central,96,13,4658224.652185401,6.139819415338817,No estimate
Post-Planting,Pito,22. Kogi,0,0,NA,0,0,0,1. North Central,96,13,4658224.652185401,6.139819415338817,No estimate
Post-Planting,Plantains,22. Kogi,0.00750527343996699,0.005308407908097125,0.7072904072793479,0,0.017909752939837355,0.3913464007982787,1. North Central,96,13,4658224.652185401,6.139819415338817,CV < 10%
Post-Planting,Pork,22. Kogi,0,0,NA,0,0,0,1. North Central,96,13,4658224.652185401,6.139819415338817,No estimate
Post-Planting,Potatoes,22. Kogi,0,0,NA,0,0,0,1. North Central,96,13,4658224.652185401,6.139819415338817,No estimate
Post-Planting,Rice - imported,22. Kogi,0.0029144967670484065,0.0028729471223337094,0.985743801405285,0,0.008545473126822477,0.15197018856752403,1. North Central,96,13,4658224.652185401,6.139819415338817,CV < 10%
Post-Planting,Rice - local,22. Kogi,0.3149979529930301,0.04400410590490386,0.1396964821097664,0.2287499054194185,0.4012460005666416,16.424893263208,1. North Central,96,13,4658224.652185401,6.139819415338817,CV < 10%
Post-Planting,Sachet water,22. Kogi,0.1807864966158958,0.06827245838262824,0.37764135961814604,0.04697247818594444,0.3146005150458472,9.426724466400282,1. North Central,96,13,4658224.652185401,6.139819415338817,CV < 10%
Post-Planting,Salt,22. Kogi,0.017693855277211727,0.006406716454785768,0.36208708358981023,0.005136691025831622,0.030251019528591834,0.92260816802604,1. North Central,96,13,4658224.652185401,6.139819415338817,CV < 10%
Post-Planting,Seafood,22. Kogi,0,0,NA,0,0,0,1. North Central,96,13,4658224.652185401,6.139819415338817,No estimate
Post-Planting,Shea butter,22. Kogi,0,0,NA,0,0,0,1. North Central,96,13,4658224.652185401,6.139819415338817,No estimate
Post-Planting,Snails,22. Kogi,0,0,NA,0,0,0,1. North Central,96,13,4658224.652185401,6.139819415338817,No estimate
Post-Planting,Soft drinks,22. Kogi,0.018646705129891063,0.0035683568752983173,0.19136661680664246,0.011652725654306362,0.025640684605475764,0.9722924817728912,1. North Central,96,13,4658224.652185401,6.139819415338817,CV < 10%
Post-Planting,Soya beans,22. Kogi,0.0028731678125421167,0.0017414081555200951,0.6060934373267027,0,0.006286327797361503,0.14981517879683895,1. North Central,96,13,4658224.652185401,6.139819415338817,CV < 10%
Post-Planting,Sugar,22. Kogi,0.012652957185767545,0.0022587235578948807,0.17851349093598182,0.008225859012293578,0.017080055359241512,0.6597613389721648,1. North Central,96,13,4658224.652185401,6.139819415338817,CV < 10%
Post-Planting,Sweet potatoes,22. Kogi,0.006852776516424738,0.006727593168224195,0.9817324630534057,0,0.020038859126144157,0.35732334692786133,1. North Central,96,13,4658224.652185401,6.139819415338817,CV < 10%
Post-Planting,Tea,22. Kogi,5.254481841951239e-4,4.3538846835045975e-4,0.8286040021574789,0,0.001378809582162025,0.027398369604460033,1. North Central,96,13,4658224.652185401,6.139819415338817,CV < 10%
Post-Planting,Tomato puree - canned,22. Kogi,0.0030492363851617006,9.429886419238234e-4,0.3092540304558306,0.0012009786469910067,0.004897494123332394,0.15899589722628865,1. North Central,96,13,4658224.652185401,6.139819415338817,CV < 10%
Post-Planting,Tomatoes,22. Kogi,0.15654282395451985,0.02008534490979384,0.1283057530355349,0.11717554793132393,0.19591009997771577,8.162590106199962,1. North Central,96,13,4658224.652185401,6.139819415338817,CV < 10%
Post-Planting,Watermelon,22. Kogi,0.02173438992446034,0.013075741177132299,0.6016152844675241,0,0.047362842631639646,1.1332931889182893,1. North Central,96,13,4658224.652185401,6.139819415338817,CV < 10%
Post-Planting,Wheat flour,22. Kogi,0.002273259752823944,0.0022408517103303127,0.9857438014052848,0,0.006665329105071357,0.11853425854010566,1. North Central,96,13,4658224.652185401,6.139819415338817,CV < 10%
Post-Planting,White beans,22. Kogi,0.09368955361022874,0.012426797560187506,0.1326380272008339,0.06933303039226123,0.11804607682819625,4.885241009676213,1. North Central,96,13,4658224.652185401,6.139819415338817,CV < 10%
Post-Planting,Wild game/Bush meat,22. Kogi,0,0,NA,0,0,0,1. North Central,96,13,4658224.652185401,6.139819415338817,No estimate
Post-Planting,Yam flour,22. Kogi,0.014669056588202797,0.007440755258063202,0.5072415675352452,8.517628239892126e-5,0.029252936894006674,0.7648865220991459,1. North Central,96,13,4658224.652185401,6.139819415338817,CV < 10%
Post-Planting,Yam roots,22. Kogi,1.42582260444628,0.270477255229474,0.18969909327150428,0.8956871841965109,1.955958024696049,74.3464643746989,1. North Central,96,13,4658224.652185401,6.139819415338817,CV < 10%
Post-Planting,Agricultural eggs,23. Kwara,0.03915201355735091,0.009434413689917232,0.24096879911674152,0.020660562725113133,0.057643464389588686,2.0414978497761544,1. North Central,185,23,3639912.257597376,4.750126744270189,CV < 10%
Post-Planting,Animal fat,23. Kwara,0,0,NA,0,0,0,1. North Central,185,23,3639912.257597376,4.750126744270189,No estimate
Post-Planting,Apples,23. Kwara,0.005179744756952521,0.0026793016310552266,0.5172651852118639,0,0.010431175953820765,0.27008669089823856,1. North Central,185,23,3639912.257597376,4.750126744270189,CV < 10%
Post-Planting,Avocado pear,23. Kwara,0,0,NA,0,0,0,1. North Central,185,23,3639912.257597376,4.750126744270189,No estimate
Post-Planting,Baby milk powder,23. Kwara,0,0,NA,0,0,0,1. North Central,185,23,3639912.257597376,4.750126744270189,No estimate
Post-Planting,Bananas,23. Kwara,0.2858319469103862,0.1272654728211705,0.445245796338751,0.03639162018089201,0.5352722736398804,14.904094374612995,1. North Central,185,23,3639912.257597376,4.750126744270189,CV < 10%
Post-Planting,Beef,23. Kwara,0.09418018061263342,0.018326504861132714,0.19458982497082172,0.0582602310848133,0.13010013014045355,4.910823703373028,1. North Central,185,23,3639912.257597376,4.750126744270189,CV < 10%
Post-Planting,Beer,23. Kwara,0.0021569316183695556,0.0019372868547760126,0.8981679522322666,0,0.0059540138537305404,0.1124685772435554,1. North Central,185,23,3639912.257597376,4.750126744270189,CV < 10%
Post-Planting,Biscuits,23. Kwara,0.01834542583942103,0.006910639283640686,0.3766954958761961,0.004800572843485286,0.03189027883535678,0.9565829187698108,1. North Central,185,23,3639912.257597376,4.750126744270189,CV < 10%
Post-Planting,Bottled water,23. Kwara,0.04294088338403112,0.03391181357735132,0.7897325556642476,0,0.1094080379956397,2.239060347881623,1. North Central,185,23,3639912.257597376,4.750126744270189,CV < 10%
Post-Planting,Bread,23. Kwara,0.2142768701454443,0.02627292712090427,0.12261205375583023,0.16278193298847193,0.2657718073024167,11.173008229012453,1. North Central,185,23,3639912.257597376,4.750126744270189,CV < 10%
Post-Planting,Brown beans,23. Kwara,0.2098397940957822,0.028029944123529063,0.13357782895428635,0.15490110361366524,0.26477848457789915,10.94164640642293,1. North Central,185,23,3639912.257597376,4.750126744270189,CV < 10%
Post-Planting,Buns/Pofpof/Donuts,23. Kwara,0.008609610942918207,0.003914522837132677,0.4546689581080952,9.371461821381611e-4,0.016282075703698252,0.44892971345216365,1. North Central,185,23,3639912.257597376,4.750126744270189,CV < 10%
Post-Planting,Butter/Margarine,23. Kwara,6.200838092261437e-5,6.326739751359644e-5,1.0203039745958422,0,1.8601248004926338e-4,0.003233294148107749,1. North Central,185,23,3639912.257597376,4.750126744270189,CV < 10%
Post-Planting,Cake,23. Kwara,0,0,NA,0,0,0,1. North Central,185,23,3639912.257597376,4.750126744270189,No estimate
Post-Planting,Canned fish/seafood,23. Kwara,0,0,NA,0,0,0,1. North Central,185,23,3639912.257597376,4.750126744270189,No estimate
Post-Planting,Cashew nut,23. Kwara,0,0,NA,0,0,0,1. North Central,185,23,3639912.257597376,4.750126744270189,No estimate
Post-Planting,Cassava flour,23. Kwara,0.10975935059478989,0.03172699890386,0.2890596448678882,0.04757443274322429,0.1719442684463555,5.723166138156901,1. North Central,185,23,3639912.257597376,4.750126744270189,CV < 10%
Post-Planting,Cassava roots,23. Kwara,0.06501233124557601,0.035394729619509395,0.5444310170298339,0,0.13438600129981443,3.389928700662178,1. North Central,185,23,3639912.257597376,4.750126744270189,CV < 10%
Post-Planting,Cheese/wara,23. Kwara,0.016956659441402237,0.005238343019901659,0.3089254129331309,0.0066895071223949856,0.027223811760409486,0.8841686708731167,1. North Central,185,23,3639912.257597376,4.750126744270189,CV < 10%
Post-Planting,Chicken,23. Kwara,0.03767024619369166,0.01601630536811745,0.42517124219909075,0.006278287672181457,0.06906220471520186,1.964234265813922,1. North Central,185,23,3639912.257597376,4.750126744270189,CV < 10%
Post-Planting,Chocolate drinks,23. Kwara,0.001365822381485285,5.444521297014245e-4,0.39862586605833145,2.986962072704931e-4,0.002432948555700077,0.07121788132030414,1. North Central,185,23,3639912.257597376,4.750126744270189,CV < 10%
Post-Planting,Coconut,23. Kwara,0.003711091269359369,0.001963857698810163,0.5291860415896416,0,0.007560252359027289,0.19350690190230996,1. North Central,185,23,3639912.257597376,4.750126744270189,CV < 10%
Post-Planting,Cocoyam,23. Kwara,0,0,NA,0,0,0,1. North Central,185,23,3639912.257597376,4.750126744270189,No estimate
Post-Planting,Coffee,23. Kwara,0,0,NA,0,0,0,1. North Central,185,23,3639912.257597376,4.750126744270189,No estimate
Post-Planting,Dry pepper,23. Kwara,0.0020082283392814974,8.606675580874201e-4,0.4285705670279253,3.21319925430154e-4,0.0036951367531328407,0.10471476340539236,1. North Central,185,23,3639912.257597376,4.750126744270189,CV < 10%
Post-Planting,Duck,23. Kwara,0,0,NA,0,0,0,1. North Central,185,23,3639912.257597376,4.750126744270189,No estimate
Post-Planting,Fish - dried,23. Kwara,0.05020100470408378,0.01267062375054375,0.2523978120603832,0.02536658215301803,0.07503542725514953,2.6176238167129395,1. North Central,185,23,3639912.257597376,4.750126744270189,CV < 10%
Post-Planting,Fish - fresh,23. Kwara,0.06778202304687159,0.023132880637858507,0.3412834199690678,0.022441576996668912,0.11312246909707427,3.5343483445868755,1. North Central,185,23,3639912.257597376,4.750126744270189,CV < 10%
Post-Planting,Fish - frozen,23. Kwara,0.10982661809694219,0.03179671518378837,0.2895173841711298,0.047505056336716985,0.1721481798571674,5.726673657911986,1. North Central,185,23,3639912.257597376,4.750126744270189,CV < 10%
Post-Planting,Fish - smoked,23. Kwara,0.1261559237204099,0.02213805185216375,0.1754816674421622,0.08276534209016895,0.16954650535065086,6.578130308278516,1. North Central,185,23,3639912.257597376,4.750126744270189,CV < 10%
Post-Planting,Fresh milk,23. Kwara,0.00467044638405603,0.0034640196784694174,0.7416892077585748,0,0.011459924953856088,0.24353041859720728,1. North Central,185,23,3639912.257597376,4.750126744270189,CV < 10%
Post-Planting,Fresh pepper,23. Kwara,0.22929783820207877,0.01260072980575425,0.05495354820855007,0.20460040778280045,0.25399526862135713,11.956244420536965,1. North Central,185,23,3639912.257597376,4.750126744270189,CV < 10%
Post-Planting,Fruit juice,23. Kwara,0,0,NA,0,0,0,1. North Central,185,23,3639912.257597376,4.750126744270189,No estimate
Post-Planting,Garden eggs/Eggplant,23. Kwara,0.01703333312052368,0.006977156932392965,0.4096178289371973,0.003358105533033468,0.03070856070801389,0.8881666555701633,1. North Central,185,23,3639912.257597376,4.750126744270189,CV < 10%
Post-Planting,Gari - white,23. Kwara,0.16860469040420387,0.02261277452445794,0.1341171142406969,0.1242836523362663,0.21292572847214142,8.79153028536206,1. North Central,185,23,3639912.257597376,4.750126744270189,CV < 10%
Post-Planting,Gari - yellow,23. Kwara,0.003873958579543374,0.003143987609400068,0.811569753482148,0,0.010036174293967507,0.20199926879047594,1. North Central,185,23,3639912.257597376,4.750126744270189,CV < 10%
Post-Planting,Gin,23. Kwara,0,0,NA,0,0,0,1. North Central,185,23,3639912.257597376,4.750126744270189,No estimate
Post-Planting,Goat,23. Kwara,0.02187142919975358,0.01602198108363406,0.732553000414558,0,0.053274512123676336,1.1404388082728654,1. North Central,185,23,3639912.257597376,4.750126744270189,CV < 10%
Post-Planting,Ground pepper,23. Kwara,0.0027716225447203145,0.001034476045476989,0.3732384293985379,7.440494955854161e-4,0.004799195593855212,0.14452031840327353,1. North Central,185,23,3639912.257597376,4.750126744270189,CV < 10%
Post-Planting,Groundnut oil,23. Kwara,0.06367358128163389,0.006545515297617448,0.10279797627003347,0.050844371298303694,0.07650279126496409,3.3201224525423387,1. North Central,185,23,3639912.257597376,4.750126744270189,CV < 10%
Post-Planting,Groundnuts - shelled,23. Kwara,0.001900448918677329,0.001167404406990121,0.6142782347460352,0,0.004188561556377967,0.0990948364738893,1. North Central,185,23,3639912.257597376,4.750126744270189,CV < 10%
Post-Planting,Groundnuts - unshelled,23. Kwara,0.0015649276652207062,0.0011466961797158668,0.7327470816704776,0,0.003812452177463805,0.08159979968650825,1. North Central,185,23,3639912.257597376,4.750126744270189,CV < 10%
Post-Planting,Guava,23. Kwara,0.001665082821001821,0.0016955109827813029,1.018274263235251,0,0.004988284347253175,0.08682217566652352,1. North Central,185,23,3639912.257597376,4.750126744270189,CV < 10%
Post-Planting,Guinea corn / sorghum,23. Kwara,0.32322563814788074,0.06577702628877334,0.20350188390278412,0.194302666621885,0.4521486096738765,16.853908274853783,1. North Central,185,23,3639912.257597376,4.750126744270189,CV < 10%
Post-Planting,Honey,23. Kwara,0.0014423415473945869,0.001005872605683316,0.6973886369010874,0,0.0034138518545338862,0.07520780925700346,1. North Central,185,23,3639912.257597376,4.750126744270189,CV < 10%
Post-Planting,Kola nut,23. Kwara,9.512885025314103e-4,5.053338164459088e-4,0.5312098433873622,0,0.0019417427827653913,0.049602900489137826,1. North Central,185,23,3639912.257597376,4.750126744270189,CV < 10%
Post-Planting,Leaves,23. Kwara,0.018215049861803896,0.0064088978163451115,0.3518462955066771,0.005653610141767478,0.030776489581840316,0.9497847427940603,1. North Central,185,23,3639912.257597376,4.750126744270189,CV < 10%
Post-Planting,Local eggs,23. Kwara,4.3784583714663074e-4,3.630596413584313e-4,0.8291951425744533,0,0.0011494427342091562,0.02283053293693146,1. North Central,185,23,3639912.257597376,4.750126744270189,CV < 10%
Post-Planting,Maize - shelled/off cob,23. Kwara,0.02765932917918268,0.012519222527478465,0.45262205913876047,0.0031216530253248866,0.052197005333040475,1.4422364500573825,1. North Central,185,23,3639912.257597376,4.750126744270189,CV < 10%
Post-Planting,Maize - unshelled/on cob,23. Kwara,0.06220775350916027,0.03042887857335391,0.4891492917980581,0.0025671515053866042,0.12184835551293394,3.243690004406214,1. North Central,185,23,3639912.257597376,4.750126744270189,CV < 10%
Post-Planting,Maize flour,23. Kwara,0.15276138504864306,0.04151920649481187,0.27179124149464284,0.0713837403188118,0.23413902977847434,7.965415077536389,1. North Central,185,23,3639912.257597376,4.750126744270189,CV < 10%
Post-Planting,Malt drinks,23. Kwara,0.016203722489844842,0.005427420907437565,0.3349490162423496,0.005565977511267216,0.02684146746842247,0.844908386970481,1. North Central,185,23,3639912.257597376,4.750126744270189,CV < 10%
Post-Planting,Mangoes,23. Kwara,0,0,NA,0,0,0,1. North Central,185,23,3639912.257597376,4.750126744270189,No estimate
Post-Planting,Meat pie/Sausage roll,23. Kwara,6.45713255197712e-4,3.756201331011701e-4,0.5817135238863237,0,0.0013819287160760055,0.03366933402102355,1. North Central,185,23,3639912.257597376,4.750126744270189,CV < 10%
Post-Planting,Melon - ground,23. Kwara,0.005235275733641326,0.0010514485198569715,0.20083918657817293,0.0031744366347216616,0.00729611483256099,0.27298223468272625,1. North Central,185,23,3639912.257597376,4.750126744270189,CV < 10%
Post-Planting,Melon - shelled,23. Kwara,0.004463457080365405,0.0018986410621696567,0.4253745533975702,7.421205985128779e-4,0.008184793562217931,0.23273740490476755,1. North Central,185,23,3639912.257597376,4.750126744270189,CV < 10%
Post-Planting,Melon - unshelled,23. Kwara,3.26395958985741e-5,3.385897129406888e-5,1.037358777335477,0,9.90031796349491e-5,0.0017019217861399352,1. North Central,185,23,3639912.257597376,4.750126744270189,CV < 10%
Post-Planting,Milk - tinned,23. Kwara,0.0034745759821081575,0.0021741382606365886,0.6257276490230776,0,0.007735886972955871,0.1811743190670682,1. North Central,185,23,3639912.257597376,4.750126744270189,CV < 10%
Post-Planting,Milk powder,23. Kwara,0.005755061399698643,9.064160297085759e-4,0.15749893298376266,0.003978485981469834,0.007531636817927452,0.30008534441285784,1. North Central,185,23,3639912.257597376,4.750126744270189,CV < 10%
Post-Planting,Millet,23. Kwara,0.09993441028262864,0.027831548006840588,0.27849814621539304,0.04538457618922109,0.1544842443760362,5.210865679022779,1. North Central,185,23,3639912.257597376,4.750126744270189,CV < 10%
Post-Planting,Mutton,23. Kwara,0,0,NA,0,0,0,1. North Central,185,23,3639912.257597376,4.750126744270189,No estimate
Post-Planting,Ogbono - ground,23. Kwara,0,0,NA,0,0,0,1. North Central,185,23,3639912.257597376,4.750126744270189,No estimate
Post-Planting,Ogbono - unground,23. Kwara,0,0,NA,0,0,0,1. North Central,185,23,3639912.257597376,4.750126744270189,No estimate
Post-Planting,Okra - dried,23. Kwara,4.83853511417257e-4,2.37530326121541e-4,0.4909137177196257,1.8294072219036603e-5,0.00094941295061547735,0.025229504523899826,1. North Central,185,23,3639912.257597376,4.750126744270189,CV < 10%
Post-Planting,Okra - fresh,23. Kwara,0.09397591952536344,0.007345264817585058,0.07816113803071245,0.07957920048289673,0.10837263856783015,4.900172946679666,1. North Central,185,23,3639912.257597376,4.750126744270189,CV < 10%
Post-Planting,Onions,23. Kwara,0.2487143588656506,0.020616662551829902,0.08289293246220061,0.208305700264064,0.28912301746723723,12.968677283708924,1. North Central,185,23,3639912.257597376,4.750126744270189,CV < 10%
Post-Planting,Orange/Tangerine,23. Kwara,0.0852609803732468,0.016019146911201012,0.18788368185627272,0.05386345242729281,0.11665850831920077,4.445751119462154,1. North Central,185,23,3639912.257597376,4.750126744270189,CV < 10%
Post-Planting,Other alcoholic beverages,23. Kwara,0,0,NA,0,0,0,1. North Central,185,23,3639912.257597376,4.750126744270189,No estimate
Post-Planting,Other domestic poultry,23. Kwara,0,0,NA,0,0,0,1. North Central,185,23,3639912.257597376,4.750126744270189,No estimate
Post-Planting,Other eggs,23. Kwara,0,0,NA,0,0,0,1. North Central,185,23,3639912.257597376,4.750126744270189,No estimate
Post-Planting,Other fish/seafood,23. Kwara,0,0,NA,0,0,0,1. North Central,185,23,3639912.257597376,4.750126744270189,No estimate
Post-Planting,Other fruits,23. Kwara,0,0,NA,0,0,0,1. North Central,185,23,3639912.257597376,4.750126744270189,No estimate
Post-Planting,Other grains/flour,23. Kwara,0.00814666777138935,0.006165614636709168,0.7568265712715656,0,0.020231272459339318,0.42479053379387327,1. North Central,185,23,3639912.257597376,4.750126744270189,CV < 10%
Post-Planting,Other meat,23. Kwara,0,0,NA,0,0,0,1. North Central,185,23,3639912.257597376,4.750126744270189,No estimate
Post-Planting,Other milk products,23. Kwara,0,0,NA,0,0,0,1. North Central,185,23,3639912.257597376,4.750126744270189,No estimate
Post-Planting,Other non-alcoholic drinks,23. Kwara,4.8823558203393494e-4,4.967652199817025e-4,1.0174703324821883,0,0.0014618954131980718,0.02545799820605518,1. North Central,185,23,3639912.257597376,4.750126744270189,CV < 10%
Post-Planting,Other nuts/seeds/pulses,23. Kwara,0,0,NA,0,0,0,1. North Central,185,23,3639912.257597376,4.750126744270189,No estimate
Post-Planting,Other oil/fat,23. Kwara,0,0,NA,0,0,0,1. North Central,185,23,3639912.257597376,4.750126744270189,No estimate
Post-Planting,Other roots/tubers,23. Kwara,0,0,NA,0,0,0,1. North Central,185,23,3639912.257597376,4.750126744270189,No estimate
Post-Planting,Other spices,23. Kwara,0.0015722018216860645,2.776282093719174e-4,0.17658560468666973,0.0010280505313171064,0.002116353112055023,0.08197909498791622,1. North Central,185,23,3639912.257597376,4.750126744270189,CV < 10%
Post-Planting,Other sweets,23. Kwara,6.403090138304575e-5,6.51495425193416e-5,1.0174703324821854,0,0.00019172400472095529,0.003338754143544529,1. North Central,185,23,3639912.257597376,4.750126744270189,CV < 10%
Post-Planting,Other vegetables,23. Kwara,0,0,NA,0,0,0,1. North Central,185,23,3639912.257597376,4.750126744270189,No estimate
Post-Planting,Palm oil,23. Kwara,0.6392542592684345,0.4102508055543366,0.6417646806512162,0,1.4433458381549342,33.33254351899694,1. North Central,185,23,3639912.257597376,4.750126744270189,CV < 10%
Post-Planting,Palm wine,23. Kwara,0.0036785197832270296,0.002152490822728575,0.5851513515146232,0,0.007897401795775036,0.19180853155398084,1. North Central,185,23,3639912.257597376,4.750126744270189,CV < 10%
Post-Planting,Pawpaw,23. Kwara,0.0062581336893659375,0.004544023337840065,0.7260987961253441,0,0.015164419431532464,0.3263169709455096,1. North Central,185,23,3639912.257597376,4.750126744270189,CV < 10%
Post-Planting,Pineapples,23. Kwara,0.008507335665950973,0.0043560795565912094,0.5120380490011235,0,0.017045251596869745,0.443596788296015,1. North Central,185,23,3639912.257597376,4.750126744270189,CV < 10%
Post-Planting,Pito,23. Kwara,0,0,NA,0,0,0,1. North Central,185,23,3639912.257597376,4.750126744270189,No estimate
Post-Planting,Plantains,23. Kwara,0.06954582426057605,0.024995870144892705,0.3594158299316081,0.020553918776586348,0.11853772974456575,3.6263179793014655,1. North Central,185,23,3639912.257597376,4.750126744270189,CV < 10%
Post-Planting,Pork,23. Kwara,0,0,NA,0,0,0,1. North Central,185,23,3639912.257597376,4.750126744270189,No estimate
Post-Planting,Potatoes,23. Kwara,0,0,NA,0,0,0,1. North Central,185,23,3639912.257597376,4.750126744270189,No estimate
Post-Planting,Rice - imported,23. Kwara,0.3235188604579202,0.07088043347597649,0.2190921214783267,0.18459321084500632,0.4624445100708341,16.869197723877267,1. North Central,185,23,3639912.257597376,4.750126744270189,CV < 10%
Post-Planting,Rice - local,23. Kwara,0.22465946375105386,0.0710647693935264,0.3163221713743321,0.08537251573974211,0.36394641176236564,11.714386324162094,1. North Central,185,23,3639912.257597376,4.750126744270189,CV < 10%
Post-Planting,Sachet water,23. Kwara,1.5551151089188635,0.5225977296673916,0.33605083422455356,0.5308235587707759,2.579406659066951,81.08814496505502,1. North Central,185,23,3639912.257597376,4.750126744270189,CV < 10%
Post-Planting,Salt,23. Kwara,0.032409575845363275,0.0029154577901103237,0.08995667836015286,0.026695278576747042,0.03812387311397951,1.6899278833653708,1. North Central,185,23,3639912.257597376,4.750126744270189,CV < 10%
Post-Planting,Seafood,23. Kwara,0,0,NA,0,0,0,1. North Central,185,23,3639912.257597376,4.750126744270189,No estimate
Post-Planting,Shea butter,23. Kwara,0.0016488693509157256,0.001677822873251163,1.0175596218823266,0,0.004937402182488005,0.08597675901203426,1. North Central,185,23,3639912.257597376,4.750126744270189,CV < 10%
Post-Planting,Snails,23. Kwara,0.0015540901449488643,0.0012778177980786237,0.8222288792138689,0,0.004058613029182967,0.08103470041519079,1. North Central,185,23,3639912.257597376,4.750126744270189,CV < 10%
Post-Planting,Soft drinks,23. Kwara,0.16403086331078368,0.05036193308127971,0.30702717808575253,0.06532147447147545,0.2627402521500919,8.55303787263372,1. North Central,185,23,3639912.257597376,4.750126744270189,CV < 10%
Post-Planting,Soya beans,23. Kwara,0.003700781623118835,0.0032133090467055953,0.8682784811273403,0,0.009998867354661801,0.19296932749119639,1. North Central,185,23,3639912.257597376,4.750126744270189,CV < 10%
Post-Planting,Sugar,23. Kwara,0.027942582133074094,0.0022910077649165024,0.08198983737457688,0.02345220691383775,0.032432957352310436,1.4570060683674348,1. North Central,185,23,3639912.257597376,4.750126744270189,CV < 10%
Post-Planting,Sweet potatoes,23. Kwara,0.12045537854078767,0.036205362312693945,0.3005707403960743,0.049492868407907536,0.1914178886736678,6.280887595341071,1. North Central,185,23,3639912.257597376,4.750126744270189,CV < 10%
Post-Planting,Tea,23. Kwara,0.0038930017969753656,0.0021565073132585465,0.5539445974399566,0,0.008119756130962117,0.20299223655657264,1. North Central,185,23,3639912.257597376,4.750126744270189,CV < 10%
Post-Planting,Tomato puree - canned,23. Kwara,0.0045008555870851485,0.0010261504272110551,0.22799008040949217,0.0024896007497514803,0.006512110424418817,0.23468746989801131,1. North Central,185,23,3639912.257597376,4.750126744270189,CV < 10%
Post-Planting,Tomatoes,23. Kwara,0.3474544211519461,0.020793684286236624,0.05984578989467885,0.3066987999509223,0.38821004235296985,18.117266245780048,1. North Central,185,23,3639912.257597376,4.750126744270189,CV < 10%
Post-Planting,Watermelon,23. Kwara,0.22209796085871686,0.06597372506873328,0.29704786488652696,0.09278945972399963,0.35140646199343406,11.58082224477595,1. North Central,185,23,3639912.257597376,4.750126744270189,CV < 10%
Post-Planting,Wheat flour,23. Kwara,0.03834507303460955,0.018804728895155432,0.49040795614556876,0.0014878044001049029,0.0752023416691142,1.9994216653760695,1. North Central,185,23,3639912.257597376,4.750126744270189,CV < 10%
Post-Planting,White beans,23. Kwara,0.08267849802603343,0.024126484011347912,0.2918108648242627,0.03539058936379152,0.12996640668827533,4.311093111357457,1. North Central,185,23,3639912.257597376,4.750126744270189,CV < 10%
Post-Planting,Wild game/Bush meat,23. Kwara,4.699788319601284e-4,4.6974684379212607e-4,0.9995063859216067,0,0.0013906826457926954,0.024506039095063836,1. North Central,185,23,3639912.257597376,4.750126744270189,CV < 10%
Post-Planting,Yam flour,23. Kwara,0.16865312231575114,0.04160642770872094,0.24669823562961193,0.0871045240066581,0.2502017206248442,8.794055663607024,1. North Central,185,23,3639912.257597376,4.750126744270189,CV < 10%
Post-Planting,Yam roots,23. Kwara,0.9260084957023929,0.13874277486936937,0.14982883581875853,0.654072656958429,1.1979443344463567,48.284728704481914,1. North Central,185,23,3639912.257597376,4.750126744270189,CV < 10%
Post-Planting,Agricultural eggs,24. Lagos,0.055676634102450995,0.010474691167424029,0.18813441825792612,0.035146239414299896,0.0762070287906021,2.9031387781992306,6. South West,199,37,13975103.864430366,4.523563020416786,CV < 10%
Post-Planting,Animal fat,24. Lagos,0,0,NA,0,0,0,6. South West,199,37,13975103.864430366,4.523563020416786,No estimate
Post-Planting,Apples,24. Lagos,0.031008706723062964,0.007630352363719206,0.24607128674747575,0.016053216090173322,0.045964197355952606,1.616882564845426,6. South West,199,37,13975103.864430366,4.523563020416786,CV < 10%
Post-Planting,Avocado pear,24. Lagos,0.005167205562357995,0.0032419733930556588,0.6274132805307288,0,0.011521473412747086,0.26943286146580975,6. South West,199,37,13975103.864430366,4.523563020416786,CV < 10%
Post-Planting,Baby milk powder,24. Lagos,4.1301520410219476e-4,3.6721760415075246e-4,0.8891140096137712,0,0.0011327617082376696,0.021535792785328724,6. South West,199,37,13975103.864430366,4.523563020416786,CV < 10%
Post-Planting,Bananas,24. Lagos,0.07677729120225123,0.01998208554019484,0.2602603611992101,0.03761240354346934,0.11594217886103311,4.003387326974528,6. South West,199,37,13975103.864430366,4.523563020416786,CV < 10%
Post-Planting,Beef,24. Lagos,0.0624920597484843,0.008203325705460618,0.1312698883422479,0.04641354136578149,0.0785705781311871,3.2585145440281096,6. South West,199,37,13975103.864430366,4.523563020416786,CV < 10%
Post-Planting,Beer,24. Lagos,0.02004662316945983,0.008971923154590467,0.4475528411318075,0.002461653786462518,0.03763159255245714,1.045288208121834,6. South West,199,37,13975103.864430366,4.523563020416786,CV < 10%
Post-Planting,Biscuits,24. Lagos,0.013077159713056138,0.0021419159313906177,0.16379060731759243,0.008879004487530527,0.017275314938581747,0.6818804707522129,6. South West,199,37,13975103.864430366,4.523563020416786,CV < 10%
Post-Planting,Bottled water,24. Lagos,0.043708529532859045,0.028508961065709007,0.6522516627853299,0,0.0995860932216487,2.2790876113562217,6. South West,199,37,13975103.864430366,4.523563020416786,CV < 10%
Post-Planting,Bread,24. Lagos,0.25875360852065776,0.014958860186702751,0.05781121381156894,0.22943424255472036,0.28807297448659513,13.49215244429144,6. South West,199,37,13975103.864430366,4.523563020416786,CV < 10%
Post-Planting,Brown beans,24. Lagos,0.3874919416254752,0.05349909776049199,0.1380650589430858,0.2826337100149109,0.49235017323603947,20.20493695618549,6. South West,199,37,13975103.864430366,4.523563020416786,CV < 10%
Post-Planting,Buns/Pofpof/Donuts,24. Lagos,0.00883069085896636,0.002893849912206524,0.3277036823532572,0.003158745031041574,0.014502636686891147,0.46045745193181736,6. South West,199,37,13975103.864430366,4.523563020416786,CV < 10%
Post-Planting,Butter/Margarine,24. Lagos,0.0049505332511281435,0.001364125345078278,0.27555119335223466,0.002276847574774719,0.0076242189274815676,0.2581349480945389,6. South West,199,37,13975103.864430366,4.523563020416786,CV < 10%
Post-Planting,Cake,24. Lagos,0.007060888443363518,0.0026487307655151332,0.3751271227071513,0.001869376142953857,0.012252400743773179,0.36817489740395487,6. South West,199,37,13975103.864430366,4.523563020416786,CV < 10%
Post-Planting,Canned fish/seafood,24. Lagos,2.0113916293780138e-4,1.4390629891716724e-4,0.7154563875840909,0,4.8319550881544915e-4,0.010487970638899642,6. South West,199,37,13975103.864430366,4.523563020416786,CV < 10%
Post-Planting,Cashew nut,24. Lagos,0,0,NA,0,0,0,6. South West,199,37,13975103.864430366,4.523563020416786,No estimate
Post-Planting,Cassava flour,24. Lagos,0.0208271390285243,0.0062245481635817106,0.29886717302154336,0.008627024627904146,0.03302725342914445,1.085986535058767,6. South West,199,37,13975103.864430366,4.523563020416786,CV < 10%
Post-Planting,Cassava roots,24. Lagos,0,0,NA,0,0,0,6. South West,199,37,13975103.864430366,4.523563020416786,No estimate
Post-Planting,Cheese/wara,24. Lagos,0.0020180855281159726,0.001107934961938101,0.5490029765846632,0,0.00418963805351465,0.10522874539461857,6. South West,199,37,13975103.864430366,4.523563020416786,CV < 10%
Post-Planting,Chicken,24. Lagos,0.09080174032374232,0.012355385182667879,0.13606991604584107,0.06658518536571327,0.11501829528177136,4.734662174023706,6. South West,199,37,13975103.864430366,4.523563020416786,CV < 10%
Post-Planting,Chocolate drinks,24. Lagos,0.009322151877191319,0.0015727786402247588,0.16871411890133495,0.006239505742350791,0.012404798012031846,0.4860836335964045,6. South West,199,37,13975103.864430366,4.523563020416786,CV < 10%
Post-Planting,Coconut,24. Lagos,0.006767125075291152,0.003567943488465902,0.5272465705552801,0,0.013760294312684319,0.3528572360687529,6. South West,199,37,13975103.864430366,4.523563020416786,CV < 10%
Post-Planting,Cocoyam,24. Lagos,0.01474022255303998,0.012357210984895456,0.8383327280460187,0,0.03896035608343507,0.7685973188370846,6. South West,199,37,13975103.864430366,4.523563020416786,CV < 10%
Post-Planting,Coffee,24. Lagos,3.445543614110542e-4,2.5683927213957696e-4,0.7454245277515645,0,8.479593348046251e-4,0.017966048845004967,6. South West,199,37,13975103.864430366,4.523563020416786,CV < 10%
Post-Planting,Dry pepper,24. Lagos,9.044798523436672e-4,5.354550136859766e-4,0.5920032517015366,0,0.0019539716791681814,0.04716216372934836,6. South West,199,37,13975103.864430366,4.523563020416786,CV < 10%
Post-Planting,Duck,24. Lagos,0,0,NA,0,0,0,6. South West,199,37,13975103.864430366,4.523563020416786,No estimate
Post-Planting,Fish - dried,24. Lagos,0.011308906165387399,0.0025306316488580057,0.22377333509083158,0.006348868133625707,0.01626894419714909,0.5896786786237715,6. South West,199,37,13975103.864430366,4.523563020416786,CV < 10%
Post-Planting,Fish - fresh,24. Lagos,0.06389953733732798,0.020851706584072458,0.3263201496122819,0.023030192432545962,0.10476888224210999,3.3319044468749586,6. South West,199,37,13975103.864430366,4.523563020416786,CV < 10%
Post-Planting,Fish - frozen,24. Lagos,0.09802314107971916,0.012009012588225454,0.12251201559087868,0.07448547640679727,0.12156080575264104,5.1112066420139275,6. South West,199,37,13975103.864430366,4.523563020416786,CV < 10%
Post-Planting,Fish - smoked,24. Lagos,0.08029962428158001,0.01514892401442902,0.18865498001967668,0.05060773321329913,0.10999151534986089,4.187051837539529,6. South West,199,37,13975103.864430366,4.523563020416786,CV < 10%
Post-Planting,Fresh milk,24. Lagos,0,0,NA,0,0,0,6. South West,199,37,13975103.864430366,4.523563020416786,No estimate
Post-Planting,Fresh pepper,24. Lagos,0.17927673827509058,0.014170445112878365,0.07904229655904702,0.15150266585384897,0.2070508106963322,9.348001352915437,6. South West,199,37,13975103.864430366,4.523563020416786,CV < 10%
Post-Planting,Fruit juice,24. Lagos,0.0034248066018311035,0.001779382863262117,0.5195571809254146,0,0.006912397013824853,0.17857920138119326,6. South West,199,37,13975103.864430366,4.523563020416786,CV < 10%
Post-Planting,Garden eggs/Eggplant,24. Lagos,0.013585124535256034,0.004391815841021418,0.32328123526757546,0.004977165486854056,0.022193083583658013,0.7083672079097789,6. South West,199,37,13975103.864430366,4.523563020416786,CV < 10%
Post-Planting,Gari - white,24. Lagos,0.20290548968010852,0.03613469651332965,0.17808634241635332,0.1320814845139824,0.27372949484623466,10.580071961891374,6. South West,199,37,13975103.864430366,4.523563020416786,CV < 10%
Post-Planting,Gari - yellow,24. Lagos,0.16804516138188497,0.025794879407392914,0.15349968541357578,0.11748719774339486,0.21860312502037507,8.762354843484001,6. South West,199,37,13975103.864430366,4.523563020416786,CV < 10%
Post-Planting,Gin,24. Lagos,1.0280069620520429e-4,1.0378898838035051e-4,1.0096136720044526,0,3.062271134306913e-4,0.005360322016414224,6. South West,199,37,13975103.864430366,4.523563020416786,CV < 10%
Post-Planting,Goat,24. Lagos,0.008255774724099482,0.004633505733641675,0.5612442064481217,0,0.017337445962037165,0.43047968204233017,6. South West,199,37,13975103.864430366,4.523563020416786,CV < 10%
Post-Planting,Ground pepper,24. Lagos,0.004771999357589979,9.788822807578605e-4,0.20513043012064217,0.0028533900873045728,0.006690608627875386,0.24882568078862036,6. South West,199,37,13975103.864430366,4.523563020416786,CV < 10%
Post-Planting,Groundnut oil,24. Lagos,0.07703307333431807,0.012762031741461313,0.16566951296458082,0.05201949112105389,0.10204665554758224,4.016724538146585,6. South West,199,37,13975103.864430366,4.523563020416786,CV < 10%
Post-Planting,Groundnuts - shelled,24. Lagos,0.00558213945533284,0.001629398410817508,0.29189496676957416,0.002388518570130524,0.008775760340535156,0.2910687001709267,6. South West,199,37,13975103.864430366,4.523563020416786,CV < 10%
Post-Planting,Groundnuts - unshelled,24. Lagos,0.0066473970116745365,0.0031347598177356682,0.47157704169470016,5.032677689126271e-4,0.012791526254436445,0.3466142727516008,6. South West,199,37,13975103.864430366,4.523563020416786,CV < 10%
Post-Planting,Guava,24. Lagos,0,0,NA,0,0,0,6. South West,199,37,13975103.864430366,4.523563020416786,No estimate
Post-Planting,Guinea corn / sorghum,24. Lagos,0.003187715725415699,0.0018465481780246258,0.5792700281590586,0,0.0068069501543439655,0.16621660568239002,6. South West,199,37,13975103.864430366,4.523563020416786,CV < 10%
Post-Planting,Honey,24. Lagos,0.00269493605849646,6.27682480166757e-4,0.23291182667871876,0.0014646783973696162,0.003925193719623304,0.14052166590731544,6. South West,199,37,13975103.864430366,4.523563020416786,CV < 10%
Post-Planting,Kola nut,24. Lagos,3.963282612117034e-4,2.0491108178357658e-4,0.5170236438781763,0,7.979539815075135e-4,0.02066568790603882,6. South West,199,37,13975103.864430366,4.523563020416786,CV < 10%
Post-Planting,Leaves,24. Lagos,0.04439072906266728,0.013183135046101132,0.29697946675960735,0.01855178437230906,0.0702296737530255,2.314659443981937,6. South West,199,37,13975103.864430366,4.523563020416786,CV < 10%
Post-Planting,Local eggs,24. Lagos,0.0015243276411875432,9.008175075753192e-4,0.5909605541716267,0,0.003289929956035169,0.07948279843335047,6. South West,199,37,13975103.864430366,4.523563020416786,CV < 10%
Post-Planting,Maize - shelled/off cob,24. Lagos,0.004258447961101566,0.0019391970062425097,0.4553764714177422,4.57621828866247e-4,0.008059274093336885,0.2220476436860102,6. South West,199,37,13975103.864430366,4.523563020416786,CV < 10%
Post-Planting,Maize - unshelled/on cob,24. Lagos,0.03180804887991266,0.01487640258025007,0.46769302437927207,0.002650299822622524,0.060965797937202804,1.6585625487383031,6. South West,199,37,13975103.864430366,4.523563020416786,CV < 10%
Post-Planting,Maize flour,24. Lagos,0.012998695029853543,0.006840169610298907,0.5262197162553152,0,0.0264054274660394,0.6777890979852205,6. South West,199,37,13975103.864430366,4.523563020416786,CV < 10%
Post-Planting,Malt drinks,24. Lagos,0.038262042815800104,0.014617903135701504,0.38204711667054847,0.009610952669825156,0.06691313296177505,1.9950922325381484,6. South West,199,37,13975103.864430366,4.523563020416786,CV < 10%
Post-Planting,Mangoes,24. Lagos,0,0,NA,0,0,0,6. South West,199,37,13975103.864430366,4.523563020416786,No estimate
Post-Planting,Meat pie/Sausage roll,24. Lagos,0.001014153598266343,4.287459391762764e-4,0.42276233098142263,1.7381155748084117e-4,0.0018544956390518447,0.052880866195316456,6. South West,199,37,13975103.864430366,4.523563020416786,CV < 10%
Post-Planting,Melon - ground,24. Lagos,0.00452185526754314,0.0010592169702380236,0.23424389052008027,0.002445790005876614,0.006597920529209667,0.23578245323617805,6. South West,199,37,13975103.864430366,4.523563020416786,CV < 10%
Post-Planting,Melon - shelled,24. Lagos,0.00294917689918883,7.332350013630503e-4,0.2486236080191481,0.0015120362965172515,0.004386317501860409,0.15377850974341759,6. South West,199,37,13975103.864430366,4.523563020416786,CV < 10%
Post-Planting,Melon - unshelled,24. Lagos,0,0,NA,0,0,0,6. South West,199,37,13975103.864430366,4.523563020416786,No estimate
Post-Planting,Milk - tinned,24. Lagos,0.005863316407288921,0.002896976224388511,0.4940849210844506,1.8524300748743935e-4,0.011541389807090402,0.3057300698086366,6. South West,199,37,13975103.864430366,4.523563020416786,CV < 10%
Post-Planting,Milk powder,24. Lagos,0.01181451020090278,0.0013051209888766129,0.11046763400965068,0.00925647306270462,0.014372547339100941,0.6160423176185021,6. South West,199,37,13975103.864430366,4.523563020416786,CV < 10%
Post-Planting,Millet,24. Lagos,0.010806967916602234,0.005693473446092112,0.5268335660870703,0,0.021966175870942774,0.5635061842228308,6. South West,199,37,13975103.864430366,4.523563020416786,CV < 10%
Post-Planting,Mutton,24. Lagos,0,0,NA,0,0,0,6. South West,199,37,13975103.864430366,4.523563020416786,No estimate
Post-Planting,Ogbono - ground,24. Lagos,0.002819311597301054,4.2529803177194814e-4,0.1508517299680847,0.0019857274550280357,0.003652895739574072,0.14700696185926923,6. South West,199,37,13975103.864430366,4.523563020416786,CV < 10%
Post-Planting,Ogbono - unground,24. Lagos,4.8503091410787203e-4,2.3784977741832377e-4,0.4903806551295933,1.884535036795744e-5,9.512164778477867e-4,0.025290897664196184,6. South West,199,37,13975103.864430366,4.523563020416786,CV < 10%
Post-Planting,Okra - dried,24. Lagos,0,0,NA,0,0,0,6. South West,199,37,13975103.864430366,4.523563020416786,No estimate
Post-Planting,Okra - fresh,24. Lagos,0.041161564036886554,0.0062779904628052705,0.1525206976386832,0.028856702729788224,0.05346642534398488,2.1462815533519417,6. South West,199,37,13975103.864430366,4.523563020416786,CV < 10%
Post-Planting,Onions,24. Lagos,0.17762697127321467,0.009035264725277476,0.05086651346084148,0.1599178524116708,0.19533609013475853,9.261977787817623,6. South West,199,37,13975103.864430366,4.523563020416786,CV < 10%
Post-Planting,Orange/Tangerine,24. Lagos,0.09631014893812787,0.021839102250523348,0.22675805708236785,0.053505508527102105,0.1391147893491536,5.021886337488096,6. South West,199,37,13975103.864430366,4.523563020416786,CV < 10%
Post-Planting,Other alcoholic beverages,24. Lagos,0,0,NA,0,0,0,6. South West,199,37,13975103.864430366,4.523563020416786,No estimate
Post-Planting,Other domestic poultry,24. Lagos,0.0011813163136611456,0.0011025431801667282,0.9333174928819166,0,0.003342300946787933,0.06159720778375973,6. South West,199,37,13975103.864430366,4.523563020416786,CV < 10%
Post-Planting,Other eggs,24. Lagos,0,0,NA,0,0,0,6. South West,199,37,13975103.864430366,4.523563020416786,No estimate
Post-Planting,Other fish/seafood,24. Lagos,0,0,NA,0,0,0,6. South West,199,37,13975103.864430366,4.523563020416786,No estimate
Post-Planting,Other fruits,24. Lagos,0,0,NA,0,0,0,6. South West,199,37,13975103.864430366,4.523563020416786,No estimate
Post-Planting,Other grains/flour,24. Lagos,0.00218683169607815,0.0015134481266734282,0.6920734363726464,0,0.00515319002435807,0.11402765272407497,6. South West,199,37,13975103.864430366,4.523563020416786,CV < 10%
Post-Planting,Other meat,24. Lagos,0,0,NA,0,0,0,6. South West,199,37,13975103.864430366,4.523563020416786,No estimate
Post-Planting,Other milk products,24. Lagos,0,0,NA,0,0,0,6. South West,199,37,13975103.864430366,4.523563020416786,No estimate
Post-Planting,Other non-alcoholic drinks,24. Lagos,0,0,NA,0,0,0,6. South West,199,37,13975103.864430366,4.523563020416786,No estimate
Post-Planting,Other nuts/seeds/pulses,24. Lagos,0,0,NA,0,0,0,6. South West,199,37,13975103.864430366,4.523563020416786,No estimate
Post-Planting,Other oil/fat,24. Lagos,0,0,NA,0,0,0,6. South West,199,37,13975103.864430366,4.523563020416786,No estimate
Post-Planting,Other roots/tubers,24. Lagos,0,0,NA,0,0,0,6. South West,199,37,13975103.864430366,4.523563020416786,No estimate
Post-Planting,Other spices,24. Lagos,0.004133258187857822,4.6022763114640116e-4,0.11134741896801931,0.003231212030810876,0.005035304344904769,0.21551989122401502,6. South West,199,37,13975103.864430366,4.523563020416786,CV < 10%
Post-Planting,Other sweets,24. Lagos,0,0,NA,0,0,0,6. South West,199,37,13975103.864430366,4.523563020416786,No estimate
Post-Planting,Other vegetables,24. Lagos,0.012988884565901585,0.005297972009003128,0.4078850637345228,0.0026048594282554547,0.023372909703547717,0.6772775523648684,6. South West,199,37,13975103.864430366,4.523563020416786,CV < 10%
Post-Planting,Palm oil,24. Lagos,0.10175074316931783,0.004457098734050593,0.04380409022304417,0.09301482965057867,0.11048665668805699,5.305574465257287,6. South West,199,37,13975103.864430366,4.523563020416786,CV < 10%
Post-Planting,Palm wine,24. Lagos,0,0,NA,0,0,0,6. South West,199,37,13975103.864430366,4.523563020416786,No estimate
Post-Planting,Pawpaw,24. Lagos,0.012477549544808385,0.005623142580585135,0.45066080967194333,0.001456190086861521,0.02349890900275525,0.6506150834078658,6. South West,199,37,13975103.864430366,4.523563020416786,CV < 10%
Post-Planting,Pineapples,24. Lagos,0.07729119648068827,0.018675107971756994,0.2416201174531319,0.040687984856044565,0.11389440810533198,4.0301838164930315,6. South West,199,37,13975103.864430366,4.523563020416786,CV < 10%
Post-Planting,Pito,24. Lagos,0,0,NA,0,0,0,6. South West,199,37,13975103.864430366,4.523563020416786,No estimate
Post-Planting,Plantains,24. Lagos,0.13020969882779415,0.02362612459546854,0.18144673406175932,0.08390249462067581,0.1765169030349125,6.789505724592124,6. South West,199,37,13975103.864430366,4.523563020416786,CV < 10%
Post-Planting,Pork,24. Lagos,0,0,NA,0,0,0,6. South West,199,37,13975103.864430366,4.523563020416786,No estimate
Post-Planting,Potatoes,24. Lagos,0.014020247576846142,0.005255092015750588,0.37482162757447696,0.0037202672259749898,0.02432022792771729,0.7310557665069773,6. South West,199,37,13975103.864430366,4.523563020416786,CV < 10%
Post-Planting,Rice - imported,24. Lagos,0.3859420236141907,0.03455715143575724,0.08953974773760968,0.3182100068001065,0.4536740404282749,20.124119802739948,6. South West,199,37,13975103.864430366,4.523563020416786,CV < 10%
Post-Planting,Rice - local,24. Lagos,0.12158066365798725,0.046534963020226,0.38274970394248936,0.03037213613834429,0.21278919117763023,6.3395631764521925,6. South West,199,37,13975103.864430366,4.523563020416786,CV < 10%
Post-Planting,Sachet water,24. Lagos,5.363316889729373,0.6766130361851188,0.12615570739085305,4.03715533880654,6.689478440652206,279.6586663930316,6. South West,199,37,13975103.864430366,4.523563020416786,CV < 10%
Post-Planting,Salt,24. Lagos,0.06236069677839967,0.03747770825968645,0.6009828336726969,0,0.13581700496738514,3.2516649034451257,6. South West,199,37,13975103.864430366,4.523563020416786,CV < 10%
Post-Planting,Seafood,24. Lagos,0.001475540017417692,7.080490641002292e-4,0.47985758145642793,8.77638517812428e-5,0.0028633161830541416,0.07693887233677965,6. South West,199,37,13975103.864430366,4.523563020416786,CV < 10%
Post-Planting,Shea butter,24. Lagos,0,0,NA,0,0,0,6. South West,199,37,13975103.864430366,4.523563020416786,No estimate
Post-Planting,Snails,24. Lagos,0,0,NA,0,0,0,6. South West,199,37,13975103.864430366,4.523563020416786,No estimate
Post-Planting,Soft drinks,24. Lagos,0.1288419658402709,0.027567524751714808,0.213963863186402,0.07480961732690988,0.18287431435363194,6.718188218814126,6. South West,199,37,13975103.864430366,4.523563020416786,CV < 10%
Post-Planting,Soya beans,24. Lagos,3.084021009516964e-4,3.113669775957299e-4,1.009613672004452,0,9.186813770393269e-4,0.01608096669248131,6. South West,199,37,13975103.864430366,4.523563020416786,CV < 10%
Post-Planting,Sugar,24. Lagos,0.008837940372170552,0.0011021345606826388,0.12470491022468398,0.00667775663323258,0.010998124111108523,0.4608354622631788,6. South West,199,37,13975103.864430366,4.523563020416786,CV < 10%
Post-Planting,Sweet potatoes,24. Lagos,0.04507248972218423,0.009709181320253888,0.2154125804919786,0.026042494334486608,0.06410248510988185,2.350208392656749,6. South West,199,37,13975103.864430366,4.523563020416786,CV < 10%
Post-Planting,Tea,24. Lagos,0.0017945032935880241,6.831245562068298e-4,0.3806761228289276,4.5557916342263763e-4,0.0031334274237534107,0.09357052887994698,6. South West,199,37,13975103.864430366,4.523563020416786,CV < 10%
Post-Planting,Tomato puree - canned,24. Lagos,0.013925840192956604,0.0017289185264028303,0.1241518287189078,0.010537159881207056,0.017314520504706152,0.7261330957755944,6. South West,199,37,13975103.864430366,4.523563020416786,CV < 10%
Post-Planting,Tomatoes,24. Lagos,0.2504547779587591,0.015109207501836761,0.06032708828707075,0.22084073125515905,0.28006882466235916,13.059427707849581,6. South West,199,37,13975103.864430366,4.523563020416786,CV < 10%
Post-Planting,Watermelon,24. Lagos,0.20542277305499979,0.04030428718188007,0.19620165078332877,0.12642637017851485,0.2844191759314847,10.711330309296416,6. South West,199,37,13975103.864430366,4.523563020416786,CV < 10%
Post-Planting,Wheat flour,24. Lagos,0.06680810039280986,0.009877311518968911,0.14784601658920907,0.047448569815630795,0.08616763096998893,3.483565234767943,6. South West,199,37,13975103.864430366,4.523563020416786,CV < 10%
Post-Planting,White beans,24. Lagos,0.015337686808529948,0.005650255966377328,0.36839036009230397,0.0042631851144303845,0.02641218850262951,0.7997508121590615,6. South West,199,37,13975103.864430366,4.523563020416786,CV < 10%
Post-Planting,Wild game/Bush meat,24. Lagos,0,0,NA,0,0,0,6. South West,199,37,13975103.864430366,4.523563020416786,No estimate
Post-Planting,Yam flour,24. Lagos,0.05421236025491226,0.015629408920709107,0.28829973178105456,0.02357871877032241,0.0848460017395021,2.8267873561489965,6. South West,199,37,13975103.864430366,4.523563020416786,CV < 10%
Post-Planting,Yam roots,24. Lagos,0.41493625827396813,0.0446110569693423,0.10751303623094599,0.32749858661405723,0.502373929933879,21.635962038571193,6. South West,199,37,13975103.864430366,4.523563020416786,CV < 10%
Post-Planting,Agricultural eggs,25. Nasarawa,0.02918805623693455,0.00819194541465413,0.2806608753990287,0.013131843224212455,0.045244269249656646,1.5219486466401586,1. North Central,24,7,2970798.8473003483,7.428077532082017,CV < 10%
Post-Planting,Animal fat,25. Nasarawa,0,0,NA,0,0,0,1. North Central,24,7,2970798.8473003483,7.428077532082017,No estimate
Post-Planting,Apples,25. Nasarawa,0,0,NA,0,0,0,1. North Central,24,7,2970798.8473003483,7.428077532082017,No estimate
Post-Planting,Avocado pear,25. Nasarawa,0,0,NA,0,0,0,1. North Central,24,7,2970798.8473003483,7.428077532082017,No estimate
Post-Planting,Baby milk powder,25. Nasarawa,8.151672904963835e-4,9.858256705765178e-4,1.209353812487023,0,0.0027473856048263585,0.04250515157588285,1. North Central,24,7,2970798.8473003483,7.428077532082017,CV < 10%
Post-Planting,Bananas,25. Nasarawa,0.034187781033277645,0.026122166555279252,0.7640790295764589,0,0.08538722748162497,1.782648582449477,1. North Central,24,7,2970798.8473003483,7.428077532082017,CV < 10%
Post-Planting,Beef,25. Nasarawa,0.04365376754423549,0.018878818932891256,0.4324671155533336,0.006651282435768631,0.08065625265270235,2.276232164806565,1. North Central,24,7,2970798.8473003483,7.428077532082017,CV < 10%
Post-Planting,Beer,25. Nasarawa,0,0,NA,0,0,0,1. North Central,24,7,2970798.8473003483,7.428077532082017,No estimate
Post-Planting,Biscuits,25. Nasarawa,0.0030568773393614378,0.003696846264661931,1.2093538124870193,0,0.010302696018098821,0.1593943184095607,1. North Central,24,7,2970798.8473003483,7.428077532082017,CV < 10%
Post-Planting,Bottled water,25. Nasarawa,0,0,NA,0,0,0,1. North Central,24,7,2970798.8473003483,7.428077532082017,No estimate
Post-Planting,Bread,25. Nasarawa,0.04477567283584182,0.041981900152944854,0.937605121130405,0,0.12706019713561373,2.334731512154609,1. North Central,24,7,2970798.8473003483,7.428077532082017,CV < 10%
Post-Planting,Brown beans,25. Nasarawa,0.026189638169026,0.023859852637779424,0.9110417060285327,0,0.07295494933907366,1.3656025616706413,1. North Central,24,7,2970798.8473003483,7.428077532082017,CV < 10%
Post-Planting,Buns/Pofpof/Donuts,25. Nasarawa,0.0018881563584638807,0.0017421867847094124,0.9226920095361051,0,0.005302842456494329,0.0984538672627595,1. North Central,24,7,2970798.8473003483,7.428077532082017,CV < 10%
Post-Planting,Butter/Margarine,25. Nasarawa,0,0,NA,0,0,0,1. North Central,24,7,2970798.8473003483,7.428077532082017,No estimate
Post-Planting,Cake,25. Nasarawa,0,0,NA,0,0,0,1. North Central,24,7,2970798.8473003483,7.428077532082017,No estimate
Post-Planting,Canned fish/seafood,25. Nasarawa,0,0,NA,0,0,0,1. North Central,24,7,2970798.8473003483,7.428077532082017,No estimate
Post-Planting,Cashew nut,25. Nasarawa,0,0,NA,0,0,0,1. North Central,24,7,2970798.8473003483,7.428077532082017,No estimate
Post-Planting,Cassava flour,25. Nasarawa,0.14820206377572545,0.017075235147316063,0.11521590666345954,0.11473460288698598,0.18166952466446493,7.727679039734255,1. North Central,24,7,2970798.8473003483,7.428077532082017,CV < 10%
Post-Planting,Cassava roots,25. Nasarawa,0.19134624626554153,0.2130815530579081,1.113591498221519,0,0.6089860902590414,9.977339983846093,1. North Central,24,7,2970798.8473003483,7.428077532082017,CV < 10%
Post-Planting,Cheese/wara,25. Nasarawa,0,0,NA,0,0,0,1. North Central,24,7,2970798.8473003483,7.428077532082017,No estimate
Post-Planting,Chicken,25. Nasarawa,0.023445767609400075,0.008606621953959684,0.3670863798252886,0.006576788579639094,0.040314746639161056,1.2225293110615751,1. North Central,24,7,2970798.8473003483,7.428077532082017,CV < 10%
Post-Planting,Chocolate drinks,25. Nasarawa,0.005222373572805534,0.0010186741758192517,0.1950596144871355,0.0032257721881998004,0.007218974957411267,0.2723094791534314,1. North Central,24,7,2970798.8473003483,7.428077532082017,CV < 10%
Post-Planting,Coconut,25. Nasarawa,0.011868028662387427,0.011644657126303616,0.981178716159346,0,0.03469155662994251,0.6188329231102015,1. North Central,24,7,2970798.8473003483,7.428077532082017,CV < 10%
Post-Planting,Cocoyam,25. Nasarawa,0.04192795432972518,0.04669061347940221,1.1135914982215218,0,0.1334415567493535,2.186243332907099,1. North Central,24,7,2970798.8473003483,7.428077532082017,CV < 10%
Post-Planting,Coffee,25. Nasarawa,0,0,NA,0,0,0,1. North Central,24,7,2970798.8473003483,7.428077532082017,No estimate
Post-Planting,Dry pepper,25. Nasarawa,7.962311935431381e-4,8.687883309462691e-4,1.0911257157362297,0,0.0024990563221978256,0.041517769377606484,1. North Central,24,7,2970798.8473003483,7.428077532082017,CV < 10%
Post-Planting,Duck,25. Nasarawa,0,0,NA,0,0,0,1. North Central,24,7,2970798.8473003483,7.428077532082017,No estimate
Post-Planting,Fish - dried,25. Nasarawa,0.025581236369162638,0.0024258212624105892,0.09482814776438402,0.020826626694837883,0.030335846043487394,1.333878753534909,1. North Central,24,7,2970798.8473003483,7.428077532082017,CV < 10%
Post-Planting,Fish - fresh,25. Nasarawa,0.587823531039829,0.18501614430331242,0.3147477678820182,0.22519188820533664,0.9504551738743213,30.650798404219653,1. North Central,24,7,2970798.8473003483,7.428077532082017,CV < 10%
Post-Planting,Fish - frozen,25. Nasarawa,0.007212413088773834,0.007171620159398967,0.9943440664209374,0,0.02126878860119581,0.376075825343207,1. North Central,24,7,2970798.8473003483,7.428077532082017,CV < 10%
Post-Planting,Fish - smoked,25. Nasarawa,0.0048094868019851675,0.005816371200086786,1.2093538124870238,0,0.01620957435415527,0.2507803832463694,1. North Central,24,7,2970798.8473003483,7.428077532082017,CV < 10%
Post-Planting,Fresh milk,25. Nasarawa,0.0018581778787117968,0.0020692510879167497,1.1135914982215167,0,0.0059139100110286264,0.09689070367568654,1. North Central,24,7,2970798.8473003483,7.428077532082017,CV < 10%
Post-Planting,Fresh pepper,25. Nasarawa,0.09228288943279413,0.010734907915616905,0.11632609231893093,0.07124246991818499,0.11332330894740326,4.811893520424265,1. North Central,24,7,2970798.8473003483,7.428077532082017,CV < 10%
Post-Planting,Fruit juice,25. Nasarawa,0,0,NA,0,0,0,1. North Central,24,7,2970798.8473003483,7.428077532082017,No estimate
Post-Planting,Garden eggs/Eggplant,25. Nasarawa,0.009052249211539387,0.0035355492647411208,0.39057135769463425,0.0021225726526467904,0.015981925770431983,0.47201013745883946,1. North Central,24,7,2970798.8473003483,7.428077532082017,CV < 10%
Post-Planting,Gari - white,25. Nasarawa,0.12246513649801212,0.015905157666796586,0.12987498419237675,0.09129102747109082,0.15363924552493344,6.385682117396347,1. North Central,24,7,2970798.8473003483,7.428077532082017,CV < 10%
Post-Planting,Gari - yellow,25. Nasarawa,0.015096898203689677,0.018257491399360625,1.2093538124870247,0,0.0508815813464365,0.7871954063352475,1. North Central,24,7,2970798.8473003483,7.428077532082017,CV < 10%
Post-Planting,Gin,25. Nasarawa,0,0,NA,0,0,0,1. North Central,24,7,2970798.8473003483,7.428077532082017,No estimate
Post-Planting,Goat,25. Nasarawa,0,0,NA,0,0,0,1. North Central,24,7,2970798.8473003483,7.428077532082017,No estimate
Post-Planting,Ground pepper,25. Nasarawa,0.0016140312188794937,0.001951934808024995,1.2093538124870247,0,0.0054398234426084845,0.08416019927014504,1. North Central,24,7,2970798.8473003483,7.428077532082017,CV < 10%
Post-Planting,Groundnut oil,25. Nasarawa,0.10620077491515037,0.0019318553633998474,0.018190595736644225,0.10241433840288666,0.10998721142741408,5.537611834861413,1. North Central,24,7,2970798.8473003483,7.428077532082017,CV < 10%
Post-Planting,Groundnuts - shelled,25. Nasarawa,0,0,NA,0,0,0,1. North Central,24,7,2970798.8473003483,7.428077532082017,No estimate
Post-Planting,Groundnuts - unshelled,25. Nasarawa,0.14772429074585972,0.005463622347250033,0.0369852670787195,0.13701559094524965,0.15843299054646978,7.702766588891257,1. North Central,24,7,2970798.8473003483,7.428077532082017,CV < 10%
Post-Planting,Guava,25. Nasarawa,0,0,NA,0,0,0,1. North Central,24,7,2970798.8473003483,7.428077532082017,No estimate
Post-Planting,Guinea corn / sorghum,25. Nasarawa,0.2479660846043007,0.03468527140593923,0.13987909459993003,0.17998295264865982,0.31594921655994157,12.92966012579568,1. North Central,24,7,2970798.8473003483,7.428077532082017,CV < 10%
Post-Planting,Honey,25. Nasarawa,2.601449030196516e-4,2.8969515230834586e-4,1.11359149822152,0,8.279474015440095e-4,0.013564698514596117,1. North Central,24,7,2970798.8473003483,7.428077532082017,CV < 10%
Post-Planting,Kola nut,25. Nasarawa,0,0,NA,0,0,0,1. North Central,24,7,2970798.8473003483,7.428077532082017,No estimate
Post-Planting,Leaves,25. Nasarawa,0.16538609350755001,0.019588576716097546,0.11844149831861958,0.12699248314399883,0.2037797038711012,8.623703447179393,1. North Central,24,7,2970798.8473003483,7.428077532082017,CV < 10%
Post-Planting,Local eggs,25. Nasarawa,0.002812840614425817,2.7159683781511484e-4,0.09655607090647604,0.002280510812308192,0.0033451704165434423,0.14666954632363188,1. North Central,24,7,2970798.8473003483,7.428077532082017,CV < 10%
Post-Planting,Maize - shelled/off cob,25. Nasarawa,0,0,NA,0,0,0,1. North Central,24,7,2970798.8473003483,7.428077532082017,No estimate
Post-Planting,Maize - unshelled/on cob,25. Nasarawa,0.17988229759621505,0.03792793265347349,0.21084861134368532,0.10554354959540702,0.2542210455970231,9.379576946088354,1. North Central,24,7,2970798.8473003483,7.428077532082017,CV < 10%
Post-Planting,Maize flour,25. Nasarawa,0.681237864080721,0.11714651600947867,0.1719612519887735,0.45163069270214273,0.9108450354592992,35.52168862706616,1. North Central,24,7,2970798.8473003483,7.428077532082017,CV < 10%
Post-Planting,Malt drinks,25. Nasarawa,0.00807015649382944,0.009759674523179553,1.2093538124870247,0,0.02719911855926136,0.42080101717824936,1. North Central,24,7,2970798.8473003483,7.428077532082017,CV < 10%
Post-Planting,Mangoes,25. Nasarawa,0,0,NA,0,0,0,1. North Central,24,7,2970798.8473003483,7.428077532082017,No estimate
Post-Planting,Meat pie/Sausage roll,25. Nasarawa,0.008151672904963833,0.009858256705765171,1.2093538124870222,0,0.02747385604826357,0.42505151575882844,1. North Central,24,7,2970798.8473003483,7.428077532082017,CV < 10%
Post-Planting,Melon - ground,25. Nasarawa,0.0013857844101471978,0.001675903659696595,1.2093538124870236,0,0.0046705555831525235,0.07225875852910389,1. North Central,24,7,2970798.8473003483,7.428077532082017,CV < 10%
Post-Planting,Melon - shelled,25. Nasarawa,0.001793368022788698,0.0021688164555518255,1.2093538124870225,0,0.006044248275670276,0.09351133261683926,1. North Central,24,7,2970798.8473003483,7.428077532082017,CV < 10%
Post-Planting,Melon - unshelled,25. Nasarawa,0,0,NA,0,0,0,1. North Central,24,7,2970798.8473003483,7.428077532082017,No estimate
Post-Planting,Milk - tinned,25. Nasarawa,0,0,NA,0,0,0,1. North Central,24,7,2970798.8473003483,7.428077532082017,No estimate
Post-Planting,Milk powder,25. Nasarawa,0.004160560044877547,0.004811313380305335,1.1564100333629344,0,0.013590734270276003,0.21694348805432923,1. North Central,24,7,2970798.8473003483,7.428077532082017,CV < 10%
Post-Planting,Millet,25. Nasarawa,0.02898210391501739,0.007412755741455742,0.2557701043096027,0.014453102661764135,0.04351110516827064,1.5112097041401924,1. North Central,24,7,2970798.8473003483,7.428077532082017,CV < 10%
Post-Planting,Mutton,25. Nasarawa,0,0,NA,0,0,0,1. North Central,24,7,2970798.8473003483,7.428077532082017,No estimate
Post-Planting,Ogbono - ground,25. Nasarawa,7.091955182768349e-4,8.576683038267992e-4,1.2093538124870213,0,0.0023902253937773616,0.036979480595863534,1. North Central,24,7,2970798.8473003483,7.428077532082017,CV < 10%
Post-Planting,Ogbono - unground,25. Nasarawa,0,0,NA,0,0,0,1. North Central,24,7,2970798.8473003483,7.428077532082017,No estimate
Post-Planting,Okra - dried,25. Nasarawa,1.2387852772502363e-4,1.379500752867847e-4,1.1135914982215163,0,3.9426067528712164e-4,0.006459380374233375,1. North Central,24,7,2970798.8473003483,7.428077532082017,CV < 10%
Post-Planting,Okra - fresh,25. Nasarawa,0.1311939724705283,0.05903910364471193,0.4500138423506812,0.015477329326892914,0.2469106156141637,6.84082856453469,1. North Central,24,7,2970798.8473003483,7.428077532082017,CV < 10%
Post-Planting,Onions,25. Nasarawa,0.15132480209088456,0.019773917665193784,0.13067202066002184,0.11256792346710474,0.19008168071466436,7.8905075375961236,1. North Central,24,7,2970798.8473003483,7.428077532082017,CV < 10%
Post-Planting,Orange/Tangerine,25. Nasarawa,0.11033537018465485,0.00875267741168838,0.07932793805866688,0.09318012245774562,0.12749061791156407,5.753201445342717,1. North Central,24,7,2970798.8473003483,7.428077532082017,CV < 10%
Post-Planting,Other alcoholic beverages,25. Nasarawa,0,0,NA,0,0,0,1. North Central,24,7,2970798.8473003483,7.428077532082017,No estimate
Post-Planting,Other domestic poultry,25. Nasarawa,0,0,NA,0,0,0,1. North Central,24,7,2970798.8473003483,7.428077532082017,No estimate
Post-Planting,Other eggs,25. Nasarawa,0,0,NA,0,0,0,1. North Central,24,7,2970798.8473003483,7.428077532082017,No estimate
Post-Planting,Other fish/seafood,25. Nasarawa,0,0,NA,0,0,0,1. North Central,24,7,2970798.8473003483,7.428077532082017,No estimate
Post-Planting,Other fruits,25. Nasarawa,0,0,NA,0,0,0,1. North Central,24,7,2970798.8473003483,7.428077532082017,No estimate
Post-Planting,Other grains/flour,25. Nasarawa,0,0,NA,0,0,0,1. North Central,24,7,2970798.8473003483,7.428077532082017,No estimate
Post-Planting,Other meat,25. Nasarawa,0,0,NA,0,0,0,1. North Central,24,7,2970798.8473003483,7.428077532082017,No estimate
Post-Planting,Other milk products,25. Nasarawa,0,0,NA,0,0,0,1. North Central,24,7,2970798.8473003483,7.428077532082017,No estimate
Post-Planting,Other non-alcoholic drinks,25. Nasarawa,0,0,NA,0,0,0,1. North Central,24,7,2970798.8473003483,7.428077532082017,No estimate
Post-Planting,Other nuts/seeds/pulses,25. Nasarawa,0,0,NA,0,0,0,1. North Central,24,7,2970798.8473003483,7.428077532082017,No estimate
Post-Planting,Other oil/fat,25. Nasarawa,0,0,NA,0,0,0,1. North Central,24,7,2970798.8473003483,7.428077532082017,No estimate
Post-Planting,Other roots/tubers,25. Nasarawa,0,0,NA,0,0,0,1. North Central,24,7,2970798.8473003483,7.428077532082017,No estimate
Post-Planting,Other spices,25. Nasarawa,0,0,NA,0,0,0,1. North Central,24,7,2970798.8473003483,7.428077532082017,No estimate
Post-Planting,Other sweets,25. Nasarawa,0,0,NA,0,0,0,1. North Central,24,7,2970798.8473003483,7.428077532082017,No estimate
Post-Planting,Other vegetables,25. Nasarawa,0.0063433388834659085,0.007063888250965621,1.1135914982215194,0,0.020188559855358525,0.33075981320929376,1. North Central,24,7,2970798.8473003483,7.428077532082017,CV < 10%
Post-Planting,Palm oil,25. Nasarawa,0.12971852071107048,0.0051706211331519316,0.039860315279641165,0.1195841032900927,0.13985293813204827,6.763894294220104,1. North Central,24,7,2970798.8473003483,7.428077532082017,CV < 10%
Post-Planting,Palm wine,25. Nasarawa,0,0,NA,0,0,0,1. North Central,24,7,2970798.8473003483,7.428077532082017,No estimate
Post-Planting,Pawpaw,25. Nasarawa,0,0,NA,0,0,0,1. North Central,24,7,2970798.8473003483,7.428077532082017,No estimate
Post-Planting,Pineapples,25. Nasarawa,0.01421877128486129,0.013442207856202103,0.9453846318291937,0,0.04056549868301741,0.7414073598534816,1. North Central,24,7,2970798.8473003483,7.428077532082017,CV < 10%
Post-Planting,Pito,25. Nasarawa,0,0,NA,0,0,0,1. North Central,24,7,2970798.8473003483,7.428077532082017,No estimate
Post-Planting,Plantains,25. Nasarawa,0,0,NA,0,0,0,1. North Central,24,7,2970798.8473003483,7.428077532082017,No estimate
Post-Planting,Pork,25. Nasarawa,0,0,NA,0,0,0,1. North Central,24,7,2970798.8473003483,7.428077532082017,No estimate
Post-Planting,Potatoes,25. Nasarawa,0,0,NA,0,0,0,1. North Central,24,7,2970798.8473003483,7.428077532082017,No estimate
Post-Planting,Rice - imported,25. Nasarawa,0,0,NA,0,0,0,1. North Central,24,7,2970798.8473003483,7.428077532082017,No estimate
Post-Planting,Rice - local,25. Nasarawa,0.6156958975000095,0.025747813561462125,0.04181904356681494,0.5652301829195437,0.6661616120804753,32.10414322678621,1. North Central,24,7,2970798.8473003483,7.428077532082017,CV < 10%
Post-Planting,Sachet water,25. Nasarawa,0.18780916314876733,0.20609071033129991,1.097341082171009,0,0.5917469553981152,9.792906364185725,1. North Central,24,7,2970798.8473003483,7.428077532082017,CV < 10%
Post-Planting,Salt,25. Nasarawa,0.013609581777681502,7.139095365072796e-4,0.05245639051730652,0.012210319086127235,0.015008844469235769,0.7096424784076784,1. North Central,24,7,2970798.8473003483,7.428077532082017,CV < 10%
Post-Planting,Seafood,25. Nasarawa,0,0,NA,0,0,0,1. North Central,24,7,2970798.8473003483,7.428077532082017,No estimate
Post-Planting,Shea butter,25. Nasarawa,0,0,NA,0,0,0,1. North Central,24,7,2970798.8473003483,7.428077532082017,No estimate
Post-Planting,Snails,25. Nasarawa,0,0,NA,0,0,0,1. North Central,24,7,2970798.8473003483,7.428077532082017,No estimate
Post-Planting,Soft drinks,25. Nasarawa,0.015106470164479231,0.015395700685918778,1.0191461352844446,0,0.045282043508880036,0.7876945157192742,1. North Central,24,7,2970798.8473003483,7.428077532082017,CV < 10%
Post-Planting,Soya beans,25. Nasarawa,0.007589207425611293,0.009178036933917857,1.209353812487025,0,0.025578159816090292,0.3957229586211603,1. North Central,24,7,2970798.8473003483,7.428077532082017,CV < 10%
Post-Planting,Sugar,25. Nasarawa,0.023611157195932733,0.0012448036379142959,0.052720992350545455,0.021171342065620713,0.026050972326244752,1.231153196645064,1. North Central,24,7,2970798.8473003483,7.428077532082017,CV < 10%
Post-Planting,Sweet potatoes,25. Nasarawa,0.08511516038065928,0.06463817804704375,0.7594202696436614,0,0.21180598935286502,4.438147648420091,1. North Central,24,7,2970798.8473003483,7.428077532082017,CV < 10%
Post-Planting,Tea,25. Nasarawa,9.878231064877952e-4,0.001052477429779811,1.0654513170094737,0,0.0030506788688562246,0.05150791912400647,1. North Central,24,7,2970798.8473003483,7.428077532082017,CV < 10%
Post-Planting,Tomato puree - canned,25. Nasarawa,0.008834233464195719,0.001193696859560082,0.13512172441423675,0.0064945876194579585,0.011173879308933479,0.4606421734902053,1. North Central,24,7,2970798.8473003483,7.428077532082017,CV < 10%
Post-Planting,Tomatoes,25. Nasarawa,0.1693007759926673,0.011836767833522825,0.06991561476384194,0.14610071103896255,0.19250084094637204,8.827826176760508,1. North Central,24,7,2970798.8473003483,7.428077532082017,CV < 10%
Post-Planting,Watermelon,25. Nasarawa,0.010198335495301889,0.009596982307840623,0.94103418271165,0,0.02900842081866951,0.5317703508264556,1. North Central,24,7,2970798.8473003483,7.428077532082017,CV < 10%
Post-Planting,Wheat flour,25. Nasarawa,0,0,NA,0,0,0,1. North Central,24,7,2970798.8473003483,7.428077532082017,No estimate
Post-Planting,White beans,25. Nasarawa,0.20707952724001624,0.012023231435211966,0.05806093724212726,0.1835139936270008,0.23064506085303169,10.79771820608656,1. North Central,24,7,2970798.8473003483,7.428077532082017,CV < 10%
Post-Planting,Wild game/Bush meat,25. Nasarawa,0,0,NA,0,0,0,1. North Central,24,7,2970798.8473003483,7.428077532082017,No estimate
Post-Planting,Yam flour,25. Nasarawa,0.007149016925709787,0.008645690874641393,1.2093538124870238,0,0.024094571040006917,0.3727701682691532,1. North Central,24,7,2970798.8473003483,7.428077532082017,CV < 10%
Post-Planting,Yam roots,25. Nasarawa,0.12291864063451509,0.14586572917209495,1.186685179880979,0,0.40881546981182115,6.4093291187997155,1. North Central,24,7,2970798.8473003483,7.428077532082017,CV < 10%
Post-Planting,Agricultural eggs,26. Niger,0.0077493858525135625,0.005542779410408077,0.7152540234669359,0,0.018613233496913392,0.4040751194524929,1. North Central,143,19,7630411.386668342,6.433005255864318,CV < 10%
Post-Planting,Animal fat,26. Niger,5.300116068265205e-4,5.483032220918691e-4,1.0345117258372336,0,0.001604685922126584,0.027636319498811426,1. North Central,143,19,7630411.386668342,6.433005255864318,CV < 10%
Post-Planting,Apples,26. Niger,6.603543998362626e-4,5.109085183917987e-4,0.7736883687281866,0,0.001661735095884188,0.03443276513431941,1. North Central,143,19,7630411.386668342,6.433005255864318,CV < 10%
Post-Planting,Avocado pear,26. Niger,0,0,NA,0,0,0,1. North Central,143,19,7630411.386668342,6.433005255864318,No estimate
Post-Planting,Baby milk powder,26. Niger,0,0,NA,0,0,0,1. North Central,143,19,7630411.386668342,6.433005255864318,No estimate
Post-Planting,Bananas,26. Niger,0.03742342747190737,0.014067829714553521,0.3759097085672822,0.00985048123138247,0.06499637371243228,1.9513644324637414,1. North Central,143,19,7630411.386668342,6.433005255864318,CV < 10%
Post-Planting,Beef,26. Niger,0.06728752568024728,0.008166106907354819,0.12136137901935123,0.05128195614183183,0.08329309521866272,3.508563839041465,1. North Central,143,19,7630411.386668342,6.433005255864318,CV < 10%
Post-Planting,Beer,26. Niger,4.7451816725105155e-4,4.896083358522473e-4,1.0318010344864457,0,0.0014341505055214562,0.024742733006661972,1. North Central,143,19,7630411.386668342,6.433005255864318,CV < 10%
Post-Planting,Biscuits,26. Niger,0.002695267759296672,8.483327948710134e-4,0.3147489862351877,0.0010325354813494855,0.004358000037243858,0.14053896173475502,1. North Central,143,19,7630411.386668342,6.433005255864318,CV < 10%
Post-Planting,Bottled water,26. Niger,0.004102400317840575,0.004322526399009907,1.0536578744429315,0,0.012574552059899994,0.21391087371597287,1. North Central,143,19,7630411.386668342,6.433005255864318,CV < 10%
Post-Planting,Bread,26. Niger,0.13639385373341398,0.014567608188994776,0.10680545926554445,0.10784134168298422,0.16494636578384375,7.111965230385158,1. North Central,143,19,7630411.386668342,6.433005255864318,CV < 10%
Post-Planting,Brown beans,26. Niger,0.04743661626009387,0.013702057133443534,0.28884980029594587,0.020580584278544544,0.0742926482416432,2.4734807049906093,1. North Central,143,19,7630411.386668342,6.433005255864318,CV < 10%
Post-Planting,Buns/Pofpof/Donuts,26. Niger,0.004434379331015994,0.0010889136959858906,0.24556169301294337,0.0023001084868836483,0.006568650175148339,0.23122120797440537,1. North Central,143,19,7630411.386668342,6.433005255864318,CV < 10%
Post-Planting,Butter/Margarine,26. Niger,1.235381876911414e-4,1.3016698425517934e-4,1.0536578744429264,0,3.786654768312929e-4,0.006441634072466659,1. North Central,143,19,7630411.386668342,6.433005255864318,CV < 10%
Post-Planting,Cake,26. Niger,8.576798788784185e-4,6.497916617713796e-4,0.7576156066772923,0,0.0021312715359503224,0.044721879398660395,1. North Central,143,19,7630411.386668342,6.433005255864318,CV < 10%
Post-Planting,Canned fish/seafood,26. Niger,0,0,NA,0,0,0,1. North Central,143,19,7630411.386668342,6.433005255864318,No estimate
Post-Planting,Cashew nut,26. Niger,0,0,NA,0,0,0,1. North Central,143,19,7630411.386668342,6.433005255864318,No estimate
Post-Planting,Cassava flour,26. Niger,0.1509685930434637,0.026067449572981276,0.17266803013442994,0.09987639188042038,0.202060794206507,7.871933780123464,1. North Central,143,19,7630411.386668342,6.433005255864318,CV < 10%
Post-Planting,Cassava roots,26. Niger,1.3379180626878808,0.2665210172439077,0.1992057844771647,0.8155368688898218,1.86029925648594,69.76287041158236,1. North Central,143,19,7630411.386668342,6.433005255864318,CV < 10%
Post-Planting,Cheese/wara,26. Niger,0.013141524988226334,0.004337489293783305,0.33005981403751233,0.004640045972411057,0.02164300400404161,0.6852366601003731,1. North Central,143,19,7630411.386668342,6.433005255864318,CV < 10%
Post-Planting,Chicken,26. Niger,0.026544323516132316,0.006210775520897817,0.23397754013671576,0.014371203495172595,0.038717443537092035,1.3840968690554707,1. North Central,143,19,7630411.386668342,6.433005255864318,CV < 10%
Post-Planting,Chocolate drinks,26. Niger,0.004169821764349702,0.0012182982828804537,0.29217034965293087,0.0017819571299040131,0.006557686398795391,0.21742642056966305,1. North Central,143,19,7630411.386668342,6.433005255864318,CV < 10%
Post-Planting,Coconut,26. Niger,0.003877087533465052,0.002760342111540631,0.7119628039642538,0,0.009287358072084688,0.20216242138782056,1. North Central,143,19,7630411.386668342,6.433005255864318,CV < 10%
Post-Planting,Cocoyam,26. Niger,0.003523510487420413,0.003097029798613619,0.8789614248831076,0,0.009593688892703107,0.18372590398692154,1. North Central,143,19,7630411.386668342,6.433005255864318,CV < 10%
Post-Planting,Coffee,26. Niger,9.49036334502103e-6,9.792166717044924e-6,1.0318010344864437,0,2.8683010110429078e-5,4.948546601332394e-4,1. North Central,143,19,7630411.386668342,6.433005255864318,CV < 10%
Post-Planting,Dry pepper,26. Niger,0.0022541089381120432,6.865965175245262e-4,0.30459775298153674,9.08379763763972e-4,0.0035998381124601143,0.11753568034441368,1. North Central,143,19,7630411.386668342,6.433005255864318,CV < 10%
Post-Planting,Duck,26. Niger,0,0,NA,0,0,0,1. North Central,143,19,7630411.386668342,6.433005255864318,No estimate
Post-Planting,Fish - dried,26. Niger,0.07612830376696066,0.005222834769782737,0.06860568949192092,0.0658915476181865,0.08636505991573482,3.969547267848663,1. North Central,143,19,7630411.386668342,6.433005255864318,CV < 10%
Post-Planting,Fish - fresh,26. Niger,0.031307137779444015,0.012495130979344848,0.39911444691533055,0.006816681059928113,0.05579759449895992,1.632443612785295,1. North Central,143,19,7630411.386668342,6.433005255864318,CV < 10%
Post-Planting,Fish - frozen,26. Niger,0.005242072515531979,0.002062154916271938,0.3933854234488142,0.0012002488796389798,0.009283896151424977,0.27333663830988175,1. North Central,143,19,7630411.386668342,6.433005255864318,CV < 10%
Post-Planting,Fish - smoked,26. Niger,0.019049481471736122,0.007495392852798482,0.39346965238499854,0.004358511480251098,0.03374045146322115,0.9932943910262406,1. North Central,143,19,7630411.386668342,6.433005255864318,CV < 10%
Post-Planting,Fresh milk,26. Niger,0.04063767972783432,0.0266564274617676,0.6559534806193569,0,0.09288427755289881,2.1189647286656466,1. North Central,143,19,7630411.386668342,6.433005255864318,CV < 10%
Post-Planting,Fresh pepper,26. Niger,0.035829803881671424,0.006418251522905022,0.17913163979633864,0.02325003089677758,0.04840957686656527,1.8682683452585813,1. North Central,143,19,7630411.386668342,6.433005255864318,CV < 10%
Post-Planting,Fruit juice,26. Niger,0,0,NA,0,0,0,1. North Central,143,19,7630411.386668342,6.433005255864318,No estimate
Post-Planting,Garden eggs/Eggplant,26. Niger,0.018006865329327087,0.0030808190932681227,0.1710913608183936,0.011968459906521567,0.024045270752132607,0.9389294064577696,1. North Central,143,19,7630411.386668342,6.433005255864318,CV < 10%
Post-Planting,Gari - white,26. Niger,0.18182434765229305,0.02841481078096721,0.15627615964450214,0.1261313185215973,0.2375173767829888,9.48084098472671,1. North Central,143,19,7630411.386668342,6.433005255864318,CV < 10%
Post-Planting,Gari - yellow,26. Niger,0.058886288512270533,0.023869711457085895,0.4053526221492462,0.01210165405638218,0.10567092296815889,3.070499329568392,1. North Central,143,19,7630411.386668342,6.433005255864318,CV < 10%
Post-Planting,Gin,26. Niger,4.7451816725105155e-4,4.896083358522473e-4,1.0318010344864457,0,0.0014341505055214562,0.024742733006661972,1. North Central,143,19,7630411.386668342,6.433005255864318,CV < 10%
Post-Planting,Goat,26. Niger,0.16506179072639016,0.09626423746752844,0.5832012184279403,0,0.3537396961627459,8.606793373590344,1. North Central,143,19,7630411.386668342,6.433005255864318,CV < 10%
Post-Planting,Ground pepper,26. Niger,0.002232062374165079,7.143340654048993e-4,0.3200332005381802,8.319676059714764e-4,0.0036321571423586817,0.11638610951003626,1. North Central,143,19,7630411.386668342,6.433005255864318,CV < 10%
Post-Planting,Groundnut oil,26. Niger,0.04161076737552737,0.007225442284518482,0.1736435720906218,0.02744890049787115,0.0557726342531836,2.1697042988667845,1. North Central,143,19,7630411.386668342,6.433005255864318,CV < 10%
Post-Planting,Groundnuts - shelled,26. Niger,0.014391751028433954,0.005239504653824595,0.3640630416321713,0.004122321906937749,0.02466118014993016,0.750427017911199,1. North Central,143,19,7630411.386668342,6.433005255864318,CV < 10%
Post-Planting,Groundnuts - unshelled,26. Niger,0.04403104272382765,0.008326594842814332,0.189107373519191,0.02771091683191156,0.060351168615743744,2.2959043705995845,1. North Central,143,19,7630411.386668342,6.433005255864318,CV < 10%
Post-Planting,Guava,26. Niger,0,0,NA,0,0,0,1. North Central,143,19,7630411.386668342,6.433005255864318,No estimate
Post-Planting,Guinea corn / sorghum,26. Niger,0.6079151645873403,0.04869168942691181,0.08009619148086934,0.5124794533105932,0.7033508758640874,31.69843358205417,1. North Central,143,19,7630411.386668342,6.433005255864318,CV < 10%
Post-Planting,Honey,26. Niger,0.0012489513521947416,9.076151742484623e-4,0.7267017827824436,0,0.0030278770937217274,0.06512389193586866,1. North Central,143,19,7630411.386668342,6.433005255864318,CV < 10%
Post-Planting,Kola nut,26. Niger,0.0022496682147309247,0.001120229840142965,0.4979533572140334,5.401772805071342e-5,0.004445318701411136,0.11730412833954107,1. North Central,143,19,7630411.386668342,6.433005255864318,CV < 10%
Post-Planting,Leaves,26. Niger,0.034998892720126705,0.00878251185071743,0.25093684880113076,0.01778516949272054,0.05221261594753287,1.8249422632637498,1. North Central,143,19,7630411.386668342,6.433005255864318,CV < 10%
Post-Planting,Local eggs,26. Niger,6.072462372786414e-4,4.705612333766623e-4,0.774910085051281,0,0.0015295462546968995,0.03166355380095773,1. North Central,143,19,7630411.386668342,6.433005255864318,CV < 10%
Post-Planting,Maize - shelled/off cob,26. Niger,0.0879421016743282,0.020987988442681908,0.23865688951130287,0.04680564432667166,0.12907855902198473,4.585552444447113,1. North Central,143,19,7630411.386668342,6.433005255864318,CV < 10%
Post-Planting,Maize - unshelled/on cob,26. Niger,0.07117069119075932,0.018674661941702052,0.26239258927032505,0.0345683537850233,0.10777302859649535,3.7110431835181643,1. North Central,143,19,7630411.386668342,6.433005255864318,CV < 10%
Post-Planting,Maize flour,26. Niger,0.43701309338619126,0.028616705334309125,0.06548248958074206,0.3809243509309454,0.49310183584143713,22.78711129799426,1. North Central,143,19,7630411.386668342,6.433005255864318,CV < 10%
Post-Planting,Malt drinks,26. Niger,0.010393157632961501,0.0033372921172078805,0.32110473400536005,0.003852065083234055,0.016934250182688945,0.5419289337187069,1. North Central,143,19,7630411.386668342,6.433005255864318,CV < 10%
Post-Planting,Mangoes,26. Niger,0,0,NA,0,0,0,1. North Central,143,19,7630411.386668342,6.433005255864318,No estimate
Post-Planting,Meat pie/Sausage roll,26. Niger,4.125638903802166e-4,3.131351191372516e-4,0.7589978823611246,0,0.0010263087238892297,0.02151225999839701,1. North Central,143,19,7630411.386668342,6.433005255864318,CV < 10%
Post-Planting,Melon - ground,26. Niger,8.090149485420499e-4,5.08596383683951e-4,0.6286612930953969,0,0.0018058638605625938,0.042184350888264034,1. North Central,143,19,7630411.386668342,6.433005255864318,CV < 10%
Post-Planting,Melon - shelled,26. Niger,0.0064398222163669396,0.005775564505645891,0.8968515452130302,0,0.017759928647432886,0.33579072985341896,1. North Central,143,19,7630411.386668342,6.433005255864318,CV < 10%
Post-Planting,Melon - unshelled,26. Niger,0.0027015626844896653,0.001717527257270845,0.6357532501953742,0,0.006067916108740521,0.14086719711981827,1. North Central,143,19,7630411.386668342,6.433005255864318,CV < 10%
Post-Planting,Milk - tinned,26. Niger,0.0018279722309868516,7.701995138139552e-4,0.42134092671536605,3.183811839114995e-4,0.0033375632780622035,0.09531569490145726,1. North Central,143,19,7630411.386668342,6.433005255864318,CV < 10%
Post-Planting,Milk powder,26. Niger,0.004005575734935992,0.0013183467935268425,0.32912791587696927,0.0014216160196233807,0.006589535450248604,0.20886216332166246,1. North Central,143,19,7630411.386668342,6.433005255864318,CV < 10%
Post-Planting,Millet,26. Niger,0.33253682326150047,0.03681201067615157,0.11070055434794157,0.26038528233624336,0.4046883641867576,17.339420070063955,1. North Central,143,19,7630411.386668342,6.433005255864318,CV < 10%
Post-Planting,Mutton,26. Niger,0.003685046472767988,0.002438480715082652,0.6617231921232761,0,0.008464468674329987,0.1921488517943308,1. North Central,143,19,7630411.386668342,6.433005255864318,CV < 10%
Post-Planting,Ogbono - ground,26. Niger,4.3444461368395964e-4,2.7563700816149813e-4,0.6344583394052908,0,9.74693149680496e-4,0.022653183427806468,1. North Central,143,19,7630411.386668342,6.433005255864318,CV < 10%
Post-Planting,Ogbono - unground,26. Niger,0,0,NA,0,0,0,1. North Central,143,19,7630411.386668342,6.433005255864318,No estimate
Post-Planting,Okra - dried,26. Niger,0.0041717371425937545,8.300916919781067e-4,0.19897986464746475,0.0025447574263166655,0.005798716858870843,0.2175262938638172,1. North Central,143,19,7630411.386668342,6.433005255864318,CV < 10%
Post-Planting,Okra - fresh,26. Niger,0.06616606919573584,0.008229427797221684,0.12437534671852685,0.050036390713181333,0.08229574767829034,3.450087893777654,1. North Central,143,19,7630411.386668342,6.433005255864318,CV < 10%
Post-Planting,Onions,26. Niger,0.15867802333551248,0.021863996947371168,0.1377884377923049,0.11582458931866499,0.20153145735235997,8.27392550249458,1. North Central,143,19,7630411.386668342,6.433005255864318,CV < 10%
Post-Planting,Orange/Tangerine,26. Niger,0.039545051820474096,0.010885689300147827,0.27527310748172695,0.018209100792184355,0.06088100284876384,2.0619919877818638,1. North Central,143,19,7630411.386668342,6.433005255864318,CV < 10%
Post-Planting,Other alcoholic beverages,26. Niger,0,0,NA,0,0,0,1. North Central,143,19,7630411.386668342,6.433005255864318,No estimate
Post-Planting,Other domestic poultry,26. Niger,0,0,NA,0,0,0,1. North Central,143,19,7630411.386668342,6.433005255864318,No estimate
Post-Planting,Other eggs,26. Niger,0,0,NA,0,0,0,1. North Central,143,19,7630411.386668342,6.433005255864318,No estimate
Post-Planting,Other fish/seafood,26. Niger,0,0,NA,0,0,0,1. North Central,143,19,7630411.386668342,6.433005255864318,No estimate
Post-Planting,Other fruits,26. Niger,0,0,NA,0,0,0,1. North Central,143,19,7630411.386668342,6.433005255864318,No estimate
Post-Planting,Other grains/flour,26. Niger,0,0,NA,0,0,0,1. North Central,143,19,7630411.386668342,6.433005255864318,No estimate
Post-Planting,Other meat,26. Niger,0,0,NA,0,0,0,1. North Central,143,19,7630411.386668342,6.433005255864318,No estimate
Post-Planting,Other milk products,26. Niger,0,0,NA,0,0,0,1. North Central,143,19,7630411.386668342,6.433005255864318,No estimate
Post-Planting,Other non-alcoholic drinks,26. Niger,0.00213682337183539,0.0014580026166137283,0.6823224772955382,0,0.004994508500398297,0.11142007581713106,1. North Central,143,19,7630411.386668342,6.433005255864318,CV < 10%
Post-Planting,Other nuts/seeds/pulses,26. Niger,0.001283287643885663,0.001095196668001081,0.853430385010907,0,0.0034298731131677815,0.06691428428832386,1. North Central,143,19,7630411.386668342,6.433005255864318,CV < 10%
Post-Planting,Other oil/fat,26. Niger,0,0,NA,0,0,0,1. North Central,143,19,7630411.386668342,6.433005255864318,No estimate
Post-Planting,Other roots/tubers,26. Niger,0,0,NA,0,0,0,1. North Central,143,19,7630411.386668342,6.433005255864318,No estimate
Post-Planting,Other spices,26. Niger,0.010808757653062228,0.0014509740777162476,0.1342405967724859,0.007964848460738383,0.013652666845386073,0.5635995061953876,1. North Central,143,19,7630411.386668342,6.433005255864318,CV < 10%
Post-Planting,Other sweets,26. Niger,0,0,NA,0,0,0,1. North Central,143,19,7630411.386668342,6.433005255864318,No estimate
Post-Planting,Other vegetables,26. Niger,0,0,NA,0,0,0,1. North Central,143,19,7630411.386668342,6.433005255864318,No estimate
Post-Planting,Palm oil,26. Niger,0.11670173447618606,0.007997449077106469,0.06852896499784597,0.10102673428505739,0.13237673466731475,6.085161869115416,1. North Central,143,19,7630411.386668342,6.433005255864318,CV < 10%
Post-Planting,Palm wine,26. Niger,1.5492831191150656e-4,1.611843308966784e-4,1.0403800887519203,0,4.708496004689962e-4,0.008078404835385699,1. North Central,143,19,7630411.386668342,6.433005255864318,CV < 10%
Post-Planting,Pawpaw,26. Niger,0,0,NA,0,0,0,1. North Central,143,19,7630411.386668342,6.433005255864318,No estimate
Post-Planting,Pineapples,26. Niger,0.03654733709724913,0.0181932459259585,0.49779949432561754,8.885750823704672e-4,0.0722060991121278,1.9056825772137047,1. North Central,143,19,7630411.386668342,6.433005255864318,CV < 10%
Post-Planting,Pito,26. Niger,0,0,NA,0,0,0,1. North Central,143,19,7630411.386668342,6.433005255864318,No estimate
Post-Planting,Plantains,26. Niger,0.006859933005939042,0.004052796160966969,0.5907923820040557,0,0.0148034134814343,0.3576965067382501,1. North Central,143,19,7630411.386668342,6.433005255864318,CV < 10%
Post-Planting,Pork,26. Niger,0,0,NA,0,0,0,1. North Central,143,19,7630411.386668342,6.433005255864318,No estimate
Post-Planting,Potatoes,26. Niger,0.006858425902753261,0.005536090170357151,0.8071954481763419,0,0.017709162636653276,0.35761792207213433,1. North Central,143,19,7630411.386668342,6.433005255864318,CV < 10%
Post-Planting,Rice - imported,26. Niger,0,0,NA,0,0,0,1. North Central,143,19,7630411.386668342,6.433005255864318,No estimate
Post-Planting,Rice - local,26. Niger,0.6781892032996695,0.04280348006545483,0.06311436374568968,0.594294382371378,0.762084024227961,35.36272274348276,1. North Central,143,19,7630411.386668342,6.433005255864318,CV < 10%
Post-Planting,Sachet water,26. Niger,0.5137957527282134,0.10540695909951682,0.20515342631739264,0.30719811289316046,0.7203933925632664,26.790778535113986,1. North Central,143,19,7630411.386668342,6.433005255864318,CV < 10%
Post-Planting,Salt,26. Niger,0.04703734262893944,0.0036445618780256033,0.07748230819024433,0.03989400134800926,0.05418068390986962,2.452661437080413,1. North Central,143,19,7630411.386668342,6.433005255864318,CV < 10%
Post-Planting,Seafood,26. Niger,0,0,NA,0,0,0,1. North Central,143,19,7630411.386668342,6.433005255864318,No estimate
Post-Planting,Shea butter,26. Niger,4.812328279584944e-4,4.1069871764450435e-4,0.8534303850109047,0,0.001286202314541723,0.02509285460069292,1. North Central,143,19,7630411.386668342,6.433005255864318,CV < 10%
Post-Planting,Snails,26. Niger,0,0,NA,0,0,0,1. North Central,143,19,7630411.386668342,6.433005255864318,No estimate
Post-Planting,Soft drinks,26. Niger,0.0551694462242439,0.009786772595575711,0.1773947948615618,0.03598737193691551,0.07435152051157229,2.876692553121289,1. North Central,143,19,7630411.386668342,6.433005255864318,CV < 10%
Post-Planting,Soya beans,26. Niger,0.0423131549236028,0.009174286972773091,0.21681878813663127,0.02433155245696754,0.060294757390238055,2.206328792445003,1. North Central,143,19,7630411.386668342,6.433005255864318,CV < 10%
Post-Planting,Sugar,26. Niger,0.054396199229840715,0.003829358512175405,0.0703975381808421,0.04689065654597692,0.06190174191370451,2.83637324555598,1. North Central,143,19,7630411.386668342,6.433005255864318,CV < 10%
Post-Planting,Sweet potatoes,26. Niger,0.1739240940952042,0.03778530022583522,0.21725167189976535,0.09986490565256718,0.24798328253784124,9.068899192107077,1. North Central,143,19,7630411.386668342,6.433005255864318,CV < 10%
Post-Planting,Tea,26. Niger,0.0011001740546017597,4.56801722556144e-4,0.41520859417239825,2.0484267839171748e-4,0.001995505430811802,0.05736621856137747,1. North Central,143,19,7630411.386668342,6.433005255864318,CV < 10%
Post-Planting,Tomato puree - canned,26. Niger,0.01995493204982457,0.005802229980883042,0.2907667120286712,0.008582561287293808,0.03132730281235533,1.040507171169424,1. North Central,143,19,7630411.386668342,6.433005255864318,CV < 10%
Post-Planting,Tomatoes,26. Niger,0.09284296392565307,0.013652170133634242,0.14704582400629357,0.06608471046372996,0.11960121738757618,4.841097404694767,1. North Central,143,19,7630411.386668342,6.433005255864318,CV < 10%
Post-Planting,Watermelon,26. Niger,0.11017731218414357,0.026694190414630028,0.24228391386073206,0.05785669897146872,0.16249792539681843,5.744959849601772,1. North Central,143,19,7630411.386668342,6.433005255864318,CV < 10%
Post-Planting,Wheat flour,26. Niger,0.0040550175004574925,0.0024589367377564316,0.6063936191345687,0,0.008874533506460098,0.21144019823814067,1. North Central,143,19,7630411.386668342,6.433005255864318,CV < 10%
Post-Planting,White beans,26. Niger,0.25696555903073004,0.031751734306367234,0.12356416333042555,0.19473215979025027,0.3191989582712098,13.398918435173782,1. North Central,143,19,7630411.386668342,6.433005255864318,CV < 10%
Post-Planting,Wild game/Bush meat,26. Niger,0,0,NA,0,0,0,1. North Central,143,19,7630411.386668342,6.433005255864318,No estimate
Post-Planting,Yam flour,26. Niger,0.016384504192393137,0.009178632739076233,0.5602020440348517,0,0.034374624360982556,0.8543348614604993,1. North Central,143,19,7630411.386668342,6.433005255864318,CV < 10%
Post-Planting,Yam roots,26. Niger,0.1748529956296564,0.044200341128346504,0.2527857241975086,0.08822032701809725,0.26148566424121555,9.117334772117797,1. North Central,143,19,7630411.386668342,6.433005255864318,CV < 10%
Post-Planting,Agricultural eggs,27. Ogun,0.05429637389744478,0.010058562642404496,0.18525293533235113,0.034581591118331964,0.0740111566765576,2.8311680675096205,6. South West,135,27,6965638.333496223,3.631176807817335,CV < 10%
Post-Planting,Animal fat,27. Ogun,0,0,NA,0,0,0,6. South West,135,27,6965638.333496223,3.631176807817335,No estimate
Post-Planting,Apples,27. Ogun,0.0169298099696158,0.005664641024725226,0.3345956649774361,0.005827113561154359,0.028032506378077242,0.8827686627013954,6. South West,135,27,6965638.333496223,3.631176807817335,CV < 10%
Post-Planting,Avocado pear,27. Ogun,0,0,NA,0,0,0,6. South West,135,27,6965638.333496223,3.631176807817335,No estimate
Post-Planting,Baby milk powder,27. Ogun,9.639029093308981e-6,9.794249831760815e-6,1.0161033582271872,0,2.883575876356018e-5,5.026065170082541e-4,6. South West,135,27,6965638.333496223,3.631176807817335,CV < 10%
Post-Planting,Bananas,27. Ogun,0.08788469240624829,0.02789522192008391,0.31740706096048943,0.03321005744288382,0.14255932736961274,4.582558961182946,6. South West,135,27,6965638.333496223,3.631176807817335,CV < 10%
Post-Planting,Beef,27. Ogun,0.08881443587766277,0.028192737282240598,0.3174341761408541,0.0335566708044712,0.14407220095085435,4.631038442192415,6. South West,135,27,6965638.333496223,3.631176807817335,CV < 10%
Post-Planting,Beer,27. Ogun,0.030499064012056824,0.014571124963720468,0.4777564635413153,0.0019396590831647076,0.05905846894094894,1.5903083377715344,6. South West,135,27,6965638.333496223,3.631176807817335,CV < 10%
Post-Planting,Biscuits,27. Ogun,0.019844724098089392,0.002103727474706836,0.10600940906552479,0.015721418247663994,0.02396802994851479,1.0347606136860896,6. South West,135,27,6965638.333496223,3.631176807817335,CV < 10%
Post-Planting,Bottled water,27. Ogun,0.026631744684160345,0.02024512936315127,0.7601878736541201,0,0.06631219823593684,1.388655258531218,6. South West,135,27,6965638.333496223,3.631176807817335,CV < 10%
Post-Planting,Bread,27. Ogun,0.3172719623128646,0.04148286402783797,0.1307485972773458,0.23596554881830217,0.398578375807427,16.543466606313654,6. South West,135,27,6965638.333496223,3.631176807817335,CV < 10%
Post-Planting,Brown beans,27. Ogun,0.3064177233944664,0.04101698688746116,0.13385970769927694,0.2260244290950425,0.38681101769389026,15.977495576997175,6. South West,135,27,6965638.333496223,3.631176807817335,CV < 10%
Post-Planting,Buns/Pofpof/Donuts,27. Ogun,0.01127277352473298,0.002297838366762484,0.20383966392307284,0.006769010325878512,0.015776536723587448,0.587794619503934,6. South West,135,27,6965638.333496223,3.631176807817335,CV < 10%
Post-Planting,Butter/Margarine,27. Ogun,0.004118969888209712,0.003208332587563892,0.7789162520336794,0,0.010407301759834939,0.21477485845664926,6. South West,135,27,6965638.333496223,3.631176807817335,CV < 10%
Post-Planting,Cake,27. Ogun,0.00644298298581521,0.003740948783236908,0.5806237252950899,0,0.01377524260095955,0.33595554140322165,6. South West,135,27,6965638.333496223,3.631176807817335,CV < 10%
Post-Planting,Canned fish/seafood,27. Ogun,0,0,NA,0,0,0,6. South West,135,27,6965638.333496223,3.631176807817335,No estimate
Post-Planting,Cashew nut,27. Ogun,0,0,NA,0,0,0,6. South West,135,27,6965638.333496223,3.631176807817335,No estimate
Post-Planting,Cassava flour,27. Ogun,0.19824340821174785,0.03438242558670172,0.17343540396549856,0.1308538540618125,0.2656329623616832,10.33697771389828,6. South West,135,27,6965638.333496223,3.631176807817335,CV < 10%
Post-Planting,Cassava roots,27. Ogun,0.008566601755278281,0.008139653645511953,0.9501613216111902,0,0.024520322900481707,0.4466870915252246,6. South West,135,27,6965638.333496223,3.631176807817335,CV < 10%
Post-Planting,Cheese/wara,27. Ogun,0,0,NA,0,0,0,6. South West,135,27,6965638.333496223,3.631176807817335,No estimate
Post-Planting,Chicken,27. Ogun,0.006952581462500903,0.0037417794117084132,0.5381856267186351,0,0.014286469109449394,0.3625274619732614,6. South West,135,27,6965638.333496223,3.631176807817335,CV < 10%
Post-Planting,Chocolate drinks,27. Ogun,0.015710254514857306,0.002199681712380506,0.14001566367370116,0.011398878358591515,0.020021630671123097,0.8191775568461309,6. South West,135,27,6965638.333496223,3.631176807817335,CV < 10%
Post-Planting,Coconut,27. Ogun,0.0032997936829056744,0.00314678060312313,0.953629500966919,0,0.009467483665027008,0.17206067060865302,6. South West,135,27,6965638.333496223,3.631176807817335,CV < 10%
Post-Planting,Cocoyam,27. Ogun,0.005299117260816478,0.004405292285173753,0.8313256847037566,0,0.013933490139757036,0.27631111431400207,6. South West,135,27,6965638.333496223,3.631176807817335,CV < 10%
Post-Planting,Coffee,27. Ogun,5.640606123648444e-5,4.24504115478936e-5,0.7525859919542817,0,1.396088678703559e-4,0.00294117319304526,6. South West,135,27,6965638.333496223,3.631176807817335,CV < 10%
Post-Planting,Dry pepper,27. Ogun,0.0031324850319912616,0.0016355257227400977,0.5221176497371561,0,0.006338115448561853,0.16333671952525863,6. South West,135,27,6965638.333496223,3.631176807817335,CV < 10%
Post-Planting,Duck,27. Ogun,0,0,NA,0,0,0,6. South West,135,27,6965638.333496223,3.631176807817335,No estimate
Post-Planting,Fish - dried,27. Ogun,0.010654003667110853,0.0027396415126985612,0.2571466650753928,0.005284306302221673,0.016023701032000032,0.5555301912136373,6. South West,135,27,6965638.333496223,3.631176807817335,CV < 10%
Post-Planting,Fish - fresh,27. Ogun,0.04669376009395658,0.014594520087465814,0.31255825313915414,0.018088500722523587,0.07529901946538957,2.4347460620420214,6. South West,135,27,6965638.333496223,3.631176807817335,CV < 10%
Post-Planting,Fish - frozen,27. Ogun,0.2030154016604256,0.026239972906930132,0.12925114396404522,0.15158505476284254,0.25444574855800867,10.585803086579334,6. South West,135,27,6965638.333496223,3.631176807817335,CV < 10%
Post-Planting,Fish - smoked,27. Ogun,0.14968682398570407,0.020794380229042307,0.13891924269185033,0.10892983873678115,0.190443809234627,7.805098679254569,6. South West,135,27,6965638.333496223,3.631176807817335,CV < 10%
Post-Planting,Fresh milk,27. Ogun,0,0,NA,0,0,0,6. South West,135,27,6965638.333496223,3.631176807817335,No estimate
Post-Planting,Fresh pepper,27. Ogun,0.18727154363487633,0.01252220764463244,0.06686657994899113,0.16272801665139675,0.21181507061835592,9.764873346675696,6. South West,135,27,6965638.333496223,3.631176807817335,CV < 10%
Post-Planting,Fruit juice,27. Ogun,0,0,NA,0,0,0,6. South West,135,27,6965638.333496223,3.631176807817335,No estimate
Post-Planting,Garden eggs/Eggplant,27. Ogun,0.005620614623543948,0.004446643496153436,0.7911311829718916,0,0.014336035876004682,0.29307490537050584,6. South West,135,27,6965638.333496223,3.631176807817335,CV < 10%
Post-Planting,Gari - white,27. Ogun,0.4613080292678994,0.04110666043098839,0.08910892033729628,0.38073897482316216,0.5418770837126367,24.05391866896904,6. South West,135,27,6965638.333496223,3.631176807817335,CV < 10%
Post-Planting,Gari - yellow,27. Ogun,0,0,NA,0,0,0,6. South West,135,27,6965638.333496223,3.631176807817335,No estimate
Post-Planting,Gin,27. Ogun,0.0050026670413464355,0.004290791239127524,0.8577007431565313,0,0.013412617870036381,0.260853352870207,6. South West,135,27,6965638.333496223,3.631176807817335,CV < 10%
Post-Planting,Goat,27. Ogun,0.001121708666840414,0.0010054611259221816,0.8963656568281013,0,0.0030924124736478897,0.05848909477096444,6. South West,135,27,6965638.333496223,3.631176807817335,CV < 10%
Post-Planting,Ground pepper,27. Ogun,0.0012858254665557296,5.100289845534008e-4,0.39665490987636726,2.861686568310642e-4,0.002285482276280395,0.06704661361326304,6. South West,135,27,6965638.333496223,3.631176807817335,CV < 10%
Post-Planting,Groundnut oil,27. Ogun,0.15869519871625673,0.07021905156997134,0.44247747970952384,0.021065857639112923,0.29632453979340057,8.274821075919101,6. South West,135,27,6965638.333496223,3.631176807817335,CV < 10%
Post-Planting,Groundnuts - shelled,27. Ogun,0.006796986245802538,0.00442537670574504,0.6510792497892607,0,0.015470724589062816,0.3544142828168466,6. South West,135,27,6965638.333496223,3.631176807817335,CV < 10%
Post-Planting,Groundnuts - unshelled,27. Ogun,0.0035118269952724803,0.0020442815395221737,0.5821133963245132,0,0.0075186188127359405,0.1831166933249222,6. South West,135,27,6965638.333496223,3.631176807817335,CV < 10%
Post-Planting,Guava,27. Ogun,9.462750506870301e-4,9.538317459815368e-4,1.007985728133718,0,0.002815785272810842,0.04934148478582372,6. South West,135,27,6965638.333496223,3.631176807817335,CV < 10%
Post-Planting,Guinea corn / sorghum,27. Ogun,0,0,NA,0,0,0,6. South West,135,27,6965638.333496223,3.631176807817335,No estimate
Post-Planting,Honey,27. Ogun,0.00843278914117812,0.004092427028595566,0.48529934284872023,4.116321651308121e-4,0.016453946117225428,0.4397097195042877,6. South West,135,27,6965638.333496223,3.631176807817335,CV < 10%
Post-Planting,Kola nut,27. Ogun,8.487663034894131e-4,5.248341819164622e-4,0.6183494558617437,0,0.001877441300045679,0.0442571001105194,6. South West,135,27,6965638.333496223,3.631176807817335,CV < 10%
Post-Planting,Leaves,27. Ogun,0.1163130326526964,0.04552714306568202,0.3914191043545678,0.02707983224395963,0.20554623306143316,6.064893845462026,6. South West,135,27,6965638.333496223,3.631176807817335,CV < 10%
Post-Planting,Local eggs,27. Ogun,0.002629825424391223,0.0015475290549133865,0.5884531499925032,0,0.005662982372021461,0.13712661141468518,6. South West,135,27,6965638.333496223,3.631176807817335,CV < 10%
Post-Planting,Maize - shelled/off cob,27. Ogun,0.003338289873769994,0.0022226997728185803,0.6658198828936456,0,0.007694781428494411,0.17406797198943538,6. South West,135,27,6965638.333496223,3.631176807817335,CV < 10%
Post-Planting,Maize - unshelled/on cob,27. Ogun,0.07463743989879137,0.019497821008491522,0.26123378608551734,0.03642171072214799,0.11285316907543476,3.8918093661512647,6. South West,135,27,6965638.333496223,3.631176807817335,CV < 10%
Post-Planting,Maize flour,27. Ogun,0.10950344524243459,0.02518403274127581,0.2299839305103118,0.060142741069534,0.15886414941533517,5.709822501926946,6. South West,135,27,6965638.333496223,3.631176807817335,CV < 10%
Post-Planting,Malt drinks,27. Ogun,0.022423028408344807,0.0068294837283232246,0.30457454737833756,0.009037240300831287,0.03580881651585833,1.1692007670065507,6. South West,135,27,6965638.333496223,3.631176807817335,CV < 10%
Post-Planting,Mangoes,27. Ogun,0,0,NA,0,0,0,6. South West,135,27,6965638.333496223,3.631176807817335,No estimate
Post-Planting,Meat pie/Sausage roll,27. Ogun,0.0018004474473966685,7.260973295886014e-4,0.4032871554448821,3.772966814030098e-4,0.0032235982133903274,0.09388047404282629,6. South West,135,27,6965638.333496223,3.631176807817335,CV < 10%
Post-Planting,Melon - ground,27. Ogun,0.008837726038989777,0.0015372575110303328,0.17394265269689824,0.005824701317370325,0.011850750760609229,0.4608242863187527,6. South West,135,27,6965638.333496223,3.631176807817335,CV < 10%
Post-Planting,Melon - shelled,27. Ogun,0.01266489231486351,0.003984079951714701,0.31457669379778197,0.004856095609502698,0.020473689020224325,0.6603836707035973,6. South West,135,27,6965638.333496223,3.631176807817335,CV < 10%
Post-Planting,Melon - unshelled,27. Ogun,0.0031841403261819185,0.0020670631032729684,0.6491746253380641,0,0.007235584008596936,0.1660301741509143,6. South West,135,27,6965638.333496223,3.631176807817335,CV < 10%
Post-Planting,Milk - tinned,27. Ogun,0.00733112329824965,0.0035726633004435565,0.4873282244886744,3.2870322938027916e-4,0.01433354336711902,0.38226571483730315,6. South West,135,27,6965638.333496223,3.631176807817335,CV < 10%
Post-Planting,Milk powder,27. Ogun,0.022958678743450388,0.004644543451324969,0.20230011941126866,0.013855373578853449,0.03206198390804733,1.1971311059084846,6. South West,135,27,6965638.333496223,3.631176807817335,CV < 10%
Post-Planting,Millet,27. Ogun,7.593535242893241e-4,7.371399259361786e-4,0.9707466974964853,0,0.002204147779124234,0.039594862337943335,6. South West,135,27,6965638.333496223,3.631176807817335,CV < 10%
Post-Planting,Mutton,27. Ogun,0,0,NA,0,0,0,6. South West,135,27,6965638.333496223,3.631176807817335,No estimate
Post-Planting,Ogbono - ground,27. Ogun,4.078328564733325e-4,3.655673662687999e-4,0.8963656568281025,0,0.0011243448943601803,0.021265570373252336,6. South West,135,27,6965638.333496223,3.631176807817335,CV < 10%
Post-Planting,Ogbono - unground,27. Ogun,0.0017678325433278341,6.200271971544112e-4,0.35072733528666056,5.525792369051883e-4,0.00298308584975048,0.09217983975923706,6. South West,135,27,6965638.333496223,3.631176807817335,CV < 10%
Post-Planting,Okra - dried,27. Ogun,0,0,NA,0,0,0,6. South West,135,27,6965638.333496223,3.631176807817335,No estimate
Post-Planting,Okra - fresh,27. Ogun,0.03317572863525153,0.013976537295594562,0.421288028041787,0.005781715535886186,0.060569741734616864,1.7298772788381154,6. South West,135,27,6965638.333496223,3.631176807817335,CV < 10%
Post-Planting,Onions,27. Ogun,0.2829102306080137,0.014956695124950025,0.05286728264582724,0.25359510816311165,0.3122253530529157,14.751747738846428,6. South West,135,27,6965638.333496223,3.631176807817335,CV < 10%
Post-Planting,Orange/Tangerine,27. Ogun,0.08047697641307512,0.0173089014457333,0.215078923404,0.04655152957943785,0.11440242324671239,4.19629948439606,6. South West,135,27,6965638.333496223,3.631176807817335,CV < 10%
Post-Planting,Other alcoholic beverages,27. Ogun,0,0,NA,0,0,0,6. South West,135,27,6965638.333496223,3.631176807817335,No estimate
Post-Planting,Other domestic poultry,27. Ogun,0,0,NA,0,0,0,6. South West,135,27,6965638.333496223,3.631176807817335,No estimate
Post-Planting,Other eggs,27. Ogun,0,0,NA,0,0,0,6. South West,135,27,6965638.333496223,3.631176807817335,No estimate
Post-Planting,Other fish/seafood,27. Ogun,0,0,NA,0,0,0,6. South West,135,27,6965638.333496223,3.631176807817335,No estimate
Post-Planting,Other fruits,27. Ogun,8.217522416436743e-4,8.488012457126018e-4,1.0329162522451096,0,0.002485402683240374,0.04284850974284873,6. South West,135,27,6965638.333496223,3.631176807817335,CV < 10%
Post-Planting,Other grains/flour,27. Ogun,0.044833257208371155,0.01913835773913993,0.42687859260795497,0.007322076039656893,0.08234443837708541,2.3377341258650675,6. South West,135,27,6965638.333496223,3.631176807817335,CV < 10%
Post-Planting,Other meat,27. Ogun,0,0,NA,0,0,0,6. South West,135,27,6965638.333496223,3.631176807817335,No estimate
Post-Planting,Other milk products,27. Ogun,0,0,NA,0,0,0,6. South West,135,27,6965638.333496223,3.631176807817335,No estimate
Post-Planting,Other non-alcoholic drinks,27. Ogun,4.6384034689861574e-5,4.502714849174556e-5,0.9707466974964859,0,1.3463724573368286e-4,0.002418596094542782,6. South West,135,27,6965638.333496223,3.631176807817335,CV < 10%
Post-Planting,Other nuts/seeds/pulses,27. Ogun,0,0,NA,0,0,0,6. South West,135,27,6965638.333496223,3.631176807817335,No estimate
Post-Planting,Other oil/fat,27. Ogun,0,0,NA,0,0,0,6. South West,135,27,6965638.333496223,3.631176807817335,No estimate
Post-Planting,Other roots/tubers,27. Ogun,0,0,NA,0,0,0,6. South West,135,27,6965638.333496223,3.631176807817335,No estimate
Post-Planting,Other spices,27. Ogun,0.01047648660303886,0.001402771655408789,0.13389714591930985,0.007727054158437633,0.013225919047640087,0.5462739443013119,6. South West,135,27,6965638.333496223,3.631176807817335,CV < 10%
Post-Planting,Other sweets,27. Ogun,0,0,NA,0,0,0,6. South West,135,27,6965638.333496223,3.631176807817335,No estimate
Post-Planting,Other vegetables,27. Ogun,0.0077966778007109334,0.0048000722055780145,0.6156560945920228,0,0.017204819323643844,0.4065410567513558,6. South West,135,27,6965638.333496223,3.631176807817335,CV < 10%
Post-Planting,Palm oil,27. Ogun,0.1859861099417596,0.013333205861282383,0.07168925607109904,0.15985302645364613,0.21211919342987307,9.697847161248893,6. South West,135,27,6965638.333496223,3.631176807817335,CV < 10%
Post-Planting,Palm wine,27. Ogun,0.03302484626412868,0.028247195153912517,0.855331616928506,0,0.08838934876579721,1.722009840915281,6. South West,135,27,6965638.333496223,3.631176807817335,CV < 10%
Post-Planting,Pawpaw,27. Ogun,0.22891697847509535,0.09275397399777015,0.40518608368693443,0.04711918943946586,0.41071476751072483,11.9363853062014,6. South West,135,27,6965638.333496223,3.631176807817335,CV < 10%
Post-Planting,Pineapples,27. Ogun,0.07327976305680438,0.024460527060528075,0.3337964813227763,0.025337130018169354,0.1212223960954394,3.8210162165333714,6. South West,135,27,6965638.333496223,3.631176807817335,CV < 10%
Post-Planting,Pito,27. Ogun,0,0,NA,0,0,0,6. South West,135,27,6965638.333496223,3.631176807817335,No estimate
Post-Planting,Plantains,27. Ogun,0.09566297899778212,0.039840297955859874,0.41646516106072284,0.01757599500429677,0.17374996299126746,4.988141047741496,6. South West,135,27,6965638.333496223,3.631176807817335,CV < 10%
Post-Planting,Pork,27. Ogun,0.0012248875608034972,0.0011039860651214357,0.9012958417156649,0,0.003388700248441511,0.06386913709903949,6. South West,135,27,6965638.333496223,3.631176807817335,CV < 10%
Post-Planting,Potatoes,27. Ogun,0,0,NA,0,0,0,6. South West,135,27,6965638.333496223,3.631176807817335,No estimate
Post-Planting,Rice - imported,27. Ogun,0.4511003485478618,0.04738047401424237,0.10503311329012484,0.3582346194799467,0.5439660776157769,23.521661031424223,6. South West,135,27,6965638.333496223,3.631176807817335,CV < 10%
Post-Planting,Rice - local,27. Ogun,0.031005670384321147,0.01130462058144793,0.36459848928679883,0.008848614044683206,0.05316272672395909,1.6167242414681742,6. South West,135,27,6965638.333496223,3.631176807817335,CV < 10%
Post-Planting,Sachet water,27. Ogun,1.1449251558241202,0.13870553350561832,0.12114812291444299,0.8730623101531083,1.4167880014951322,59.69966883940055,6. South West,135,27,6965638.333496223,3.631176807817335,CV < 10%
Post-Planting,Salt,27. Ogun,0.09050364086130537,0.0095710769982758,0.10575350236951508,0.0717443299446848,0.10926295177792594,4.7191184163394935,6. South West,135,27,6965638.333496223,3.631176807817335,CV < 10%
Post-Planting,Seafood,27. Ogun,0,0,NA,0,0,0,6. South West,135,27,6965638.333496223,3.631176807817335,No estimate
Post-Planting,Shea butter,27. Ogun,0,0,NA,0,0,0,6. South West,135,27,6965638.333496223,3.631176807817335,No estimate
Post-Planting,Snails,27. Ogun,0,0,NA,0,0,0,6. South West,135,27,6965638.333496223,3.631176807817335,No estimate
Post-Planting,Soft drinks,27. Ogun,0.17752165822909222,0.024456722371291865,0.1377675412412518,0.12958648238136017,0.22545683407682426,9.256486464802665,6. South West,135,27,6965638.333496223,3.631176807817335,CV < 10%
Post-Planting,Soya beans,27. Ogun,0.0012409784894345645,0.0012650140884539374,1.0193682640142492,0,0.0037204061028042815,0.06470816409194514,6. South West,135,27,6965638.333496223,3.631176807817335,CV < 10%
Post-Planting,Sugar,27. Ogun,0.04620679155861393,0.006449178505405963,0.13957209076559868,0.03356640168801824,0.05884718142920962,2.4093541312705833,6. South West,135,27,6965638.333496223,3.631176807817335,CV < 10%
Post-Planting,Sweet potatoes,27. Ogun,0.03593601368488555,0.013658471336381622,0.38007753047262127,0.009165409865577567,0.06270661750419353,1.8738064278547462,6. South West,135,27,6965638.333496223,3.631176807817335,CV < 10%
Post-Planting,Tea,27. Ogun,0.0010409841489152337,4.2958817905730485e-4,0.4126750436161404,1.9899131796291612e-4,0.0018829769798675512,0.05427988776486575,6. South West,135,27,6965638.333496223,3.631176807817335,CV < 10%
Post-Planting,Tomato puree - canned,27. Ogun,0.014344129290643756,0.0029887487147029533,0.20836041380723083,0.008486181809825967,0.020202076771461547,0.7479438844407101,6. South West,135,27,6965638.333496223,3.631176807817335,CV < 10%
Post-Planting,Tomatoes,27. Ogun,0.2941946984596775,0.02881975078557298,0.09796148923303263,0.23770798691995446,0.35068140999940056,15.340152133968898,6. South West,135,27,6965638.333496223,3.631176807817335,CV < 10%
Post-Planting,Watermelon,27. Ogun,0.43091198352912935,0.11486515048149003,0.26656290581838793,0.2057762885854089,0.6560476784728498,22.468981998304603,6. South West,135,27,6965638.333496223,3.631176807817335,CV < 10%
Post-Planting,Wheat flour,27. Ogun,0.03737311182014243,0.012510446783987722,0.3347445844005196,0.012852636123526492,0.06189358751675836,1.9487408306217122,6. South West,135,27,6965638.333496223,3.631176807817335,CV < 10%
Post-Planting,White beans,27. Ogun,0.0022138900883474067,0.001464285591022354,0.6614084406129633,0,0.005083889846751221,0.1154385546066862,6. South West,135,27,6965638.333496223,3.631176807817335,CV < 10%
Post-Planting,Wild game/Bush meat,27. Ogun,0.0038276182535412666,0.0039017525744216085,1.0193682640142478,0,0.01147505329940762,0.1995829517917946,6. South West,135,27,6965638.333496223,3.631176807817335,CV < 10%
Post-Planting,Yam flour,27. Ogun,0.059340582419160785,0.012757665643180642,0.21499057008010178,0.03433555775852673,0.08434560707979484,3.0941875118562407,6. South West,135,27,6965638.333496223,3.631176807817335,CV < 10%
Post-Planting,Yam roots,27. Ogun,0.4087559660634602,0.08164109403680918,0.1997306481494492,0.24873942175131422,0.5687725103756062,21.31370394473757,6. South West,135,27,6965638.333496223,3.631176807817335,CV < 10%
Post-Planting,Agricultural eggs,28. Ondo,0.027099230975483172,0.01133630638775664,0.41832575979785774,0.004880070455480157,0.04931839149548618,1.4130313294359083,6. South West,77,13,5536093.689872383,4.160203455922853,CV < 10%
Post-Planting,Animal fat,28. Ondo,0,0,NA,0,0,0,6. South West,77,13,5536093.689872383,4.160203455922853,No estimate
Post-Planting,Apples,28. Ondo,8.242624231790845e-4,7.191001388368254e-4,0.8724165006374299,0,0.0022336986952992623,0.04297939778005227,6. South West,77,13,5536093.689872383,4.160203455922853,CV < 10%
Post-Planting,Avocado pear,28. Ondo,0,0,NA,0,0,0,6. South West,77,13,5536093.689872383,4.160203455922853,No estimate
Post-Planting,Baby milk powder,28. Ondo,0,0,NA,0,0,0,6. South West,77,13,5536093.689872383,4.160203455922853,No estimate
Post-Planting,Bananas,28. Ondo,0.030281070241104123,0.02102363823259203,0.694283196241001,0,0.0714874011769845,1.578941519714715,6. South West,77,13,5536093.689872383,4.160203455922853,CV < 10%
Post-Planting,Beef,28. Ondo,0.06808975139638772,0.014541380537420746,0.21356195667050404,0.03958864554304306,0.09659085724973238,3.5503941799545022,6. South West,77,13,5536093.689872383,4.160203455922853,CV < 10%
Post-Planting,Beer,28. Ondo,0,0,NA,0,0,0,6. South West,77,13,5536093.689872383,4.160203455922853,No estimate
Post-Planting,Biscuits,28. Ondo,0,0,NA,0,0,0,6. South West,77,13,5536093.689872383,4.160203455922853,No estimate
Post-Planting,Bottled water,28. Ondo,0,0,NA,0,0,0,6. South West,77,13,5536093.689872383,4.160203455922853,No estimate
Post-Planting,Bread,28. Ondo,0.02382477293379535,0.011010921380704298,0.46216269977899127,0.0022433670276149273,0.045406178839975775,1.2422917315479005,6. South West,77,13,5536093.689872383,4.160203455922853,CV < 10%
Post-Planting,Brown beans,28. Ondo,0.09985414010908546,0.03481709583719301,0.34867954197149104,0.031612632268187155,0.16809564794998377,5.206680162830884,6. South West,77,13,5536093.689872383,4.160203455922853,CV < 10%
Post-Planting,Buns/Pofpof/Donuts,28. Ondo,0,0,NA,0,0,0,6. South West,77,13,5536093.689872383,4.160203455922853,No estimate
Post-Planting,Butter/Margarine,28. Ondo,0,0,NA,0,0,0,6. South West,77,13,5536093.689872383,4.160203455922853,No estimate
Post-Planting,Cake,28. Ondo,0,0,NA,0,0,0,6. South West,77,13,5536093.689872383,4.160203455922853,No estimate
Post-Planting,Canned fish/seafood,28. Ondo,0,0,NA,0,0,0,6. South West,77,13,5536093.689872383,4.160203455922853,No estimate
Post-Planting,Cashew nut,28. Ondo,0,0,NA,0,0,0,6. South West,77,13,5536093.689872383,4.160203455922853,No estimate
Post-Planting,Cassava flour,28. Ondo,0.21800636237548052,0.051068071671337,0.23425037285554332,0.11791294189966,0.318099782851301,11.367474609578625,6. South West,77,13,5536093.689872383,4.160203455922853,CV < 10%
Post-Planting,Cassava roots,28. Ondo,0.02007324513703467,0.02039745283750411,1.0161512350522381,0,0.060052252698542724,1.0466763535739505,6. South West,77,13,5536093.689872383,4.160203455922853,CV < 10%
Post-Planting,Cheese/wara,28. Ondo,7.076380483371573e-4,7.190672767877536e-4,1.0161512350522321,0,0.0021170099108411542,0.03689826966329463,6. South West,77,13,5536093.689872383,4.160203455922853,CV < 10%
Post-Planting,Chicken,28. Ondo,0.0020033607951292875,0.0020190737186335773,1.0078432819203071,0,0.005960745283651099,0.10446095574602714,6. South West,77,13,5536093.689872383,4.160203455922853,CV < 10%
Post-Planting,Chocolate drinks,28. Ondo,0.007362114788620119,0.0017308188129773984,0.23509804759534395,0.003969709915184418,0.01075451966205582,0.3838816996923348,6. South West,77,13,5536093.689872383,4.160203455922853,CV < 10%
Post-Planting,Coconut,28. Ondo,0.0010545854131797832,0.0010932514076016663,1.0366646399036543,0,0.0031973581720790493,0.05498909654437441,6. South West,77,13,5536093.689872383,4.160203455922853,CV < 10%
Post-Planting,Cocoyam,28. Ondo,0.046578791567524216,0.02389948703107841,0.5130980479910447,0,0.09342178614843791,2.428751274592334,6. South West,77,13,5536093.689872383,4.160203455922853,CV < 10%
Post-Planting,Coffee,28. Ondo,0,0,NA,0,0,0,6. South West,77,13,5536093.689872383,4.160203455922853,No estimate
Post-Planting,Dry pepper,28. Ondo,0.0075704436048296565,0.0034141847222603347,0.4509887267480883,8.786415491994007e-4,0.014262245660459912,0.3947445593946893,6. South West,77,13,5536093.689872383,4.160203455922853,CV < 10%
Post-Planting,Duck,28. Ondo,0,0,NA,0,0,0,6. South West,77,13,5536093.689872383,4.160203455922853,No estimate
Post-Planting,Fish - dried,28. Ondo,0.03136276045279888,0.009819666307843053,0.31309955393185823,0.012116214489426496,0.05060930641617126,1.6353439378959416,6. South West,77,13,5536093.689872383,4.160203455922853,CV < 10%
Post-Planting,Fish - fresh,28. Ondo,0.015788982329704035,0.011037422284027255,0.6990584987394911,0,0.037422330006397456,0.8232826500488531,6. South West,77,13,5536093.689872383,4.160203455922853,CV < 10%
Post-Planting,Fish - frozen,28. Ondo,0.14983785737648808,0.043980498852854884,0.2935206070275543,0.06363607962489251,0.23603963512808365,7.8129739917740215,6. South West,77,13,5536093.689872383,4.160203455922853,CV < 10%
Post-Planting,Fish - smoked,28. Ondo,0.04755462348445204,0.014094187327328509,0.2963789069203039,0.019930016322888162,0.07517923064601592,2.479633938832142,6. South West,77,13,5536093.689872383,4.160203455922853,CV < 10%
Post-Planting,Fresh milk,28. Ondo,0.004670411119025239,0.0047458440267992,1.0161512350522377,0,0.01397226541155167,0.24352857977774459,6. South West,77,13,5536093.689872383,4.160203455922853,CV < 10%
Post-Planting,Fresh pepper,28. Ondo,0.174513817698826,0.013704771986913571,0.0785311568311749,0.14765246460447543,0.2013751707931766,9.099649065724499,6. South West,77,13,5536093.689872383,4.160203455922853,CV < 10%
Post-Planting,Fruit juice,28. Ondo,0,0,NA,0,0,0,6. South West,77,13,5536093.689872383,4.160203455922853,No estimate
Post-Planting,Garden eggs/Eggplant,28. Ondo,0.010788718118821431,0.004218101614177956,0.390973382353857,0.0025212389550326366,0.019056197282610224,0.5625545876242604,6. South West,77,13,5536093.689872383,4.160203455922853,CV < 10%
Post-Planting,Gari - white,28. Ondo,0.4331223978174709,0.03304820790714476,0.07630223713591495,0.3683479103194672,0.49789688531547466,22.584239314768126,6. South West,77,13,5536093.689872383,4.160203455922853,CV < 10%
Post-Planting,Gari - yellow,28. Ondo,0.017780158041054202,0.015511703258956936,0.872416500637428,0,0.048183096428609795,0.927108240712112,6. South West,77,13,5536093.689872383,4.160203455922853,CV < 10%
Post-Planting,Gin,28. Ondo,0,0,NA,0,0,0,6. South West,77,13,5536093.689872383,4.160203455922853,No estimate
Post-Planting,Goat,28. Ondo,0,0,NA,0,0,0,6. South West,77,13,5536093.689872383,4.160203455922853,No estimate
Post-Planting,Ground pepper,28. Ondo,0.001690283965104303,6.951146107570649e-4,0.4112413210487808,3.2785932802045586e-4,0.0030527086021881504,0.0881362353232958,6. South West,77,13,5536093.689872383,4.160203455922853,CV < 10%
Post-Planting,Groundnut oil,28. Ondo,0.03875774628900677,0.021412280070980536,0.55246452957596,0,0.08072581522812862,2.020939627926782,6. South West,77,13,5536093.689872383,4.160203455922853,CV < 10%
Post-Planting,Groundnuts - shelled,28. Ondo,0.006768160176082821,0.004270855404217227,0.6310216208105541,0,0.015139036768348586,0.35291120918146135,6. South West,77,13,5536093.689872383,4.160203455922853,CV < 10%
Post-Planting,Groundnuts - unshelled,28. Ondo,0,0,NA,0,0,0,6. South West,77,13,5536093.689872383,4.160203455922853,No estimate
Post-Planting,Guava,28. Ondo,0.008321823618278101,0.008456231347600178,1.0161512350522381,0,0.02489603705957445,0.4339236600959296,6. South West,77,13,5536093.689872383,4.160203455922853,CV < 10%
Post-Planting,Guinea corn / sorghum,28. Ondo,0,0,NA,0,0,0,6. South West,77,13,5536093.689872383,4.160203455922853,No estimate
Post-Planting,Honey,28. Ondo,0,0,NA,0,0,0,6. South West,77,13,5536093.689872383,4.160203455922853,No estimate
Post-Planting,Kola nut,28. Ondo,0.0010272584691568111,5.791035973752985e-4,0.5637369900202772,0,0.002162301520012396,0.05356419160603372,6. South West,77,13,5536093.689872383,4.160203455922853,CV < 10%
Post-Planting,Leaves,28. Ondo,0.12818215067683442,0.019862492545304353,0.15495521365826156,0.08925166528803788,0.16711263606563095,6.683783571006366,6. South West,77,13,5536093.689872383,4.160203455922853,CV < 10%
Post-Planting,Local eggs,28. Ondo,0.0010519809051435856,0.0010689716960130243,1.0161512350522366,0,0.003147165429329113,0.05485329005391554,6. South West,77,13,5536093.689872383,4.160203455922853,CV < 10%
Post-Planting,Maize - shelled/off cob,28. Ondo,0,0,NA,0,0,0,6. South West,77,13,5536093.689872383,4.160203455922853,No estimate
Post-Planting,Maize - unshelled/on cob,28. Ondo,0.28356119619696346,0.08044241481737574,0.28368625854399315,0.125894063154907,0.4412283292390199,14.785690944555952,6. South West,77,13,5536093.689872383,4.160203455922853,CV < 10%
Post-Planting,Maize flour,28. Ondo,0.0038579428000979194,0.0033657329573207845,0.8724165006374273,0,0.010454779396446658,0.20116416029082007,6. South West,77,13,5536093.689872383,4.160203455922853,CV < 10%
Post-Planting,Malt drinks,28. Ondo,0,0,NA,0,0,0,6. South West,77,13,5536093.689872383,4.160203455922853,No estimate
Post-Planting,Mangoes,28. Ondo,0,0,NA,0,0,0,6. South West,77,13,5536093.689872383,4.160203455922853,No estimate
Post-Planting,Meat pie/Sausage roll,28. Ondo,0,0,NA,0,0,0,6. South West,77,13,5536093.689872383,4.160203455922853,No estimate
Post-Planting,Melon - ground,28. Ondo,0.004453139749500502,0.0010444215449976898,0.23453599117675122,0.00240607352130503,0.006500205977695973,0.2321994297953833,6. South West,77,13,5536093.689872383,4.160203455922853,CV < 10%
Post-Planting,Melon - shelled,28. Ondo,0.023780793824475652,0.005351281319368012,0.22502534435416408,0.013292282438514349,0.03426930521043696,1.2399985351333733,6. South West,77,13,5536093.689872383,4.160203455922853,CV < 10%
Post-Planting,Melon - unshelled,28. Ondo,1.8965360302452468e-4,1.9660718408584957e-4,1.0366646399036548,0,5.750036838327898e-4,0.009889080729135928,6. South West,77,13,5536093.689872383,4.160203455922853,CV < 10%
Post-Planting,Milk - tinned,28. Ondo,3.0863541629194794e-4,2.6925862985419704e-4,0.8724165006374279,0,8.363823308061742e-4,0.016093132420937285,6. South West,77,13,5536093.689872383,4.160203455922853,CV < 10%
Post-Planting,Milk powder,28. Ondo,0.005882702202580595,0.0017380566101762242,0.29545208142846024,0.0024761112466351954,0.009289293158525995,0.306740900563131,6. South West,77,13,5536093.689872383,4.160203455922853,CV < 10%
Post-Planting,Millet,28. Ondo,0,0,NA,0,0,0,6. South West,77,13,5536093.689872383,4.160203455922853,No estimate
Post-Planting,Mutton,28. Ondo,0,0,NA,0,0,0,6. South West,77,13,5536093.689872383,4.160203455922853,No estimate
Post-Planting,Ogbono - ground,28. Ondo,2.5938564569297e-4,1.9850948773845605e-4,0.7653063730960196,0,6.484642416603439e-4,0.013525108668276293,6. South West,77,13,5536093.689872383,4.160203455922853,CV < 10%
Post-Planting,Ogbono - unground,28. Ondo,7.49360134357047e-4,4.096889961011307e-4,0.5467184299210752,0,0.0015523505667152631,0.039073778434331734,6. South West,77,13,5536093.689872383,4.160203455922853,CV < 10%
Post-Planting,Okra - dried,28. Ondo,0,0,NA,0,0,0,6. South West,77,13,5536093.689872383,4.160203455922853,No estimate
Post-Planting,Okra - fresh,28. Ondo,0.07091249767906162,0.010571599203466708,0.1490794930297342,0.050192163240266874,0.09163283211785636,3.6975802361224983,6. South West,77,13,5536093.689872383,4.160203455922853,CV < 10%
Post-Planting,Onions,28. Ondo,0.13876028725068051,0.01503127397846634,0.10832547464615186,0.10929899025288649,0.16822158424847455,7.235357835214055,6. South West,77,13,5536093.689872383,4.160203455922853,CV < 10%
Post-Planting,Orange/Tangerine,28. Ondo,0.04599177388651778,0.018276702143710733,0.39739067661985616,0.010169437684844747,0.08181411008819081,2.3981424955112844,6. South West,77,13,5536093.689872383,4.160203455922853,CV < 10%
Post-Planting,Other alcoholic beverages,28. Ondo,0,0,NA,0,0,0,6. South West,77,13,5536093.689872383,4.160203455922853,No estimate
Post-Planting,Other domestic poultry,28. Ondo,0,0,NA,0,0,0,6. South West,77,13,5536093.689872383,4.160203455922853,No estimate
Post-Planting,Other eggs,28. Ondo,0,0,NA,0,0,0,6. South West,77,13,5536093.689872383,4.160203455922853,No estimate
Post-Planting,Other fish/seafood,28. Ondo,0,0,NA,0,0,0,6. South West,77,13,5536093.689872383,4.160203455922853,No estimate
Post-Planting,Other fruits,28. Ondo,0,0,NA,0,0,0,6. South West,77,13,5536093.689872383,4.160203455922853,No estimate
Post-Planting,Other grains/flour,28. Ondo,0.001408741605635368,0.0014826188718310225,1.0524420276224713,0,0.004314674594424172,0.0734558122938442,6. South West,77,13,5536093.689872383,4.160203455922853,CV < 10%
Post-Planting,Other meat,28. Ondo,0.005066235652097991,0.0041014809134683845,0.8095716810507838,0,0.013105138242496024,0.2641680018593952,6. South West,77,13,5536093.689872383,4.160203455922853,CV < 10%
Post-Planting,Other milk products,28. Ondo,0,0,NA,0,0,0,6. South West,77,13,5536093.689872383,4.160203455922853,No estimate
Post-Planting,Other non-alcoholic drinks,28. Ondo,0,0,NA,0,0,0,6. South West,77,13,5536093.689872383,4.160203455922853,No estimate
Post-Planting,Other nuts/seeds/pulses,28. Ondo,0,0,NA,0,0,0,6. South West,77,13,5536093.689872383,4.160203455922853,No estimate
Post-Planting,Other oil/fat,28. Ondo,0,0,NA,0,0,0,6. South West,77,13,5536093.689872383,4.160203455922853,No estimate
Post-Planting,Other roots/tubers,28. Ondo,0,0,NA,0,0,0,6. South West,77,13,5536093.689872383,4.160203455922853,No estimate
Post-Planting,Other spices,28. Ondo,0.008029800426733258,0.0018571956118583134,0.23128789174824751,0.004389697027490964,0.011669903825975552,0.4186967365368056,6. South West,77,13,5536093.689872383,4.160203455922853,CV < 10%
Post-Planting,Other sweets,28. Ondo,0,0,NA,0,0,0,6. South West,77,13,5536093.689872383,4.160203455922853,No estimate
Post-Planting,Other vegetables,28. Ondo,0,0,NA,0,0,0,6. South West,77,13,5536093.689872383,4.160203455922853,No estimate
Post-Planting,Palm oil,28. Ondo,0.12362413858133978,0.010224957455001906,0.08271004006449995,0.10358322196953604,0.14366505519314351,6.446115797455574,6. South West,77,13,5536093.689872383,4.160203455922853,CV < 10%
Post-Planting,Palm wine,28. Ondo,0,0,NA,0,0,0,6. South West,77,13,5536093.689872383,4.160203455922853,No estimate
Post-Planting,Pawpaw,28. Ondo,0.033409861422961755,0.0107155055203867,0.3207288226889263,0.012407470603003824,0.054412252242919686,1.7420856313401487,6. South West,77,13,5536093.689872383,4.160203455922853,CV < 10%
Post-Planting,Pineapples,28. Ondo,0,0,NA,0,0,0,6. South West,77,13,5536093.689872383,4.160203455922853,No estimate
Post-Planting,Pito,28. Ondo,0,0,NA,0,0,0,6. South West,77,13,5536093.689872383,4.160203455922853,No estimate
Post-Planting,Plantains,28. Ondo,0.24998901036929524,0.06921307883922755,0.2768644859107319,0.11433137584440925,0.3856466448941812,13.035141254970394,6. South West,77,13,5536093.689872383,4.160203455922853,CV < 10%
Post-Planting,Pork,28. Ondo,0.001157382840029376,0.0010097198871962415,0.8724165006374325,0,0.0031364338189340093,0.060349248087246024,6. South West,77,13,5536093.689872383,4.160203455922853,CV < 10%
Post-Planting,Potatoes,28. Ondo,0,0,NA,0,0,0,6. South West,77,13,5536093.689872383,4.160203455922853,No estimate
Post-Planting,Rice - imported,28. Ondo,0.17371460734522098,0.040984540371353205,0.23593030544578852,0.09338490821736871,0.25404430647307324,9.057975954429379,6. South West,77,13,5536093.689872383,4.160203455922853,CV < 10%
Post-Planting,Rice - local,28. Ondo,0.36744819262808504,0.041342291870963825,0.11251189337814674,0.28641730056099596,0.4484790846951741,19.15979861560729,6. South West,77,13,5536093.689872383,4.160203455922853,CV < 10%
Post-Planting,Sachet water,28. Ondo,0.4663900505058243,0.15117962535294227,0.3241484787014219,0.1700779848140575,0.7627021161975911,24.318909776375126,6. South West,77,13,5536093.689872383,4.160203455922853,CV < 10%
Post-Planting,Salt,28. Ondo,0.022769351743870927,0.0010789511616040646,0.047386116817950144,0.02065460746712696,0.024884096020614893,1.187259055216127,6. South West,77,13,5536093.689872383,4.160203455922853,CV < 10%
Post-Planting,Seafood,28. Ondo,0.0010716905629124264,5.875028712723225e-4,0.5482019638912603,0,0.0022231961906061786,0.05588100792329081,6. South West,77,13,5536093.689872383,4.160203455922853,CV < 10%
Post-Planting,Shea butter,28. Ondo,0,0,NA,0,0,0,6. South West,77,13,5536093.689872383,4.160203455922853,No estimate
Post-Planting,Snails,28. Ondo,0.001138862094018784,7.524327370149294e-4,0.6606881912802685,0,0.0026136302585680455,0.05938352347383659,6. South West,77,13,5536093.689872383,4.160203455922853,CV < 10%
Post-Planting,Soft drinks,28. Ondo,0,0,NA,0,0,0,6. South West,77,13,5536093.689872383,4.160203455922853,No estimate
Post-Planting,Soya beans,28. Ondo,0,0,NA,0,0,0,6. South West,77,13,5536093.689872383,4.160203455922853,No estimate
Post-Planting,Sugar,28. Ondo,0.013308245903177349,0.0041227425634009955,0.3097885772021006,0.005227670478911397,0.0213888213274433,0.6939299649513904,6. South West,77,13,5536093.689872383,4.160203455922853,CV < 10%
Post-Planting,Sweet potatoes,28. Ondo,0.00816483709172014,0.008593017704017084,1.0524420276224686,0,0.025007151791593622,0.42573793406826443,6. South West,77,13,5536093.689872383,4.160203455922853,CV < 10%
Post-Planting,Tea,28. Ondo,0.0012654401950767903,7.836352643400575e-4,0.6192590273240881,0,0.002801365313183303,0.06598366731471834,6. South West,77,13,5536093.689872383,4.160203455922853,CV < 10%
Post-Planting,Tomato puree - canned,28. Ondo,0.009352462997593373,0.0024573795216520982,0.26275212447078855,0.004535999135155261,0.014168926860031485,0.48766414201736874,6. South West,77,13,5536093.689872383,4.160203455922853,CV < 10%
Post-Planting,Tomatoes,28. Ondo,0.24929171041815892,0.03286375408790239,0.13182850738509164,0.18487875240587026,0.3137046684304476,12.998782043232572,6. South West,77,13,5536093.689872383,4.160203455922853,CV < 10%
Post-Planting,Watermelon,28. Ondo,0.007067883450761833,0.00468524292146011,0.6628919327970946,0,0.016250959576823647,0.3685396370754384,6. South West,77,13,5536093.689872383,4.160203455922853,CV < 10%
Post-Planting,Wheat flour,28. Ondo,0.011972685767744169,0.007455018820042269,0.6226688785340856,0,0.026584522655027018,0.6242900436038031,6. South West,77,13,5536093.689872383,4.160203455922853,CV < 10%
Post-Planting,White beans,28. Ondo,0.11918853985986799,0.03731340137334586,0.3130619891578155,0.046054273168110116,0.19232280655162587,6.214831006978831,6. South West,77,13,5536093.689872383,4.160203455922853,CV < 10%
Post-Planting,Wild game/Bush meat,28. Ondo,0.016492358909242392,0.006629667198613383,0.4019841694627497,0.0034982111999601606,0.029486506618524623,0.8599587145533533,6. South West,77,13,5536093.689872383,4.160203455922853,CV < 10%
Post-Planting,Yam flour,28. Ondo,0.08160291129055973,0.023166450753135445,0.2838924541631576,0.03619666781441426,0.1270091547667052,4.2550089458649,6. South West,77,13,5536093.689872383,4.160203455922853,CV < 10%
Post-Planting,Yam roots,28. Ondo,1.9997488893139386,0.4041459484100461,0.2020983487325241,1.2076228304302483,2.791874948197629,104.27262065708395,6. South West,77,13,5536093.689872383,4.160203455922853,CV < 10%
Post-Planting,Agricultural eggs,29. Osun,0.03132683820727676,0.003902342137233186,0.12456865616035037,0.023678247618299716,0.038975428796253805,1.6334708493794312,6. South West,76,14,4688593.48507009,4.825860531568048,CV < 10%
Post-Planting,Animal fat,29. Osun,0,0,NA,0,0,0,6. South West,76,14,4688593.48507009,4.825860531568048,No estimate
Post-Planting,Apples,29. Osun,0.002484727502478954,0.001563076355876673,0.629073552056404,0,0.005548357159997233,0.1295607912006883,6. South West,76,14,4688593.48507009,4.825860531568048,CV < 10%
Post-Planting,Avocado pear,29. Osun,0.004641236694406963,0.003580277921200852,0.7714060188990909,0,0.011658581419960633,0.2420073419226488,6. South West,76,14,4688593.48507009,4.825860531568048,CV < 10%
Post-Planting,Baby milk powder,29. Osun,0,0,NA,0,0,0,6. South West,76,14,4688593.48507009,4.825860531568048,No estimate
Post-Planting,Bananas,29. Osun,0.2655226514536514,0.0977618781124973,0.3681865843734324,0.0739093703531567,0.4571359325541461,13.845109682940393,6. South West,76,14,4688593.48507009,4.825860531568048,CV < 10%
Post-Planting,Beef,29. Osun,0.053169269090350364,0.010177926427231953,0.1914249829151617,0.03322053329297574,0.07311800488772499,2.772397602568269,6. South West,76,14,4688593.48507009,4.825860531568048,CV < 10%
Post-Planting,Beer,29. Osun,0.008980830031019597,0.007327992436807461,0.815959372518657,0,0.023343695207162223,0.46828613733173613,6. South West,76,14,4688593.48507009,4.825860531568048,CV < 10%
Post-Planting,Biscuits,29. Osun,0.0075601584803813545,0.0016898377193948176,0.22351882222839034,0.004248076550367512,0.010872240410395197,0.3942082636198849,6. South West,76,14,4688593.48507009,4.825860531568048,CV < 10%
Post-Planting,Bottled water,29. Osun,0.06112292561255063,0.024932326365255643,0.4079046628641117,0.012255565936649573,0.10999028528845169,3.187123978368711,6. South West,76,14,4688593.48507009,4.825860531568048,CV < 10%
Post-Planting,Bread,29. Osun,0.23514879865054408,0.028764984537417694,0.12232673397649586,0.1787694289572054,0.29152816834388273,12.2613302153498,6. South West,76,14,4688593.48507009,4.825860531568048,CV < 10%
Post-Planting,Brown beans,29. Osun,0.16228436906253083,0.01646902593293064,0.10148251509413611,0.13000507823398677,0.19456365989107488,8.46197067254625,6. South West,76,14,4688593.48507009,4.825860531568048,CV < 10%
Post-Planting,Buns/Pofpof/Donuts,29. Osun,0.0021212534999723058,0.0012304158534277936,0.5800418730924227,0,0.004532868572690781,0.11060821821284166,6. South West,76,14,4688593.48507009,4.825860531568048,CV < 10%
Post-Planting,Butter/Margarine,29. Osun,0,0,NA,0,0,0,6. South West,76,14,4688593.48507009,4.825860531568048,No estimate
Post-Planting,Cake,29. Osun,0,0,NA,0,0,0,6. South West,76,14,4688593.48507009,4.825860531568048,No estimate
Post-Planting,Canned fish/seafood,29. Osun,0,0,NA,0,0,0,6. South West,76,14,4688593.48507009,4.825860531568048,No estimate
Post-Planting,Cashew nut,29. Osun,0,0,NA,0,0,0,6. South West,76,14,4688593.48507009,4.825860531568048,No estimate
Post-Planting,Cassava flour,29. Osun,0.20379093884929228,0.031924498990064165,0.1566531817868164,0.14121892082876653,0.26636295686981803,10.626241811427382,6. South West,76,14,4688593.48507009,4.825860531568048,CV < 10%
Post-Planting,Cassava roots,29. Osun,0.06060114169084884,0.052353840312467065,0.8639084817831547,0,0.1632146687032843,3.1599166738799753,6. South West,76,14,4688593.48507009,4.825860531568048,CV < 10%
Post-Planting,Cheese/wara,29. Osun,0.006178034553680011,0.0011451784750038765,0.1853629119509762,0.003933484742672414,0.008422584364687609,0.322140373156172,6. South West,76,14,4688593.48507009,4.825860531568048,CV < 10%
Post-Planting,Chicken,29. Osun,0.011277844745347458,0.005334133835185078,0.4729745758723636,8.229424283847063e-4,0.02173274706231021,0.5880590474359746,6. South West,76,14,4688593.48507009,4.825860531568048,CV < 10%
Post-Planting,Chocolate drinks,29. Osun,0.003881054931551733,6.855967728360907e-4,0.17665216930129193,0.002537285256792995,0.005224824606310471,0.2023692928594832,6. South West,76,14,4688593.48507009,4.825860531568048,CV < 10%
Post-Planting,Coconut,29. Osun,0.0040230328550879876,0.0020203074409600222,0.5021851706741371,6.323027080634442e-5,0.007982835439369632,0.20977242744387364,6. South West,76,14,4688593.48507009,4.825860531568048,CV < 10%
Post-Planting,Cocoyam,29. Osun,0.027975981632504726,0.018885590259023553,0.675064435883128,0,0.06499173854019089,1.4587476136948894,6. South West,76,14,4688593.48507009,4.825860531568048,CV < 10%
Post-Planting,Coffee,29. Osun,0,0,NA,0,0,0,6. South West,76,14,4688593.48507009,4.825860531568048,No estimate
Post-Planting,Dry pepper,29. Osun,0.008715654259815119,9.636519354332953e-4,0.11056564506882319,0.00682689646636586,0.010604412053264378,0.45445911497607405,6. South West,76,14,4688593.48507009,4.825860531568048,CV < 10%
Post-Planting,Duck,29. Osun,0,0,NA,0,0,0,6. South West,76,14,4688593.48507009,4.825860531568048,No estimate
Post-Planting,Fish - dried,29. Osun,0.0035468136885117643,0.002106414485955737,0.5938892400180129,0,0.007675386080985009,0.18494099947239914,6. South West,76,14,4688593.48507009,4.825860531568048,CV < 10%
Post-Planting,Fish - fresh,29. Osun,0.02466480348465592,0.020773195558091682,0.8422201932812794,0,0.0653802667785156,1.2860933245570585,6. South West,76,14,4688593.48507009,4.825860531568048,CV < 10%
Post-Planting,Fish - frozen,29. Osun,0.16668893819861644,0.01934078272197666,0.11602919144479375,0.12878100406354218,0.2045968723336907,8.691637491785,6. South West,76,14,4688593.48507009,4.825860531568048,CV < 10%
Post-Planting,Fish - smoked,29. Osun,0.04125607836787768,0.014965900213600364,0.36275624842842397,0.01192291394922097,0.07058924278653439,2.1512098006107645,6. South West,76,14,4688593.48507009,4.825860531568048,CV < 10%
Post-Planting,Fresh milk,29. Osun,0.0022510627151047127,0.0017364833273511083,0.7714060188990924,0,0.005654570036712885,0.11737684157331717,6. South West,76,14,4688593.48507009,4.825860531568048,CV < 10%
Post-Planting,Fresh pepper,29. Osun,0.1945084030007542,0.007691326705182601,0.039542387817315935,0.1794334026585963,0.2095834033429121,10.142223870753611,6. South West,76,14,4688593.48507009,4.825860531568048,CV < 10%
Post-Planting,Fruit juice,29. Osun,0,0,NA,0,0,0,6. South West,76,14,4688593.48507009,4.825860531568048,No estimate
Post-Planting,Garden eggs/Eggplant,29. Osun,0.01937152790364472,0.007097204126385697,0.366372965606413,0.0054610078159287555,0.03328204799136068,1.0100868121186175,6. South West,76,14,4688593.48507009,4.825860531568048,CV < 10%
Post-Planting,Gari - white,29. Osun,0.2981802359215561,0.03876812713562211,0.13001575042626584,0.2221947067357368,0.3741657651073754,15.54796944448114,6. South West,76,14,4688593.48507009,4.825860531568048,CV < 10%
Post-Planting,Gari - yellow,29. Osun,0.004982732635121987,0.003937420604725889,0.790213100532835,0,0.01270007702038473,0.25981391597421793,6. South West,76,14,4688593.48507009,4.825860531568048,CV < 10%
Post-Planting,Gin,29. Osun,0.0032109863050180333,0.001801723522747554,0.5611121791244872,0,0.006742364409603239,0.16743000019022602,6. South West,76,14,4688593.48507009,4.825860531568048,CV < 10%
Post-Planting,Goat,29. Osun,0,0,NA,0,0,0,6. South West,76,14,4688593.48507009,4.825860531568048,No estimate
Post-Planting,Ground pepper,29. Osun,2.6863312738762513e-4,1.6229406782870096e-4,0.6041476321515558,0,5.86729500331879e-4,0.014007298785211883,6. South West,76,14,4688593.48507009,4.825860531568048,CV < 10%
Post-Planting,Groundnut oil,29. Osun,0.02827234360111165,0.0044094181796878636,0.1559622450087402,0.019629883968923435,0.03691480323329986,1.474200773486536,6. South West,76,14,4688593.48507009,4.825860531568048,CV < 10%
Post-Planting,Groundnuts - shelled,29. Osun,0.014591798037995022,0.0031203721804032494,0.21384425499025084,0.008475868564404652,0.02070772751158539,0.7608580405525975,6. South West,76,14,4688593.48507009,4.825860531568048,CV < 10%
Post-Planting,Groundnuts - unshelled,29. Osun,2.20691832929232e-4,2.275144634897354e-4,1.0309147396618485,0,6.666201813691133e-4,0.01150750271702424,6. South West,76,14,4688593.48507009,4.825860531568048,CV < 10%
Post-Planting,Guava,29. Osun,0,0,NA,0,0,0,6. South West,76,14,4688593.48507009,4.825860531568048,No estimate
Post-Planting,Guinea corn / sorghum,29. Osun,0,0,NA,0,0,0,6. South West,76,14,4688593.48507009,4.825860531568048,No estimate
Post-Planting,Honey,29. Osun,0.0017771375565746267,0.0011947706980869474,0.6723006295527444,0,0.004118888124825044,0.09266502973567696,6. South West,76,14,4688593.48507009,4.825860531568048,CV < 10%
Post-Planting,Kola nut,29. Osun,0.002354859986583889,7.527573932156466e-4,0.3196612102223728,8.794554958812218e-4,0.0038302644772865565,0.12278912787187422,6. South West,76,14,4688593.48507009,4.825860531568048,CV < 10%
Post-Planting,Leaves,29. Osun,0.17238762932607488,0.012518068147185696,0.07261581469693225,0.14785221575759092,0.19692304289455884,8.988783529145334,6. South West,76,14,4688593.48507009,4.825860531568048,CV < 10%
Post-Planting,Local eggs,29. Osun,0,0,NA,0,0,0,6. South West,76,14,4688593.48507009,4.825860531568048,No estimate
Post-Planting,Maize - shelled/off cob,29. Osun,0.020198631467045446,0.008867258578612315,0.4390029390396801,0.002818804652965308,0.03757845828112558,1.0532143550673696,6. South West,76,14,4688593.48507009,4.825860531568048,CV < 10%
Post-Planting,Maize - unshelled/on cob,29. Osun,0.31631414595034546,0.06200609737931337,0.1960269503376779,0.19478219508689126,0.43784609681379966,16.493523324553728,6. South West,76,14,4688593.48507009,4.825860531568048,CV < 10%
Post-Planting,Maize flour,29. Osun,0.022710040226288208,0.0068585211407473715,0.3020039186371951,0.00926733879042336,0.03615274166215306,1.184166383227885,6. South West,76,14,4688593.48507009,4.825860531568048,CV < 10%
Post-Planting,Malt drinks,29. Osun,0.013818929345152072,0.002676257389597597,0.1936660447964788,0.008573464861540783,0.019064393828763362,0.7205584587115009,6. South West,76,14,4688593.48507009,4.825860531568048,CV < 10%
Post-Planting,Mangoes,29. Osun,0,0,NA,0,0,0,6. South West,76,14,4688593.48507009,4.825860531568048,No estimate
Post-Planting,Meat pie/Sausage roll,29. Osun,0.004648329400192664,0.0038898898318099322,0.8368360967810723,0,0.012272513470540132,0.2423771758671889,6. South West,76,14,4688593.48507009,4.825860531568048,CV < 10%
Post-Planting,Melon - ground,29. Osun,0.004360199428855777,0.0011943990374800198,0.27393220355369374,0.002019177315394938,0.0067012215423166155,0.22735325593319408,6. South West,76,14,4688593.48507009,4.825860531568048,CV < 10%
Post-Planting,Melon - shelled,29. Osun,0.010079291263049647,0.0015122168686316397,0.1500320636804472,0.007115346200531633,0.013043236325567661,0.5255630444304459,6. South West,76,14,4688593.48507009,4.825860531568048,CV < 10%
Post-Planting,Melon - unshelled,29. Osun,6.390108313902824e-4,4.929368014761778e-4,0.7714060188990937,0,0.0016051669622835908,0.033319850493921874,6. South West,76,14,4688593.48507009,4.825860531568048,CV < 10%
Post-Planting,Milk - tinned,29. Osun,0.002301986775290567,6.149238896543185e-4,0.2671274640909699,0.001096735951568103,0.0035072375990130317,0.12003216756872244,6. South West,76,14,4688593.48507009,4.825860531568048,CV < 10%
Post-Planting,Milk powder,29. Osun,0.003644415361954364,6.503998218587737e-4,0.17846478989430792,0.0023696317111111674,0.004919199012797561,0.1900302295876204,6. South West,76,14,4688593.48507009,4.825860531568048,CV < 10%
Post-Planting,Millet,29. Osun,0,0,NA,0,0,0,6. South West,76,14,4688593.48507009,4.825860531568048,No estimate
Post-Planting,Mutton,29. Osun,0,0,NA,0,0,0,6. South West,76,14,4688593.48507009,4.825860531568048,No estimate
Post-Planting,Ogbono - ground,29. Osun,0,0,NA,0,0,0,6. South West,76,14,4688593.48507009,4.825860531568048,No estimate
Post-Planting,Ogbono - unground,29. Osun,0,0,NA,0,0,0,6. South West,76,14,4688593.48507009,4.825860531568048,No estimate
Post-Planting,Okra - dried,29. Osun,5.310681392549681e-5,5.741697994200881e-5,1.0811603200779227,0,1.6564409461183408e-4,0.0027691410118294763,6. South West,76,14,4688593.48507009,4.825860531568048,CV < 10%
Post-Planting,Okra - fresh,29. Osun,0.04369510347716608,0.00505396917486796,0.11566442856712839,0.033789323894424884,0.05360088305990728,2.2783875384522316,6. South West,76,14,4688593.48507009,4.825860531568048,CV < 10%
Post-Planting,Onions,29. Osun,0.1749563500592021,0.01212433226955836,0.06929918385617728,0.15119265881086771,0.19872004130753648,9.12272396737268,6. South West,76,14,4688593.48507009,4.825860531568048,CV < 10%
Post-Planting,Orange/Tangerine,29. Osun,0.08583280224059939,0.02420192291206286,0.2819658950924384,0.03839703333295618,0.1332685711482426,4.475567545402682,6. South West,76,14,4688593.48507009,4.825860531568048,CV < 10%
Post-Planting,Other alcoholic beverages,29. Osun,0,0,NA,0,0,0,6. South West,76,14,4688593.48507009,4.825860531568048,No estimate
Post-Planting,Other domestic poultry,29. Osun,0,0,NA,0,0,0,6. South West,76,14,4688593.48507009,4.825860531568048,No estimate
Post-Planting,Other eggs,29. Osun,0,0,NA,0,0,0,6. South West,76,14,4688593.48507009,4.825860531568048,No estimate
Post-Planting,Other fish/seafood,29. Osun,0,0,NA,0,0,0,6. South West,76,14,4688593.48507009,4.825860531568048,No estimate
Post-Planting,Other fruits,29. Osun,0,0,NA,0,0,0,6. South West,76,14,4688593.48507009,4.825860531568048,No estimate
Post-Planting,Other grains/flour,29. Osun,0.034159956638032,0.010931813689963035,0.32001837138727796,0.012733601805704452,0.05558631147035955,1.7811977389830973,6. South West,76,14,4688593.48507009,4.825860531568048,CV < 10%
Post-Planting,Other meat,29. Osun,0.005956774044860416,0.0050524809691410875,0.8481908044674676,0,0.01585963674437695,0.310603218053436,6. South West,76,14,4688593.48507009,4.825860531568048,CV < 10%
Post-Planting,Other milk products,29. Osun,0,0,NA,0,0,0,6. South West,76,14,4688593.48507009,4.825860531568048,No estimate
Post-Planting,Other non-alcoholic drinks,29. Osun,0,0,NA,0,0,0,6. South West,76,14,4688593.48507009,4.825860531568048,No estimate
Post-Planting,Other nuts/seeds/pulses,29. Osun,0,0,NA,0,0,0,6. South West,76,14,4688593.48507009,4.825860531568048,No estimate
Post-Planting,Other oil/fat,29. Osun,0,0,NA,0,0,0,6. South West,76,14,4688593.48507009,4.825860531568048,No estimate
Post-Planting,Other roots/tubers,29. Osun,0,0,NA,0,0,0,6. South West,76,14,4688593.48507009,4.825860531568048,No estimate
Post-Planting,Other spices,29. Osun,0.00516872468593001,0.0010728383001205937,0.2075634446231987,0.0030659616176936465,0.0072714877541663735,0.2695120729092077,6. South West,76,14,4688593.48507009,4.825860531568048,CV < 10%
Post-Planting,Other sweets,29. Osun,0,0,NA,0,0,0,6. South West,76,14,4688593.48507009,4.825860531568048,No estimate
Post-Planting,Other vegetables,29. Osun,0,0,NA,0,0,0,6. South West,76,14,4688593.48507009,4.825860531568048,No estimate
Post-Planting,Palm oil,29. Osun,0.15019629309696692,0.018116418820427253,0.12061828189548772,0.1146881122089295,0.18570447398500434,7.831663854341847,6. South West,76,14,4688593.48507009,4.825860531568048,CV < 10%
Post-Planting,Palm wine,29. Osun,6.722940302852999e-4,0.00072685762896973385,1.0811603200779263,0,0.0020969349830659784,0.03505533157916207,6. South West,76,14,4688593.48507009,4.825860531568048,CV < 10%
Post-Planting,Pawpaw,29. Osun,0.036920667968219224,0.026408471479983025,0.7152761023369093,0,0.08868127206898596,1.9251491154857165,6. South West,76,14,4688593.48507009,4.825860531568048,CV < 10%
Post-Planting,Pineapples,29. Osun,0.01895348097661149,0.011879279726088588,0.6267597883865008,0,0.04223686923974512,0.9882886509233134,6. South West,76,14,4688593.48507009,4.825860531568048,CV < 10%
Post-Planting,Pito,29. Osun,0,0,NA,0,0,0,6. South West,76,14,4688593.48507009,4.825860531568048,No estimate
Post-Planting,Plantains,29. Osun,0.22246959170747244,0.051953124854487144,0.23352910595889817,0.12064146699267764,0.32429771642226723,11.600200139032491,6. South West,76,14,4688593.48507009,4.825860531568048,CV < 10%
Post-Planting,Pork,29. Osun,0,0,NA,0,0,0,6. South West,76,14,4688593.48507009,4.825860531568048,No estimate
Post-Planting,Potatoes,29. Osun,0,0,NA,0,0,0,6. South West,76,14,4688593.48507009,4.825860531568048,No estimate
Post-Planting,Rice - imported,29. Osun,0.3835777569480864,0.04853563719919157,0.126534024249379,0.2884479080376709,0.47870760585850186,20.000840183721646,6. South West,76,14,4688593.48507009,4.825860531568048,CV < 10%
Post-Planting,Rice - local,29. Osun,0.03001120556366729,0.005493910716716463,0.18306198013476677,0.01924314055890302,0.04077927056843156,1.564870004391223,6. South West,76,14,4688593.48507009,4.825860531568048,CV < 10%
Post-Planting,Sachet water,29. Osun,1.1726593766820033,0.27727584097729907,0.23645045312462423,0.629198728366497,1.7161200249975095,61.1458103555616,6. South West,76,14,4688593.48507009,4.825860531568048,CV < 10%
Post-Planting,Salt,29. Osun,0.012807701022453462,8.728018538150647e-4,0.06814664491971952,0.011097009388975936,0.014518392655930988,0.6678301247422163,6. South West,76,14,4688593.48507009,4.825860531568048,CV < 10%
Post-Planting,Seafood,29. Osun,0,0,NA,0,0,0,6. South West,76,14,4688593.48507009,4.825860531568048,No estimate
Post-Planting,Shea butter,29. Osun,0,0,NA,0,0,0,6. South West,76,14,4688593.48507009,4.825860531568048,No estimate
Post-Planting,Snails,29. Osun,0.00661871962199917,0.0029695051691181807,0.4486525096558249,7.984894905275364e-4,0.012438949753470804,0.3451189517185282,6. South West,76,14,4688593.48507009,4.825860531568048,CV < 10%
Post-Planting,Soft drinks,29. Osun,0.09487905679332545,0.034334512597164725,0.36187662227666756,0.027583412102882593,0.1621747014837683,4.947265104223399,6. South West,76,14,4688593.48507009,4.825860531568048,CV < 10%
Post-Planting,Soya beans,29. Osun,0.0011144282156961285,9.597146507044888e-4,0.8611722470657317,0,0.0029954689310769268,0.05810947124701241,6. South West,76,14,4688593.48507009,4.825860531568048,CV < 10%
Post-Planting,Sugar,29. Osun,0.019042750794114008,0.0028806480219944735,0.15127268392783166,0.01339668067100484,0.024688820917223176,0.9929434342645161,6. South West,76,14,4688593.48507009,4.825860531568048,CV < 10%
Post-Planting,Sweet potatoes,29. Osun,0.067584646334741,0.0249119145913324,0.3686031656945545,0.018757293735729492,0.11641199893375251,3.5240565588829234,6. South West,76,14,4688593.48507009,4.825860531568048,CV < 10%
Post-Planting,Tea,29. Osun,9.719567108062804e-4,4.2379611324120243e-4,0.43602365056942205,1.4131632885352368e-4,0.0018025970927590372,0.0506805999206132,6. South West,76,14,4688593.48507009,4.825860531568048,CV < 10%
Post-Planting,Tomato puree - canned,29. Osun,0.005677349755688133,0.0015691205389378742,0.2763825739933978,0.0026018734993698994,0.008752826012006366,0.2960332372608812,6. South West,76,14,4688593.48507009,4.825860531568048,CV < 10%
Post-Planting,Tomatoes,29. Osun,0.31682628571050625,0.03385343343025327,0.1068517195608769,0.25047355618720984,0.38317901523380266,16.52022775490497,6. South West,76,14,4688593.48507009,4.825860531568048,CV < 10%
Post-Planting,Watermelon,29. Osun,0.09807739348154966,0.049862681114189844,0.508401369002226,3.4653849773756684e-4,0.19580824846536177,5.1140355172522325,6. South West,76,14,4688593.48507009,4.825860531568048,CV < 10%
Post-Planting,Wheat flour,29. Osun,1.2923052246787054e-4,1.4003632718830242e-4,1.0836165057145724,0,4.037017237569433e-4,0.006738448671538964,6. South West,76,14,4688593.48507009,4.825860531568048,CV < 10%
Post-Planting,White beans,29. Osun,0.0982739680451852,0.02588257749358113,0.2633716538410317,0.047544116157766186,0.14900381993260423,5.1242854766418,6. South West,76,14,4688593.48507009,4.825860531568048,CV < 10%
Post-Planting,Wild game/Bush meat,29. Osun,0,0,NA,0,0,0,6. South West,76,14,4688593.48507009,4.825860531568048,No estimate
Post-Planting,Yam flour,29. Osun,0.1680968441622404,0.02485533299265714,0.14786317444881808,0.11938039149663242,0.2168132968278484,8.765049731316822,6. South West,76,14,4688593.48507009,4.825860531568048,CV < 10%
Post-Planting,Yam roots,29. Osun,2.214367687635234,0.14910846674672396,0.06733681473918172,1.9221150928116548,2.5066202824588126,115.4634579981229,6. South West,76,14,4688593.48507009,4.825860531568048,CV < 10%
Post-Planting,Agricultural eggs,3. Akwa Ibom,0.01791406392344847,0.0031690429487094825,0.17690251426207032,0.011702739743977886,0.024125388102919056,0.9340904760083847,5. South South,201,24,5453359.875104521,4.664589042394574,CV < 10%
Post-Planting,Animal fat,3. Akwa Ibom,0.003917989813259104,0.003647606004528008,0.9309891496358479,0,0.011067297582134001,0.20429518311993902,5. South South,201,24,5453359.875104521,4.664589042394574,CV < 10%
Post-Planting,Apples,3. Akwa Ibom,0.0024860842398215597,0.002394692641299833,0.9632387362190565,0,0.007179681816769232,0.12963153536212418,5. South South,201,24,5453359.875104521,4.664589042394574,CV < 10%
Post-Planting,Avocado pear,3. Akwa Ibom,0.005679718527165843,0.002283411158067287,0.40202892927630696,0.0012042326573539607,0.010155204396977726,0.2961567517736476,5. South South,201,24,5453359.875104521,4.664589042394574,CV < 10%
Post-Planting,Baby milk powder,3. Akwa Ibom,0.0016480417503498598,0.0012547792843636816,0.7613759081633137,0,0.004107409147702676,0.08593360555395697,5. South South,201,24,5453359.875104521,4.664589042394574,CV < 10%
Post-Planting,Bananas,3. Akwa Ibom,0.27051145000426663,0.049694515775895315,0.18370577576332356,0.17311019908351183,0.36791270092502143,14.105239893079617,5. South South,201,24,5453359.875104521,4.664589042394574,CV < 10%
Post-Planting,Beef,3. Akwa Ibom,0.04477352708278978,0.015848248679806595,0.35396471335621904,0.013710959670368856,0.07583609449521071,2.334619626459753,5. South South,201,24,5453359.875104521,4.664589042394574,CV < 10%
Post-Planting,Beer,3. Akwa Ibom,0.03389706179748818,0.009312894634150835,0.2747404683564914,0.015643788314552542,0.052150335280423815,1.7674896508690263,5. South South,201,24,5453359.875104521,4.664589042394574,CV < 10%
Post-Planting,Biscuits,3. Akwa Ibom,0.014828496678966656,0.0019743732380227775,0.13314722866164236,0.010958725132442011,0.0186982682254913,0.7732001839746899,5. South South,201,24,5453359.875104521,4.664589042394574,CV < 10%
Post-Planting,Bottled water,3. Akwa Ibom,0.05259776994246198,0.018991743020167796,0.3610750615652211,0.015373953622933097,0.08982158626199085,2.7425980041426605,5. South South,201,24,5453359.875104521,4.664589042394574,CV < 10%
Post-Planting,Bread,3. Akwa Ibom,0.17305671135804584,0.022429241050030496,0.12960630578276444,0.12909539889998606,0.21701802381610563,9.023671377955248,5. South South,201,24,5453359.875104521,4.664589042394574,CV < 10%
Post-Planting,Brown beans,3. Akwa Ibom,0.07083708654238685,0.015309027833774367,0.2161160005446284,0.040831391988189095,0.10084278109658461,3.693648083995886,5. South South,201,24,5453359.875104521,4.664589042394574,CV < 10%
Post-Planting,Buns/Pofpof/Donuts,3. Akwa Ibom,0.006665514383046998,0.0017927924193243626,0.26896535155398255,0.003151641241171247,0.01017938752492275,0.34755896425887917,5. South South,201,24,5453359.875104521,4.664589042394574,CV < 10%
Post-Planting,Butter/Margarine,3. Akwa Ibom,2.9237731436710523e-4,2.730989731174467e-4,0.934063484742688,0,8.276513016773008e-4,0.015245388534856201,5. South South,201,24,5453359.875104521,4.664589042394574,CV < 10%
Post-Planting,Cake,3. Akwa Ibom,0.0027019702720866455,0.002657491357289324,0.9835383404263098,0,0.00791065333237372,0.1408884499016608,5. South South,201,24,5453359.875104521,4.664589042394574,CV < 10%
Post-Planting,Canned fish/seafood,3. Akwa Ibom,0,0,NA,0,0,0,5. South South,201,24,5453359.875104521,4.664589042394574,No estimate
Post-Planting,Cashew nut,3. Akwa Ibom,0,0,NA,0,0,0,5. South South,201,24,5453359.875104521,4.664589042394574,No estimate
Post-Planting,Cassava flour,3. Akwa Ibom,0.058282228178679646,0.02874525940781706,0.49320796932627275,0.0019415197393582093,0.11462293661800108,3.0390018978882956,5. South South,201,24,5453359.875104521,4.664589042394574,CV < 10%
Post-Planting,Cassava roots,3. Akwa Ibom,1.0195309350776243,0.24780014492098887,0.24305309078446163,0.5338426510324861,1.5052192191227625,53.16125590047612,5. South South,201,24,5453359.875104521,4.664589042394574,CV < 10%
Post-Planting,Cheese/wara,3. Akwa Ibom,0,0,NA,0,0,0,5. South South,201,24,5453359.875104521,4.664589042394574,No estimate
Post-Planting,Chicken,3. Akwa Ibom,0.021357152418649196,0.00742225587778825,0.34753021996074207,0.006809530898184226,0.03590477393911416,1.113622947543851,5. South South,201,24,5453359.875104521,4.664589042394574,CV < 10%
Post-Planting,Chocolate drinks,3. Akwa Ibom,0.004711407242689388,0.0010728309793698219,0.2277092435671987,0.0026086585231245366,0.006814155962254239,0.2456662347973752,5. South South,201,24,5453359.875104521,4.664589042394574,CV < 10%
Post-Planting,Coconut,3. Akwa Ibom,0.10065933661592757,0.01861862843664394,0.1849667309817922,0.06416682488010544,0.1371518483517497,5.248665409259081,5. South South,201,24,5453359.875104521,4.664589042394574,CV < 10%
Post-Planting,Cocoyam,3. Akwa Ibom,0.06945386169913746,0.013896626036760056,0.20008428180650228,0.04221647466708775,0.09669124873118717,3.6215227885978822,5. South South,201,24,5453359.875104521,4.664589042394574,CV < 10%
Post-Planting,Coffee,3. Akwa Ibom,6.275201497623916e-5,2.70546601197401e-5,0.43113611778019006,9.72488114154857e-6,1.1577914881092974e-4,0.0032720693523324708,5. South South,201,24,5453359.875104521,4.664589042394574,CV < 10%
Post-Planting,Dry pepper,3. Akwa Ibom,0.004912468962113802,7.525584650772011e-4,0.15319353076449369,0.003437454370562488,0.006387483553665117,0.25615016731021967,5. South South,201,24,5453359.875104521,4.664589042394574,CV < 10%
Post-Planting,Duck,3. Akwa Ibom,0,0,NA,0,0,0,5. South South,201,24,5453359.875104521,4.664589042394574,No estimate
Post-Planting,Fish - dried,3. Akwa Ibom,0.02538175267064032,0.004937334254876739,0.19452298345763458,0.015704577531081912,0.03505892781019873,1.323477103540531,5. South South,201,24,5453359.875104521,4.664589042394574,CV < 10%
Post-Planting,Fish - fresh,3. Akwa Ibom,0.1196794357482381,0.03666336005826345,0.3063463645950821,0.047819250034041735,0.19153962146243447,6.240427721158129,5. South South,201,24,5453359.875104521,4.664589042394574,CV < 10%
Post-Planting,Fish - frozen,3. Akwa Ibom,0.023329441017261796,0.005094302664093336,0.2183636830528424,0.013344607795638857,0.033314274238884736,1.2164637101857936,5. South South,201,24,5453359.875104521,4.664589042394574,CV < 10%
Post-Planting,Fish - smoked,3. Akwa Ibom,0.26173943994357324,0.040026405784785495,0.152924625319801,0.18328768460539369,0.3401911952817528,13.647842225629176,5. South South,201,24,5453359.875104521,4.664589042394574,CV < 10%
Post-Planting,Fresh milk,3. Akwa Ibom,0,0,NA,0,0,0,5. South South,201,24,5453359.875104521,4.664589042394574,No estimate
Post-Planting,Fresh pepper,3. Akwa Ibom,0.06376109014351734,0.007160011577094302,0.11229437202184141,0.04972746745241251,0.07779471283462218,3.3246854146262614,5. South South,201,24,5453359.875104521,4.664589042394574,CV < 10%
Post-Planting,Fruit juice,3. Akwa Ibom,0.011658677302053446,0.011466756125227536,0.98353834042631,0,0.034133519307499416,0.607916745035644,5. South South,201,24,5453359.875104521,4.664589042394574,CV < 10%
Post-Planting,Garden eggs/Eggplant,3. Akwa Ibom,0.016816079817473437,0.005790788952874194,0.34436022043954845,0.005466133469840017,0.028166026165106856,0.8768384476254008,5. South South,201,24,5453359.875104521,4.664589042394574,CV < 10%
Post-Planting,Gari - white,3. Akwa Ibom,0.037891250705788804,0.015177462241797805,0.40055321371271285,0.008143424711865105,0.0676390766997125,1.9757580725161306,5. South South,201,24,5453359.875104521,4.664589042394574,CV < 10%
Post-Planting,Gari - yellow,3. Akwa Ibom,0.7988253786514041,0.1410588684977336,0.17658285811584068,0.5223499963958462,1.075300760906962,41.65303760110893,5. South South,201,24,5453359.875104521,4.664589042394574,CV < 10%
Post-Planting,Gin,3. Akwa Ibom,0.002736355741872525,0.0010760643502230782,0.3932472425850277,6.272696154352919e-4,0.004845441868309758,0.14268140654049594,5. South South,201,24,5453359.875104521,4.664589042394574,CV < 10%
Post-Planting,Goat,3. Akwa Ibom,0.036832396206594356,0.010330337403139411,0.2804687847403721,0.01658493489644111,0.0570798575167476,1.920546373629563,5. South South,201,24,5453359.875104521,4.664589042394574,CV < 10%
Post-Planting,Ground pepper,3. Akwa Ibom,0.020521005445283087,0.003952395627538831,0.19260243549359418,0.012774310015306978,0.028267700875259195,1.0700238553611896,5. South South,201,24,5453359.875104521,4.664589042394574,CV < 10%
Post-Planting,Groundnut oil,3. Akwa Ibom,0.015344136830670605,0.0038068577050701284,0.24809852434714977,0.007882695728733152,0.022805577932608057,0.8000871347421101,5. South South,201,24,5453359.875104521,4.664589042394574,CV < 10%
Post-Planting,Groundnuts - shelled,3. Akwa Ibom,0.03700575190313897,0.006037077604397852,0.16313889852041524,0.025173079798519182,0.04883842400775876,1.929585634949389,5. South South,201,24,5453359.875104521,4.664589042394574,CV < 10%
Post-Planting,Groundnuts - unshelled,3. Akwa Ibom,0.01125832174987387,0.0021223273291248717,0.18851187381890633,0.007098560184789121,0.015418083314958617,0.5870410626719946,5. South South,201,24,5453359.875104521,4.664589042394574,CV < 10%
Post-Planting,Guava,3. Akwa Ibom,0.04690703494512589,0.010183280203466196,0.21709494568094292,0.026947805746332144,0.06686626414391963,2.445866822138707,5. South South,201,24,5453359.875104521,4.664589042394574,CV < 10%
Post-Planting,Guinea corn / sorghum,3. Akwa Ibom,0.0028521591508621626,0.0015768078274927225,0.5528470692163439,0,0.005942702492747899,0.1487197271520985,5. South South,201,24,5453359.875104521,4.664589042394574,CV < 10%
Post-Planting,Honey,3. Akwa Ibom,0.0010119667848957211,3.9079444786281164e-4,0.3861731962903124,2.4600966708461026e-4,0.0017779239027068319,0.05276683949813403,5. South South,201,24,5453359.875104521,4.664589042394574,CV < 10%
Post-Planting,Kola nut,3. Akwa Ibom,1.8546533393186274e-4,1.0165050784605254e-4,0.5480835997275775,0,3.847003293101257e-4,0.009670692412161414,5. South South,201,24,5453359.875104521,4.664589042394574,CV < 10%
Post-Planting,Leaves,3. Akwa Ibom,0.08638795537228111,0.012594812156981184,0.14579361327288018,0.06170212354459799,0.11107378719996423,4.5045148158403725,5. South South,201,24,5453359.875104521,4.664589042394574,CV < 10%
Post-Planting,Local eggs,3. Akwa Ibom,0.002746438611526279,0.0015295244811616513,0.5569119494397321,0,0.005744306594603116,0.1432071561724417,5. South South,201,24,5453359.875104521,4.664589042394574,CV < 10%
Post-Planting,Maize - shelled/off cob,3. Akwa Ibom,0.0049953757138688545,0.0021026285635437274,0.420914998987187,8.742237293231491e-4,0.00911652769841456,0.2604731622231617,5. South South,201,24,5453359.875104521,4.664589042394574,CV < 10%
Post-Planting,Maize - unshelled/on cob,3. Akwa Ibom,0.07410251118293008,0.01849788628131594,0.24962563327512483,0.03784665407155084,0.11035836829430933,3.863916654538497,5. South South,201,24,5453359.875104521,4.664589042394574,CV < 10%
Post-Planting,Maize flour,3. Akwa Ibom,0,0,NA,0,0,0,5. South South,201,24,5453359.875104521,4.664589042394574,No estimate
Post-Planting,Malt drinks,3. Akwa Ibom,0.036529132903621565,0.010364880259418606,0.28374284948852463,0.016213967595161097,0.056844298212082034,1.9047333585459818,5. South South,201,24,5453359.875104521,4.664589042394574,CV < 10%
Post-Planting,Mangoes,3. Akwa Ibom,0,0,NA,0,0,0,5. South South,201,24,5453359.875104521,4.664589042394574,No estimate
Post-Planting,Meat pie/Sausage roll,3. Akwa Ibom,8.569902617902063e-4,4.230830787646229e-4,0.4936848149018931,2.774742741154545e-5,0.0016862330961688672,0.044685920793346476,5. South South,201,24,5453359.875104521,4.664589042394574,CV < 10%
Post-Planting,Melon - ground,3. Akwa Ibom,0.00678419106367675,0.001329222304357816,0.19592937343327602,0.004178915347135431,0.00938946678021807,0.3537471054631448,5. South South,201,24,5453359.875104521,4.664589042394574,CV < 10%
Post-Planting,Melon - shelled,3. Akwa Ibom,0.018003788337689654,0.0021305996405022462,0.11834174011266213,0.013827813042305251,0.022179763633074057,0.9387689633223891,5. South South,201,24,5453359.875104521,4.664589042394574,CV < 10%
Post-Planting,Melon - unshelled,3. Akwa Ibom,0.0033744020276108826,0.0012146639591246531,0.35996420971352067,9.936606677265624e-4,0.005755143387495203,0.17595096286828174,5. South South,201,24,5453359.875104521,4.664589042394574,CV < 10%
Post-Planting,Milk - tinned,3. Akwa Ibom,0.0041641120996777775,0.001428787460847158,0.3431193557343758,0.001363688676417348,0.0069645355229382075,0.21712870234034126,5. South South,201,24,5453359.875104521,4.664589042394574,CV < 10%
Post-Planting,Milk powder,3. Akwa Ibom,0.006489649569121069,0.0016941598848949208,0.26105568056494777,0.003169096194727024,0.009810202943515114,0.3383888703898843,5. South South,201,24,5453359.875104521,4.664589042394574,CV < 10%
Post-Planting,Millet,3. Akwa Ibom,0.002724748662029619,0.002037507275923636,0.7477780627318232,0,0.006718262922839946,0.14207618023440155,5. South South,201,24,5453359.875104521,4.664589042394574,CV < 10%
Post-Planting,Mutton,3. Akwa Ibom,0,0,NA,0,0,0,5. South South,201,24,5453359.875104521,4.664589042394574,No estimate
Post-Planting,Ogbono - ground,3. Akwa Ibom,0.002748149478785253,7.951940320252893e-4,0.2893561788264821,0.0011895691760156859,0.00430672978155482,0.14329636567951676,5. South South,201,24,5453359.875104521,4.664589042394574,CV < 10%
Post-Planting,Ogbono - unground,3. Akwa Ibom,0.0015242956474578245,3.606694737892697e-4,0.23661385794204925,8.173834788308559e-4,0.0022312078160847933,0.07948113018887228,5. South South,201,24,5453359.875104521,4.664589042394574,CV < 10%
Post-Planting,Okra - dried,3. Akwa Ibom,5.804784236672171e-5,5.7404494276333866e-5,0.9889169336161809,0,1.705606511483361e-4,0.0030267803519790602,5. South South,201,24,5453359.875104521,4.664589042394574,CV < 10%
Post-Planting,Okra - fresh,3. Akwa Ibom,0.10712276643467022,0.011133743039054523,0.10393442411557338,0.08530063007812336,0.1289449027912171,5.585687106950661,5. South South,201,24,5453359.875104521,4.664589042394574,CV < 10%
Post-Planting,Onions,3. Akwa Ibom,0.11926799233499487,0.007962570878967453,0.06676200984923535,0.10366135341221866,0.13487463125777108,6.218973886039018,5. South South,201,24,5453359.875104521,4.664589042394574,CV < 10%
Post-Planting,Orange/Tangerine,3. Akwa Ibom,0.08982227522167657,0.01512240211493033,0.1683591523105939,0.060182367076413126,0.11946218336694002,4.683590065130278,5. South South,201,24,5453359.875104521,4.664589042394574,CV < 10%
Post-Planting,Other alcoholic beverages,3. Akwa Ibom,0,0,NA,0,0,0,5. South South,201,24,5453359.875104521,4.664589042394574,No estimate
Post-Planting,Other domestic poultry,3. Akwa Ibom,0,0,NA,0,0,0,5. South South,201,24,5453359.875104521,4.664589042394574,No estimate
Post-Planting,Other eggs,3. Akwa Ibom,0,0,NA,0,0,0,5. South South,201,24,5453359.875104521,4.664589042394574,No estimate
Post-Planting,Other fish/seafood,3. Akwa Ibom,0,0,NA,0,0,0,5. South South,201,24,5453359.875104521,4.664589042394574,No estimate
Post-Planting,Other fruits,3. Akwa Ibom,0.0016431746467881834,0.0012600009005458012,0.7668088739128556,0,0.004112776411857953,0.085679820868241,5. South South,201,24,5453359.875104521,4.664589042394574,CV < 10%
Post-Planting,Other grains/flour,3. Akwa Ibom,0.004388962540934219,0.00408607650376794,0.9309891496358481,0,0.012397672488319382,0.22885304677728427,5. South South,201,24,5453359.875104521,4.664589042394574,CV < 10%
Post-Planting,Other meat,3. Akwa Ibom,1.6119425449902055e-4,1.633940634772897e-4,1.0136469440868472,0,4.8144661891450836e-4,0.008405128984591786,5. South South,201,24,5453359.875104521,4.664589042394574,CV < 10%
Post-Planting,Other milk products,3. Akwa Ibom,0,0,NA,0,0,0,5. South South,201,24,5453359.875104521,4.664589042394574,No estimate
Post-Planting,Other non-alcoholic drinks,3. Akwa Ibom,0.009151877986521948,0.007992218963152106,0.8732873159937574,0,0.024816627154300074,0.47720506644007304,5. South South,201,24,5453359.875104521,4.664589042394574,CV < 10%
Post-Planting,Other nuts/seeds/pulses,3. Akwa Ibom,0,0,NA,0,0,0,5. South South,201,24,5453359.875104521,4.664589042394574,No estimate
Post-Planting,Other oil/fat,3. Akwa Ibom,4.8476975075209734e-4,4.5131537802187697e-4,0.9309891496358478,0,0.0013693478916749762,0.025277279860645076,5. South South,201,24,5453359.875104521,4.664589042394574,CV < 10%
Post-Planting,Other roots/tubers,3. Akwa Ibom,0.002228612725029992,0.002276325046842933,1.021408978454208,0,0.00669020981684214,0.11620623494799243,5. South South,201,24,5453359.875104521,4.664589042394574,CV < 10%
Post-Planting,Other spices,3. Akwa Ibom,0.01075489348243383,7.459788387325753e-4,0.06936180632109434,0.009292774958517984,0.012217012006349677,0.5607908744411926,5. South South,201,24,5453359.875104521,4.664589042394574,CV < 10%
Post-Planting,Other sweets,3. Akwa Ibom,0,0,NA,0,0,0,5. South South,201,24,5453359.875104521,4.664589042394574,No estimate
Post-Planting,Other vegetables,3. Akwa Ibom,0.02435298649529889,0.008074877383445124,0.3315764735879068,0.008526226823746447,0.04017974616685133,1.2698342958262994,5. South South,201,24,5453359.875104521,4.664589042394574,CV < 10%
Post-Planting,Palm oil,3. Akwa Ibom,0.13593695327858848,0.007669286419221583,0.056417966080968336,0.12090515189691418,0.1509687546602628,7.088141135240685,5. South South,201,24,5453359.875104521,4.664589042394574,CV < 10%
Post-Planting,Palm wine,3. Akwa Ibom,0.031091308508007905,0.007952817707107807,0.25578909633409197,0.015503785802076602,0.046678831213939204,1.6211896579175549,5. South South,201,24,5453359.875104521,4.664589042394574,CV < 10%
Post-Planting,Pawpaw,3. Akwa Ibom,0.148583094105505,0.03218016012265417,0.21658022614473135,0.08550998026510281,0.21165620794590717,7.747547049787046,5. South South,201,24,5453359.875104521,4.664589042394574,CV < 10%
Post-Planting,Pineapples,3. Akwa Ibom,0.07189966743818023,0.025744878729916754,0.35806672891849406,0.02143970512754339,0.12235962974881706,3.749054087847969,5. South South,201,24,5453359.875104521,4.664589042394574,CV < 10%
Post-Planting,Pito,3. Akwa Ibom,0,0,NA,0,0,0,5. South South,201,24,5453359.875104521,4.664589042394574,No estimate
Post-Planting,Plantains,3. Akwa Ibom,0.44842042496706475,0.0334681736656944,0.07463570301944329,0.3828228045823037,0.5140180453518257,23.38192215899695,5. South South,201,24,5453359.875104521,4.664589042394574,CV < 10%
Post-Planting,Pork,3. Akwa Ibom,0.0034848556203000386,0.0027753112589980642,0.796392034961585,0,0.008924465687936244,0.18171032877278773,5. South South,201,24,5453359.875104521,4.664589042394574,CV < 10%
Post-Planting,Potatoes,3. Akwa Ibom,2.786296331438441e-4,2.7554156242321176e-4,0.9889169336161809,0,8.186910954933392e-4,0.014528545156786157,5. South South,201,24,5453359.875104521,4.664589042394574,CV < 10%
Post-Planting,Rice - imported,3. Akwa Ibom,0.12827954086189788,0.020408721509215123,0.15909568565720525,0.08827844670383625,0.16828063501995952,6.6888617735132465,5. South South,201,24,5453359.875104521,4.664589042394574,CV < 10%
Post-Planting,Rice - local,3. Akwa Ibom,0.2363214322611907,0.02101038697423891,0.08890597341597649,0.19514107379168244,0.27750179073069897,12.32247468219066,5. South South,201,24,5453359.875104521,4.664589042394574,CV < 10%
Post-Planting,Sachet water,3. Akwa Ibom,0.9647544684723168,0.12806115049833453,0.13273962928735497,0.7137546134955812,1.2157543234490524,50.305054427485096,5. South South,201,24,5453359.875104521,4.664589042394574,CV < 10%
Post-Planting,Salt,3. Akwa Ibom,0.028396662786670118,0.0030270364152437633,0.10659831537192836,0.02246367141279234,0.034329654160547896,1.4806831310192277,5. South South,201,24,5453359.875104521,4.664589042394574,CV < 10%
Post-Planting,Seafood,3. Akwa Ibom,0.010251328382609315,0.004583809960213778,0.4471430227510711,0.0012670608605903095,0.019235595904628318,0.5345335513789142,5. South South,201,24,5453359.875104521,4.664589042394574,CV < 10%
Post-Planting,Shea butter,3. Akwa Ibom,0,0,NA,0,0,0,5. South South,201,24,5453359.875104521,4.664589042394574,No estimate
Post-Planting,Snails,3. Akwa Ibom,0.008466633880297163,0.005141070362252323,0.6072153862961039,0,0.018543131790311716,0.44147448090120917,5. South South,201,24,5453359.875104521,4.664589042394574,CV < 10%
Post-Planting,Soft drinks,3. Akwa Ibom,0.1059488090173275,0.014442488824582203,0.13631572604294392,0.0776415309211464,0.13425608711350862,5.5244736130463625,5. South South,201,24,5453359.875104521,4.664589042394574,CV < 10%
Post-Planting,Soya beans,3. Akwa Ibom,1.8076371867140743e-5,1.8193321145203055e-5,1.0064697318091194,0,5.373528131173873e-5,9.425536759294816e-4,5. South South,201,24,5453359.875104521,4.664589042394574,CV < 10%
Post-Planting,Sugar,3. Akwa Ibom,0.004234321529049951,6.703366446142943e-4,0.15831028418966023,0.002920461705605934,0.005548181352493967,0.22078962258617602,5. South South,201,24,5453359.875104521,4.664589042394574,CV < 10%
Post-Planting,Sweet potatoes,3. Akwa Ibom,0.026997578500821733,0.013607816055699275,0.5040383920093089,3.262590316511528e-4,0.053668897969992316,1.407730878971419,5. South South,201,24,5453359.875104521,4.664589042394574,CV < 10%
Post-Planting,Tea,3. Akwa Ibom,4.989908620720752e-4,2.8541885724448374e-4,0.5719921524399725,0,0.0010584118222712632,0.02601880923661535,5. South South,201,24,5453359.875104521,4.664589042394574,CV < 10%
Post-Planting,Tomato puree - canned,3. Akwa Ibom,0.009639381607458466,0.0018960476832873008,0.19669806223048944,0.005923128148215356,0.013355635066701576,0.5026248981031914,5. South South,201,24,5453359.875104521,4.664589042394574,CV < 10%
Post-Planting,Tomatoes,3. Akwa Ibom,0.010521023260168669,0.004383898962836145,0.4166799040767318,0.0019285812930098251,0.019113465227327514,0.548596212851652,5. South South,201,24,5453359.875104521,4.664589042394574,CV < 10%
Post-Planting,Watermelon,3. Akwa Ibom,0.034535432136574784,0.013628593120087037,0.39462639605003413,0.007823389621204192,0.061247474651945376,1.8007761042642567,5. South South,201,24,5453359.875104521,4.664589042394574,CV < 10%
Post-Planting,Wheat flour,3. Akwa Ibom,0.0031855130513821473,0.0031330742199627477,0.9835383404263099,0,0.009326338522509133,0.16610175196492624,5. South South,201,24,5453359.875104521,4.664589042394574,CV < 10%
Post-Planting,White beans,3. Akwa Ibom,0.19293619608460247,0.017803611653662572,0.09227719844676369,0.15804111724342382,0.22783127492578112,10.0602445101257,5. South South,201,24,5453359.875104521,4.664589042394574,CV < 10%
Post-Planting,Wild game/Bush meat,3. Akwa Ibom,0.00494047559606278,0.0031078168134260624,0.6290521535826995,0,0.011031796550377861,0.2576105132232735,5. South South,201,24,5453359.875104521,4.664589042394574,CV < 10%
Post-Planting,Yam flour,3. Akwa Ibom,0,0,NA,0,0,0,5. South South,201,24,5453359.875104521,4.664589042394574,No estimate
Post-Planting,Yam roots,3. Akwa Ibom,0.18008355205148735,0.03580712525778314,0.19883617826210798,0.1099015865462324,0.2502655175567423,9.390070928398984,5. South South,201,24,5453359.875104521,4.664589042394574,CV < 10%
Post-Planting,Agricultural eggs,30. Oyo,0.03682159011018536,0.01219739760476056,0.3312566776247556,0.012914690804854665,0.06072848941551606,1.9199829128882369,6. South West,138,19,8609829.84784117,3.764818767965271,CV < 10%
Post-Planting,Animal fat,30. Oyo,0,0,NA,0,0,0,6. South West,138,19,8609829.84784117,3.764818767965271,No estimate
Post-Planting,Apples,30. Oyo,0.0038736346674548296,0.0012123285087560923,0.3129692427997223,0.0014974707902928887,0.006249798544616771,0.2019823790887161,6. South West,138,19,8609829.84784117,3.764818767965271,CV < 10%
Post-Planting,Avocado pear,30. Oyo,0,0,NA,0,0,0,6. South West,138,19,8609829.84784117,3.764818767965271,No estimate
Post-Planting,Baby milk powder,30. Oyo,0,0,NA,0,0,0,6. South West,138,19,8609829.84784117,3.764818767965271,No estimate
Post-Planting,Bananas,30. Oyo,0.025917740834910417,0.010387410429211106,0.4007837911250188,0.005558416393656649,0.04627706527616418,1.3514250578203288,6. South West,138,19,8609829.84784117,3.764818767965271,CV < 10%
Post-Planting,Beef,30. Oyo,0.11531163458581861,0.043748605447883435,0.37939454769695696,0.029564367907967085,0.20105890126367015,6.012678089117685,6. South West,138,19,8609829.84784117,3.764818767965271,CV < 10%
Post-Planting,Beer,30. Oyo,0.03248267602523704,0.022007277100032,0.6775081302702308,0,0.07561693914129974,1.6937395356016456,6. South West,138,19,8609829.84784117,3.764818767965271,CV < 10%
Post-Planting,Biscuits,30. Oyo,0.00925403774129615,0.003377024935896535,0.3649244827289345,0.0026350688669389407,0.015873006615653357,0.4825319679390135,6. South West,138,19,8609829.84784117,3.764818767965271,CV < 10%
Post-Planting,Bottled water,30. Oyo,0.02780634587067555,0.01848592306798853,0.6648095062172015,0,0.06403875508393306,1.4499023203995107,6. South West,138,19,8609829.84784117,3.764818767965271,CV < 10%
Post-Planting,Bread,30. Oyo,0.16336080122144972,0.03213083754031012,0.1966863366246226,0.10038435964244188,0.22633724280045756,8.518098920832736,6. South West,138,19,8609829.84784117,3.764818767965271,CV < 10%
Post-Planting,Brown beans,30. Oyo,0.2612043851154935,0.13995490294455815,0.5358061002026288,0,0.5355159948868274,13.619942938165016,6. South West,138,19,8609829.84784117,3.764818767965271,CV < 10%
Post-Planting,Buns/Pofpof/Donuts,30. Oyo,0.0014899109849490458,7.446994945254678e-4,0.49982817903106885,3.0299975679128977e-5,0.0029495219942189625,0.07768821564377168,6. South West,138,19,8609829.84784117,3.764818767965271,CV < 10%
Post-Planting,Butter/Margarine,30. Oyo,5.6583294605911827e-5,5.934630573660456e-5,1.0488308634189014,0,1.7290205384965675e-4,0.0029504146473082597,6. South West,138,19,8609829.84784117,3.764818767965271,CV < 10%
Post-Planting,Cake,30. Oyo,0.0019263885141521766,0.0016872338140544198,0.8758533398944132,0,0.005233366789698839,0.10044740109507778,6. South West,138,19,8609829.84784117,3.764818767965271,CV < 10%
Post-Planting,Canned fish/seafood,30. Oyo,0,0,NA,0,0,0,6. South West,138,19,8609829.84784117,3.764818767965271,No estimate
Post-Planting,Cashew nut,30. Oyo,0,0,NA,0,0,0,6. South West,138,19,8609829.84784117,3.764818767965271,No estimate
Post-Planting,Cassava flour,30. Oyo,0.07769170439988143,0.021940959943824043,0.2824105882771382,0.03468742290998631,0.12069598588977656,4.051067443708104,6. South West,138,19,8609829.84784117,3.764818767965271,CV < 10%
Post-Planting,Cassava roots,30. Oyo,0.06528408747264525,0.04703357470032783,0.7204446982587513,0,0.15746989388528781,3.4040988467879307,6. South West,138,19,8609829.84784117,3.764818767965271,CV < 10%
Post-Planting,Cheese/wara,30. Oyo,0.011892553522205045,0.006303249642269385,0.5300165040670487,0,0.02424692282105304,0.6201117193721203,6. South West,138,19,8609829.84784117,3.764818767965271,CV < 10%
Post-Planting,Chicken,30. Oyo,0.03059471808761231,0.010407279462698472,0.34016588853330015,0.010196450340723306,0.05099298583450131,1.5952960145683561,6. South West,138,19,8609829.84784117,3.764818767965271,CV < 10%
Post-Planting,Chocolate drinks,30. Oyo,0.004903093366269861,0.0013463814609275986,0.27459837297609707,0.0022641857028517674,0.007542001029687954,0.2556612969554999,6. South West,138,19,8609829.84784117,3.764818767965271,CV < 10%
Post-Planting,Coconut,30. Oyo,0.008903186357059029,0.0042148846647569495,0.4734130563733638,6.420124141354074e-4,0.01716436029998265,0.4642375743323636,6. South West,138,19,8609829.84784117,3.764818767965271,CV < 10%
Post-Planting,Cocoyam,30. Oyo,0.001478339921611315,0.0014672439133028793,0.9924942781113957,0,0.004354137991684958,0.07708486734116142,6. South West,138,19,8609829.84784117,3.764818767965271,CV < 10%
Post-Planting,Coffee,30. Oyo,1.2635384398973757e-5,1.2540546717719484e-5,0.9924942781113983,0,3.721485596570394e-5,6.588450436607745e-4,6. South West,138,19,8609829.84784117,3.764818767965271,CV < 10%
Post-Planting,Dry pepper,30. Oyo,0.001556162678878147,6.733494138282432e-4,0.4326986008388708,2.363978277747905e-4,0.0028759275299815035,0.0811427682557891,6. South West,138,19,8609829.84784117,3.764818767965271,CV < 10%
Post-Planting,Duck,30. Oyo,0,0,NA,0,0,0,6. South West,138,19,8609829.84784117,3.764818767965271,No estimate
Post-Planting,Fish - dried,30. Oyo,0.01378476075118577,0.004827157656203339,0.3501807353303615,0.004323531745027224,0.023245989757344314,0.7187768105975437,6. South West,138,19,8609829.84784117,3.764818767965271,CV < 10%
Post-Planting,Fish - fresh,30. Oyo,0.10436934804537577,0.03238743412393216,0.31031557378179037,0.04088997716246874,0.1678487189282828,5.442116005223165,6. South West,138,19,8609829.84784117,3.764818767965271,CV < 10%
Post-Planting,Fish - frozen,30. Oyo,0.08440391563937315,0.02428854961509818,0.2877656733234298,0.03679835839378071,0.1320094728849656,4.4010613154816,6. South West,138,19,8609829.84784117,3.764818767965271,CV < 10%
Post-Planting,Fish - smoked,30. Oyo,0.042394247547155824,0.010460108837124902,0.24673415480460997,0.021892434226391016,0.06289606086792063,2.210557193530268,6. South West,138,19,8609829.84784117,3.764818767965271,CV < 10%
Post-Planting,Fresh milk,30. Oyo,0.07871486360742497,0.0699106949206436,0.8881511282203264,0,0.21573982565188643,4.104417888101445,6. South West,138,19,8609829.84784117,3.764818767965271,CV < 10%
Post-Planting,Fresh pepper,30. Oyo,0.1355364674475744,0.0154303836454358,0.11384673022708286,0.10529291550252022,0.16578001939262854,7.067258659766379,6. South West,138,19,8609829.84784117,3.764818767965271,CV < 10%
Post-Planting,Fruit juice,30. Oyo,0,0,NA,0,0,0,6. South West,138,19,8609829.84784117,3.764818767965271,No estimate
Post-Planting,Garden eggs/Eggplant,30. Oyo,0.019534344591667162,0.009377639937370355,0.4800591027441284,0.0011541703144212663,0.03791451886891306,1.018576539422645,6. South West,138,19,8609829.84784117,3.764818767965271,CV < 10%
Post-Planting,Gari - white,30. Oyo,0.14431407840449872,0.02995495983723225,0.2075678282285899,0.08560235712352351,0.20302579968547393,7.524948373948861,6. South West,138,19,8609829.84784117,3.764818767965271,CV < 10%
Post-Planting,Gari - yellow,30. Oyo,0,0,NA,0,0,0,6. South West,138,19,8609829.84784117,3.764818767965271,No estimate
Post-Planting,Gin,30. Oyo,0,0,NA,0,0,0,6. South West,138,19,8609829.84784117,3.764818767965271,No estimate
Post-Planting,Goat,30. Oyo,0.008526349718035186,0.003926923993381762,0.460563327009144,8.295786910069323e-4,0.01622312074506344,0.444588235297549,6. South West,138,19,8609829.84784117,3.764818767965271,CV < 10%
Post-Planting,Ground pepper,30. Oyo,9.531400350489071e-4,4.658905815719235e-4,0.4887955226306467,3.9994495167937154e-5,0.0018662855749298772,0.04969944468469301,6. South West,138,19,8609829.84784117,3.764818767965271,CV < 10%
Post-Planting,Groundnut oil,30. Oyo,0.041547268266782234,0.009731593419830192,0.23422944096689916,0.022473345163915057,0.06062119136964941,2.166393273910788,6. South West,138,19,8609829.84784117,3.764818767965271,CV < 10%
Post-Planting,Groundnuts - shelled,30. Oyo,0.005530543906437768,0.002242874185443462,0.40554314790497714,0.0011345105029685826,0.009926577309906953,0.28837836083568363,6. South West,138,19,8609829.84784117,3.764818767965271,CV < 10%
Post-Planting,Groundnuts - unshelled,30. Oyo,0.003931807469288532,0.0018503729159105838,0.4706163591080954,3.0507655410378807e-4,0.007558538384473276,0.20501567518433061,6. South West,138,19,8609829.84784117,3.764818767965271,CV < 10%
Post-Planting,Guava,30. Oyo,0.0012005725444524972,0.0012174169129092157,1.0140302795816476,0,0.0035867096937545603,0.06260128267502306,6. South West,138,19,8609829.84784117,3.764818767965271,CV < 10%
Post-Planting,Guinea corn / sorghum,30. Oyo,0.09775127670082963,0.07909988711935223,0.8091954375331539,0,0.25278705545476,5.097030856543259,6. South West,138,19,8609829.84784117,3.764818767965271,CV < 10%
Post-Planting,Honey,30. Oyo,0.0012686604107119764,6.134797490735322e-4,0.48356498231803835,6.624010252785336e-5,0.0024710807188960994,0.06615157855855305,6. South West,138,19,8609829.84784117,3.764818767965271,CV < 10%
Post-Planting,Kola nut,30. Oyo,2.1677685277087173e-4,2.2399773397222252e-4,1.033310204060316,0,6.558124113564278e-4,0.01130336446590974,6. South West,138,19,8609829.84784117,3.764818767965271,CV < 10%
Post-Planting,Leaves,30. Oyo,0.10535099210517149,0.023142824249579187,0.21967352928651868,0.05999105657599628,0.15071092763434668,5.493301731198228,6. South West,138,19,8609829.84784117,3.764818767965271,CV < 10%
Post-Planting,Local eggs,30. Oyo,0.0012822614797463976,9.931515869826945e-4,0.7745312501933049,0,0.0032288385902324787,0.06686077715820501,6. South West,138,19,8609829.84784117,3.764818767965271,CV < 10%
Post-Planting,Maize - shelled/off cob,30. Oyo,1.995109957608106e-4,2.1010234278220227e-4,1.0530865328048855,0,6.11311587613927e-4,0.010403073350385124,6. South West,138,19,8609829.84784117,3.764818767965271,CV < 10%
Post-Planting,Maize - unshelled/on cob,30. Oyo,0.2086619408518735,0.07006772848548591,0.3357954411783513,0.07132919302032112,0.34599468868342587,10.880229772990546,6. South West,138,19,8609829.84784117,3.764818767965271,CV < 10%
Post-Planting,Maize flour,30. Oyo,0.11375498904710579,0.0728281258073056,0.6402191799882075,0,0.2564981156294248,5.931510143170516,6. South West,138,19,8609829.84784117,3.764818767965271,CV < 10%
Post-Planting,Malt drinks,30. Oyo,0.011330614330445367,0.0064193707084985886,0.5665509849055348,0,0.023912580919102602,0.5908106043732227,6. South West,138,19,8609829.84784117,3.764818767965271,CV < 10%
Post-Planting,Mangoes,30. Oyo,0,0,NA,0,0,0,6. South West,138,19,8609829.84784117,3.764818767965271,No estimate
Post-Planting,Meat pie/Sausage roll,30. Oyo,1.0089559642546341e-4,1.0425644933118254e-4,1.0333102040603126,0,3.052382371145812e-4,0.005260984670756306,6. South West,138,19,8609829.84784117,3.764818767965271,CV < 10%
Post-Planting,Melon - ground,30. Oyo,0.0033469984998921623,7.55689669050868e-4,0.2257812989982564,0.001865846748552461,0.004828150251231863,0.17452206463723416,6. South West,138,19,8609829.84784117,3.764818767965271,CV < 10%
Post-Planting,Melon - shelled,30. Oyo,0.011142875238648656,0.0036696717855353393,0.32932898439060115,0.0039503185389993915,0.01833543193829792,0.5810213517295371,6. South West,138,19,8609829.84784117,3.764818767965271,CV < 10%
Post-Planting,Melon - unshelled,30. Oyo,0.0013876661958072683,6.667482243532884e-4,0.48048170833001436,8.083967607482295e-5,0.0026944927155397136,0.07235688020995042,6. South West,138,19,8609829.84784117,3.764818767965271,CV < 10%
Post-Planting,Milk - tinned,30. Oyo,0.006419988892568825,0.0021672111648832148,0.3375724165803113,0.0021722550093977245,0.010667722775739925,0.33475656368394585,6. South West,138,19,8609829.84784117,3.764818767965271,CV < 10%
Post-Planting,Milk powder,30. Oyo,0.028284989120511115,0.024708968342926668,0.8735717817550347,0,0.07671456707264739,1.4748601469980795,6. South West,138,19,8609829.84784117,3.764818767965271,CV < 10%
Post-Planting,Millet,30. Oyo,0.00833310943807143,0.004779682636954507,0.5735773269840425,0,0.017701287406502265,0.4345121349851531,6. South West,138,19,8609829.84784117,3.764818767965271,CV < 10%
Post-Planting,Mutton,30. Oyo,0,0,NA,0,0,0,6. South West,138,19,8609829.84784117,3.764818767965271,No estimate
Post-Planting,Ogbono - ground,30. Oyo,1.5134338979520666e-5,1.5638466899246457e-5,1.0333102040603135,0,4.578573410204372e-5,7.891476753607204e-4,6. South West,138,19,8609829.84784117,3.764818767965271,CV < 10%
Post-Planting,Ogbono - unground,30. Oyo,0,0,NA,0,0,0,6. South West,138,19,8609829.84784117,3.764818767965271,No estimate
Post-Planting,Okra - dried,30. Oyo,8.197244237226762e-4,5.739407669315385e-4,0.7001630673941104,0,0.0019446483269084914,0.0427427735226824,6. South West,138,19,8609829.84784117,3.764818767965271,CV < 10%
Post-Planting,Okra - fresh,30. Oyo,0.04007895758728961,0.005430183258701879,0.13548713802935766,0.02943579840023393,0.050722116774345294,2.0898313599086724,6. South West,138,19,8609829.84784117,3.764818767965271,CV < 10%
Post-Planting,Onions,30. Oyo,0.16186679635775517,0.02349777177627383,0.14516733700183615,0.11581116367625846,0.20792242903925187,8.440197238654376,6. South West,138,19,8609829.84784117,3.764818767965271,CV < 10%
Post-Planting,Orange/Tangerine,30. Oyo,0.03007451982858739,0.011507692517840005,0.3826392768173591,0.007519442493620982,0.052629597163553796,1.5681713910620567,6. South West,138,19,8609829.84784117,3.764818767965271,CV < 10%
Post-Planting,Other alcoholic beverages,30. Oyo,0,0,NA,0,0,0,6. South West,138,19,8609829.84784117,3.764818767965271,No estimate
Post-Planting,Other domestic poultry,30. Oyo,0,0,NA,0,0,0,6. South West,138,19,8609829.84784117,3.764818767965271,No estimate
Post-Planting,Other eggs,30. Oyo,0,0,NA,0,0,0,6. South West,138,19,8609829.84784117,3.764818767965271,No estimate
Post-Planting,Other fish/seafood,30. Oyo,0,0,NA,0,0,0,6. South West,138,19,8609829.84784117,3.764818767965271,No estimate
Post-Planting,Other fruits,30. Oyo,0.0019325578232689275,0.0019352420981600823,1.0013889752010703,0,0.005725632335662688,0.10076908649902265,6. South West,138,19,8609829.84784117,3.764818767965271,CV < 10%
Post-Planting,Other grains/flour,30. Oyo,0.004267731532705058,0.004273659305968812,1.0013889752010705,0,0.01264410377240393,0.2225317156339066,6. South West,138,19,8609829.84784117,3.764818767965271,CV < 10%
Post-Planting,Other meat,30. Oyo,0.0030181501024406487,0.0018137086147872988,0.6009338678419706,0,0.006573018987423754,0.15737496962726238,6. South West,138,19,8609829.84784117,3.764818767965271,CV < 10%
Post-Planting,Other milk products,30. Oyo,0.001616018144722312,0.0016326025874414609,1.0102625349680086,0,0.0048159192161075755,0.08426380326052055,6. South West,138,19,8609829.84784117,3.764818767965271,CV < 10%
Post-Planting,Other non-alcoholic drinks,30. Oyo,0,0,NA,0,0,0,6. South West,138,19,8609829.84784117,3.764818767965271,No estimate
Post-Planting,Other nuts/seeds/pulses,30. Oyo,0,0,NA,0,0,0,6. South West,138,19,8609829.84784117,3.764818767965271,No estimate
Post-Planting,Other oil/fat,30. Oyo,0,0,NA,0,0,0,6. South West,138,19,8609829.84784117,3.764818767965271,No estimate
Post-Planting,Other roots/tubers,30. Oyo,0,0,NA,0,0,0,6. South West,138,19,8609829.84784117,3.764818767965271,No estimate
Post-Planting,Other spices,30. Oyo,0.0019345395502703355,7.490029823691782e-4,0.3871737759326303,4.6649370482674613e-4,0.003402585395713925,0.10087241940695321,6. South West,138,19,8609829.84784117,3.764818767965271,CV < 10%
Post-Planting,Other sweets,30. Oyo,0,0,NA,0,0,0,6. South West,138,19,8609829.84784117,3.764818767965271,No estimate
Post-Planting,Other vegetables,30. Oyo,8.476314367586925e-4,8.758662128850627e-4,1.033310204060315,0,0.0025643292140134152,0.044197924916703255,6. South West,138,19,8609829.84784117,3.764818767965271,CV < 10%
Post-Planting,Palm oil,30. Oyo,0.11724727116814983,0.0062835823687699644,0.053592568135410024,0.1049314497253607,0.12956309261093896,6.11360771091067,6. South West,138,19,8609829.84784117,3.764818767965271,CV < 10%
Post-Planting,Palm wine,30. Oyo,0.003884307120253994,0.0027291863870588682,0.7026185887382683,0,0.009233512438889376,0.20253887127038683,6. South West,138,19,8609829.84784117,3.764818767965271,CV < 10%
Post-Planting,Pawpaw,30. Oyo,0.06890731312152978,0.03143333626127978,0.45616836352103496,0.00729797404942141,0.13051665219363817,3.593024184194053,6. South West,138,19,8609829.84784117,3.764818767965271,CV < 10%
Post-Planting,Pineapples,30. Oyo,0.010738884432001963,0.0065854821520881495,0.6132370819135886,0,0.023646429450094736,0.5599561168115309,6. South West,138,19,8609829.84784117,3.764818767965271,CV < 10%
Post-Planting,Pito,30. Oyo,0.001239496346407668,0.0012412179760946515,1.0013889752010752,0,0.003672283579553185,0.06463088091982841,6. South West,138,19,8609829.84784117,3.764818767965271,CV < 10%
Post-Planting,Plantains,30. Oyo,0.02085435967827118,0.006508467615657248,0.31209146269969756,0.008097763151582976,0.03361095620495939,1.0874058975098546,6. South West,138,19,8609829.84784117,3.764818767965271,CV < 10%
Post-Planting,Pork,30. Oyo,0,0,NA,0,0,0,6. South West,138,19,8609829.84784117,3.764818767965271,No estimate
Post-Planting,Potatoes,30. Oyo,0,0,NA,0,0,0,6. South West,138,19,8609829.84784117,3.764818767965271,No estimate
Post-Planting,Rice - imported,30. Oyo,0.2734214439027366,0.04621952811443951,0.16904134311748073,0.18283116879843514,0.36401171900703805,14.256975289214123,6. South West,138,19,8609829.84784117,3.764818767965271,CV < 10%
Post-Planting,Rice - local,30. Oyo,0.07877501145995483,0.031387416837370036,0.39844382445219684,0.017255674458709562,0.1402943484612001,4.107554168983359,6. South West,138,19,8609829.84784117,3.764818767965271,CV < 10%
Post-Planting,Sachet water,30. Oyo,0.5453857515638796,0.2360806633886035,0.4328691439254661,0.0826676513222167,1.0081038518055425,28.43797133154515,6. South West,138,19,8609829.84784117,3.764818767965271,CV < 10%
Post-Planting,Salt,30. Oyo,0.01765787336861157,0.0016729981266534926,0.09474516504503847,0.014378797040370725,0.020936949696852416,0.9207319685061747,6. South West,138,19,8609829.84784117,3.764818767965271,CV < 10%
Post-Planting,Seafood,30. Oyo,5.045425674992282e-5,5.213489833797437e-5,1.0333102040603168,0,1.5263865749235258e-4,0.0026308291019602613,6. South West,138,19,8609829.84784117,3.764818767965271,CV < 10%
Post-Planting,Shea butter,30. Oyo,0,0,NA,0,0,0,6. South West,138,19,8609829.84784117,3.764818767965271,No estimate
Post-Planting,Snails,30. Oyo,0.004262866512221556,0.002920123000397819,0.6850139435579048,0,0.00998630759300128,0.22227803956583828,6. South West,138,19,8609829.84784117,3.764818767965271,CV < 10%
Post-Planting,Soft drinks,30. Oyo,0.07832386069407767,0.015432799297028586,0.19703828642087753,0.04807557407190163,0.1085721473162537,4.084029879048336,6. South West,138,19,8609829.84784117,3.764818767965271,CV < 10%
Post-Planting,Soya beans,30. Oyo,1.700595954049234e-4,1.718048379494113e-4,1.0102625349680054,0,5.067970777857696e-4,0.008867393188971007,6. South West,138,19,8609829.84784117,3.764818767965271,CV < 10%
Post-Planting,Sugar,30. Oyo,0.020068145360980425,0.0018567102532505851,0.09252027129824796,0.01642899326460928,0.023707297457351572,1.0464104366796936,6. South West,138,19,8609829.84784117,3.764818767965271,CV < 10%
Post-Planting,Sweet potatoes,30. Oyo,0.05550235535718138,0.02066431296900379,0.372314162813814,0.015000301937933946,0.09600440877642881,2.8940513864816,6. South West,138,19,8609829.84784117,3.764818767965271,CV < 10%
Post-Planting,Tea,30. Oyo,0.00243581125818831,7.257925047217629e-4,0.2979674645487876,0.0010132579489336548,0.0038583645674429654,0.1270101584626762,6. South West,138,19,8609829.84784117,3.764818767965271,CV < 10%
Post-Planting,Tomato puree - canned,30. Oyo,0.006741097500495187,0.0024978271668428384,0.37053716648651847,0.0018453562534832234,0.01163683874750715,0.3515000839543919,6. South West,138,19,8609829.84784117,3.764818767965271,CV < 10%
Post-Planting,Tomatoes,30. Oyo,0.2346859869751909,0.0115381107379517,0.04916403781352065,0.21207128992880558,0.25730068402157624,12.23719789227781,6. South West,138,19,8609829.84784117,3.764818767965271,CV < 10%
Post-Planting,Watermelon,30. Oyo,0.1316715801706719,0.046886304089421446,0.3560852237715056,0.03977442415540587,0.22356873618593792,6.865732394613607,6. South West,138,19,8609829.84784117,3.764818767965271,CV < 10%
Post-Planting,Wheat flour,30. Oyo,0.0014321610730209568,0.0011345890804957085,0.7922217003862847,0,0.0036559556707925454,0.07467697023609275,6. South West,138,19,8609829.84784117,3.764818767965271,CV < 10%
Post-Planting,White beans,30. Oyo,0.03718227799027185,0.009672363440540272,0.26013369710889933,0.018224445646812918,0.056140110333730786,1.9387902094927465,6. South West,138,19,8609829.84784117,3.764818767965271,CV < 10%
Post-Planting,Wild game/Bush meat,30. Oyo,0.008907710006948262,0.006453410007749477,0.7244746408129179,0,0.021556393622137238,0.4644734503623022,6. South West,138,19,8609829.84784117,3.764818767965271,CV < 10%
Post-Planting,Yam flour,30. Oyo,0.10548618105330178,0.020342195797942927,0.19284228128103426,0.06561547728933365,0.1453568848172699,5.500350869207878,6. South West,138,19,8609829.84784117,3.764818767965271,CV < 10%
Post-Planting,Yam roots,30. Oyo,0.9722041701600713,0.20980339760677638,0.2158017873675986,0.5609895108507896,1.383418829469353,50.69350315834657,6. South West,138,19,8609829.84784117,3.764818767965271,CV < 10%
Post-Planting,Agricultural eggs,31. Plateau,0.0033280548057274223,0.0030947985305679227,0.92991212922393085,0,0.009393859925640551,0.17353428629864417,1. North Central,84,11,5120195.010036907,6.236714398833924,CV < 10%
Post-Planting,Animal fat,31. Plateau,0.01401274700226071,0.010011103427056094,0.7144283291092731,0,0.033634509719290655,0.7306646651178799,1. North Central,84,11,5120195.010036907,6.236714398833924,CV < 10%
Post-Planting,Apples,31. Plateau,9.254946940999478e-4,9.99408814153948e-4,1.0798644449559838,0,0.002884335969841686,0.048257937620925846,1. North Central,84,11,5120195.010036907,6.236714398833924,CV < 10%
Post-Planting,Avocado pear,31. Plateau,0,0,NA,0,0,0,1. North Central,84,11,5120195.010036907,6.236714398833924,No estimate
Post-Planting,Baby milk powder,31. Plateau,0,0,NA,0,0,0,1. North Central,84,11,5120195.010036907,6.236714398833924,No estimate
Post-Planting,Bananas,31. Plateau,0.00910398513613599,0.005355709612119416,0.5882818932624645,0,0.019601175975890044,0.47470779638423377,1. North Central,84,11,5120195.010036907,6.236714398833924,CV < 10%
Post-Planting,Beef,31. Plateau,0.02888840072414831,0.011506274536840203,0.3983008490747607,0.006336102631941513,0.0514406988163551,1.5063237520448762,1. North Central,84,11,5120195.010036907,6.236714398833924,CV < 10%
Post-Planting,Beer,31. Plateau,0.004900327740473742,0.0050205246316322675,1.0245283371897296,0,0.014740556018472985,0.25551708932470224,1. North Central,84,11,5120195.010036907,6.236714398833924,CV < 10%
Post-Planting,Biscuits,31. Plateau,0.010102628096470249,0.003045133181111919,0.30141990302264576,0.004134167061490888,0.016071089131449612,0.526779893601663,1. North Central,84,11,5120195.010036907,6.236714398833924,CV < 10%
Post-Planting,Bottled water,31. Plateau,0.005141636989491605,0.005552270973822516,1.0798644449559855,0,0.016024088098183738,0.2680996430234908,1. North Central,84,11,5120195.010036907,6.236714398833924,CV < 10%
Post-Planting,Bread,31. Plateau,0.07132177158567606,0.025640995636964443,0.3595114796912037,0.021065420137225746,0.12157812303412636,3.7189209469673945,1. North Central,84,11,5120195.010036907,6.236714398833924,CV < 10%
Post-Planting,Brown beans,31. Plateau,0.020149980273216156,0.013972815124895283,0.693440635446591,0,0.047536697918010906,1.0506775428176995,1. North Central,84,11,5120195.010036907,6.236714398833924,CV < 10%
Post-Planting,Buns/Pofpof/Donuts,31. Plateau,2.425688018785114e-4,1.8524678990552187e-4,0.7636876155174366,0,6.056525100933343e-4,0.012648230383665237,1. North Central,84,11,5120195.010036907,6.236714398833924,CV < 10%
Post-Planting,Butter/Margarine,31. Plateau,0,0,NA,0,0,0,1. North Central,84,11,5120195.010036907,6.236714398833924,No estimate
Post-Planting,Cake,31. Plateau,0.0018447282098597367,0.0010039556914525234,0.5442295976646114,0,0.0038124813651066827,0.09618939951411484,1. North Central,84,11,5120195.010036907,6.236714398833924,CV < 10%
Post-Planting,Canned fish/seafood,31. Plateau,0,0,NA,0,0,0,1. North Central,84,11,5120195.010036907,6.236714398833924,No estimate
Post-Planting,Cashew nut,31. Plateau,0,0,NA,0,0,0,1. North Central,84,11,5120195.010036907,6.236714398833924,No estimate
Post-Planting,Cassava flour,31. Plateau,0.03739128305784415,0.016172131019606416,0.43251072702127397,0.005693906259415578,0.06908865985627272,1.9496883308733022,1. North Central,84,11,5120195.010036907,6.236714398833924,CV < 10%
Post-Planting,Cassava roots,31. Plateau,0.18360398655337767,0.06609156364412332,0.3599680207646747,0.054064521810895966,0.3131434512958594,9.573636441711837,1. North Central,84,11,5120195.010036907,6.236714398833924,CV < 10%
Post-Planting,Cheese/wara,31. Plateau,0.0020094691012921867,0.001340943508863456,0.667312330406655,0,0.0046377183786645605,0.10477946028166403,1. North Central,84,11,5120195.010036907,6.236714398833924,CV < 10%
Post-Planting,Chicken,31. Plateau,0.015499835751740585,0.008330622636291096,0.537465220259227,0,0.03182785611887113,0.8082057213407591,1. North Central,84,11,5120195.010036907,6.236714398833924,CV < 10%
Post-Planting,Chocolate drinks,31. Plateau,2.5708185333080797e-4,2.7761355285532913e-4,1.079864444955986,0,8.01204416927253e-4,0.013404982352249272,1. North Central,84,11,5120195.010036907,6.236714398833924,CV < 10%
Post-Planting,Coconut,31. Plateau,0.0016687201730072709,0.0016126937319539114,0.9664255026339187,0,0.0048295998876369374,0.08701183759252198,1. North Central,84,11,5120195.010036907,6.236714398833924,CV < 10%
Post-Planting,Cocoyam,31. Plateau,0.03754610783839768,0.01664404787461366,0.4432962251706984,0.004923774004154904,0.07016844167264046,1.957761337287879,1. North Central,84,11,5120195.010036907,6.236714398833924,CV < 10%
Post-Planting,Coffee,31. Plateau,0,0,NA,0,0,0,1. North Central,84,11,5120195.010036907,6.236714398833924,No estimate
Post-Planting,Dry pepper,31. Plateau,0.0050533513076312835,0.001101141105005823,0.2179031375362608,0.0028951147418198706,0.007211587873442697,0.26349617532648834,1. North Central,84,11,5120195.010036907,6.236714398833924,CV < 10%
Post-Planting,Duck,31. Plateau,0.008815676027379952,0.008366887230057067,0.9490919589230564,0,0.025214774998291806,0.45967453571338324,1. North Central,84,11,5120195.010036907,6.236714398833924,CV < 10%
Post-Planting,Fish - dried,31. Plateau,0.019717194977205078,0.0069421161397334175,0.35208436837791346,0.00611064734332758,0.03332374261108258,1.0281108809542647,1. North Central,84,11,5120195.010036907,6.236714398833924,CV < 10%
Post-Planting,Fish - fresh,31. Plateau,0.01904781908826787,0.013418647458522632,0.7044715931173235,0,0.04534836810697222,0.9932077096025388,1. North Central,84,11,5120195.010036907,6.236714398833924,CV < 10%
Post-Planting,Fish - frozen,31. Plateau,0.007974755931700049,0.0038587085798808033,0.4838654139297538,4.116871151336743e-4,0.015537824748266423,0.41582655929578827,1. North Central,84,11,5120195.010036907,6.236714398833924,CV < 10%
Post-Planting,Fish - smoked,31. Plateau,0.006916290539037098,0.004405142493509049,0.6369227071427139,0,0.015550369826314834,0.36063514953550585,1. North Central,84,11,5120195.010036907,6.236714398833924,CV < 10%
Post-Planting,Fresh milk,31. Plateau,0.02543994394559703,0.017303928660229433,0.6801873737313905,0,0.05935564411964672,1.3265113628775593,1. North Central,84,11,5120195.010036907,6.236714398833924,CV < 10%
Post-Planting,Fresh pepper,31. Plateau,0.022246607800352012,0.00589080020050636,0.2647954354826693,0.010700639407359547,0.03379257619334448,1.1600016924469263,1. North Central,84,11,5120195.010036907,6.236714398833924,CV < 10%
Post-Planting,Fruit juice,31. Plateau,0,0,NA,0,0,0,1. North Central,84,11,5120195.010036907,6.236714398833924,No estimate
Post-Planting,Garden eggs/Eggplant,31. Plateau,0.015035821876999401,0.007486693599930646,0.49792380231526895,3.619024211353357e-4,0.029709741332863467,0.784010712157826,1. North Central,84,11,5120195.010036907,6.236714398833924,CV < 10%
Post-Planting,Gari - white,31. Plateau,0.045401865356325455,0.00777791224587933,0.17131261424693203,0.03015715735440197,0.06064657335824894,2.367382979294113,1. North Central,84,11,5120195.010036907,6.236714398833924,CV < 10%
Post-Planting,Gari - yellow,31. Plateau,0,0,NA,0,0,0,1. North Central,84,11,5120195.010036907,6.236714398833924,No estimate
Post-Planting,Gin,31. Plateau,0,0,NA,0,0,0,1. North Central,84,11,5120195.010036907,6.236714398833924,No estimate
Post-Planting,Goat,31. Plateau,0.007213203996941233,0.003756529939114269,0.5207852073374369,0,0.0145760026776052,0.3761170655547929,1. North Central,84,11,5120195.010036907,6.236714398833924,CV < 10%
Post-Planting,Ground pepper,31. Plateau,1.946214631383924e-4,1.6635748993531823e-4,0.8547746340650204,0,5.206821434116161e-4,0.010148119149359033,1. North Central,84,11,5120195.010036907,6.236714398833924,CV < 10%
Post-Planting,Groundnut oil,31. Plateau,0.028013434572309304,0.01076324552387546,0.38421727603921524,0.006917473345513403,0.049109395799105206,1.4607005169846994,1. North Central,84,11,5120195.010036907,6.236714398833924,CV < 10%
Post-Planting,Groundnuts - shelled,31. Plateau,0.02389383191197503,0.005321820565774,0.2227277979262434,0.013463063603057992,0.03432460022089207,1.2458926639815553,1. North Central,84,11,5120195.010036907,6.236714398833924,CV < 10%
Post-Planting,Groundnuts - unshelled,31. Plateau,0.01664818366453585,0.006542020928652313,0.3929570372645636,0.0038258226443773167,0.029470544684694386,0.8680838625079408,1. North Central,84,11,5120195.010036907,6.236714398833924,CV < 10%
Post-Planting,Guava,31. Plateau,0.0038676989654079915,0.0021943776629308577,0.5673599942903984,0,0.008168679184752472,0.2016728746248453,1. North Central,84,11,5120195.010036907,6.236714398833924,CV < 10%
Post-Planting,Guinea corn / sorghum,31. Plateau,0.34502790220261387,0.07973134888565472,0.2310866697349983,0.1887544583867306,0.5013013460184972,17.99074061485058,1. North Central,84,11,5120195.010036907,6.236714398833924,CV < 10%
Post-Planting,Honey,31. Plateau,0,0,NA,0,0,0,1. North Central,84,11,5120195.010036907,6.236714398833924,No estimate
Post-Planting,Kola nut,31. Plateau,8.074161778726533e-5,7.803075855353395e-5,0.9664255026339224,0,2.3368190455219187e-4,0.004210098641764549,1. North Central,84,11,5120195.010036907,6.236714398833924,CV < 10%
Post-Planting,Leaves,31. Plateau,0.03324867990732127,0.014602350451500393,0.4391858712046187,0.0046280730223805,0.06186928679226204,1.7336811665960377,1. North Central,84,11,5120195.010036907,6.236714398833924,CV < 10%
Post-Planting,Local eggs,31. Plateau,0.0032656125592435705,0.002728919606601021,0.8356532065864952,0,0.008614294988181571,0.1702783691605576,1. North Central,84,11,5120195.010036907,6.236714398833924,CV < 10%
Post-Planting,Maize - shelled/off cob,31. Plateau,0.05186781756362859,0.025000553247107666,0.4820051126392268,0.002866733199297568,0.10086890192795961,2.704536201532062,1. North Central,84,11,5120195.010036907,6.236714398833924,CV < 10%
Post-Planting,Maize - unshelled/on cob,31. Plateau,0.07407803939131503,0.023979844954656743,0.3237105780835252,0.02707754328018782,0.12107853550244224,3.862640625404284,1. North Central,84,11,5120195.010036907,6.236714398833924,CV < 10%
Post-Planting,Maize flour,31. Plateau,0.83887998125349,0.08711527569615536,0.10384712669622183,0.6681340408890255,1.0096259216179544,43.74159902250341,1. North Central,84,11,5120195.010036907,6.236714398833924,CV < 10%
Post-Planting,Malt drinks,31. Plateau,0.02210012521755217,0.009215671249976302,0.4169963364124793,0.004037409567598616,0.040162840867505725,1.1523636720580774,1. North Central,84,11,5120195.010036907,6.236714398833924,CV < 10%
Post-Planting,Mangoes,31. Plateau,0.024799674056559858,0.015432466547972853,0.6222850555526052,0,0.05504730849058665,1.2931258615206214,1. North Central,84,11,5120195.010036907,6.236714398833924,CV < 10%
Post-Planting,Meat pie/Sausage roll,31. Plateau,0,0,NA,0,0,0,1. North Central,84,11,5120195.010036907,6.236714398833924,No estimate
Post-Planting,Melon - ground,31. Plateau,5.493867373262772e-4,3.9983743848050543e-4,0.7277886620023093,0,0.0013330681167480678,0.028646594160584453,1. North Central,84,11,5120195.010036907,6.236714398833924,CV < 10%
Post-Planting,Melon - shelled,31. Plateau,0.002567700667076572,0.0016629902619708554,0.6476573703835328,0,0.005827161580539449,0.1338872490689927,1. North Central,84,11,5120195.010036907,6.236714398833924,CV < 10%
Post-Planting,Melon - unshelled,31. Plateau,0,0,NA,0,0,0,1. North Central,84,11,5120195.010036907,6.236714398833924,No estimate
Post-Planting,Milk - tinned,31. Plateau,0,0,NA,0,0,0,1. North Central,84,11,5120195.010036907,6.236714398833924,No estimate
Post-Planting,Milk powder,31. Plateau,0.0036295375257746044,0.0015025984705257624,0.4139917165355888,6.844445235441102e-4,0.0065746305280050986,0.18925445670110436,1. North Central,84,11,5120195.010036907,6.236714398833924,CV < 10%
Post-Planting,Millet,31. Plateau,0.14667781878366665,0.05581050233529289,0.3804972203575452,0.03728923420649259,0.2560664033608407,7.648200550862618,1. North Central,84,11,5120195.010036907,6.236714398833924,CV < 10%
Post-Planting,Mutton,31. Plateau,0,0,NA,0,0,0,1. North Central,84,11,5120195.010036907,6.236714398833924,No estimate
Post-Planting,Ogbono - ground,31. Plateau,0.0012024026386933191,6.080569433620089e-4,0.5057016042669363,1.0611029703781749e-5,0.0023941942476828565,0.0626967090175802,1. North Central,84,11,5120195.010036907,6.236714398833924,CV < 10%
Post-Planting,Ogbono - unground,31. Plateau,0,0,NA,0,0,0,1. North Central,84,11,5120195.010036907,6.236714398833924,No estimate
Post-Planting,Okra - dried,31. Plateau,0.004309918422296354,0.001506929804871637,0.34964230345425756,0.001356336004747946,0.007263500839844762,0.22473146059116705,1. North Central,84,11,5120195.010036907,6.236714398833924,CV < 10%
Post-Planting,Okra - fresh,31. Plateau,0.07166857311112589,0.03685873090642561,0.5142941920899445,0,0.14391168568772006,3.7370041693658496,1. North Central,84,11,5120195.010036907,6.236714398833924,CV < 10%
Post-Planting,Onions,31. Plateau,0.17071948941650145,0.03277669678203301,0.1919915347337307,0.10647716372371675,0.23496181510928615,8.901801948146147,1. North Central,84,11,5120195.010036907,6.236714398833924,CV < 10%
Post-Planting,Orange/Tangerine,31. Plateau,0.019621961252147508,0.007681361588037553,0.39146757499568874,0.004566492539593904,0.03467742996470111,1.0231451224334058,1. North Central,84,11,5120195.010036907,6.236714398833924,CV < 10%
Post-Planting,Other alcoholic beverages,31. Plateau,0.0026813040472157767,0.00289535977769479,1.079832695848606,0,0.008356209211497566,0.1398108538905369,1. North Central,84,11,5120195.010036907,6.236714398833924,CV < 10%
Post-Planting,Other domestic poultry,31. Plateau,0,0,NA,0,0,0,1. North Central,84,11,5120195.010036907,6.236714398833924,No estimate
Post-Planting,Other eggs,31. Plateau,0,0,NA,0,0,0,1. North Central,84,11,5120195.010036907,6.236714398833924,No estimate
Post-Planting,Other fish/seafood,31. Plateau,0,0,NA,0,0,0,1. North Central,84,11,5120195.010036907,6.236714398833924,No estimate
Post-Planting,Other fruits,31. Plateau,0,0,NA,0,0,0,1. North Central,84,11,5120195.010036907,6.236714398833924,No estimate
Post-Planting,Other grains/flour,31. Plateau,0,0,NA,0,0,0,1. North Central,84,11,5120195.010036907,6.236714398833924,No estimate
Post-Planting,Other meat,31. Plateau,0,0,NA,0,0,0,1. North Central,84,11,5120195.010036907,6.236714398833924,No estimate
Post-Planting,Other milk products,31. Plateau,0,0,NA,0,0,0,1. North Central,84,11,5120195.010036907,6.236714398833924,No estimate
Post-Planting,Other non-alcoholic drinks,31. Plateau,0,0,NA,0,0,0,1. North Central,84,11,5120195.010036907,6.236714398833924,No estimate
Post-Planting,Other nuts/seeds/pulses,31. Plateau,0,0,NA,0,0,0,1. North Central,84,11,5120195.010036907,6.236714398833924,No estimate
Post-Planting,Other oil/fat,31. Plateau,0,0,NA,0,0,0,1. North Central,84,11,5120195.010036907,6.236714398833924,No estimate
Post-Planting,Other roots/tubers,31. Plateau,0,0,NA,0,0,0,1. North Central,84,11,5120195.010036907,6.236714398833924,No estimate
Post-Planting,Other spices,31. Plateau,6.186981544242039e-4,3.621118179150021e-4,0.5852802619914136,0,0.001328437317537608,0.03226068948069063,1. North Central,84,11,5120195.010036907,6.236714398833924,CV < 10%
Post-Planting,Other sweets,31. Plateau,0,0,NA,0,0,0,1. North Central,84,11,5120195.010036907,6.236714398833924,No estimate
Post-Planting,Other vegetables,31. Plateau,0,0,NA,0,0,0,1. North Central,84,11,5120195.010036907,6.236714398833924,No estimate
Post-Planting,Palm oil,31. Plateau,0.0880550855040289,0.010719492671223588,0.12173621330176468,0.06704487986843066,0.10906529113962712,4.591443744138649,1. North Central,84,11,5120195.010036907,6.236714398833924,CV < 10%
Post-Planting,Palm wine,31. Plateau,0.006022622026161676,0.005972789305480415,0.9917257432950645,0,0.01772928906490329,0.31403671993557314,1. North Central,84,11,5120195.010036907,6.236714398833924,CV < 10%
Post-Planting,Pawpaw,31. Plateau,0,0,NA,0,0,0,1. North Central,84,11,5120195.010036907,6.236714398833924,No estimate
Post-Planting,Pineapples,31. Plateau,0.0035155941565969137,0.003796365132604016,1.0798644449559809,0,0.010956469816500785,0.1833131238796962,1. North Central,84,11,5120195.010036907,6.236714398833924,CV < 10%
Post-Planting,Pito,31. Plateau,0.0015089456045722122,0.0013132214067088433,0.8702907531787026,0,0.0040828595617215455,0.07868073509555107,1. North Central,84,11,5120195.010036907,6.236714398833924,CV < 10%
Post-Planting,Plantains,31. Plateau,0.00302725816369641,0.002662577037241654,0.8795341834971006,0,0.00824590915669005,0.15784988996416996,1. North Central,84,11,5120195.010036907,6.236714398833924,CV < 10%
Post-Planting,Pork,31. Plateau,3.351630059019721e-4,3.619199722118488e-4,1.079832695848606,0,0.0010445261514371957,0.017476356736317113,1. North Central,84,11,5120195.010036907,6.236714398833924,CV < 10%
Post-Planting,Potatoes,31. Plateau,0.29922787698671854,0.15629347984347883,0.5223225904530815,0,0.6055630974799371,15.602596442878895,1. North Central,84,11,5120195.010036907,6.236714398833924,CV < 10%
Post-Planting,Rice - imported,31. Plateau,0.006437329377160929,0.006951443114866717,1.0798644449559809,0,0.020062157882299692,0.3356607460948199,1. North Central,84,11,5120195.010036907,6.236714398833924,CV < 10%
Post-Planting,Rice - local,31. Plateau,0.4791479982778513,0.048573240560688666,0.1013741907203413,0.38394444677890155,0.5743515497768011,24.98414562448796,1. North Central,84,11,5120195.010036907,6.236714398833924,CV < 10%
Post-Planting,Sachet water,31. Plateau,0.34674649970136795,0.16955086905845534,0.48897644015002134,0.0144267963467955,0.6790662030559405,18.080353198714185,1. North Central,84,11,5120195.010036907,6.236714398833924,CV < 10%
Post-Planting,Salt,31. Plateau,0.05179078362248596,0.00785481841618418,0.15166440564868883,0.036395339526764964,0.06718622771820695,2.7005194317439107,1. North Central,84,11,5120195.010036907,6.236714398833924,CV < 10%
Post-Planting,Seafood,31. Plateau,0,0,NA,0,0,0,1. North Central,84,11,5120195.010036907,6.236714398833924,No estimate
Post-Planting,Shea butter,31. Plateau,0,0,NA,0,0,0,1. North Central,84,11,5120195.010036907,6.236714398833924,No estimate
Post-Planting,Snails,31. Plateau,0,0,NA,0,0,0,1. North Central,84,11,5120195.010036907,6.236714398833924,No estimate
Post-Planting,Soft drinks,31. Plateau,0.015322945830113474,0.006646434848215666,0.43375698915242106,0.0022959335276107693,0.028349958132616176,0.7989821754273454,1. North Central,84,11,5120195.010036907,6.236714398833924,CV < 10%
Post-Planting,Soya beans,31. Plateau,0.03057669535366427,0.009277847890226643,0.3034287316832229,0.01239211348882005,0.04876127721850849,1.5943562577267798,1. North Central,84,11,5120195.010036907,6.236714398833924,CV < 10%
Post-Planting,Sugar,31. Plateau,0.0827729131193978,0.01140217002827601,0.13775243130356754,0.060424659863976826,0.10512116637481878,4.316016184082885,1. North Central,84,11,5120195.010036907,6.236714398833924,CV < 10%
Post-Planting,Sweet potatoes,31. Plateau,0.2671177055468429,0.11101761945681736,0.41561310669969365,0.049523171411480854,0.4847122396822049,13.928280360656808,1. North Central,84,11,5120195.010036907,6.236714398833924,CV < 10%
Post-Planting,Tea,31. Plateau,0.0016748622608764214,6.188950244497167e-4,0.36951995331595894,4.618280129549768e-4,0.002887896508797866,0.08733210360284197,1. North Central,84,11,5120195.010036907,6.236714398833924,CV < 10%
Post-Planting,Tomato puree - canned,31. Plateau,0,0,NA,0,0,0,1. North Central,84,11,5120195.010036907,6.236714398833924,No estimate
Post-Planting,Tomatoes,31. Plateau,0.29436038044538326,0.09732368624651641,0.3306276683678027,0.1036059554022111,0.48511480548855546,15.348791266080699,1. North Central,84,11,5120195.010036907,6.236714398833924,CV < 10%
Post-Planting,Watermelon,31. Plateau,0.038485168359241644,0.022354168470241142,0.5808515182154094,0,0.08229933856091429,2.0067266358747426,1. North Central,84,11,5120195.010036907,6.236714398833924,CV < 10%
Post-Planting,Wheat flour,31. Plateau,3.646929803179324e-4,3.938074040937761e-4,1.0798326958486075,0,0.0011365554923417336,0.01901613397372076,1. North Central,84,11,5120195.010036907,6.236714398833924,CV < 10%
Post-Planting,White beans,31. Plateau,0.20460744077182463,0.05649157679685836,0.27609737252838706,0.09388395024998225,0.315330931293667,10.668816554530855,1. North Central,84,11,5120195.010036907,6.236714398833924,CV < 10%
Post-Planting,Wild game/Bush meat,31. Plateau,0,0,NA,0,0,0,1. North Central,84,11,5120195.010036907,6.236714398833924,No estimate
Post-Planting,Yam flour,31. Plateau,0.003236406675773773,0.003494777745563217,1.0798326958486055,0,0.010086171057077679,0.16875549095106104,1. North Central,84,11,5120195.010036907,6.236714398833924,CV < 10%
Post-Planting,Yam roots,31. Plateau,0.22870033557058506,0.09758982880174734,0.42671484743680077,0.037424271119160274,0.41997640002200987,11.925088926180507,1. North Central,84,11,5120195.010036907,6.236714398833924,CV < 10%
Post-Planting,Agricultural eggs,32. Rivers,0.04220397093369273,0.006928146456448296,0.16415863965343944,0.028624803879054066,0.055783137988331385,2.200635627256835,5. South South,101,17,8273590.094961686,4.768284876715518,CV < 10%
Post-Planting,Animal fat,32. Rivers,0,0,NA,0,0,0,5. South South,101,17,8273590.094961686,4.768284876715518,No estimate
Post-Planting,Apples,32. Rivers,0.005053996169291932,0.0030907216181197514,0.611540158439171,0,0.011111810540806646,0.2635298002559364,5. South South,101,17,8273590.094961686,4.768284876715518,CV < 10%
Post-Planting,Avocado pear,32. Rivers,0.002039107575690249,0.0015836084341797705,0.7766183859346952,0,0.005142980106682599,0.1063248950181344,5. South South,101,17,8273590.094961686,4.768284876715518,CV < 10%
Post-Planting,Baby milk powder,32. Rivers,0.0019197646071778872,8.326433422012844e-4,0.4337215818481494,2.877836564633698e-4,0.0035517455578924044,0.10010201165998985,5. South South,101,17,8273590.094961686,4.768284876715518,CV < 10%
Post-Planting,Bananas,32. Rivers,0.14510770157478858,0.028739710508919984,0.1980577887804771,0.08877786897730541,0.20143753417227175,7.566330153542547,5. South South,101,17,8273590.094961686,4.768284876715518,CV < 10%
Post-Planting,Beef,32. Rivers,0.14372514470112488,0.020853921749248692,0.14509584799941744,0.10285145807259743,0.18459883132965232,7.494239687987226,5. South South,101,17,8273590.094961686,4.768284876715518,CV < 10%
Post-Planting,Beer,32. Rivers,0.019718824985925896,0.009794653711657029,0.4967158904573604,5.213037110781207e-4,0.03891634626077367,1.028195874266136,5. South South,101,17,8273590.094961686,4.768284876715518,CV < 10%
Post-Planting,Biscuits,32. Rivers,0.021169922771970516,0.0031842907151616653,0.15041579270084737,0.014928712970253652,0.02741113257368738,1.1038602588241768,5. South South,101,17,8273590.094961686,4.768284876715518,CV < 10%
Post-Planting,Bottled water,32. Rivers,0.08919769213304045,0.05475363580911235,0.6138458798625195,0,0.19651481831890066,4.65102251836568,5. South South,101,17,8273590.094961686,4.768284876715518,CV < 10%
Post-Planting,Bread,32. Rivers,0.24013865608562507,0.018450159466281833,0.07683127642599595,0.20397634353171268,0.27630096863953746,12.521515638750449,5. South South,101,17,8273590.094961686,4.768284876715518,CV < 10%
Post-Planting,Brown beans,32. Rivers,0.11063334450744143,0.02797638615039926,0.25287481161267356,0.05579962765265888,0.16546706136222397,5.768738677888018,5. South South,101,17,8273590.094961686,4.768284876715518,CV < 10%
Post-Planting,Buns/Pofpof/Donuts,32. Rivers,0.0038692412040986237,8.229071502303994e-4,0.21267920680641655,0.0022563431896470408,0.005482139218550206,0.2017532913565711,5. South South,101,17,8273590.094961686,4.768284876715518,CV < 10%
Post-Planting,Butter/Margarine,32. Rivers,2.461053948228679e-4,1.8754173459446647e-4,0.7620382914785265,0,6.136871946280222e-4,0.012832638444335255,5. South South,101,17,8273590.094961686,4.768284876715518,CV < 10%
Post-Planting,Cake,32. Rivers,0.0033897501769336686,0.0020646403344416696,0.6090833325980739,0,0.007436445232439341,0.176751259225827,5. South South,101,17,8273590.094961686,4.768284876715518,CV < 10%
Post-Planting,Canned fish/seafood,32. Rivers,0,0,NA,0,0,0,5. South South,101,17,8273590.094961686,4.768284876715518,No estimate
Post-Planting,Cashew nut,32. Rivers,0,0,NA,0,0,0,5. South South,101,17,8273590.094961686,4.768284876715518,No estimate
Post-Planting,Cassava flour,32. Rivers,0.011064812205979534,0.009857939786667358,0.8909269857594175,0,0.030386374187847558,0.576950922168933,5. South South,101,17,8273590.094961686,4.768284876715518,CV < 10%
Post-Planting,Cassava roots,32. Rivers,0.3064318188966011,0.15588939619417516,0.5087245729098933,8.886023560177869e-4,0.6119750354371845,15.978230556751342,5. South South,101,17,8273590.094961686,4.768284876715518,CV < 10%
Post-Planting,Cheese/wara,32. Rivers,0,0,NA,0,0,0,5. South South,101,17,8273590.094961686,4.768284876715518,No estimate
Post-Planting,Chicken,32. Rivers,0.03346481161999309,0.014592696493595117,0.436060918534408,0.004863126492546662,0.06206649674743951,1.7449508916139254,5. South South,101,17,8273590.094961686,4.768284876715518,CV < 10%
Post-Planting,Chocolate drinks,32. Rivers,0.016257487323661148,0.0016922407767985825,0.10408993364772275,0.012940695401135925,0.01957427924618637,0.8477118390194741,5. South South,101,17,8273590.094961686,4.768284876715518,CV < 10%
Post-Planting,Coconut,32. Rivers,0.05224544395867956,0.011280153042777928,0.21590692294048255,0.03013634399483482,0.0743545439225243,2.7242267207025774,5. South South,101,17,8273590.094961686,4.768284876715518,CV < 10%
Post-Planting,Cocoyam,32. Rivers,0.057669770329479446,0.02332588585151772,0.4044733613165452,0.011951034060504719,0.10338850659845417,3.007066595751428,5. South South,101,17,8273590.094961686,4.768284876715518,CV < 10%
Post-Planting,Coffee,32. Rivers,1.0963052160962749e-4,6.380478370035216e-5,0.5819983592484247,0,2.346878976623177e-4,0.005716448626787719,5. South South,101,17,8273590.094961686,4.768284876715518,CV < 10%
Post-Planting,Dry pepper,32. Rivers,0.00319288834420338,8.186904416908752e-4,0.25641060802429566,0.0015882550784892644,0.004797521609917496,0.16648632080489054,5. South South,101,17,8273590.094961686,4.768284876715518,CV < 10%
Post-Planting,Duck,32. Rivers,0,0,NA,0,0,0,5. South South,101,17,8273590.094961686,4.768284876715518,No estimate
Post-Planting,Fish - dried,32. Rivers,0.06752622343315387,0.007417047894775941,0.109839518896215,0.05298880955939303,0.08206363730691471,3.521010221871595,5. South South,101,17,8273590.094961686,4.768284876715518,CV < 10%
Post-Planting,Fish - fresh,32. Rivers,0.15784840799128302,0.030218831594614037,0.1914421056199872,0.09861949806583951,0.21707731791672652,8.2306669881169,5. South South,101,17,8273590.094961686,4.768284876715518,CV < 10%
Post-Planting,Fish - frozen,32. Rivers,0.08685930889299713,0.012958687011833074,0.14919168914637593,0.0614602823498043,0.11225833543618996,4.5290925351348506,5. South South,101,17,8273590.094961686,4.768284876715518,CV < 10%
Post-Planting,Fish - smoked,32. Rivers,0.04608273575538488,0.008774409433549223,0.19040556706800793,0.028884893265628403,0.06328057824514136,2.402885507245069,5. South South,101,17,8273590.094961686,4.768284876715518,CV < 10%
Post-Planting,Fresh milk,32. Rivers,0,0,NA,0,0,0,5. South South,101,17,8273590.094961686,4.768284876715518,No estimate
Post-Planting,Fresh pepper,32. Rivers,0.126889844573617,0.010275541484777877,0.08098001474669923,0.10674978326345236,0.14702990588378162,6.616399038481457,5. South South,101,17,8273590.094961686,4.768284876715518,CV < 10%
Post-Planting,Fruit juice,32. Rivers,0,0,NA,0,0,0,5. South South,101,17,8273590.094961686,4.768284876715518,No estimate
Post-Planting,Garden eggs/Eggplant,32. Rivers,0.0520018623386385,0.011424174399086452,0.21968779357730894,0.029610480516429057,0.07439324416084794,2.7115256790861504,5. South South,101,17,8273590.094961686,4.768284876715518,CV < 10%
Post-Planting,Gari - white,32. Rivers,0.9817298151297867,0.16461726761871162,0.16768082733328096,0.659079970597112,1.3043796596624615,51.190197503196025,5. South South,101,17,8273590.094961686,4.768284876715518,CV < 10%
Post-Planting,Gari - yellow,32. Rivers,0.10010217073284723,0.052023536531218134,0.5197043795389672,0,0.20206830233403478,5.219613188212748,5. South South,101,17,8273590.094961686,4.768284876715518,CV < 10%
Post-Planting,Gin,32. Rivers,0.0010689397826096965,7.461056496140784e-4,0.6979866048137391,0,0.0025313068558532902,0.055737574378934174,5. South South,101,17,8273590.094961686,4.768284876715518,CV < 10%
Post-Planting,Goat,32. Rivers,0.03763147437855747,0.0077926760676590824,0.2070786807146566,0.022357829285945666,0.05290511947116927,1.9622125925962108,5. South South,101,17,8273590.094961686,4.768284876715518,CV < 10%
Post-Planting,Ground pepper,32. Rivers,0.009698018164227953,0.0014863558299767821,0.15326387358804344,0.00678476073747346,0.012611275590982447,0.5056823757061719,5. South South,101,17,8273590.094961686,4.768284876715518,CV < 10%
Post-Planting,Groundnut oil,32. Rivers,0.0452718772116921,0.011432862641582412,0.2525378523210368,0.022863466434190575,0.06768028798919364,2.360605026038231,5. South South,101,17,8273590.094961686,4.768284876715518,CV < 10%
Post-Planting,Groundnuts - shelled,32. Rivers,0.014421782440002634,0.003982710309010181,0.27615936695613147,0.00661567023434268,0.022227894645662587,0.7519929415144231,5. South South,101,17,8273590.094961686,4.768284876715518,CV < 10%
Post-Planting,Groundnuts - unshelled,32. Rivers,0.016208215925362122,0.005190154055078215,0.3202174797632613,0.00603551397740882,0.026380917873315424,0.8451426875367393,5. South South,101,17,8273590.094961686,4.768284876715518,CV < 10%
Post-Planting,Guava,32. Rivers,0.025936781208459336,0.010646967753345872,0.4104968796156302,0.005068724411901426,0.046804838005017245,1.3524178772982367,5. South South,101,17,8273590.094961686,4.768284876715518,CV < 10%
Post-Planting,Guinea corn / sorghum,32. Rivers,3.8103811537420937e-4,3.9103818684595333e-4,1.0262442812628418,0,0.0011474729615922779,0.019868416015940915,5. South South,101,17,8273590.094961686,4.768284876715518,CV < 10%
Post-Planting,Honey,32. Rivers,4.6414781871509495e-4,3.4460156990855464e-4,0.742439274760611,0,0.001139566895735862,0.02420199340442995,5. South South,101,17,8273590.094961686,4.768284876715518,CV < 10%
Post-Planting,Kola nut,32. Rivers,2.1081996989164592e-4,1.0896925791719116e-4,0.5168829972473554,0,4.243997154093406e-4,0.010992755572921536,5. South South,101,17,8273590.094961686,4.768284876715518,CV < 10%
Post-Planting,Leaves,32. Rivers,0.16227420180185376,0.014610165824077164,0.0900338172170893,0.1336382767866625,0.190910126817045,8.461440522525232,5. South South,101,17,8273590.094961686,4.768284876715518,CV < 10%
Post-Planting,Local eggs,32. Rivers,5.471707665551092e-4,4.1812728049820107e-4,0.7641623165116381,0,0.0013667002363315834,0.028531047113230696,5. South South,101,17,8273590.094961686,4.768284876715518,CV < 10%
Post-Planting,Maize - shelled/off cob,32. Rivers,0.0022744434390093485,0.0022991724285493127,1.0108725453954288,0,0.006780821398966002,0.11859597931977317,5. South South,101,17,8273590.094961686,4.768284876715518,CV < 10%
Post-Planting,Maize - unshelled/on cob,32. Rivers,0.2379010247131888,0.07548253039845432,0.3172854361995932,0.08995526513221835,0.38584678429415925,12.40483914575913,5. South South,101,17,8273590.094961686,4.768284876715518,CV < 10%
Post-Planting,Maize flour,32. Rivers,0.008375578209519622,0.004912547879165554,0.5865323869320435,0,0.018004172052684106,0.43672657806780885,5. South South,101,17,8273590.094961686,4.768284876715518,CV < 10%
Post-Planting,Malt drinks,32. Rivers,0.036811254065483905,0.017793007095870984,0.4833578085717707,0.0019369601575767725,0.07168554797339104,1.9194439619859465,5. South South,101,17,8273590.094961686,4.768284876715518,CV < 10%
Post-Planting,Mangoes,32. Rivers,0,0,NA,0,0,0,5. South South,101,17,8273590.094961686,4.768284876715518,No estimate
Post-Planting,Meat pie/Sausage roll,32. Rivers,0.004456735934362814,0.0019614063629362992,0.4400992995374145,6.123794630076679e-4,0.00830109240571796,0.2323869451489182,5. South South,101,17,8273590.094961686,4.768284876715518,CV < 10%
Post-Planting,Melon - ground,32. Rivers,0.010989997731818777,0.003362208400091749,0.3059334935399777,0.004400069267638949,0.017579926195998605,0.5730498817305506,5. South South,101,17,8273590.094961686,4.768284876715518,CV < 10%
Post-Planting,Melon - shelled,32. Rivers,0.01775948046275274,0.0022529246386603537,0.12685757578243637,0.013343748170978446,0.022175212754527034,0.9260300527006785,5. South South,101,17,8273590.094961686,4.768284876715518,CV < 10%
Post-Planting,Melon - unshelled,32. Rivers,0.01101383981955574,0.006181425732350073,0.5612416590056609,0,0.023129434254961882,0.5742930763054065,5. South South,101,17,8273590.094961686,4.768284876715518,CV < 10%
Post-Planting,Milk - tinned,32. Rivers,0.006430018930873338,0.0034646291652627483,0.5388209898772687,0,0.013220692094788324,0.3352795585383955,5. South South,101,17,8273590.094961686,4.768284876715518,CV < 10%
Post-Planting,Milk powder,32. Rivers,0.022834444155766603,0.004231068885307097,0.1852932725861244,0.014541549140564694,0.031127339170968514,1.190653159550687,5. South South,101,17,8273590.094961686,4.768284876715518,CV < 10%
Post-Planting,Millet,32. Rivers,4.003661333783064e-4,4.108734547908032e-4,1.026244281262842,0,0.0012056781047682806,0.02087623409758312,5. South South,101,17,8273590.094961686,4.768284876715518,CV < 10%
Post-Planting,Mutton,32. Rivers,0,0,NA,0,0,0,5. South South,101,17,8273590.094961686,4.768284876715518,No estimate
Post-Planting,Ogbono - ground,32. Rivers,0.0030015522743547327,0.0013268486603688434,0.44205415701250333,4.0092890003179957e-4,0.005602175648677666,0.15650951144849676,5. South South,101,17,8273590.094961686,4.768284876715518,CV < 10%
Post-Planting,Ogbono - unground,32. Rivers,0.0030093592019941433,0.0010644368568492248,0.3537088082219892,9.230629625696625e-4,0.005095655441418624,0.15691658696112318,5. South South,101,17,8273590.094961686,4.768284876715518,CV < 10%
Post-Planting,Okra - dried,32. Rivers,1.700687822411788e-4,1.6447896047155203e-4,0.9671319939146755,0,4.924475447654207e-4,0.008867872216861467,5. South South,101,17,8273590.094961686,4.768284876715518,CV < 10%
Post-Planting,Okra - fresh,32. Rivers,0.07667258259852183,0.009897915901317752,0.12909328948975005,0.05727266743193904,0.09607249776510463,3.9979275212086383,5. South South,101,17,8273590.094961686,4.768284876715518,CV < 10%
Post-Planting,Onions,32. Rivers,0.19220681148192617,0.024089668904399886,0.12533202501340654,0.1449910604293024,0.23942256253454994,10.02221231298615,5. South South,101,17,8273590.094961686,4.768284876715518,CV < 10%
Post-Planting,Orange/Tangerine,32. Rivers,0.16210190095054974,0.02789930711838502,0.1721096850486404,0.10741925899851511,0.21678454290258437,8.452456263850094,5. South South,101,17,8273590.094961686,4.768284876715518,CV < 10%
Post-Planting,Other alcoholic beverages,32. Rivers,0,0,NA,0,0,0,5. South South,101,17,8273590.094961686,4.768284876715518,No estimate
Post-Planting,Other domestic poultry,32. Rivers,0,0,NA,0,0,0,5. South South,101,17,8273590.094961686,4.768284876715518,No estimate
Post-Planting,Other eggs,32. Rivers,0,0,NA,0,0,0,5. South South,101,17,8273590.094961686,4.768284876715518,No estimate
Post-Planting,Other fish/seafood,32. Rivers,0,0,NA,0,0,0,5. South South,101,17,8273590.094961686,4.768284876715518,No estimate
Post-Planting,Other fruits,32. Rivers,0,0,NA,0,0,0,5. South South,101,17,8273590.094961686,4.768284876715518,No estimate
Post-Planting,Other grains/flour,32. Rivers,0.01381656188469927,0.009379512387860889,0.678860085897921,0,0.03220040616490662,0.7204350125593191,5. South South,101,17,8273590.094961686,4.768284876715518,CV < 10%
Post-Planting,Other meat,32. Rivers,0,0,NA,0,0,0,5. South South,101,17,8273590.094961686,4.768284876715518,No estimate
Post-Planting,Other milk products,32. Rivers,0,0,NA,0,0,0,5. South South,101,17,8273590.094961686,4.768284876715518,No estimate
Post-Planting,Other non-alcoholic drinks,32. Rivers,0,0,NA,0,0,0,5. South South,101,17,8273590.094961686,4.768284876715518,No estimate
Post-Planting,Other nuts/seeds/pulses,32. Rivers,0,0,NA,0,0,0,5. South South,101,17,8273590.094961686,4.768284876715518,No estimate
Post-Planting,Other oil/fat,32. Rivers,0,0,NA,0,0,0,5. South South,101,17,8273590.094961686,4.768284876715518,No estimate
Post-Planting,Other roots/tubers,32. Rivers,0,0,NA,0,0,0,5. South South,101,17,8273590.094961686,4.768284876715518,No estimate
Post-Planting,Other spices,32. Rivers,6.464200094135085e-4,3.140790978396387e-4,0.4858746531138479,3.0824977647816586e-5,0.0012620150411792003,0.033706186205132944,5. South South,101,17,8273590.094961686,4.768284876715518,CV < 10%
Post-Planting,Other sweets,32. Rivers,0,0,NA,0,0,0,5. South South,101,17,8273590.094961686,4.768284876715518,No estimate
Post-Planting,Other vegetables,32. Rivers,0.0032701353984015444,0.002438788602593967,0.7457760323276085,0,0.008050161059485719,0.17051420291665195,5. South South,101,17,8273590.094961686,4.768284876715518,CV < 10%
Post-Planting,Palm oil,32. Rivers,0.1559690969320424,0.017135096184649794,0.10986212346998304,0.12238430841012879,0.189553885453956,8.132674340027924,5. South South,101,17,8273590.094961686,4.768284876715518,CV < 10%
Post-Planting,Palm wine,32. Rivers,0.018049487178065066,0.013865893349021042,0.7682153632526355,0,0.04522663814214631,0.9411518314276784,5. South South,101,17,8273590.094961686,4.768284876715518,CV < 10%
Post-Planting,Pawpaw,32. Rivers,0.2899441923023288,0.03897253354295773,0.1344139133586112,0.21355802655813166,0.366330358046526,15.118518598621431,5. South South,101,17,8273590.094961686,4.768284876715518,CV < 10%
Post-Planting,Pineapples,32. Rivers,0.056786951269723156,0.02859981078060398,0.5036334957438086,7.313221397393516e-4,0.11284258039970696,2.9610338876355646,5. South South,101,17,8273590.094961686,4.768284876715518,CV < 10%
Post-Planting,Pito,32. Rivers,0,0,NA,0,0,0,5. South South,101,17,8273590.094961686,4.768284876715518,No estimate
Post-Planting,Plantains,32. Rivers,0.47456098442300726,0.10115764796775009,0.2131604815569534,0.2762919944062171,0.6728299744397974,24.74496561634252,5. South South,101,17,8273590.094961686,4.768284876715518,CV < 10%
Post-Planting,Pork,32. Rivers,2.187002796270045e-4,2.1151203750536206e-4,0.9671319939146761,0,6.332638731375141e-4,0.011403657437693806,5. South South,101,17,8273590.094961686,4.768284876715518,CV < 10%
Post-Planting,Potatoes,32. Rivers,0.017178493750181316,0.012970176974140811,0.7550241111217282,0,0.042600040619497306,0.8957357455451687,5. South South,101,17,8273590.094961686,4.768284876715518,CV < 10%
Post-Planting,Rice - imported,32. Rivers,0.030751402949514058,0.014067774727265128,0.4574677373374092,0.0031785644840744073,0.05832424141495371,1.6034660109389471,5. South South,101,17,8273590.094961686,4.768284876715518,CV < 10%
Post-Planting,Rice - local,32. Rivers,0.6279159909282985,0.04872571437867131,0.07759909778159366,0.5324135907461027,0.7234183911104943,32.74133381268985,5. South South,101,17,8273590.094961686,4.768284876715518,CV < 10%
Post-Planting,Sachet water,32. Rivers,1.6981919972422748,0.3463661349538839,0.2039617048698582,1.0193143727326623,2.377069621751887,88.54858271334719,5. South South,101,17,8273590.094961686,4.768284876715518,CV < 10%
Post-Planting,Salt,32. Rivers,0.028899418010058908,0.0026635936625580316,0.09216772675598259,0.023678774431445167,0.03412006158867265,1.5068982248102145,5. South South,101,17,8273590.094961686,4.768284876715518,CV < 10%
Post-Planting,Seafood,32. Rivers,0.019904752028489854,0.006934552295217814,0.34838677142485,0.0063130295298629395,0.033496474527116765,1.0378906414855424,5. South South,101,17,8273590.094961686,4.768284876715518,CV < 10%
Post-Planting,Shea butter,32. Rivers,0,0,NA,0,0,0,5. South South,101,17,8273590.094961686,4.768284876715518,No estimate
Post-Planting,Snails,32. Rivers,6.398751574310139e-4,5.513282437351855e-4,0.8616184537444325,0,0.0017204785151519776,0.03336491892318858,5. South South,101,17,8273590.094961686,4.768284876715518,CV < 10%
Post-Planting,Soft drinks,32. Rivers,0.09261133018683344,0.012759404113351924,0.1377736837124701,0.06760289812466368,0.11761976224900321,4.829019359742029,5. South South,101,17,8273590.094961686,4.768284876715518,CV < 10%
Post-Planting,Soya beans,32. Rivers,0.0027214993820497,0.0027594571299186287,1.0139473659701295,0,0.008130035356690213,0.1419067534925915,5. South South,101,17,8273590.094961686,4.768284876715518,CV < 10%
Post-Planting,Sugar,32. Rivers,0.016514728868498255,0.001408807563912856,0.08530612734430948,0.013753466043229058,0.019275991693767452,0.8611251481431232,5. South South,101,17,8273590.094961686,4.768284876715518,CV < 10%
Post-Planting,Sweet potatoes,32. Rivers,0.15460724695012787,0.043390889265597476,0.2806523634664694,0.06956110398955681,0.23965338991069893,8.061663590970953,5. South South,101,17,8273590.094961686,4.768284876715518,CV < 10%
Post-Planting,Tea,32. Rivers,8.38410883044293e-4,4.4607631667716106e-4,0.5320497690314392,0,0.0017127204637315287,0.04371713890159528,5. South South,101,17,8273590.094961686,4.768284876715518,CV < 10%
Post-Planting,Tomato puree - canned,32. Rivers,0.04135611237753591,0.005204330610128928,0.12584187223932225,0.031155624381683213,0.05155660037338861,2.1564258596858012,5. South South,101,17,8273590.094961686,4.768284876715518,CV < 10%
Post-Planting,Tomatoes,32. Rivers,0.09114587309025717,0.025409980535173786,0.27878366484033307,0.04134231124131654,0.1409494349391978,4.7526062397062665,5. South South,101,17,8273590.094961686,4.768284876715518,CV < 10%
Post-Planting,Watermelon,32. Rivers,0.1245401020130628,0.03451232142346864,0.27711813998553414,0.05689595202306427,0.19218425200306133,6.493876747823989,5. South South,101,17,8273590.094961686,4.768284876715518,CV < 10%
Post-Planting,Wheat flour,32. Rivers,0.004871276081083251,0.004042852925559216,0.8299371372644897,0,0.012795267815179312,0.25400225279934097,5. South South,101,17,8273590.094961686,4.768284876715518,CV < 10%
Post-Planting,White beans,32. Rivers,0.42371348866173514,0.036166028693943295,0.0853549147282773,0.3528280724216063,0.494598904901864,22.093631908790478,5. South South,101,17,8273590.094961686,4.768284876715518,CV < 10%
Post-Planting,Wild game/Bush meat,32. Rivers,0,0,NA,0,0,0,5. South South,101,17,8273590.094961686,4.768284876715518,No estimate
Post-Planting,Yam flour,32. Rivers,0,0,NA,0,0,0,5. South South,101,17,8273590.094961686,4.768284876715518,No estimate
Post-Planting,Yam roots,32. Rivers,0.5799290035450368,0.07998035583341588,0.13791404696869014,0.42316750611154175,0.736690500978532,30.23915518484835,5. South South,101,17,8273590.094961686,4.768284876715518,CV < 10%
Post-Planting,Agricultural eggs,33. Sokoto,0,0,NA,0,0,0,3. North West,59,6,6955038.331171064,8.064544468413905,No estimate
Post-Planting,Animal fat,33. Sokoto,0.004731394472694881,0.00416179859305409,0.8796135298107232,0,0.012888519715080897,0.2467084260762331,3. North West,59,6,6955038.331171064,8.064544468413905,CV < 10%
Post-Planting,Apples,33. Sokoto,0,0,NA,0,0,0,3. North West,59,6,6955038.331171064,8.064544468413905,No estimate
Post-Planting,Avocado pear,33. Sokoto,0,0,NA,0,0,0,3. North West,59,6,6955038.331171064,8.064544468413905,No estimate
Post-Planting,Baby milk powder,33. Sokoto,0,0,NA,0,0,0,3. North West,59,6,6955038.331171064,8.064544468413905,No estimate
Post-Planting,Bananas,33. Sokoto,0.0029083912980698897,0.0028556175660170483,0.9818546658120371,0,0.008505401727463304,0.1516518319707871,3. North West,59,6,6955038.331171064,8.064544468413905,CV < 10%
Post-Planting,Beef,33. Sokoto,0.0824389670456661,0.022297128009807096,0.2704683089667519,0.03873659614644419,0.12614133794488802,4.2986032816668756,3. North West,59,6,6955038.331171064,8.064544468413905,CV < 10%
Post-Planting,Beer,33. Sokoto,0,0,NA,0,0,0,3. North West,59,6,6955038.331171064,8.064544468413905,No estimate
Post-Planting,Biscuits,33. Sokoto,9.876616450301232e-4,6.456624168290297e-4,0.6537283492560221,0,0.0022531599820150216,0.05149950006228499,3. North West,59,6,6955038.331171064,8.064544468413905,CV < 10%
Post-Planting,Bottled water,33. Sokoto,0.0026734262137672817,0.0022450812030023405,0.8397767596655173,0,0.00707378537165187,0.13940008114643682,3. North West,59,6,6955038.331171064,8.064544468413905,CV < 10%
Post-Planting,Bread,33. Sokoto,0.032236098613455014,0.008865549241025896,0.2750192989335722,0.01485962210104426,0.04961257512586577,1.68088228484444,3. North West,59,6,6955038.331171064,8.064544468413905,CV < 10%
Post-Planting,Brown beans,33. Sokoto,0,0,NA,0,0,0,3. North West,59,6,6955038.331171064,8.064544468413905,No estimate
Post-Planting,Buns/Pofpof/Donuts,33. Sokoto,0.0028489939030907257,0.0016210662573867007,0.5689960429989303,0,0.006026283767568659,0.14855468208973072,3. North West,59,6,6955038.331171064,8.064544468413905,CV < 10%
Post-Planting,Butter/Margarine,33. Sokoto,0,0,NA,0,0,0,3. North West,59,6,6955038.331171064,8.064544468413905,No estimate
Post-Planting,Cake,33. Sokoto,0,0,NA,0,0,0,3. North West,59,6,6955038.331171064,8.064544468413905,No estimate
Post-Planting,Canned fish/seafood,33. Sokoto,0,0,NA,0,0,0,3. North West,59,6,6955038.331171064,8.064544468413905,No estimate
Post-Planting,Cashew nut,33. Sokoto,0,0,NA,0,0,0,3. North West,59,6,6955038.331171064,8.064544468413905,No estimate
Post-Planting,Cassava flour,33. Sokoto,0.011230324503766487,0.009896868507642022,0.8812629149160166,0,0.030628186778744848,0.585581206267824,3. North West,59,6,6955038.331171064,8.064544468413905,CV < 10%
Post-Planting,Cassava roots,33. Sokoto,1.584107051917811,0.38514840201458317,0.24313281198281414,0.8292161839692281,2.338997919866394,82.59986770714302,3. North West,59,6,6955038.331171064,8.064544468413905,CV < 10%
Post-Planting,Cheese/wara,33. Sokoto,0.25136260140665656,0.07182088798167732,0.2857262280854775,0.11059366096256901,0.3921315418507441,13.106764216204235,3. North West,59,6,6955038.331171064,8.064544468413905,CV < 10%
Post-Planting,Chicken,33. Sokoto,0.05965931255125969,0.04606852251754423,0.7721933181506548,0,0.14995361668564638,3.110807011601398,3. North West,59,6,6955038.331171064,8.064544468413905,CV < 10%
Post-Planting,Chocolate drinks,33. Sokoto,1.430705321487812e-4,1.2014730789152471e-4,0.8397767596655173,0,3.785592556161696e-4,0.007460106319186448,3. North West,59,6,6955038.331171064,8.064544468413905,CV < 10%
Post-Planting,Coconut,33. Sokoto,0,0,NA,0,0,0,3. North West,59,6,6955038.331171064,8.064544468413905,No estimate
Post-Planting,Cocoyam,33. Sokoto,0.005384771915800773,0.00499119844810877,0.9269099093060705,0,0.01516752087409396,0.2807773927524689,3. North West,59,6,6955038.331171064,8.064544468413905,CV < 10%
Post-Planting,Coffee,33. Sokoto,0,0,NA,0,0,0,3. North West,59,6,6955038.331171064,8.064544468413905,No estimate
Post-Planting,Dry pepper,33. Sokoto,0.016514872935567866,0.002782796752812594,0.16850246221509346,0.011060591300055182,0.02196915457108055,0.861132660211753,3. North West,59,6,6955038.331171064,8.064544468413905,CV < 10%
Post-Planting,Duck,33. Sokoto,0,0,NA,0,0,0,3. North West,59,6,6955038.331171064,8.064544468413905,No estimate
Post-Planting,Fish - dried,33. Sokoto,0.007808645618237868,0.004935017849104016,0.6319940858345257,0,0.01748128060248174,0.4071650929509745,3. North West,59,6,6955038.331171064,8.064544468413905,CV < 10%
Post-Planting,Fish - fresh,33. Sokoto,0.004099800612488072,0.0028839341475279737,0.7034327812780589,0,0.0097523115416429,0.21377531765116378,3. North West,59,6,6955038.331171064,8.064544468413905,CV < 10%
Post-Planting,Fish - frozen,33. Sokoto,0,0,NA,0,0,0,3. North West,59,6,6955038.331171064,8.064544468413905,No estimate
Post-Planting,Fish - smoked,33. Sokoto,0,0,NA,0,0,0,3. North West,59,6,6955038.331171064,8.064544468413905,No estimate
Post-Planting,Fresh milk,33. Sokoto,0.12834682600115083,0.04686300272595768,0.36512786631386956,0.036495340658273784,0.22019831134402787,6.69237021291715,3. North West,59,6,6955038.331171064,8.064544468413905,CV < 10%
Post-Planting,Fresh pepper,33. Sokoto,7.322428830118579e-4,5.377452544982626e-4,0.7343809915726479,0,0.0017862235818284526,0.038181236042761156,3. North West,59,6,6955038.331171064,8.064544468413905,CV < 10%
Post-Planting,Fruit juice,33. Sokoto,0,0,NA,0,0,0,3. North West,59,6,6955038.331171064,8.064544468413905,No estimate
Post-Planting,Garden eggs/Eggplant,33. Sokoto,0.007193482454881176,0.005886414879811112,0.8182983578165056,0,0.018730855619310958,0.3750887280045185,3. North West,59,6,6955038.331171064,8.064544468413905,CV < 10%
Post-Planting,Gari - white,33. Sokoto,0.10306504104922802,0.02406639223762225,0.2335068418216335,0.05589491226348841,0.15023516983496762,5.3741057118526045,3. North West,59,6,6955038.331171064,8.064544468413905,CV < 10%
Post-Planting,Gari - yellow,33. Sokoto,0,0,NA,0,0,0,3. North West,59,6,6955038.331171064,8.064544468413905,No estimate
Post-Planting,Gin,33. Sokoto,0,0,NA,0,0,0,3. North West,59,6,6955038.331171064,8.064544468413905,No estimate
Post-Planting,Goat,33. Sokoto,0.017811467755736863,0.015168959446511001,0.8516400587832106,0,0.047542628270898425,0.9287408186919935,3. North West,59,6,6955038.331171064,8.064544468413905,CV < 10%
Post-Planting,Ground pepper,33. Sokoto,0,0,NA,0,0,0,3. North West,59,6,6955038.331171064,8.064544468413905,No estimate
Post-Planting,Groundnut oil,33. Sokoto,0.04675463451344634,0.006026016195573034,0.12888596517292825,0.03494364277012319,0.05856562625676948,2.43792022820113,3. North West,59,6,6955038.331171064,8.064544468413905,CV < 10%
Post-Planting,Groundnuts - shelled,33. Sokoto,0.009427828557217731,0.003928175642032863,0.4166575174964909,0.001728604298833319,0.017127052815602145,0.4915939176263531,3. North West,59,6,6955038.331171064,8.064544468413905,CV < 10%
Post-Planting,Groundnuts - unshelled,33. Sokoto,0.0049037178960170385,0.0025820542298660193,0.5265503205156334,0,0.009964544186554437,0.2556938617208884,3. North West,59,6,6955038.331171064,8.064544468413905,CV < 10%
Post-Planting,Guava,33. Sokoto,0,0,NA,0,0,0,3. North West,59,6,6955038.331171064,8.064544468413905,No estimate
Post-Planting,Guinea corn / sorghum,33. Sokoto,0.8932350805193229,0.11345985395168857,0.12702126956962273,0.6708537667740133,1.1156163942646324,46.57582919850755,3. North West,59,6,6955038.331171064,8.064544468413905,CV < 10%
Post-Planting,Honey,33. Sokoto,0,0,NA,0,0,0,3. North West,59,6,6955038.331171064,8.064544468413905,No estimate
Post-Planting,Kola nut,33. Sokoto,0.009712913594482573,0.002019570567138731,0.2079263392486009,0.00575455528289066,0.013671271906074485,0.5064590659980198,3. North West,59,6,6955038.331171064,8.064544468413905,CV < 10%
Post-Planting,Leaves,33. Sokoto,0.007241378414505416,0.004702030773606818,0.6493281395415054,0,0.01645735873077478,0.37758616018492525,3. North West,59,6,6955038.331171064,8.064544468413905,CV < 10%
Post-Planting,Local eggs,33. Sokoto,0.00642968798217062,0.003513297005479099,0.546417962305697,0,0.013315750112909653,0.33526230192746803,3. North West,59,6,6955038.331171064,8.064544468413905,CV < 10%
Post-Planting,Maize - shelled/off cob,33. Sokoto,0.25486470513123666,0.12174574194691361,0.4776877280211219,0.016243050915285995,0.4934863593471873,13.289373910414483,3. North West,59,6,6955038.331171064,8.064544468413905,CV < 10%
Post-Planting,Maize - unshelled/on cob,33. Sokoto,0,0,NA,0,0,0,3. North West,59,6,6955038.331171064,8.064544468413905,No estimate
Post-Planting,Maize flour,33. Sokoto,0.3378536959455478,0.1299050858270857,0.3845010055714253,0.08323972772445981,0.5924676641666358,17.616657002874994,3. North West,59,6,6955038.331171064,8.064544468413905,CV < 10%
Post-Planting,Malt drinks,33. Sokoto,0,0,NA,0,0,0,3. North West,59,6,6955038.331171064,8.064544468413905,No estimate
Post-Planting,Mangoes,33. Sokoto,0,0,NA,0,0,0,3. North West,59,6,6955038.331171064,8.064544468413905,No estimate
Post-Planting,Meat pie/Sausage roll,33. Sokoto,0,0,NA,0,0,0,3. North West,59,6,6955038.331171064,8.064544468413905,No estimate
Post-Planting,Melon - ground,33. Sokoto,0,0,NA,0,0,0,3. North West,59,6,6955038.331171064,8.064544468413905,No estimate
Post-Planting,Melon - shelled,33. Sokoto,0,0,NA,0,0,0,3. North West,59,6,6955038.331171064,8.064544468413905,No estimate
Post-Planting,Melon - unshelled,33. Sokoto,0,0,NA,0,0,0,3. North West,59,6,6955038.331171064,8.064544468413905,No estimate
Post-Planting,Milk - tinned,33. Sokoto,2.643367650579897e-4,2.4501636692616136e-4,0.9269099093060706,0,7.445688442332659e-4,0.01378327417802375,3. North West,59,6,6955038.331171064,8.064544468413905,CV < 10%
Post-Planting,Milk powder,33. Sokoto,8.469150098047002e-4,6.133053713691377e-4,0.7241640120542517,0,0.0020489935376882097,0.044160568368387935,3. North West,59,6,6955038.331171064,8.064544468413905,CV < 10%
Post-Planting,Millet,33. Sokoto,1.5739004307691296,0.13224973390499764,0.08402674738475685,1.3146909523153343,1.8331099092229248,82.06766531867605,3. North West,59,6,6955038.331171064,8.064544468413905,CV < 10%
Post-Planting,Mutton,33. Sokoto,0,0,NA,0,0,0,3. North West,59,6,6955038.331171064,8.064544468413905,No estimate
Post-Planting,Ogbono - ground,33. Sokoto,0,0,NA,0,0,0,3. North West,59,6,6955038.331171064,8.064544468413905,No estimate
Post-Planting,Ogbono - unground,33. Sokoto,0,0,NA,0,0,0,3. North West,59,6,6955038.331171064,8.064544468413905,No estimate
Post-Planting,Okra - dried,33. Sokoto,0.0064607803053057565,0.0026704448659761655,0.41333163175090915,0.0012267083679924724,0.011694852242619042,0.336883544490943,3. North West,59,6,6955038.331171064,8.064544468413905,CV < 10%
Post-Planting,Okra - fresh,33. Sokoto,0.034659162670517905,0.013009904808855376,0.3753669681097628,0.009159749245161369,0.06015857609587444,1.8072277678198623,3. North West,59,6,6955038.331171064,8.064544468413905,CV < 10%
Post-Planting,Onions,33. Sokoto,0.14290917356421468,0.029471534930874475,0.20622563405722702,0.08514496509970071,0.20067338202872864,7.451692621562622,3. North West,59,6,6955038.331171064,8.064544468413905,CV < 10%
Post-Planting,Orange/Tangerine,33. Sokoto,0.09199306162876773,0.03078899854980082,0.3346882689267143,0.031646624471158125,0.15233949878637734,4.796781070642889,3. North West,59,6,6955038.331171064,8.064544468413905,CV < 10%
Post-Planting,Other alcoholic beverages,33. Sokoto,0,0,NA,0,0,0,3. North West,59,6,6955038.331171064,8.064544468413905,No estimate
Post-Planting,Other domestic poultry,33. Sokoto,0,0,NA,0,0,0,3. North West,59,6,6955038.331171064,8.064544468413905,No estimate
Post-Planting,Other eggs,33. Sokoto,0,0,NA,0,0,0,3. North West,59,6,6955038.331171064,8.064544468413905,No estimate
Post-Planting,Other fish/seafood,33. Sokoto,0,0,NA,0,0,0,3. North West,59,6,6955038.331171064,8.064544468413905,No estimate
Post-Planting,Other fruits,33. Sokoto,0,0,NA,0,0,0,3. North West,59,6,6955038.331171064,8.064544468413905,No estimate
Post-Planting,Other grains/flour,33. Sokoto,0,0,NA,0,0,0,3. North West,59,6,6955038.331171064,8.064544468413905,No estimate
Post-Planting,Other meat,33. Sokoto,0,0,NA,0,0,0,3. North West,59,6,6955038.331171064,8.064544468413905,No estimate
Post-Planting,Other milk products,33. Sokoto,0,0,NA,0,0,0,3. North West,59,6,6955038.331171064,8.064544468413905,No estimate
Post-Planting,Other non-alcoholic drinks,33. Sokoto,0,0,NA,0,0,0,3. North West,59,6,6955038.331171064,8.064544468413905,No estimate
Post-Planting,Other nuts/seeds/pulses,33. Sokoto,0,0,NA,0,0,0,3. North West,59,6,6955038.331171064,8.064544468413905,No estimate
Post-Planting,Other oil/fat,33. Sokoto,0,0,NA,0,0,0,3. North West,59,6,6955038.331171064,8.064544468413905,No estimate
Post-Planting,Other roots/tubers,33. Sokoto,0,0,NA,0,0,0,3. North West,59,6,6955038.331171064,8.064544468413905,No estimate
Post-Planting,Other spices,33. Sokoto,0.02242812093026766,0.002752303067354606,0.12271661437495912,0.017033606918252633,0.027822634942282688,1.1694663056496708,3. North West,59,6,6955038.331171064,8.064544468413905,CV < 10%
Post-Planting,Other sweets,33. Sokoto,0,0,NA,0,0,0,3. North West,59,6,6955038.331171064,8.064544468413905,No estimate
Post-Planting,Other vegetables,33. Sokoto,0,0,NA,0,0,0,3. North West,59,6,6955038.331171064,8.064544468413905,No estimate
Post-Planting,Palm oil,33. Sokoto,0.07741705184216696,0.02124561998410789,0.2744307549636756,0.0357756366733155,0.11905846701101842,4.036746274627277,3. North West,59,6,6955038.331171064,8.064544468413905,CV < 10%
Post-Planting,Palm wine,33. Sokoto,0,0,NA,0,0,0,3. North West,59,6,6955038.331171064,8.064544468413905,No estimate
Post-Planting,Pawpaw,33. Sokoto,0,0,NA,0,0,0,3. North West,59,6,6955038.331171064,8.064544468413905,No estimate
Post-Planting,Pineapples,33. Sokoto,0,0,NA,0,0,0,3. North West,59,6,6955038.331171064,8.064544468413905,No estimate
Post-Planting,Pito,33. Sokoto,0,0,NA,0,0,0,3. North West,59,6,6955038.331171064,8.064544468413905,No estimate
Post-Planting,Plantains,33. Sokoto,0,0,NA,0,0,0,3. North West,59,6,6955038.331171064,8.064544468413905,No estimate
Post-Planting,Pork,33. Sokoto,0,0,NA,0,0,0,3. North West,59,6,6955038.331171064,8.064544468413905,No estimate
Post-Planting,Potatoes,33. Sokoto,0,0,NA,0,0,0,3. North West,59,6,6955038.331171064,8.064544468413905,No estimate
Post-Planting,Rice - imported,33. Sokoto,0.010189675277790472,0.005257163294883233,0.5159304051957184,0,0.02049371533576161,0.5313187823419318,3. North West,59,6,6955038.331171064,8.064544468413905,CV < 10%
Post-Planting,Rice - local,33. Sokoto,0.6310153189894793,0.3007951203955824,0.4766843392602288,0.041456883014137746,1.2205737549648208,32.90294163302285,3. North West,59,6,6955038.331171064,8.064544468413905,CV < 10%
Post-Planting,Sachet water,33. Sokoto,0.18465719407819728,0.12039563440185816,0.6519953636405517,0,0.42063263750583924,9.628553691220286,3. North West,59,6,6955038.331171064,8.064544468413905,CV < 10%
Post-Planting,Salt,33. Sokoto,0.058146418340414265,0.012690368210997859,0.21824849359943305,0.03327329664685846,0.08301954003397007,3.03192038489303,3. North West,59,6,6955038.331171064,8.064544468413905,CV < 10%
Post-Planting,Seafood,33. Sokoto,0,0,NA,0,0,0,3. North West,59,6,6955038.331171064,8.064544468413905,No estimate
Post-Planting,Shea butter,33. Sokoto,0,0,NA,0,0,0,3. North West,59,6,6955038.331171064,8.064544468413905,No estimate
Post-Planting,Snails,33. Sokoto,0,0,NA,0,0,0,3. North West,59,6,6955038.331171064,8.064544468413905,No estimate
Post-Planting,Soft drinks,33. Sokoto,0.0065266807625891515,0.005480954822178386,0.8397767596655175,0,0.017269352214058786,0.34031978262072,3. North West,59,6,6955038.331171064,8.064544468413905,CV < 10%
Post-Planting,Soya beans,33. Sokoto,0.12483028920545762,0.10089875889264785,0.8082874720139359,0,0.3225918566350474,6.509007937141718,3. North West,59,6,6955038.331171064,8.064544468413905,CV < 10%
Post-Planting,Sugar,33. Sokoto,0.05055093946175844,0.009328522596307233,0.18453707677112943,0.03226703517299626,0.06883484375052062,2.63587041479169,3. North West,59,6,6955038.331171064,8.064544468413905,CV < 10%
Post-Planting,Sweet potatoes,33. Sokoto,0.04624231414313678,0.022650692446678465,0.4898261011887583,0.0018469569476469924,0.09063767133862657,2.4112063803207033,3. North West,59,6,6955038.331171064,8.064544468413905,CV < 10%
Post-Planting,Tea,33. Sokoto,0,0,NA,0,0,0,3. North West,59,6,6955038.331171064,8.064544468413905,No estimate
Post-Planting,Tomato puree - canned,33. Sokoto,0,0,NA,0,0,0,3. North West,59,6,6955038.331171064,8.064544468413905,No estimate
Post-Planting,Tomatoes,33. Sokoto,0.05270035978568804,0.026530745080427222,0.5034262610031031,7.000994280506809e-4,0.1047006201433254,2.7479473316823047,3. North West,59,6,6955038.331171064,8.064544468413905,CV < 10%
Post-Planting,Watermelon,33. Sokoto,0.07057683382044176,0.028867312349833158,0.40901965683634955,0.01399690161476877,0.12715676602611475,3.6800777634944635,3. North West,59,6,6955038.331171064,8.064544468413905,CV < 10%
Post-Planting,Wheat flour,33. Sokoto,0,0,NA,0,0,0,3. North West,59,6,6955038.331171064,8.064544468413905,No estimate
Post-Planting,White beans,33. Sokoto,0.16267413067330777,0.07434318763079717,0.45700682292317113,0.016961482916945325,0.3083867784296702,8.482293956536763,3. North West,59,6,6955038.331171064,8.064544468413905,CV < 10%
Post-Planting,Wild game/Bush meat,33. Sokoto,0,0,NA,0,0,0,3. North West,59,6,6955038.331171064,8.064544468413905,No estimate
Post-Planting,Yam flour,33. Sokoto,0,0,NA,0,0,0,3. North West,59,6,6955038.331171064,8.064544468413905,No estimate
Post-Planting,Yam roots,33. Sokoto,0,0,NA,0,0,0,3. North West,59,6,6955038.331171064,8.064544468413905,No estimate
Post-Planting,Agricultural eggs,34. Taraba,0.005046508815066491,0.0017630268724830656,0.34935575010183284,0.0015909761449996824,0.0085020414851333,0.2631393882141813,2. North East,107,13,3994867.4496678193,7.229579704096059,CV < 10%
Post-Planting,Animal fat,34. Taraba,0,0,NA,0,0,0,2. North East,107,13,3994867.4496678193,7.229579704096059,No estimate
Post-Planting,Apples,34. Taraba,0,0,NA,0,0,0,2. North East,107,13,3994867.4496678193,7.229579704096059,No estimate
Post-Planting,Avocado pear,34. Taraba,0.011645311098096073,0.009496215920151423,0.8154540346890335,0,0.030257894301592862,0.60721979297215245,2. North East,107,13,3994867.4496678193,7.229579704096059,CV < 10%
Post-Planting,Baby milk powder,34. Taraba,0,0,NA,0,0,0,2. North East,107,13,3994867.4496678193,7.229579704096059,No estimate
Post-Planting,Bananas,34. Taraba,0.0478192386440433,0.02385633806162364,0.4988857777348857,0.0010608160432609634,0.09457766124482564,2.4934317292965433,2. North East,107,13,3994867.4496678193,7.229579704096059,CV < 10%
Post-Planting,Beef,34. Taraba,0.08416453136190256,0.04504079720062945,0.5351517613394252,0,0.17244449387513627,4.388579135299205,2. North East,107,13,3994867.4496678193,7.229579704096059,CV < 10%
Post-Planting,Beer,34. Taraba,0.2434663219270697,0.1417005244931691,0.5820128359914004,0,0.5211993499336811,12.695029643340064,2. North East,107,13,3994867.4496678193,7.229579704096059,CV < 10%
Post-Planting,Biscuits,34. Taraba,0.004044559130545959,8.707506642169514e-4,0.215289389056209,0.0023378878286807346,0.005751230432411184,0.21089486894989642,2. North East,107,13,3994867.4496678193,7.229579704096059,CV < 10%
Post-Planting,Bottled water,34. Taraba,0,0,NA,0,0,0,2. North East,107,13,3994867.4496678193,7.229579704096059,No estimate
Post-Planting,Bread,34. Taraba,0.11721529509087054,0.0395996671477062,0.33783702986036734,0.0395999474813664,0.1948306427003747,6.111940386881107,2. North East,107,13,3994867.4496678193,7.229579704096059,CV < 10%
Post-Planting,Brown beans,34. Taraba,0.10077717162393748,0.07063388509755775,0.7008917194177353,0,0.23921958641515068,5.254809663248168,2. North East,107,13,3994867.4496678193,7.229579704096059,CV < 10%
Post-Planting,Buns/Pofpof/Donuts,34. Taraba,0.0014980507957383189,6.943081797658292e-4,0.463474390682218,1.372067633972937e-4,0.002858894828079344,0.07811264863492663,2. North East,107,13,3994867.4496678193,7.229579704096059,CV < 10%
Post-Planting,Butter/Margarine,34. Taraba,0,0,NA,0,0,0,2. North East,107,13,3994867.4496678193,7.229579704096059,No estimate
Post-Planting,Cake,34. Taraba,0.004907682663664298,0.0023325153501852487,0.47527835641347016,3.359525773012108e-4,0.009479412750027385,0.2559005960339241,2. North East,107,13,3994867.4496678193,7.229579704096059,CV < 10%
Post-Planting,Canned fish/seafood,34. Taraba,0,0,NA,0,0,0,2. North East,107,13,3994867.4496678193,7.229579704096059,No estimate
Post-Planting,Cashew nut,34. Taraba,0,0,NA,0,0,0,2. North East,107,13,3994867.4496678193,7.229579704096059,No estimate
Post-Planting,Cassava flour,34. Taraba,0.17555503233297737,0.030053477631426174,0.17119120558403234,0.11665021617538207,0.23445984849057266,9.153940971648106,2. North East,107,13,3994867.4496678193,7.229579704096059,CV < 10%
Post-Planting,Cassava roots,34. Taraba,4.4192502900369215,1.0547755953664617,0.23867749643970707,2.3518901231186566,6.486610456955186,230.43233655192518,2. North East,107,13,3994867.4496678193,7.229579704096059,CV < 10%
Post-Planting,Cheese/wara,34. Taraba,2.0452236150918555e-4,2.0258235625894715e-4,0.9905144589768916,0,6.01583779776722e-4,0.010664380278693247,2. North East,107,13,3994867.4496678193,7.229579704096059,CV < 10%
Post-Planting,Chicken,34. Taraba,0.02749753607717597,0.009340661068142566,0.3396908378236725,0.009189840383616539,0.0458052317707354,1.433800095452747,2. North East,107,13,3994867.4496678193,7.229579704096059,CV < 10%
Post-Planting,Chocolate drinks,34. Taraba,0,0,NA,0,0,0,2. North East,107,13,3994867.4496678193,7.229579704096059,No estimate
Post-Planting,Coconut,34. Taraba,0.0021660835694445463,0.0019027033403706802,0.8784071709932201,0,0.005895382116571079,0.11294578612103705,2. North East,107,13,3994867.4496678193,7.229579704096059,CV < 10%
Post-Planting,Cocoyam,34. Taraba,0,0,NA,0,0,0,2. North East,107,13,3994867.4496678193,7.229579704096059,No estimate
Post-Planting,Coffee,34. Taraba,0,0,NA,0,0,0,2. North East,107,13,3994867.4496678193,7.229579704096059,No estimate
Post-Planting,Dry pepper,34. Taraba,0.0010133160906812496,3.727727737950872e-4,0.3678741285401607,2.826814540428787e-4,0.0017439507273196205,0.05283719615695087,2. North East,107,13,3994867.4496678193,7.229579704096059,CV < 10%
Post-Planting,Duck,34. Taraba,0.0037494861455697253,0.0028340904759357275,0.7558610342604944,0,0.00930430347840375,0.19550892044756424,2. North East,107,13,3994867.4496678193,7.229579704096059,CV < 10%
Post-Planting,Fish - dried,34. Taraba,0.012537008426130175,0.004696964362282549,0.3746479385379476,0.0033309582760563793,0.02174305857620397,0.653715439362502,2. North East,107,13,3994867.4496678193,7.229579704096059,CV < 10%
Post-Planting,Fish - fresh,34. Taraba,0.036120754602520094,0.017655418500382023,0.48878875025357943,0.0015161343417713288,0.07072537486326885,1.883439347131405,2. North East,107,13,3994867.4496678193,7.229579704096059,CV < 10%
Post-Planting,Fish - frozen,34. Taraba,0.006656989281765751,0.005470594590269136,0.8217820937843051,0,0.017379354678693257,0.3471144411206427,2. North East,107,13,3994867.4496678193,7.229579704096059,CV < 10%
Post-Planting,Fish - smoked,34. Taraba,0.025469437629775472,0.007555456866471443,0.29664796593854154,0.010660742171491445,0.0402781330880595,1.3280492478382924,2. North East,107,13,3994867.4496678193,7.229579704096059,CV < 10%
Post-Planting,Fresh milk,34. Taraba,0.021129484431198862,0.008472935498965124,0.401000579382541,0.004522530853227218,0.03773643800917051,1.1017516881982263,2. North East,107,13,3994867.4496678193,7.229579704096059,CV < 10%
Post-Planting,Fresh pepper,34. Taraba,0.06749671214544152,0.017012754229823845,0.25205308064731896,0.03415171385498678,0.10084171043589626,3.5194714190123078,2. North East,107,13,3994867.4496678193,7.229579704096059,CV < 10%
Post-Planting,Fruit juice,34. Taraba,0.001533917680640538,0.0015193676415547505,0.9905144589768914,0,0.004511878258087848,0.07998285049054234,2. North East,107,13,3994867.4496678193,7.229579704096059,CV < 10%
Post-Planting,Garden eggs/Eggplant,34. Taraba,0.015332881618958301,0.007075959234928168,0.46148919758038937,0.0014640015184990921,0.02920176171941751,0.7995002558456827,2. North East,107,13,3994867.4496678193,7.229579704096059,CV < 10%
Post-Planting,Gari - white,34. Taraba,0.023154952711524002,0.008789528792953543,0.37959605888458914,0.005927476277335059,0.040382429145712946,1.2073653913866085,2. North East,107,13,3994867.4496678193,7.229579704096059,CV < 10%
Post-Planting,Gari - yellow,34. Taraba,0.007857347802724866,0.0045461889662008195,0.578590776473486,0,0.01676787817647847,0.40970456399922517,2. North East,107,13,3994867.4496678193,7.229579704096059,CV < 10%
Post-Planting,Gin,34. Taraba,0,0,NA,0,0,0,2. North East,107,13,3994867.4496678193,7.229579704096059,No estimate
Post-Planting,Goat,34. Taraba,0.03185757989147276,0.017165451052349484,0.5388184259703958,0,0.06550186395407775,1.6611452371982225,2. North East,107,13,3994867.4496678193,7.229579704096059,CV < 10%
Post-Planting,Ground pepper,34. Taraba,0.00411726958964831,0.0014717435028081028,0.35745619050750976,0.0012326523241444286,0.007001886855152191,0.21468620003166186,2. North East,107,13,3994867.4496678193,7.229579704096059,CV < 10%
Post-Planting,Groundnut oil,34. Taraba,0.04220378419668609,0.012102789761430472,0.28677025038860854,0.01848231626428237,0.06592525212908981,2.200625890255775,2. North East,107,13,3994867.4496678193,7.229579704096059,CV < 10%
Post-Planting,Groundnuts - shelled,34. Taraba,0.05380089731760269,0.01290684874476032,0.23990025052123862,0.028503473777872462,0.07909832085733291,2.805332502989283,2. North East,107,13,3994867.4496678193,7.229579704096059,CV < 10%
Post-Planting,Groundnuts - unshelled,34. Taraba,0.14909932560803513,0.047638483034767275,0.31950837363277773,0.05572789885989127,0.242470752356179,7.774464835276118,2. North East,107,13,3994867.4496678193,7.229579704096059,CV < 10%
Post-Planting,Guava,34. Taraba,0.014805626166485997,0.010741246739327467,0.7254841246526502,0,0.035858469775567836,0.772007650109627,2. North East,107,13,3994867.4496678193,7.229579704096059,CV < 10%
Post-Planting,Guinea corn / sorghum,34. Taraba,0.20035499658538233,0.06189993661881072,0.30895129981164077,0.07903112081251332,0.3216788723582513,10.44708196480922,2. North East,107,13,3994867.4496678193,7.229579704096059,CV < 10%
Post-Planting,Honey,34. Taraba,0.0014712973691125247,0.001502499631467033,1.0212073120020118,0,0.004416196646787909,0.07671764853229593,2. North East,107,13,3994867.4496678193,7.229579704096059,CV < 10%
Post-Planting,Kola nut,34. Taraba,0.0015876219466052603,6.132218828760582e-4,0.3862518304104341,3.857070561681863e-4,0.0027895368370423343,0.08278314435870285,2. North East,107,13,3994867.4496678193,7.229579704096059,CV < 10%
Post-Planting,Leaves,34. Taraba,0.1754662752643898,0.043434649423742255,0.24753844782021853,0.09033436239385498,0.26059818813492464,9.149312924500325,2. North East,107,13,3994867.4496678193,7.229579704096059,CV < 10%
Post-Planting,Local eggs,34. Taraba,0,0,NA,0,0,0,2. North East,107,13,3994867.4496678193,7.229579704096059,No estimate
Post-Planting,Maize - shelled/off cob,34. Taraba,0.011132619976204287,0.007823686296480623,0.7027713434217253,0,0.02646704511730631,0.5804866130449379,2. North East,107,13,3994867.4496678193,7.229579704096059,CV < 10%
Post-Planting,Maize - unshelled/on cob,34. Taraba,0.3678393002874911,0.0838431594959655,0.2279342077652835,0.20350670767539875,0.5321718928995836,19.18019208641918,2. North East,107,13,3994867.4496678193,7.229579704096059,CV < 10%
Post-Planting,Maize flour,34. Taraba,0.647017777128323,0.07291994455599941,0.11270160903405473,0.5040946857985641,0.7899408684580819,33.73735552169113,2. North East,107,13,3994867.4496678193,7.229579704096059,CV < 10%
Post-Planting,Malt drinks,34. Taraba,0.008288325359471863,0.003576039975467041,0.43145506726281657,0.0012792870075564629,0.015297363711387263,0.43217696517246146,2. North East,107,13,3994867.4496678193,7.229579704096059,CV < 10%
Post-Planting,Mangoes,34. Taraba,0,0,NA,0,0,0,2. North East,107,13,3994867.4496678193,7.229579704096059,No estimate
Post-Planting,Meat pie/Sausage roll,34. Taraba,0,0,NA,0,0,0,2. North East,107,13,3994867.4496678193,7.229579704096059,No estimate
Post-Planting,Melon - ground,34. Taraba,7.000584809942144e-4,3.7471307413234e-4,0.5352596737349387,0,0.0014344961062936008,0.036503049366126895,2. North East,107,13,3994867.4496678193,7.229579704096059,CV < 10%
Post-Planting,Melon - shelled,34. Taraba,6.344066849488588e-4,4.041035284513636e-4,0.6369786732054052,0,0.0014264496007135316,0.033079777143761924,2. North East,107,13,3994867.4496678193,7.229579704096059,CV < 10%
Post-Planting,Melon - unshelled,34. Taraba,0,0,NA,0,0,0,2. North East,107,13,3994867.4496678193,7.229579704096059,No estimate
Post-Planting,Milk - tinned,34. Taraba,0,0,NA,0,0,0,2. North East,107,13,3994867.4496678193,7.229579704096059,No estimate
Post-Planting,Milk powder,34. Taraba,7.123370261994476e-4,4.6207639201078474e-4,0.6486766446440588,0,0.0016180067545405858,0.03714328779468549,2. North East,107,13,3994867.4496678193,7.229579704096059,CV < 10%
Post-Planting,Millet,34. Taraba,0.08628301688119497,0.042624904073021656,0.49401267611809224,0.002738204898072527,0.1698278288643174,4.499043023090881,2. North East,107,13,3994867.4496678193,7.229579704096059,CV < 10%
Post-Planting,Mutton,34. Taraba,0.005775039468202671,0.002632700468048039,0.4558757533249202,6.149465508285146e-4,0.010935132385576828,0.30112705798485356,2. North East,107,13,3994867.4496678193,7.229579704096059,CV < 10%
Post-Planting,Ogbono - ground,34. Taraba,0,0,NA,0,0,0,2. North East,107,13,3994867.4496678193,7.229579704096059,No estimate
Post-Planting,Ogbono - unground,34. Taraba,0,0,NA,0,0,0,2. North East,107,13,3994867.4496678193,7.229579704096059,No estimate
Post-Planting,Okra - dried,34. Taraba,0.00279763593815362,0.0011493436371599502,0.4108267346317021,5.449224093201179e-4,0.005050349466987122,0.14587673106086732,2. North East,107,13,3994867.4496678193,7.229579704096059,CV < 10%
Post-Planting,Okra - fresh,34. Taraba,0.12242100663078698,0.022882613577939075,0.18691737805221129,0.0775710840180264,0.16727092924354756,6.3833810600338925,2. North East,107,13,3994867.4496678193,7.229579704096059,CV < 10%
Post-Planting,Onions,34. Taraba,0.17628397181021518,0.030541440831048858,0.1732513768405975,0.11642274778135941,0.23614519583907095,9.191949958675506,2. North East,107,13,3994867.4496678193,7.229579704096059,CV < 10%
Post-Planting,Orange/Tangerine,34. Taraba,0.05749925101466571,0.027648394846701264,0.480847912951932,0.0033083971151312286,0.11169010491420019,2.998175231478998,2. North East,107,13,3994867.4496678193,7.229579704096059,CV < 10%
Post-Planting,Other alcoholic beverages,34. Taraba,0.0023003620632210944,0.0023800208263655225,1.0346287936225507,0,0.006965202882897518,0.11994745043938564,2. North East,107,13,3994867.4496678193,7.229579704096059,CV < 10%
Post-Planting,Other domestic poultry,34. Taraba,0,0,NA,0,0,0,2. North East,107,13,3994867.4496678193,7.229579704096059,No estimate
Post-Planting,Other eggs,34. Taraba,2.5153774559856284e-4,2.5342789396635393e-4,1.0075143726970013,0,7.482564177726165e-4,0.013115896734782206,2. North East,107,13,3994867.4496678193,7.229579704096059,CV < 10%
Post-Planting,Other fish/seafood,34. Taraba,0,0,NA,0,0,0,2. North East,107,13,3994867.4496678193,7.229579704096059,No estimate
Post-Planting,Other fruits,34. Taraba,0,0,NA,0,0,0,2. North East,107,13,3994867.4496678193,7.229579704096059,No estimate
Post-Planting,Other grains/flour,34. Taraba,0,0,NA,0,0,0,2. North East,107,13,3994867.4496678193,7.229579704096059,No estimate
Post-Planting,Other meat,34. Taraba,0,0,NA,0,0,0,2. North East,107,13,3994867.4496678193,7.229579704096059,No estimate
Post-Planting,Other milk products,34. Taraba,0,0,NA,0,0,0,2. North East,107,13,3994867.4496678193,7.229579704096059,No estimate
Post-Planting,Other non-alcoholic drinks,34. Taraba,0.0013337323809065322,0.0013718958107887347,1.0286140086486188,0,0.004022648170052452,0.06954461700441204,2. North East,107,13,3994867.4496678193,7.229579704096059,CV < 10%
Post-Planting,Other nuts/seeds/pulses,34. Taraba,0,0,NA,0,0,0,2. North East,107,13,3994867.4496678193,7.229579704096059,No estimate
Post-Planting,Other oil/fat,34. Taraba,0,0,NA,0,0,0,2. North East,107,13,3994867.4496678193,7.229579704096059,No estimate
Post-Planting,Other roots/tubers,34. Taraba,0,0,NA,0,0,0,2. North East,107,13,3994867.4496678193,7.229579704096059,No estimate
Post-Planting,Other spices,34. Taraba,0.018177693277560584,0.001618732370032601,0.08905048321124671,0.015004977832296686,0.021350408722824482,0.9478368637585162,2. North East,107,13,3994867.4496678193,7.229579704096059,CV < 10%
Post-Planting,Other sweets,34. Taraba,0,0,NA,0,0,0,2. North East,107,13,3994867.4496678193,7.229579704096059,No estimate
Post-Planting,Other vegetables,34. Taraba,0.020686628491132963,0.012252694896524141,0.59230023402683,0,0.04470191048832028,1.0786599141805044,2. North East,107,13,3994867.4496678193,7.229579704096059,CV < 10%
Post-Planting,Palm oil,34. Taraba,0.10134675021463933,0.01206515148595252,0.11904823253237115,0.07769905330217239,0.12499444712710628,5.284509118334766,2. North East,107,13,3994867.4496678193,7.229579704096059,CV < 10%
Post-Planting,Palm wine,34. Taraba,0.021271590813211172,0.021561756553751914,1.0136409986017842,0,0.06353263365856493,1.1091615209745824,2. North East,107,13,3994867.4496678193,7.229579704096059,CV < 10%
Post-Planting,Pawpaw,34. Taraba,0,0,NA,0,0,0,2. North East,107,13,3994867.4496678193,7.229579704096059,No estimate
Post-Planting,Pineapples,34. Taraba,0,0,NA,0,0,0,2. North East,107,13,3994867.4496678193,7.229579704096059,No estimate
Post-Planting,Pito,34. Taraba,0.026250597583155153,0.023423362658054805,0.8922982642149614,0,0.07216038839294257,1.3687811596930903,2. North East,107,13,3994867.4496678193,7.229579704096059,CV < 10%
Post-Planting,Plantains,34. Taraba,0.004483213858813408,0.0032624484623098478,0.7277030641525841,0,0.01087761284494071,0.23376757978098486,2. North East,107,13,3994867.4496678193,7.229579704096059,CV < 10%
Post-Planting,Pork,34. Taraba,9.620927095814676e-4,7.847774688242016e-4,0.815698384374618,0,0.002500256548476903,0.05016626271389081,2. North East,107,13,3994867.4496678193,7.229579704096059,CV < 10%
Post-Planting,Potatoes,34. Taraba,0.010813592751870868,0.006092225110548209,0.5633858469003458,0,0.02275435396854536,0.5638516220618381,2. North East,107,13,3994867.4496678193,7.229579704096059,CV < 10%
Post-Planting,Rice - imported,34. Taraba,0.014549318892338178,0.011864300792734544,0.8154540346890333,0,0.03780334844609788,0.7586430565290622,2. North East,107,13,3994867.4496678193,7.229579704096059,CV < 10%
Post-Planting,Rice - local,34. Taraba,0.3834828986033923,0.0954937849314678,0.24901706250590822,0.1963150801377154,0.5706507170690692,19.995893998605457,2. North East,107,13,3994867.4496678193,7.229579704096059,CV < 10%
Post-Planting,Sachet water,34. Taraba,0.8319213255799016,0.4648322064492042,0.558745391128406,0,1.742992450220342,43.37875483380916,2. North East,107,13,3994867.4496678193,7.229579704096059,CV < 10%
Post-Planting,Salt,34. Taraba,0.03303741210401535,0.00444002148840041,0.13439374350573824,0.024334969986750544,0.041739854221280154,1.7226650597093716,2. North East,107,13,3994867.4496678193,7.229579704096059,CV < 10%
Post-Planting,Seafood,34. Taraba,0,0,NA,0,0,0,2. North East,107,13,3994867.4496678193,7.229579704096059,No estimate
Post-Planting,Shea butter,34. Taraba,0,0,NA,0,0,0,2. North East,107,13,3994867.4496678193,7.229579704096059,No estimate
Post-Planting,Snails,34. Taraba,0,0,NA,0,0,0,2. North East,107,13,3994867.4496678193,7.229579704096059,No estimate
Post-Planting,Soft drinks,34. Taraba,0.10981532984950654,0.02503879761746182,0.2280082175391684,0.06073928651928137,0.1588913731797317,5.7260850564385555,2. North East,107,13,3994867.4496678193,7.229579704096059,CV < 10%
Post-Planting,Soya beans,34. Taraba,0.006416210717608491,0.0034983554623153456,0.5452369967704684,0,0.013272987423746569,0.3345595588467285,2. North East,107,13,3994867.4496678193,7.229579704096059,CV < 10%
Post-Planting,Sugar,34. Taraba,0.03070106744737302,0.010653761461132304,0.34701599478241946,0.009819694983553704,0.05158243991119234,1.6008413740415932,2. North East,107,13,3994867.4496678193,7.229579704096059,CV < 10%
Post-Planting,Sweet potatoes,34. Taraba,0.1852629920017749,0.039534217171037354,0.21339511331361094,0.10777592634654169,0.2627500576570081,9.6601417258068345,2. North East,107,13,3994867.4496678193,7.229579704096059,CV < 10%
Post-Planting,Tea,34. Taraba,0.007025645612103003,0.00387019870659215,0.5508673394975973,0,0.014611235077023617,0.36633723548822805,2. North East,107,13,3994867.4496678193,7.229579704096059,CV < 10%
Post-Planting,Tomato puree - canned,34. Taraba,0,0,NA,0,0,0,2. North East,107,13,3994867.4496678193,7.229579704096059,No estimate
Post-Planting,Tomatoes,34. Taraba,0.04731134535508349,0.020181797468797655,0.42657416138408694,0.007755022316240083,0.0868676683939269,2.4669487220864963,2. North East,107,13,3994867.4496678193,7.229579704096059,CV < 10%
Post-Planting,Watermelon,34. Taraba,0,0,NA,0,0,0,2. North East,107,13,3994867.4496678193,7.229579704096059,No estimate
Post-Planting,Wheat flour,34. Taraba,0,0,NA,0,0,0,2. North East,107,13,3994867.4496678193,7.229579704096059,No estimate
Post-Planting,White beans,34. Taraba,0.19572982509791798,0.03482991188548726,0.17794892458552425,0.12746319780236295,0.263996452393473,10.205912308677153,2. North East,107,13,3994867.4496678193,7.229579704096059,CV < 10%
Post-Planting,Wild game/Bush meat,34. Taraba,7.356486845562624e-4,7.512498157335165e-4,1.0212073120020118,0,0.0022080983233939543,0.038358824266147964,2. North East,107,13,3994867.4496678193,7.229579704096059,CV < 10%
Post-Planting,Yam flour,34. Taraba,0,0,NA,0,0,0,2. North East,107,13,3994867.4496678193,7.229579704096059,No estimate
Post-Planting,Yam roots,34. Taraba,0.1206426363875309,0.05498551139441659,0.4557717987676507,0.012871034054474373,0.22841423872058741,6.290651754492683,2. North East,107,13,3994867.4496678193,7.229579704096059,CV < 10%
Post-Planting,Agricultural eggs,35. Yobe,0,0,NA,0,0,0,2. North East,70,8,4122234.575449244,8.409994507055142,No estimate
Post-Planting,Animal fat,35. Yobe,0,0,NA,0,0,0,2. North East,70,8,4122234.575449244,8.409994507055142,No estimate
Post-Planting,Apples,35. Yobe,0,0,NA,0,0,0,2. North East,70,8,4122234.575449244,8.409994507055142,No estimate
Post-Planting,Avocado pear,35. Yobe,0,0,NA,0,0,0,2. North East,70,8,4122234.575449244,8.409994507055142,No estimate
Post-Planting,Baby milk powder,35. Yobe,0,0,NA,0,0,0,2. North East,70,8,4122234.575449244,8.409994507055142,No estimate
Post-Planting,Bananas,35. Yobe,0,0,NA,0,0,0,2. North East,70,8,4122234.575449244,8.409994507055142,No estimate
Post-Planting,Beef,35. Yobe,0,0,NA,0,0,0,2. North East,70,8,4122234.575449244,8.409994507055142,No estimate
Post-Planting,Beer,35. Yobe,0,0,NA,0,0,0,2. North East,70,8,4122234.575449244,8.409994507055142,No estimate
Post-Planting,Biscuits,35. Yobe,8.083852977767541e-4,3.3617291176912475e-4,0.415857280796271,1.4948639070926962e-4,0.0014672842048442385,0.042151519098359326,2. North East,70,8,4122234.575449244,8.409994507055142,CV < 10%
Post-Planting,Bottled water,35. Yobe,0,0,NA,0,0,0,2. North East,70,8,4122234.575449244,8.409994507055142,No estimate
Post-Planting,Bread,35. Yobe,0.01685691763828125,0.009246533587479334,0.5485305075277167,0,0.03498012346974075,0.878967848281808,2. North East,70,8,4122234.575449244,8.409994507055142,CV < 10%
Post-Planting,Brown beans,35. Yobe,0.0554116193559484,0.03347812871996519,0.6041716360049192,0,0.12102875164708016,2.889320152131595,2. North East,70,8,4122234.575449244,8.409994507055142,CV < 10%
Post-Planting,Buns/Pofpof/Donuts,35. Yobe,0,0,NA,0,0,0,2. North East,70,8,4122234.575449244,8.409994507055142,No estimate
Post-Planting,Butter/Margarine,35. Yobe,0,0,NA,0,0,0,2. North East,70,8,4122234.575449244,8.409994507055142,No estimate
Post-Planting,Cake,35. Yobe,0,0,NA,0,0,0,2. North East,70,8,4122234.575449244,8.409994507055142,No estimate
Post-Planting,Canned fish/seafood,35. Yobe,0,0,NA,0,0,0,2. North East,70,8,4122234.575449244,8.409994507055142,No estimate
Post-Planting,Cashew nut,35. Yobe,0,0,NA,0,0,0,2. North East,70,8,4122234.575449244,8.409994507055142,No estimate
Post-Planting,Cassava flour,35. Yobe,0.01975555245379996,0.008736039244463844,0.4422067803415681,0.002632915534650823,0.036878189372949094,1.0301109493767122,2. North East,70,8,4122234.575449244,8.409994507055142,CV < 10%
Post-Planting,Cassava roots,35. Yobe,0.4688668345663872,0.1758053435390933,0.37495794237969476,0.12428836122976439,0.8134453079030101,24.448056373818762,2. North East,70,8,4122234.575449244,8.409994507055142,CV < 10%
Post-Planting,Cheese/wara,35. Yobe,0,0,NA,0,0,0,2. North East,70,8,4122234.575449244,8.409994507055142,No estimate
Post-Planting,Chicken,35. Yobe,0,0,NA,0,0,0,2. North East,70,8,4122234.575449244,8.409994507055142,No estimate
Post-Planting,Chocolate drinks,35. Yobe,0,0,NA,0,0,0,2. North East,70,8,4122234.575449244,8.409994507055142,No estimate
Post-Planting,Coconut,35. Yobe,0,0,NA,0,0,0,2. North East,70,8,4122234.575449244,8.409994507055142,No estimate
Post-Planting,Cocoyam,35. Yobe,0.0014127860448237633,0.0010528323650581314,0.7452171324281915,0,0.0034763374803377005,0.07366670090866766,2. North East,70,8,4122234.575449244,8.409994507055142,CV < 10%
Post-Planting,Coffee,35. Yobe,0,0,NA,0,0,0,2. North East,70,8,4122234.575449244,8.409994507055142,No estimate
Post-Planting,Dry pepper,35. Yobe,0.014672923006990678,0.0019227325119921842,0.13103950120068983,0.010904367283485997,0.01844147873049536,0.7650881282216568,2. North East,70,8,4122234.575449244,8.409994507055142,CV < 10%
Post-Planting,Duck,35. Yobe,0,0,NA,0,0,0,2. North East,70,8,4122234.575449244,8.409994507055142,No estimate
Post-Planting,Fish - dried,35. Yobe,0.0012939371384060676,5.843292383772654e-4,0.4515901283249892,1.4865183118662742e-4,0.002439222445625508,0.06746957935974496,2. North East,70,8,4122234.575449244,8.409994507055142,CV < 10%
Post-Planting,Fish - fresh,35. Yobe,0.03227661631042089,0.029019405961683842,0.8990845162513079,0,0.08915465199532122,1.6829949933290893,2. North East,70,8,4122234.575449244,8.409994507055142,CV < 10%
Post-Planting,Fish - frozen,35. Yobe,0,0,NA,0,0,0,2. North East,70,8,4122234.575449244,8.409994507055142,No estimate
Post-Planting,Fish - smoked,35. Yobe,0,0,NA,0,0,0,2. North East,70,8,4122234.575449244,8.409994507055142,No estimate
Post-Planting,Fresh milk,35. Yobe,0.06490392923080025,0.04212462842627897,0.649030481290009,0,0.14746820094630703,3.3842763098917277,2. North East,70,8,4122234.575449244,8.409994507055142,CV < 10%
Post-Planting,Fresh pepper,35. Yobe,0.003708466925046207,0.0024918249428864375,0.6719285875403593,0,0.008592443813103624,0.19337006109169508,2. North East,70,8,4122234.575449244,8.409994507055142,CV < 10%
Post-Planting,Fruit juice,35. Yobe,0,0,NA,0,0,0,2. North East,70,8,4122234.575449244,8.409994507055142,No estimate
Post-Planting,Garden eggs/Eggplant,35. Yobe,0.008974650776576906,0.0028352633300086616,0.3159190703451619,0.003417534649759929,0.014531766903393882,0.4679639333500815,2. North East,70,8,4122234.575449244,8.409994507055142,CV < 10%
Post-Planting,Gari - white,35. Yobe,0,0,NA,0,0,0,2. North East,70,8,4122234.575449244,8.409994507055142,No estimate
Post-Planting,Gari - yellow,35. Yobe,0.021793702767382957,0.019594380709937298,0.8990845162513079,0,0.06019868895886006,1.13638593001354,2. North East,70,8,4122234.575449244,8.409994507055142,CV < 10%
Post-Planting,Gin,35. Yobe,0,0,NA,0,0,0,2. North East,70,8,4122234.575449244,8.409994507055142,No estimate
Post-Planting,Goat,35. Yobe,9.127513832494755e-4,9.474371645947434e-4,1.038001346239305,0,0.0027697282258551726,0.04759346498372265,2. North East,70,8,4122234.575449244,8.409994507055142,CV < 10%
Post-Planting,Ground pepper,35. Yobe,1.240834497962055e-4,1.2879878793447852e-4,1.038001346239305,0,3.765290741477834e-4,0.00647006559651643,2. North East,70,8,4122234.575449244,8.409994507055142,CV < 10%
Post-Planting,Groundnut oil,35. Yobe,0.044806933332143306,0.005017812637042249,0.11198741497987329,0.0349720205635405,0.054641846100746114,2.3363615237474726,2. North East,70,8,4122234.575449244,8.409994507055142,CV < 10%
Post-Planting,Groundnuts - shelled,35. Yobe,6.372532099945043e-4,5.767581773566147e-4,0.9050690813492939,0,0.001767699237613469,0.03322820309257058,2. North East,70,8,4122234.575449244,8.409994507055142,CV < 10%
Post-Planting,Groundnuts - unshelled,35. Yobe,0.0011145371674984854,0.0010087331303174987,0.9050690813492942,0,0.003091654102920783,0.058115152305278174,2. North East,70,8,4122234.575449244,8.409994507055142,CV < 10%
Post-Planting,Guava,35. Yobe,0,0,NA,0,0,0,2. North East,70,8,4122234.575449244,8.409994507055142,No estimate
Post-Planting,Guinea corn / sorghum,35. Yobe,1.03147492986283,0.27461294375523065,0.2662332702470528,0.493233560102578,1.569716299623082,53.78404991427614,2. North East,70,8,4122234.575449244,8.409994507055142,CV < 10%
Post-Planting,Honey,35. Yobe,5.335852070848537e-4,4.829314731978613e-4,0.905069081349294,0,0.0014801308945526616,0.02782265722656737,2. North East,70,8,4122234.575449244,8.409994507055142,CV < 10%
Post-Planting,Kola nut,35. Yobe,0.004532857170860668,7.847779084574693e-4,0.17313095888006128,0.002994692470284028,0.006071021871437308,0.2363561239091634,2. North East,70,8,4122234.575449244,8.409994507055142,CV < 10%
Post-Planting,Leaves,35. Yobe,0.02972623290082897,0.012149073957475474,0.40869874087330704,0.005914047944177041,0.0535384178574809,1.5500107155432248,2. North East,70,8,4122234.575449244,8.409994507055142,CV < 10%
Post-Planting,Local eggs,35. Yobe,0,0,NA,0,0,0,2. North East,70,8,4122234.575449244,8.409994507055142,No estimate
Post-Planting,Maize - shelled/off cob,35. Yobe,0,0,NA,0,0,0,2. North East,70,8,4122234.575449244,8.409994507055142,No estimate
Post-Planting,Maize - unshelled/on cob,35. Yobe,0,0,NA,0,0,0,2. North East,70,8,4122234.575449244,8.409994507055142,No estimate
Post-Planting,Maize flour,35. Yobe,0.5070473655353538,0.09350876170991662,0.18441819850732807,0.3237701925839172,0.6903245384867904,26.43889834577202,2. North East,70,8,4122234.575449244,8.409994507055142,CV < 10%
Post-Planting,Malt drinks,35. Yobe,0,0,NA,0,0,0,2. North East,70,8,4122234.575449244,8.409994507055142,No estimate
Post-Planting,Mangoes,35. Yobe,0,0,NA,0,0,0,2. North East,70,8,4122234.575449244,8.409994507055142,No estimate
Post-Planting,Meat pie/Sausage roll,35. Yobe,0,0,NA,0,0,0,2. North East,70,8,4122234.575449244,8.409994507055142,No estimate
Post-Planting,Melon - ground,35. Yobe,0,0,NA,0,0,0,2. North East,70,8,4122234.575449244,8.409994507055142,No estimate
Post-Planting,Melon - shelled,35. Yobe,0,0,NA,0,0,0,2. North East,70,8,4122234.575449244,8.409994507055142,No estimate
Post-Planting,Melon - unshelled,35. Yobe,0,0,NA,0,0,0,2. North East,70,8,4122234.575449244,8.409994507055142,No estimate
Post-Planting,Milk - tinned,35. Yobe,0,0,NA,0,0,0,2. North East,70,8,4122234.575449244,8.409994507055142,No estimate
Post-Planting,Milk powder,35. Yobe,0,0,NA,0,0,0,2. North East,70,8,4122234.575449244,8.409994507055142,No estimate
Post-Planting,Millet,35. Yobe,0.6928357518916349,0.240810742363068,0.3475726269979392,0.22084669686002167,1.164824806923248,36.126435634349534,2. North East,70,8,4122234.575449244,8.409994507055142,CV < 10%
Post-Planting,Mutton,35. Yobe,0,0,NA,0,0,0,2. North East,70,8,4122234.575449244,8.409994507055142,No estimate
Post-Planting,Ogbono - ground,35. Yobe,0,0,NA,0,0,0,2. North East,70,8,4122234.575449244,8.409994507055142,No estimate
Post-Planting,Ogbono - unground,35. Yobe,0,0,NA,0,0,0,2. North East,70,8,4122234.575449244,8.409994507055142,No estimate
Post-Planting,Okra - dried,35. Yobe,0.002760772471056178,0.0012155577016915826,0.4402962266667892,3.78279375740676e-4,0.00514326556637168,0.14395456456221498,2. North East,70,8,4122234.575449244,8.409994507055142,CV < 10%
Post-Planting,Okra - fresh,35. Yobe,0.03924348974949353,0.010512449007107467,0.2678775275647635,0.018639089695562893,0.05984788980342416,2.0462676797950197,2. North East,70,8,4122234.575449244,8.409994507055142,CV < 10%
Post-Planting,Onions,35. Yobe,0.06989856086412753,0.0026134860165242294,0.03738969707265447,0.06477612827174004,0.07502099345651503,3.644710673629507,2. North East,70,8,4122234.575449244,8.409994507055142,CV < 10%
Post-Planting,Orange/Tangerine,35. Yobe,0.042502523555892596,0.00660368319999477,0.1553715555574165,0.02955930448390285,0.05544574262788234,2.216203013985828,2. North East,70,8,4122234.575449244,8.409994507055142,CV < 10%
Post-Planting,Other alcoholic beverages,35. Yobe,0,0,NA,0,0,0,2. North East,70,8,4122234.575449244,8.409994507055142,No estimate
Post-Planting,Other domestic poultry,35. Yobe,0,0,NA,0,0,0,2. North East,70,8,4122234.575449244,8.409994507055142,No estimate
Post-Planting,Other eggs,35. Yobe,0,0,NA,0,0,0,2. North East,70,8,4122234.575449244,8.409994507055142,No estimate
Post-Planting,Other fish/seafood,35. Yobe,0,0,NA,0,0,0,2. North East,70,8,4122234.575449244,8.409994507055142,No estimate
Post-Planting,Other fruits,35. Yobe,0,0,NA,0,0,0,2. North East,70,8,4122234.575449244,8.409994507055142,No estimate
Post-Planting,Other grains/flour,35. Yobe,0,0,NA,0,0,0,2. North East,70,8,4122234.575449244,8.409994507055142,No estimate
Post-Planting,Other meat,35. Yobe,0,0,NA,0,0,0,2. North East,70,8,4122234.575449244,8.409994507055142,No estimate
Post-Planting,Other milk products,35. Yobe,0,0,NA,0,0,0,2. North East,70,8,4122234.575449244,8.409994507055142,No estimate
Post-Planting,Other non-alcoholic drinks,35. Yobe,0,0,NA,0,0,0,2. North East,70,8,4122234.575449244,8.409994507055142,No estimate
Post-Planting,Other nuts/seeds/pulses,35. Yobe,0,0,NA,0,0,0,2. North East,70,8,4122234.575449244,8.409994507055142,No estimate
Post-Planting,Other oil/fat,35. Yobe,0.009962100293305742,0.0027595342997421284,0.2770032642209454,0.004553413065811171,0.015370787520800313,0.5194523724366565,2. North East,70,8,4122234.575449244,8.409994507055142,CV < 10%
Post-Planting,Other roots/tubers,35. Yobe,0,0,NA,0,0,0,2. North East,70,8,4122234.575449244,8.409994507055142,No estimate
Post-Planting,Other spices,35. Yobe,0,0,NA,0,0,0,2. North East,70,8,4122234.575449244,8.409994507055142,No estimate
Post-Planting,Other sweets,35. Yobe,0,0,NA,0,0,0,2. North East,70,8,4122234.575449244,8.409994507055142,No estimate
Post-Planting,Other vegetables,35. Yobe,0,0,NA,0,0,0,2. North East,70,8,4122234.575449244,8.409994507055142,No estimate
Post-Planting,Palm oil,35. Yobe,0.06055496254326444,0.01681813313554811,0.2777333587405348,0.027591421597590142,0.09351850348893873,3.1575087611845025,2. North East,70,8,4122234.575449244,8.409994507055142,CV < 10%
Post-Planting,Palm wine,35. Yobe,0,0,NA,0,0,0,2. North East,70,8,4122234.575449244,8.409994507055142,No estimate
Post-Planting,Pawpaw,35. Yobe,0,0,NA,0,0,0,2. North East,70,8,4122234.575449244,8.409994507055142,No estimate
Post-Planting,Pineapples,35. Yobe,0,0,NA,0,0,0,2. North East,70,8,4122234.575449244,8.409994507055142,No estimate
Post-Planting,Pito,35. Yobe,0,0,NA,0,0,0,2. North East,70,8,4122234.575449244,8.409994507055142,No estimate
Post-Planting,Plantains,35. Yobe,0,0,NA,0,0,0,2. North East,70,8,4122234.575449244,8.409994507055142,No estimate
Post-Planting,Pork,35. Yobe,0,0,NA,0,0,0,2. North East,70,8,4122234.575449244,8.409994507055142,No estimate
Post-Planting,Potatoes,35. Yobe,0,0,NA,0,0,0,2. North East,70,8,4122234.575449244,8.409994507055142,No estimate
Post-Planting,Rice - imported,35. Yobe,0,0,NA,0,0,0,2. North East,70,8,4122234.575449244,8.409994507055142,No estimate
Post-Planting,Rice - local,35. Yobe,0.5417919713652803,0.08595561353545313,0.15865058560917875,0.3733189688357922,0.7102649738947685,28.25058136404676,2. North East,70,8,4122234.575449244,8.409994507055142,CV < 10%
Post-Planting,Sachet water,35. Yobe,0.4095069861893286,0.055371997619693344,0.13521624657727582,0.30097787085472966,0.5180361015239275,21.352864279872136,2. North East,70,8,4122234.575449244,8.409994507055142,CV < 10%
Post-Planting,Salt,35. Yobe,0.04846787869823827,0.0021421388399384123,0.04419708263436492,0.044269286571958985,0.05266647082451756,2.527253674979567,2. North East,70,8,4122234.575449244,8.409994507055142,CV < 10%
Post-Planting,Seafood,35. Yobe,0,0,NA,0,0,0,2. North East,70,8,4122234.575449244,8.409994507055142,No estimate
Post-Planting,Shea butter,35. Yobe,0,0,NA,0,0,0,2. North East,70,8,4122234.575449244,8.409994507055142,No estimate
Post-Planting,Snails,35. Yobe,0,0,NA,0,0,0,2. North East,70,8,4122234.575449244,8.409994507055142,No estimate
Post-Planting,Soft drinks,35. Yobe,0.004606910935609473,0.003433148956786967,0.7452171324281912,0,0.01133588289091193,0.24021749878535112,2. North East,70,8,4122234.575449244,8.409994507055142,CV < 10%
Post-Planting,Soya beans,35. Yobe,0,0,NA,0,0,0,2. North East,70,8,4122234.575449244,8.409994507055142,No estimate
Post-Planting,Sugar,35. Yobe,0.021103058198418612,0.0028783965410071185,0.13639712850826594,0.01546140097804466,0.026744715418792565,1.100373748917542,2. North East,70,8,4122234.575449244,8.409994507055142,CV < 10%
Post-Planting,Sweet potatoes,35. Yobe,0.02302952428064509,0.014193609269991744,0.6163222955465305,0,0.0508489984498289,1.2008251946336368,2. North East,70,8,4122234.575449244,8.409994507055142,CV < 10%
Post-Planting,Tea,35. Yobe,4.896038714187117e-4,2.0426939628855032e-4,0.41721360514704364,8.923585469315312e-5,8.899718881442704e-4,0.025529344723975684,2. North East,70,8,4122234.575449244,8.409994507055142,CV < 10%
Post-Planting,Tomato puree - canned,35. Yobe,0.00119782470029093,0.001076945641214939,0.8990845162513081,0,0.0033086381570722103,0.062458002229455634,2. North East,70,8,4122234.575449244,8.409994507055142,CV < 10%
Post-Planting,Tomatoes,35. Yobe,0.0303412233442436,0.002560050960812449,0.08437533753226688,0.025323523461051198,0.035358923227436,1.5820780743784162,2. North East,70,8,4122234.575449244,8.409994507055142,CV < 10%
Post-Planting,Watermelon,35. Yobe,0.0659726919708425,0.03232589976025505,0.48998909692122167,0.0026139284407426105,0.12933145550094238,3.440004652765359,2. North East,70,8,4122234.575449244,8.409994507055142,CV < 10%
Post-Planting,Wheat flour,35. Yobe,0,0,NA,0,0,0,2. North East,70,8,4122234.575449244,8.409994507055142,No estimate
Post-Planting,White beans,35. Yobe,0.12088495358604702,0.037207580178537085,0.307793311531136,0.04795809643611433,0.1938118107359797,6.3032868655581655,2. North East,70,8,4122234.575449244,8.409994507055142,CV < 10%
Post-Planting,Wild game/Bush meat,35. Yobe,0,0,NA,0,0,0,2. North East,70,8,4122234.575449244,8.409994507055142,No estimate
Post-Planting,Yam flour,35. Yobe,0,0,NA,0,0,0,2. North East,70,8,4122234.575449244,8.409994507055142,No estimate
Post-Planting,Yam roots,35. Yobe,0.029930469872369345,0.027089142871738046,0.9050690813492941,0,0.08302518990097592,1.5606602147735444,2. North East,70,8,4122234.575449244,8.409994507055142,CV < 10%
Post-Planting,Agricultural eggs,36. Zamfara,0.0018505299691176993,0.0016046755851025175,0.867143797659002,0,0.004995694115918634,0.09649191981828005,3. North West,54,7,6039610.080569062,8.329433362729977,CV < 10%
Post-Planting,Animal fat,36. Zamfara,0,0,NA,0,0,0,3. North West,54,7,6039610.080569062,8.329433362729977,No estimate
Post-Planting,Apples,36. Zamfara,0,0,NA,0,0,0,3. North West,54,7,6039610.080569062,8.329433362729977,No estimate
Post-Planting,Avocado pear,36. Zamfara,0,0,NA,0,0,0,3. North West,54,7,6039610.080569062,8.329433362729977,No estimate
Post-Planting,Baby milk powder,36. Zamfara,0,0,NA,0,0,0,3. North West,54,7,6039610.080569062,8.329433362729977,No estimate
Post-Planting,Bananas,36. Zamfara,0.018144111404924373,0.012578979858081709,0.6932816701438315,0,0.04279891192676452,0.9460858089710565,3. North West,54,7,6039610.080569062,8.329433362729977,CV < 10%
Post-Planting,Beef,36. Zamfara,0.037703892972804944,0.00420852153707776,0.1116203448835716,0.029455190760132532,0.045952595185477355,1.9659887050105436,3. North West,54,7,6039610.080569062,8.329433362729977,CV < 10%
Post-Planting,Beer,36. Zamfara,0,0,NA,0,0,0,3. North West,54,7,6039610.080569062,8.329433362729977,No estimate
Post-Planting,Biscuits,36. Zamfara,0.004338609860219718,3.14937302578407e-4,0.07258944978345155,0.00372133274716604,0.0049558869732733955,0.22622751414002812,3. North West,54,7,6039610.080569062,8.329433362729977,CV < 10%
Post-Planting,Bottled water,36. Zamfara,0,0,NA,0,0,0,3. North West,54,7,6039610.080569062,8.329433362729977,No estimate
Post-Planting,Bread,36. Zamfara,0.08190814300140656,0.007327115384915658,0.0894552741207896,0.06754699684697187,0.09626928915584125,4.2709245993590566,3. North West,54,7,6039610.080569062,8.329433362729977,CV < 10%
Post-Planting,Brown beans,36. Zamfara,0.012412536457740918,0.009974677204128882,0.8035970116251544,0,0.03196290377783353,0.6472251152964906,3. North West,54,7,6039610.080569062,8.329433362729977,CV < 10%
Post-Planting,Buns/Pofpof/Donuts,36. Zamfara,0,0,NA,0,0,0,3. North West,54,7,6039610.080569062,8.329433362729977,No estimate
Post-Planting,Butter/Margarine,36. Zamfara,0,0,NA,0,0,0,3. North West,54,7,6039610.080569062,8.329433362729977,No estimate
Post-Planting,Cake,36. Zamfara,0.005342997843882334,0.004518361662339774,0.8456603941012707,0,0.014198986702068293,0.27859917328815026,3. North West,54,7,6039610.080569062,8.329433362729977,CV < 10%
Post-Planting,Canned fish/seafood,36. Zamfara,0,0,NA,0,0,0,3. North West,54,7,6039610.080569062,8.329433362729977,No estimate
Post-Planting,Cashew nut,36. Zamfara,0,0,NA,0,0,0,3. North West,54,7,6039610.080569062,8.329433362729977,No estimate
Post-Planting,Cassava flour,36. Zamfara,0,0,NA,0,0,0,3. North West,54,7,6039610.080569062,8.329433362729977,No estimate
Post-Planting,Cassava roots,36. Zamfara,1.2335231095501347,0.1404528151481405,0.11386314051251427,0.9582355918597794,1.50881062724049,64.31941928368559,3. North West,54,7,6039610.080569062,8.329433362729977,CV < 10%
Post-Planting,Cheese/wara,36. Zamfara,0.0020961987079638894,9.575745001538774e-4,0.4568147554503565,2.1935268766228966e-4,0.003973044728265489,0.1093017897724028,3. North West,54,7,6039610.080569062,8.329433362729977,CV < 10%
Post-Planting,Chicken,36. Zamfara,0.04707745238941706,0.011057943465538109,0.23488831498502918,0.02540388319696237,0.06875102158187175,2.4547528745910325,3. North West,54,7,6039610.080569062,8.329433362729977,CV < 10%
Post-Planting,Chocolate drinks,36. Zamfara,0,0,NA,0,0,0,3. North West,54,7,6039610.080569062,8.329433362729977,No estimate
Post-Planting,Coconut,36. Zamfara,0,0,NA,0,0,0,3. North West,54,7,6039610.080569062,8.329433362729977,No estimate
Post-Planting,Cocoyam,36. Zamfara,0,0,NA,0,0,0,3. North West,54,7,6039610.080569062,8.329433362729977,No estimate
Post-Planting,Coffee,36. Zamfara,0,0,NA,0,0,0,3. North West,54,7,6039610.080569062,8.329433362729977,No estimate
Post-Planting,Dry pepper,36. Zamfara,5.977931043892373e-4,3.859061822608882e-4,0.6455514113953638,0,0.0013541692216205781,0.031170640443153087,3. North West,54,7,6039610.080569062,8.329433362729977,CV < 10%
Post-Planting,Duck,36. Zamfara,0,0,NA,0,0,0,3. North West,54,7,6039610.080569062,8.329433362729977,No estimate
Post-Planting,Fish - dried,36. Zamfara,0.0047119303675526945,0.0025966759956691705,0.5510853924222664,0,0.009801415319064269,0.24569351202239048,3. North West,54,7,6039610.080569062,8.329433362729977,CV < 10%
Post-Planting,Fish - fresh,36. Zamfara,0.009402845752226285,0.005853212713981471,0.6224937501070484,0,0.020875142671629966,0.4902912427946563,3. North West,54,7,6039610.080569062,8.329433362729977,CV < 10%
Post-Planting,Fish - frozen,36. Zamfara,0.00604134136611524,0.003558112904912604,0.5889607438621822,0,0.013015242659743943,0.31501279980458036,3. North West,54,7,6039610.080569062,8.329433362729977,CV < 10%
Post-Planting,Fish - smoked,36. Zamfara,0,0,NA,0,0,0,3. North West,54,7,6039610.080569062,8.329433362729977,No estimate
Post-Planting,Fresh milk,36. Zamfara,0.09934642919763721,0.0047462099941186974,0.04777433907238589,0.09004385760916457,0.10864900078610985,5.180206665305369,3. North West,54,7,6039610.080569062,8.329433362729977,CV < 10%
Post-Planting,Fresh pepper,36. Zamfara,0.055840017784997996,0.003595137788555076,0.06438281954704082,0.04879354771943005,0.06288648785056594,2.911658070217753,3. North West,54,7,6039610.080569062,8.329433362729977,CV < 10%
Post-Planting,Fruit juice,36. Zamfara,0,0,NA,0,0,0,3. North West,54,7,6039610.080569062,8.329433362729977,No estimate
Post-Planting,Garden eggs/Eggplant,36. Zamfara,0.02822791642482332,0.009716060863834782,0.3442004261884021,0.009184437131707149,0.04727139571793949,1.4718842135800732,3. North West,54,7,6039610.080569062,8.329433362729977,CV < 10%
Post-Planting,Gari - white,36. Zamfara,0.05892935130897059,0.02389112906827477,0.40541985509075024,0.012102738335152047,0.10575596428278913,3.072744746824895,3. North West,54,7,6039610.080569062,8.329433362729977,CV < 10%
Post-Planting,Gari - yellow,36. Zamfara,0.05676454815380444,0.015348429741571698,0.27038759649746325,0.02668162586032391,0.08684747044728497,2.9598657251626603,3. North West,54,7,6039610.080569062,8.329433362729977,CV < 10%
Post-Planting,Gin,36. Zamfara,0,0,NA,0,0,0,3. North West,54,7,6039610.080569062,8.329433362729977,No estimate
Post-Planting,Goat,36. Zamfara,0.009887992001923552,0.006383207192707817,0.6455514113953638,0,0.022399078099630872,0.5155881543860138,3. North West,54,7,6039610.080569062,8.329433362729977,CV < 10%
Post-Planting,Ground pepper,36. Zamfara,0.0034242896109628602,8.548377120263955e-4,0.24963943157425508,0.0017488076953911251,0.005099771526534595,0.17855224400020628,3. North West,54,7,6039610.080569062,8.329433362729977,CV < 10%
Post-Planting,Groundnut oil,36. Zamfara,0.06966215302338563,0.005491827175249433,0.07883516280936398,0.05889817175989674,0.08042613428687452,3.6323836933622506,3. North West,54,7,6039610.080569062,8.329433362729977,CV < 10%
Post-Planting,Groundnuts - shelled,36. Zamfara,0.022805390392197148,0.0037638239540063174,0.16504097887726174,0.015428295442344767,0.03018248534204953,1.1891382133074229,3. North West,54,7,6039610.080569062,8.329433362729977,CV < 10%
Post-Planting,Groundnuts - unshelled,36. Zamfara,0.01035651712623019,0.003716626738309259,0.3588684007383209,0.0030719287191440427,0.01764110553331634,0.5400183930105742,3. North West,54,7,6039610.080569062,8.329433362729977,CV < 10%
Post-Planting,Guava,36. Zamfara,0.003446347188770015,0.0029182905904012383,0.8467778870075949,0,0.009166196745956442,0.17970238912872222,3. North West,54,7,6039610.080569062,8.329433362729977,CV < 10%
Post-Planting,Guinea corn / sorghum,36. Zamfara,0.8607389133784429,0.053862909569860395,0.06257752348902852,0.7551676106215165,0.9663102161353693,44.88138619759024,3. North West,54,7,6039610.080569062,8.329433362729977,CV < 10%
Post-Planting,Honey,36. Zamfara,0.007819546544195376,0.004748250275237296,0.6072283409786758,0,0.017126117083660478,0.4077334983759018,3. North West,54,7,6039610.080569062,8.329433362729977,CV < 10%
Post-Planting,Kola nut,36. Zamfara,0.004889252478061681,9.397556435830923e-4,0.19220845063735667,0.0030473314166388197,0.006731173539484542,0.25493959349893053,3. North West,54,7,6039610.080569062,8.329433362729977,CV < 10%
Post-Planting,Leaves,36. Zamfara,0.019347029431130487,0.011645007672989982,0.6019015846563242,0,0.042171244470190855,1.0088093917660896,3. North West,54,7,6039610.080569062,8.329433362729977,CV < 10%
Post-Planting,Local eggs,36. Zamfara,0.009248439410836083,0.0030994382393028405,0.33513094497557433,0.0031735404618025154,0.01532333835986965,0.4822400549935958,3. North West,54,7,6039610.080569062,8.329433362729977,CV < 10%
Post-Planting,Maize - shelled/off cob,36. Zamfara,0.1219280993394678,0.017879558368257293,0.14664017945918828,0.0868841649376835,0.1569720337412521,6.357679465557964,3. North West,54,7,6039610.080569062,8.329433362729977,CV < 10%
Post-Planting,Maize - unshelled/on cob,36. Zamfara,0.01902356319852944,0.01212502358603259,0.6373686916323793,0,0.04278860942715332,0.991942938209035,3. North West,54,7,6039610.080569062,8.329433362729977,CV < 10%
Post-Planting,Maize flour,36. Zamfara,0.04023574518957638,0.008815875817031521,0.2191055683321952,0.022956628588194597,0.05751486179095816,2.0980067134564826,3. North West,54,7,6039610.080569062,8.329433362729977,CV < 10%
Post-Planting,Malt drinks,36. Zamfara,0.006143718008774844,0.0023351496914196627,0.38008738162859285,0.001566824613592305,0.010720611403957383,0.32035101045754544,3. North West,54,7,6039610.080569062,8.329433362729977,CV < 10%
Post-Planting,Mangoes,36. Zamfara,0.009144073185863851,0.007960810908368908,0.870597899487048,0,0.02474726256626691,0.4767981018343294,3. North West,54,7,6039610.080569062,8.329433362729977,CV < 10%
Post-Planting,Meat pie/Sausage roll,36. Zamfara,0,0,NA,0,0,0,3. North West,54,7,6039610.080569062,8.329433362729977,No estimate
Post-Planting,Melon - ground,36. Zamfara,0,0,NA,0,0,0,3. North West,54,7,6039610.080569062,8.329433362729977,No estimate
Post-Planting,Melon - shelled,36. Zamfara,0,0,NA,0,0,0,3. North West,54,7,6039610.080569062,8.329433362729977,No estimate
Post-Planting,Melon - unshelled,36. Zamfara,0,0,NA,0,0,0,3. North West,54,7,6039610.080569062,8.329433362729977,No estimate
Post-Planting,Milk - tinned,36. Zamfara,0,0,NA,0,0,0,3. North West,54,7,6039610.080569062,8.329433362729977,No estimate
Post-Planting,Milk powder,36. Zamfara,0.0011631122670809743,3.521523172372875e-4,0.30276726263155396,4.728937252958908e-4,0.0018533308088660577,0.06064799678350795,3. North West,54,7,6039610.080569062,8.329433362729977,CV < 10%
Post-Planting,Millet,36. Zamfara,0.4449872953722329,0.024121396896337167,0.05420693387697634,0.3977093574554121,0.49226523328905375,23.202908972980715,3. North West,54,7,6039610.080569062,8.329433362729977,CV < 10%
Post-Planting,Mutton,36. Zamfara,0.004497485266582163,0.0026105275657073244,0.5804416048017828,0,0.009614119295368519,0.2345117317574985,3. North West,54,7,6039610.080569062,8.329433362729977,CV < 10%
Post-Planting,Ogbono - ground,36. Zamfara,0,0,NA,0,0,0,3. North West,54,7,6039610.080569062,8.329433362729977,No estimate
Post-Planting,Ogbono - unground,36. Zamfara,0,0,NA,0,0,0,3. North West,54,7,6039610.080569062,8.329433362729977,No estimate
Post-Planting,Okra - dried,36. Zamfara,0.003873303857944731,0.00123029693809732,0.3176350173441196,0.0014619218592739841,0.006284685856615478,0.20196512973568953,3. North West,54,7,6039610.080569062,8.329433362729977,CV < 10%
Post-Planting,Okra - fresh,36. Zamfara,0.05729817696348103,0.005618163598625342,0.09805134990954557,0.04628657631017536,0.0683097776167867,2.9876906559529393,3. North West,54,7,6039610.080569062,8.329433362729977,CV < 10%
Post-Planting,Onions,36. Zamfara,0.12841071261432113,0.007908389027546274,0.06158667658280936,0.11291027012033043,0.14391115510831182,6.695701443461031,3. North West,54,7,6039610.080569062,8.329433362729977,CV < 10%
Post-Planting,Orange/Tangerine,36. Zamfara,0.030761366482595157,0.016584572331454328,0.5391363982753469,0,0.06326712825224565,1.6039855380210333,3. North West,54,7,6039610.080569062,8.329433362729977,CV < 10%
Post-Planting,Other alcoholic beverages,36. Zamfara,0,0,NA,0,0,0,3. North West,54,7,6039610.080569062,8.329433362729977,No estimate
Post-Planting,Other domestic poultry,36. Zamfara,0,0,NA,0,0,0,3. North West,54,7,6039610.080569062,8.329433362729977,No estimate
Post-Planting,Other eggs,36. Zamfara,0,0,NA,0,0,0,3. North West,54,7,6039610.080569062,8.329433362729977,No estimate
Post-Planting,Other fish/seafood,36. Zamfara,0,0,NA,0,0,0,3. North West,54,7,6039610.080569062,8.329433362729977,No estimate
Post-Planting,Other fruits,36. Zamfara,0,0,NA,0,0,0,3. North West,54,7,6039610.080569062,8.329433362729977,No estimate
Post-Planting,Other grains/flour,36. Zamfara,0,0,NA,0,0,0,3. North West,54,7,6039610.080569062,8.329433362729977,No estimate
Post-Planting,Other meat,36. Zamfara,0,0,NA,0,0,0,3. North West,54,7,6039610.080569062,8.329433362729977,No estimate
Post-Planting,Other milk products,36. Zamfara,0,0,NA,0,0,0,3. North West,54,7,6039610.080569062,8.329433362729977,No estimate
Post-Planting,Other non-alcoholic drinks,36. Zamfara,0,0,NA,0,0,0,3. North West,54,7,6039610.080569062,8.329433362729977,No estimate
Post-Planting,Other nuts/seeds/pulses,36. Zamfara,0,0,NA,0,0,0,3. North West,54,7,6039610.080569062,8.329433362729977,No estimate
Post-Planting,Other oil/fat,36. Zamfara,0,0,NA,0,0,0,3. North West,54,7,6039610.080569062,8.329433362729977,No estimate
Post-Planting,Other roots/tubers,36. Zamfara,0,0,NA,0,0,0,3. North West,54,7,6039610.080569062,8.329433362729977,No estimate
Post-Planting,Other spices,36. Zamfara,0.011976408829251084,0.0014649083650329305,0.12231616220841178,0.00910518843378654,0.014847629224715627,0.6244841746680923,3. North West,54,7,6039610.080569062,8.329433362729977,CV < 10%
Post-Planting,Other sweets,36. Zamfara,0,0,NA,0,0,0,3. North West,54,7,6039610.080569062,8.329433362729977,No estimate
Post-Planting,Other vegetables,36. Zamfara,0.009492204753508473,0.006840027668642229,0.720594197687744,0,0.022898658984047242,0.4949506764329418,3. North West,54,7,6039610.080569062,8.329433362729977,CV < 10%
Post-Planting,Palm oil,36. Zamfara,0.07251413146516109,0.0038696869286705166,0.05336459046647592,0.06492954508496687,0.0800987178453553,3.7810939978262565,3. North West,54,7,6039610.080569062,8.329433362729977,CV < 10%
Post-Planting,Palm wine,36. Zamfara,0,0,NA,0,0,0,3. North West,54,7,6039610.080569062,8.329433362729977,No estimate
Post-Planting,Pawpaw,36. Zamfara,0.0029473923008129315,0.003151391870156543,1.069213578826051,0,0.009124120366319755,0.1536854556852457,3. North West,54,7,6039610.080569062,8.329433362729977,CV < 10%
Post-Planting,Pineapples,36. Zamfara,0.028107858950824495,0.01664908680685421,0.5923285311763612,0,0.06074006909225874,1.4656240738644202,3. North West,54,7,6039610.080569062,8.329433362729977,CV < 10%
Post-Planting,Pito,36. Zamfara,0,0,NA,0,0,0,3. North West,54,7,6039610.080569062,8.329433362729977,No estimate
Post-Planting,Plantains,36. Zamfara,0,0,NA,0,0,0,3. North West,54,7,6039610.080569062,8.329433362729977,No estimate
Post-Planting,Pork,36. Zamfara,0,0,NA,0,0,0,3. North West,54,7,6039610.080569062,8.329433362729977,No estimate
Post-Planting,Potatoes,36. Zamfara,0.00520098974674597,0.005585585894244445,1.073946722878871,0,0.01614873809946508,0.27119446536603986,3. North West,54,7,6039610.080569062,8.329433362729977,CV < 10%
Post-Planting,Rice - imported,36. Zamfara,0.07181640979640727,0.01909525546529638,0.26588986443947316,0.034389709084426366,0.10924311050838817,3.7447127965269504,3. North West,54,7,6039610.080569062,8.329433362729977,CV < 10%
Post-Planting,Rice - local,36. Zamfara,0.565410725365987,0.02364006549388503,0.041810429893389366,0.5190761969979724,0.6117452537340017,29.482130679797898,3. North West,54,7,6039610.080569062,8.329433362729977,CV < 10%
Post-Planting,Sachet water,36. Zamfara,0.5745600432787462,0.18841974909689763,0.32793743891704336,0.20525733504882687,0.9438627515086655,29.959202256677482,3. North West,54,7,6039610.080569062,8.329433362729977,CV < 10%
Post-Planting,Salt,36. Zamfara,0.02640137809477411,0.0016516709623758284,0.06256002836089683,0.023164103008517484,0.029638653181030733,1.3766432863703641,3. North West,54,7,6039610.080569062,8.329433362729977,CV < 10%
Post-Planting,Seafood,36. Zamfara,0,0,NA,0,0,0,3. North West,54,7,6039610.080569062,8.329433362729977,No estimate
Post-Planting,Shea butter,36. Zamfara,0,0,NA,0,0,0,3. North West,54,7,6039610.080569062,8.329433362729977,No estimate
Post-Planting,Snails,36. Zamfara,0,0,NA,0,0,0,3. North West,54,7,6039610.080569062,8.329433362729977,No estimate
Post-Planting,Soft drinks,36. Zamfara,0.026750046960820485,0.007859880714243678,0.29382680059424454,0.011344680760902877,0.04215541316073809,1.3948238772427823,3. North West,54,7,6039610.080569062,8.329433362729977,CV < 10%
Post-Planting,Soya beans,36. Zamfara,0.15332244825708893,0.06515630613164748,0.42496259923005075,0.025616088239059864,0.281028808275118,7.994670516262494,3. North West,54,7,6039610.080569062,8.329433362729977,CV < 10%
Post-Planting,Sugar,36. Zamfara,0.05062539203940596,0.011905497037766135,0.23516849071507623,0.02729061784538434,0.07396016623342759,2.639752584911882,3. North West,54,7,6039610.080569062,8.329433362729977,CV < 10%
Post-Planting,Sweet potatoes,36. Zamfara,0.18818767239911718,0.027890318405714976,0.14820481092174778,0.13352264832391583,0.24285269647431854,9.812642917953967,3. North West,54,7,6039610.080569062,8.329433362729977,CV < 10%
Post-Planting,Tea,36. Zamfara,2.88750481367231e-4,1.864032807877067e-4,0.6455514113953639,0,6.541009117111362e-4,0.015056275099862761,3. North West,54,7,6039610.080569062,8.329433362729977,CV < 10%
Post-Planting,Tomato puree - canned,36. Zamfara,0,0,NA,0,0,0,3. North West,54,7,6039610.080569062,8.329433362729977,No estimate
Post-Planting,Tomatoes,36. Zamfara,0.1535326375726418,0.008978592887905543,0.058480027633586694,0.13593459551234693,0.17113067963293666,8.005630387716321,3. North West,54,7,6039610.080569062,8.329433362729977,CV < 10%
Post-Planting,Watermelon,36. Zamfara,0.5977501207384647,0.1506620159679261,0.252048491068136,0.3024525694413295,0.8930476720355999,31.168399152791373,3. North West,54,7,6039610.080569062,8.329433362729977,CV < 10%
Post-Planting,Wheat flour,36. Zamfara,0,0,NA,0,0,0,3. North West,54,7,6039610.080569062,8.329433362729977,No estimate
Post-Planting,White beans,36. Zamfara,0.1325127238979155,0.01339876980342195,0.10111308113886504,0.10625113508320846,0.15877431271262252,6.909592031819879,3. North West,54,7,6039610.080569062,8.329433362729977,CV < 10%
Post-Planting,Wild game/Bush meat,36. Zamfara,0,0,NA,0,0,0,3. North West,54,7,6039610.080569062,8.329433362729977,No estimate
Post-Planting,Yam flour,36. Zamfara,0,0,NA,0,0,0,3. North West,54,7,6039610.080569062,8.329433362729977,No estimate
Post-Planting,Yam roots,36. Zamfara,0.021183630623944835,0.01793782997889339,0.846777887007595,0,0.056341777382575876,1.1045750253914093,3. North West,54,7,6039610.080569062,8.329433362729977,CV < 10%
Post-Planting,Agricultural eggs,37. FCT,0.03295161948407471,0.010787182798239672,0.3273642681948619,0.011808741199524957,0.05409449776862447,1.7181915873838958,1. North Central,113,17,3340750.675352395,6.394010133106565,CV < 10%
Post-Planting,Animal fat,37. FCT,0,0,NA,0,0,0,1. North Central,113,17,3340750.675352395,6.394010133106565,No estimate
Post-Planting,Apples,37. FCT,0.011794964957934508,0.00558194183263863,0.4732478521594624,8.543589659627936e-4,0.02273557094990622,0.615023172806585,1. North Central,113,17,3340750.675352395,6.394010133106565,CV < 10%
Post-Planting,Avocado pear,37. FCT,0.009918849433369022,0.004072869470553757,0.4106191446814182,0.0019360252710836582,0.017901673595654387,0.5171971490256705,1. North Central,113,17,3340750.675352395,6.394010133106565,CV < 10%
Post-Planting,Baby milk powder,37. FCT,7.154385208404099e-4,5.987406858429682e-4,0.83688628498734,0,0.0018889702650926273,0.03730500858667851,1. North Central,113,17,3340750.675352395,6.394010133106565,CV < 10%
Post-Planting,Bananas,37. FCT,0.18648907427081374,0.05604475272825814,0.3005256632185951,0.07664135892342779,0.2963367896181997,9.724073158406716,1. North Central,113,17,3340750.675352395,6.394010133106565,CV < 10%
Post-Planting,Beef,37. FCT,0.09094823790780966,0.01677771384156224,0.18447541401042966,0.05806391877834767,0.12383255703727165,4.742300976621503,1. North Central,113,17,3340750.675352395,6.394010133106565,CV < 10%
Post-Planting,Beer,37. FCT,0.026910717036156783,0.015387118630522143,0.5717840446186652,0,0.05706946955198018,1.403201674028175,1. North Central,113,17,3340750.675352395,6.394010133106565,CV < 10%
Post-Planting,Biscuits,37. FCT,0.01994749155467896,0.006345545068536276,0.3181124328912344,0.00751022322034786,0.03238475988901006,1.0401192024939745,1. North Central,113,17,3340750.675352395,6.394010133106565,CV < 10%
Post-Planting,Bottled water,37. FCT,0.06733294587673053,0.031622844123995957,0.46964890236481455,0.005352171393698452,0.1293137203597626,3.5109321778580918,1. North Central,113,17,3340750.675352395,6.394010133106565,CV < 10%
Post-Planting,Bread,37. FCT,0.1064928552644208,0.01705167116459162,0.1601203303475381,0.07307157978182123,0.13991413074702036,5.552841738787656,1. North Central,113,17,3340750.675352395,6.394010133106565,CV < 10%
Post-Planting,Brown beans,37. FCT,0.10785935834719643,0.029214990276132155,0.2708618957484419,0.05059797740597741,0.16512073928841545,5.6240951138180995,1. North Central,113,17,3340750.675352395,6.394010133106565,CV < 10%
Post-Planting,Buns/Pofpof/Donuts,37. FCT,0.00260877334506068,7.948886688688014e-4,0.3046982484598762,0.0010507915540778293,0.004166755136043531,0.1360288958495926,1. North Central,113,17,3340750.675352395,6.394010133106565,CV < 10%
Post-Planting,Butter/Margarine,37. FCT,0.0014341668927371524,8.630314935043619e-4,0.6017650371619159,0,0.0031257086200057018,0.07478155940700866,1. North Central,113,17,3340750.675352395,6.394010133106565,CV < 10%
Post-Planting,Cake,37. FCT,0.023470647543469933,0.008080088925417646,0.344263570506631,0.007633673249651345,0.03930762183728852,1.2238266219095038,1. North Central,113,17,3340750.675352395,6.394010133106565,CV < 10%
Post-Planting,Canned fish/seafood,37. FCT,0,0,NA,0,0,0,1. North Central,113,17,3340750.675352395,6.394010133106565,No estimate
Post-Planting,Cashew nut,37. FCT,0,0,NA,0,0,0,1. North Central,113,17,3340750.675352395,6.394010133106565,No estimate
Post-Planting,Cassava flour,37. FCT,0.06443126111911594,0.015715139953104366,0.24390551543064368,0.033629586811031384,0.0952329354272005,3.3596300440681888,1. North Central,113,17,3340750.675352395,6.394010133106565,CV < 10%
Post-Planting,Cassava roots,37. FCT,0.11931392740947223,0.05297939986493507,0.4440336599022142,0.015474303674199497,0.22315355114474497,6.221369072065338,1. North Central,113,17,3340750.675352395,6.394010133106565,CV < 10%
Post-Planting,Cheese/wara,37. FCT,0.005620149673456416,0.00158036546981972,0.28119633135104544,0.002522633352609765,0.008717665994303066,0.2930506615445131,1. North Central,113,17,3340750.675352395,6.394010133106565,CV < 10%
Post-Planting,Chicken,37. FCT,0.08485120640136816,0.025923433802749297,0.30551638452993524,0.03404127614797954,0.13566113665475676,4.424384333785626,1. North Central,113,17,3340750.675352395,6.394010133106565,CV < 10%
Post-Planting,Chocolate drinks,37. FCT,0.007341096759470123,0.0019331607902785817,0.2633340566972879,0.0035521016105241033,0.011130091908416143,0.38278575960094213,1. North Central,113,17,3340750.675352395,6.394010133106565,CV < 10%
Post-Planting,Coconut,37. FCT,0.0077193431217318365,0.0025768146403117795,0.3338126832395126,0.0026687864267207484,0.012769899816742925,0.40250860563316004,1. North Central,113,17,3340750.675352395,6.394010133106565,CV < 10%
Post-Planting,Cocoyam,37. FCT,0.005414180564668552,0.0036743449759736924,0.6786520937169059,0,0.012615896717576989,0.2823108437291459,1. North Central,113,17,3340750.675352395,6.394010133106565,CV < 10%
Post-Planting,Coffee,37. FCT,0.0015577691284163525,4.858842972704448e-4,0.3119103392197795,6.054359057662806e-4,0.0025101023510664244,0.08122653312456696,1. North Central,113,17,3340750.675352395,6.394010133106565,CV < 10%
Post-Planting,Dry pepper,37. FCT,0.0015633578630845314,7.444622646716865e-4,0.47619440324613194,1.0421182432802586e-4,0.003022503901841037,0.08151794571797913,1. North Central,113,17,3340750.675352395,6.394010133106565,CV < 10%
Post-Planting,Duck,37. FCT,0,0,NA,0,0,0,1. North Central,113,17,3340750.675352395,6.394010133106565,No estimate
Post-Planting,Fish - dried,37. FCT,0.028140012972554744,0.0034931752763693374,0.12413552473398888,0.021293389430870842,0.034986636514238646,1.4673006764260688,1. North Central,113,17,3340750.675352395,6.394010133106565,CV < 10%
Post-Planting,Fish - fresh,37. FCT,0.08881870972277081,0.021415011647165808,0.241109240541867,0.04684528689432583,0.1307921325512158,4.631261292687335,1. North Central,113,17,3340750.675352395,6.394010133106565,CV < 10%
Post-Planting,Fish - frozen,37. FCT,0.04715610387500718,0.015684015217001534,0.33259777479865316,0.016415434049684176,0.07789677370033019,2.4588539877682316,1. North Central,113,17,3340750.675352395,6.394010133106565,CV < 10%
Post-Planting,Fish - smoked,37. FCT,0.035049761614158646,0.01268333202312174,0.36186642758786125,0.010190430848840037,0.05990909237947725,1.8275947127382721,1. North Central,113,17,3340750.675352395,6.394010133106565,CV < 10%
Post-Planting,Fresh milk,37. FCT,0.005047575327058588,0.0029681517755737775,0.5880351620831444,0,0.010865152807183191,0.26319499919662637,1. North Central,113,17,3340750.675352395,6.394010133106565,CV < 10%
Post-Planting,Fresh pepper,37. FCT,0.06533657955187373,0.011384181922103852,0.17423902506352393,0.04302358298455018,0.08764957611919728,3.406835933776273,1. North Central,113,17,3340750.675352395,6.394010133106565,CV < 10%
Post-Planting,Fruit juice,37. FCT,0,0,NA,0,0,0,1. North Central,113,17,3340750.675352395,6.394010133106565,No estimate
Post-Planting,Garden eggs/Eggplant,37. FCT,0.047022116143414894,0.014283902443586684,0.3037698771365704,0.019025667353984994,0.0750185649328448,2.4518674846209194,1. North Central,113,17,3340750.675352395,6.394010133106565,CV < 10%
Post-Planting,Gari - white,37. FCT,0.13296204376363968,0.020618625866669633,0.15507151727693347,0.0925495370649672,0.17337455046231215,6.933020853389784,1. North Central,113,17,3340750.675352395,6.394010133106565,CV < 10%
Post-Planting,Gari - yellow,37. FCT,0.07479918422331769,0.02108754464371156,0.2819221207112816,0.03346759672164303,0.11613077172499234,3.900243177358708,1. North Central,113,17,3340750.675352395,6.394010133106565,CV < 10%
Post-Planting,Gin,37. FCT,0,0,NA,0,0,0,1. North Central,113,17,3340750.675352395,6.394010133106565,No estimate
Post-Planting,Goat,37. FCT,0.032233608066431635,0.011150625808894482,0.34593166814939474,0.010378381480998452,0.054088834651864814,1.6807524206067923,1. North Central,113,17,3340750.675352395,6.394010133106565,CV < 10%
Post-Planting,Ground pepper,37. FCT,0.0020728799610215975,9.037788661244487e-4,0.43600154525061385,3.0147338341767805e-4,0.003844286538625517,0.10808588368184044,1. North Central,113,17,3340750.675352395,6.394010133106565,CV < 10%
Post-Planting,Groundnut oil,37. FCT,0.10243269316912193,0.014642494477830842,0.14294747140598255,0.07373340399257348,0.1311319823456704,5.341133286675643,1. North Central,113,17,3340750.675352395,6.394010133106565,CV < 10%
Post-Planting,Groundnuts - shelled,37. FCT,0.031403011891485665,0.006683519567037746,0.21283052689763993,0.01830331354009168,0.04450271024287965,1.6374427629131811,1. North Central,113,17,3340750.675352395,6.394010133106565,CV < 10%
Post-Planting,Groundnuts - unshelled,37. FCT,0.04853144819349022,0.011813513606301196,0.2434197627732404,0.025376961525139876,0.07168593486184056,2.530568370089133,1. North Central,113,17,3340750.675352395,6.394010133106565,CV < 10%
Post-Planting,Guava,37. FCT,0.0034647421806764216,0.0023583113828305616,0.6806599913792571,0,0.008087032491024323,0.180661556563842,1. North Central,113,17,3340750.675352395,6.394010133106565,CV < 10%
Post-Planting,Guinea corn / sorghum,37. FCT,0.15762383198379032,0.03940511487399061,0.24999465105024818,0.08038980683076873,0.2348578571368119,8.218956953440495,1. North Central,113,17,3340750.675352395,6.394010133106565,CV < 10%
Post-Planting,Honey,37. FCT,0.015586381010326509,0.010301240286462838,0.6609129007970429,0,0.03577681197179367,0.8127184383955965,1. North Central,113,17,3340750.675352395,6.394010133106565,CV < 10%
Post-Planting,Kola nut,37. FCT,0.0010253049949451695,2.2020328302468e-4,0.21476856555883245,5.937065602167967e-4,0.0014569034296735422,0.05346233187928384,1. North Central,113,17,3340750.675352395,6.394010133106565,CV < 10%
Post-Planting,Leaves,37. FCT,0.10528750149423775,0.013498368353294588,0.12820485016479696,0.07883069952178036,0.13174430346669513,5.489991149342397,1. North Central,113,17,3340750.675352395,6.394010133106565,CV < 10%
Post-Planting,Local eggs,37. FCT,0.0016408602528624394,7.409131265487689e-4,0.45153944417647063,1.8867052482685227e-4,0.0030930499808980265,0.08555914175639863,1. North Central,113,17,3340750.675352395,6.394010133106565,CV < 10%
Post-Planting,Maize - shelled/off cob,37. FCT,0.02906110135431156,0.01578861931090334,0.5432904664695687,0,0.060006795203682115,1.51532885633196,1. North Central,113,17,3340750.675352395,6.394010133106565,CV < 10%
Post-Planting,Maize - unshelled/on cob,37. FCT,0.16129324612667845,0.05136565965398503,0.31846131742951495,0.06061655320486779,0.2619699390484891,8.41029069089109,1. North Central,113,17,3340750.675352395,6.394010133106565,CV < 10%
Post-Planting,Maize flour,37. FCT,0.24722013712090632,0.0312711810930591,0.1264912375554808,0.1859286221785105,0.30851165206330217,12.890764292732971,1. North Central,113,17,3340750.675352395,6.394010133106565,CV < 10%
Post-Planting,Malt drinks,37. FCT,0.06138171352636802,0.0174646917607819,0.284525972923182,0.027150917675235496,0.09561250937750054,3.2006179195891895,1. North Central,113,17,3340750.675352395,6.394010133106565,CV < 10%
Post-Planting,Mangoes,37. FCT,0,0,NA,0,0,0,1. North Central,113,17,3340750.675352395,6.394010133106565,No estimate
Post-Planting,Meat pie/Sausage roll,37. FCT,0.00503964224590799,0.002099368094818252,0.4165708580847905,9.248807800642158e-4,0.009154403711751764,0.262781345679488,1. North Central,113,17,3340750.675352395,6.394010133106565,CV < 10%
Post-Planting,Melon - ground,37. FCT,0.010469972263493239,0.0031548840545309147,0.3013268779642696,0.004286399516612646,0.016653545010373833,0.5459342680250046,1. North Central,113,17,3340750.675352395,6.394010133106565,CV < 10%
Post-Planting,Melon - shelled,37. FCT,0.008016159606072625,0.004443536849532566,0.5543224022344034,0,0.016725491831156455,0.4179854651737869,1. North Central,113,17,3340750.675352395,6.394010133106565,CV < 10%
Post-Planting,Melon - unshelled,37. FCT,9.271092010655641e-5,9.117012743108177e-5,0.9833806775544482,0,2.714043698714767e-4,0.004834212262699013,1. North Central,113,17,3340750.675352395,6.394010133106565,CV < 10%
Post-Planting,Milk - tinned,37. FCT,0.0014224222872333042,9.293259300095579e-4,0.6533403886810238,0,0.003243901110052038,0.0741691621200223,1. North Central,113,17,3340750.675352395,6.394010133106565,CV < 10%
Post-Planting,Milk powder,37. FCT,0.009044684661745609,0.0027342949496630175,0.3023095941893571,0.003685466560406095,0.014403902763085123,0.4716157002195924,1. North Central,113,17,3340750.675352395,6.394010133106565,CV < 10%
Post-Planting,Millet,37. FCT,0.04236979003555458,0.011173707627078134,0.26371873964213005,0.020469323086481434,0.06427025698462772,2.2092819089967746,1. North Central,113,17,3340750.675352395,6.394010133106565,CV < 10%
Post-Planting,Mutton,37. FCT,0.038745823557928764,0.007543978426869905,0.1947042993057284,0.02395962584126375,0.05353202127459378,2.020317942663428,1. North Central,113,17,3340750.675352395,6.394010133106565,CV < 10%
Post-Planting,Ogbono - ground,37. FCT,0.003557469681779161,9.527546687044441e-4,0.2678180712499994,0.0016900705311184505,0.005424868832439872,0.18549663340705624,1. North Central,113,17,3340750.675352395,6.394010133106565,CV < 10%
Post-Planting,Ogbono - unground,37. FCT,2.0477286969261172e-4,1.4895378177574926e-4,0.7274097491496139,0,4.967222819730803e-4,0.010677442491114754,1. North Central,113,17,3340750.675352395,6.394010133106565,CV < 10%
Post-Planting,Okra - dried,37. FCT,0.003355126472280554,0.002699289958129621,0.8045270365903237,0,0.008645734790214611,0.17494588034034317,1. North Central,113,17,3340750.675352395,6.394010133106565,CV < 10%
Post-Planting,Okra - fresh,37. FCT,0.08129000256573175,0.013588021945525715,0.16715489625601046,0.05465747955250135,0.10792252557896215,4.238692990927442,1. North Central,113,17,3340750.675352395,6.394010133106565,CV < 10%
Post-Planting,Onions,37. FCT,0.1497560512100598,0.028254182348813824,0.18866805127748895,0.0943778538063847,0.20513424861373492,7.8087083845245475,1. North Central,113,17,3340750.675352395,6.394010133106565,CV < 10%
Post-Planting,Orange/Tangerine,37. FCT,0.11508692802816946,0.025276468810669913,0.21962936402719058,0.06554504915925644,0.16462880689708248,6.000961247183121,1. North Central,113,17,3340750.675352395,6.394010133106565,CV < 10%
Post-Planting,Other alcoholic beverages,37. FCT,0,0,NA,0,0,0,1. North Central,113,17,3340750.675352395,6.394010133106565,No estimate
Post-Planting,Other domestic poultry,37. FCT,0,0,NA,0,0,0,1. North Central,113,17,3340750.675352395,6.394010133106565,No estimate
Post-Planting,Other eggs,37. FCT,0,0,NA,0,0,0,1. North Central,113,17,3340750.675352395,6.394010133106565,No estimate
Post-Planting,Other fish/seafood,37. FCT,0,0,NA,0,0,0,1. North Central,113,17,3340750.675352395,6.394010133106565,No estimate
Post-Planting,Other fruits,37. FCT,0,0,NA,0,0,0,1. North Central,113,17,3340750.675352395,6.394010133106565,No estimate
Post-Planting,Other grains/flour,37. FCT,0,0,NA,0,0,0,1. North Central,113,17,3340750.675352395,6.394010133106565,No estimate
Post-Planting,Other meat,37. FCT,0,0,NA,0,0,0,1. North Central,113,17,3340750.675352395,6.394010133106565,No estimate
Post-Planting,Other milk products,37. FCT,0,0,NA,0,0,0,1. North Central,113,17,3340750.675352395,6.394010133106565,No estimate
Post-Planting,Other non-alcoholic drinks,37. FCT,0,0,NA,0,0,0,1. North Central,113,17,3340750.675352395,6.394010133106565,No estimate
Post-Planting,Other nuts/seeds/pulses,37. FCT,0,0,NA,0,0,0,1. North Central,113,17,3340750.675352395,6.394010133106565,No estimate
Post-Planting,Other oil/fat,37. FCT,0,0,NA,0,0,0,1. North Central,113,17,3340750.675352395,6.394010133106565,No estimate
Post-Planting,Other roots/tubers,37. FCT,0,0,NA,0,0,0,1. North Central,113,17,3340750.675352395,6.394010133106565,No estimate
Post-Planting,Other spices,37. FCT,0.002412269682397482,0.0010244859469226426,0.42469793257296046,4.0427722642910266e-4,0.004420262138365862,0.12578263343929727,1. North Central,113,17,3340750.675352395,6.394010133106565,CV < 10%
Post-Planting,Other sweets,37. FCT,0,0,NA,0,0,0,1. North Central,113,17,3340750.675352395,6.394010133106565,No estimate
Post-Planting,Other vegetables,37. FCT,0.0020186099378258493,0.0020098737154632825,0.9956721592424259,0,0.005957962420133883,0.10525608961520501,1. North Central,113,17,3340750.675352395,6.394010133106565,CV < 10%
Post-Planting,Palm oil,37. FCT,0.08762142625012707,0.011306391167495454,0.12903683095981397,0.06546089956183598,0.10978195293841816,4.5688315116137685,1. North Central,113,17,3340750.675352395,6.394010133106565,CV < 10%
Post-Planting,Palm wine,37. FCT,0.0018253063810315972,0.0013105259792693578,0.7179758931915287,0,0.004393937300399538,0.09517668986807613,1. North Central,113,17,3340750.675352395,6.394010133106565,CV < 10%
Post-Planting,Pawpaw,37. FCT,0.020796144207559382,0.009970633591592871,0.47944626138765445,0.001253702368037353,0.04033858604708141,1.084370376537025,1. North Central,113,17,3340750.675352395,6.394010133106565,CV < 10%
Post-Planting,Pineapples,37. FCT,0.08031800454449896,0.03542581008903429,0.44106935038963974,0.010883416769991758,0.14975259231900617,4.18801023696316,1. North Central,113,17,3340750.675352395,6.394010133106565,CV < 10%
Post-Planting,Pito,37. FCT,1.777176492079716e-5,1.7929322658722122e-5,1.0088656213171368,0,5.2913237331892515e-5,9.266705994415661e-4,1. North Central,113,17,3340750.675352395,6.394010133106565,CV < 10%
Post-Planting,Plantains,37. FCT,0.14502991426691408,0.04510067105763169,0.3109749549643124,0.056632598993955965,0.23342722953987222,7.5622741010605194,1. North Central,113,17,3340750.675352395,6.394010133106565,CV < 10%
Post-Planting,Pork,37. FCT,5.852730777102276e-4,5.692182386857464e-4,0.972568635674662,0,0.0017009408255342904,0.030517810480604722,1. North Central,113,17,3340750.675352395,6.394010133106565,CV < 10%
Post-Planting,Potatoes,37. FCT,0.28449560716709027,0.11896040469043537,0.4181449614459861,0.051333213973836944,0.5176580003603436,14.834413802283992,1. North Central,113,17,3340750.675352395,6.394010133106565,CV < 10%
Post-Planting,Rice - imported,37. FCT,0.07032805524036992,0.027025336875543794,0.3842753334096267,0.01735839496430408,0.12329771551643576,3.6671057375335745,1. North Central,113,17,3340750.675352395,6.394010133106565,CV < 10%
Post-Planting,Rice - local,37. FCT,0.28513312195976714,0.03216518277649168,0.11280759862416212,0.22208936371784346,0.3481768802016908,14.867655645045001,1. North Central,113,17,3340750.675352395,6.394010133106565,CV < 10%
Post-Planting,Sachet water,37. FCT,1.7306335615930026,0.39530837117306455,0.22841829717504936,0.9558291540937961,2.5054379690922093,90.24017856877799,1. North Central,113,17,3340750.675352395,6.394010133106565,CV < 10%
Post-Planting,Salt,37. FCT,0.0353816818587967,0.003993139074393441,0.11285893899361527,0.027555129272985555,0.04320823444460784,1.8449019826372566,1. North Central,113,17,3340750.675352395,6.394010133106565,CV < 10%
Post-Planting,Seafood,37. FCT,0,0,NA,0,0,0,1. North Central,113,17,3340750.675352395,6.394010133106565,No estimate
Post-Planting,Shea butter,37. FCT,0,0,NA,0,0,0,1. North Central,113,17,3340750.675352395,6.394010133106565,No estimate
Post-Planting,Snails,37. FCT,0.002173382395218831,0.001902975915628791,0.8755826493373184,0,0.005903215189851261,0.11332636775069618,1. North Central,113,17,3340750.675352395,6.394010133106565,CV < 10%
Post-Planting,Soft drinks,37. FCT,0.15649615845046977,0.021680703957146247,0.1385382502153117,0.11400197869446313,0.1989903382064764,8.16015683348878,1. North Central,113,17,3340750.675352395,6.394010133106565,CV < 10%
Post-Planting,Soya beans,37. FCT,0.004762381250727232,0.0027402244189506115,0.5753895529746111,0,0.010133221111870431,0.24832416521649137,1. North Central,113,17,3340750.675352395,6.394010133106565,CV < 10%
Post-Planting,Sugar,37. FCT,0.02823424519360179,0.0040487965974397334,0.14340020672333179,0.02029860386261991,0.036169886524583666,1.4722142136663792,1. North Central,113,17,3340750.675352395,6.394010133106565,CV < 10%
Post-Planting,Sweet potatoes,37. FCT,0.2080311107235608,0.030956132156137735,0.14880530151700894,0.14735709169753086,0.26870512974959077,10.847336487728528,1. North Central,113,17,3340750.675352395,6.394010133106565,CV < 10%
Post-Planting,Tea,37. FCT,0.003985143959343851,0.0018045665601700372,0.45282343086726456,4.4819350141057793e-4,0.007522094417277124,0.20779679216578653,1. North Central,113,17,3340750.675352395,6.394010133106565,CV < 10%
Post-Planting,Tomato puree - canned,37. FCT,0.005764856620994552,0.0021032421233637072,0.3648385834443973,0.0016425020592016858,0.009887211182787419,0.3005960952375731,1. North Central,113,17,3340750.675352395,6.394010133106565,CV < 10%
Post-Planting,Tomatoes,37. FCT,0.24364988597710613,0.03766527433580803,0.1545876953102582,0.1698259482789224,0.31747382367528987,12.704601197377675,1. North Central,113,17,3340750.675352395,6.394010133106565,CV < 10%
Post-Planting,Watermelon,37. FCT,0.2999646074910563,0.055365633052501494,0.184573885284624,0.1914479667081534,0.4084812482739592,15.641011676319364,1. North Central,113,17,3340750.675352395,6.394010133106565,CV < 10%
Post-Planting,Wheat flour,37. FCT,0.03779570421236312,0.015953741894492376,0.42210463403070675,0.00652637009915806,0.06906503832556818,1.970776005358934,1. North Central,113,17,3340750.675352395,6.394010133106565,CV < 10%
Post-Planting,White beans,37. FCT,0.16660705613210644,0.018889388885761825,0.11337688405456255,0.12958385391601326,0.20363025834819962,8.687367926888408,1. North Central,113,17,3340750.675352395,6.394010133106565,CV < 10%
Post-Planting,Wild game/Bush meat,37. FCT,0,0,NA,0,0,0,1. North Central,113,17,3340750.675352395,6.394010133106565,No estimate
Post-Planting,Yam flour,37. FCT,0.04163772269385342,0.018659243198159422,0.44813313483433875,0.005065606025460953,0.07820983936224589,2.1711098261795,1. North Central,113,17,3340750.675352395,6.394010133106565,CV < 10%
Post-Planting,Yam roots,37. FCT,0.5241487955796013,0.12822402373836872,0.2446328691771183,0.27282970905239856,0.775467882106804,27.33061576950778,1. North Central,113,17,3340750.675352395,6.394010133106565,CV < 10%
Post-Planting,Agricultural eggs,4. Anambra,0.010661997088749967,0.003457258634666327,0.32425994922792295,0.0038857701648039667,0.017438224012695968,0.5559469910562483,4. South East,116,17,6463796.613372944,4.644183693951209,CV < 10%
Post-Planting,Animal fat,4. Anambra,0,0,NA,0,0,0,4. South East,116,17,6463796.613372944,4.644183693951209,No estimate
Post-Planting,Apples,4. Anambra,0.002194047534076673,8.929438159617657e-4,0.4069847175565163,4.4387765479161206e-4,0.003944217413361734,0.11440390713399794,4. South East,116,17,6463796.613372944,4.644183693951209,CV < 10%
Post-Planting,Avocado pear,4. Anambra,8.230568644170025e-4,8.458022653652235e-4,1.0276352727637261,0,0.0024808293045328403,0.0429165365017437,4. South East,116,17,6463796.613372944,4.644183693951209,CV < 10%
Post-Planting,Baby milk powder,4. Anambra,0.003499445643145774,0.0025617379590215936,0.7320410774315551,0,0.008520452042828097,0.18247109424974392,4. South East,116,17,6463796.613372944,4.644183693951209,CV < 10%
Post-Planting,Bananas,4. Anambra,0.029215950917253257,0.007362228577019129,0.25199346062261563,0.014785982906295765,0.04364591892821075,1.5234031549710625,4. South East,116,17,6463796.613372944,4.644183693951209,CV < 10%
Post-Planting,Beef,4. Anambra,0.15973209064989236,0.015921824961766372,0.09967831070754912,0.12852531372483028,0.19093886757495443,8.328887583887244,4. South East,116,17,6463796.613372944,4.644183693951209,CV < 10%
Post-Planting,Beer,4. Anambra,0.089391420656116,0.024381330986760794,0.2727479976020794,0.04160401192206484,0.13717882939016715,4.661124077068905,4. South East,116,17,6463796.613372944,4.644183693951209,CV < 10%
Post-Planting,Biscuits,4. Anambra,0.0030954463184277702,9.851248973924446e-4,0.3182497113672468,0.0011646015195385787,0.005026291117316962,0.1614054151751623,4. South East,116,17,6463796.613372944,4.644183693951209,CV < 10%
Post-Planting,Bottled water,4. Anambra,0.01694811778805238,0.015111312592995665,0.8916218769525206,0,0.04656629047032388,0.8837232846627312,4. South East,116,17,6463796.613372944,4.644183693951209,CV < 10%
Post-Planting,Bread,4. Anambra,0.13252761766860643,0.014458029896141037,0.10909446763235602,0.10418987907217,0.16086535626504286,6.910368635577336,4. South East,116,17,6463796.613372944,4.644183693951209,CV < 10%
Post-Planting,Brown beans,4. Anambra,0.06696622743357658,0.01007439535369868,0.1504399417406545,0.04722041254032717,0.086712042326826,3.4918104304650646,4. South East,116,17,6463796.613372944,4.644183693951209,CV < 10%
Post-Planting,Buns/Pofpof/Donuts,4. Anambra,9.914684165374327e-4,5.400562348731013e-4,0.5447034175422083,0,0.002049978636888711,0.051697996005166134,4. South East,116,17,6463796.613372944,4.644183693951209,CV < 10%
Post-Planting,Butter/Margarine,4. Anambra,0,0,NA,0,0,0,4. South East,116,17,6463796.613372944,4.644183693951209,No estimate
Post-Planting,Cake,4. Anambra,0.003010535224122426,0.001942608070045522,0.6452700019850438,0,0.006818047041411649,0.15697790811495507,4. South East,116,17,6463796.613372944,4.644183693951209,CV < 10%
Post-Planting,Canned fish/seafood,4. Anambra,0,0,NA,0,0,0,4. South East,116,17,6463796.613372944,4.644183693951209,No estimate
Post-Planting,Cashew nut,4. Anambra,4.731283244394028e-4,4.6139166714393966e-4,0.9751935010245485,0,0.0013774559920415245,0.024670262631483145,4. South East,116,17,6463796.613372944,4.644183693951209,CV < 10%
Post-Planting,Cassava flour,4. Anambra,0.0014698674340785534,0.001480354588203385,1.0071347618715056,0,0.004371362426957188,0.076643087634096,4. South East,116,17,6463796.613372944,4.644183693951209,CV < 10%
Post-Planting,Cassava roots,4. Anambra,0.05274473096916904,0.03391858602119125,0.6430706043607983,0,0.11922515957070388,2.7502609719638142,4. South East,116,17,6463796.613372944,4.644183693951209,CV < 10%
Post-Planting,Cheese/wara,4. Anambra,0,0,NA,0,0,0,4. South East,116,17,6463796.613372944,4.644183693951209,No estimate
Post-Planting,Chicken,4. Anambra,0.012126264408223373,0.005331694310600517,0.4396815153547907,0.0016761435594463588,0.022576385257000387,0.6322980727145044,4. South East,116,17,6463796.613372944,4.644183693951209,CV < 10%
Post-Planting,Chocolate drinks,4. Anambra,0.007069514746396122,0.0011363842450683708,0.1607443064812438,0.0048422016260621144,0.00929682786673013,0.36862469749065496,4. South East,116,17,6463796.613372944,4.644183693951209,CV < 10%
Post-Planting,Coconut,4. Anambra,0.0357195658369248,0.014390838429221894,0.40288391227716114,0.0075135225156498925,0.06392560915819971,1.8625202186396503,4. South East,116,17,6463796.613372944,4.644183693951209,CV < 10%
Post-Planting,Cocoyam,4. Anambra,0.15790552821778978,0.024568230057257202,0.15558815663104392,0.10975179730556567,0.20605925913001388,8.233645399927608,4. South East,116,17,6463796.613372944,4.644183693951209,CV < 10%
Post-Planting,Coffee,4. Anambra,0,0,NA,0,0,0,4. South East,116,17,6463796.613372944,4.644183693951209,No estimate
Post-Planting,Dry pepper,4. Anambra,0.003947309252671465,0.0012355337138109613,0.3130065659220329,0.001525663173601981,0.006368955331740949,0.2058239824607264,4. South East,116,17,6463796.613372944,4.644183693951209,CV < 10%
Post-Planting,Duck,4. Anambra,0,0,NA,0,0,0,4. South East,116,17,6463796.613372944,4.644183693951209,No estimate
Post-Planting,Fish - dried,4. Anambra,0.019101702482144916,0.00778762752778176,0.40769285015621776,0.003837952527692666,0.034365452436597166,0.996017343711842,4. South East,116,17,6463796.613372944,4.644183693951209,CV < 10%
Post-Planting,Fish - fresh,4. Anambra,0.021727860187147032,0.00997828591614814,0.4592392361789371,0.002170419791496677,0.04128530058279739,1.132952709758381,4. South East,116,17,6463796.613372944,4.644183693951209,CV < 10%
Post-Planting,Fish - frozen,4. Anambra,0.0613919546142436,0.005684975346979735,0.09260130879854343,0.050249402934163315,0.07253450629432388,3.2011519191712736,4. South East,116,17,6463796.613372944,4.644183693951209,CV < 10%
Post-Planting,Fish - smoked,4. Anambra,0.0070372558061543074,0.003040024852622222,0.43199010187516873,0.0010788070950147523,0.012995704517293863,0.366942624178046,4. South East,116,17,6463796.613372944,4.644183693951209,CV < 10%
Post-Planting,Fresh milk,4. Anambra,0,0,NA,0,0,0,4. South East,116,17,6463796.613372944,4.644183693951209,No estimate
Post-Planting,Fresh pepper,4. Anambra,0.06115476161826343,0.006978539602624169,0.11411277581597307,0.047476823997120055,0.0748326992394068,3.1887839986665933,4. South East,116,17,6463796.613372944,4.644183693951209,CV < 10%
Post-Planting,Fruit juice,4. Anambra,0,0,NA,0,0,0,4. South East,116,17,6463796.613372944,4.644183693951209,No estimate
Post-Planting,Garden eggs/Eggplant,4. Anambra,0.01585429056624977,0.0070825778085765075,0.4467294060860552,0.001972438061439815,0.029736143071059724,0.8266880080973094,4. South East,116,17,6463796.613372944,4.644183693951209,CV < 10%
Post-Planting,Gari - white,4. Anambra,0.37800052932415795,0.04378239404198165,0.1158262770696695,0.29218703700187393,0.463814021646442,19.71002760047395,4. South East,116,17,6463796.613372944,4.644183693951209,CV < 10%
Post-Planting,Gari - yellow,4. Anambra,0.032446556288625056,0.016279530361553385,0.501733688368666,5.386767799804223e-4,0.06435443579726968,1.6918561493354491,4. South East,116,17,6463796.613372944,4.644183693951209,CV < 10%
Post-Planting,Gin,4. Anambra,6.654403694167777e-4,6.838299955336075e-4,1.02763527276373,0,0.0020057471606626485,0.03469796211958912,4. South East,116,17,6463796.613372944,4.644183693951209,CV < 10%
Post-Planting,Goat,4. Anambra,0.0015128049052866655,0.0012057192136054446,0.7970090587305239,0,0.003876014563953337,0.07888197006137612,4. South East,116,17,6463796.613372944,4.644183693951209,CV < 10%
Post-Planting,Ground pepper,4. Anambra,0.005036747533406925,0.001504402968885627,0.2986854034091378,0.0020881177143910958,0.007985377352422754,0.26263040709907537,4. South East,116,17,6463796.613372944,4.644183693951209,CV < 10%
Post-Planting,Groundnut oil,4. Anambra,0.08272304088149746,0.004378126930578476,0.05292512078769248,0.07414191209756364,0.09130416966543127,4.313415703106653,4. South East,116,17,6463796.613372944,4.644183693951209,CV < 10%
Post-Planting,Groundnuts - shelled,4. Anambra,0.005690649280882676,0.0021827902243900335,0.3835748992163265,0.0014123804410782108,0.009968918120687141,0.2967267125031681,4. South East,116,17,6463796.613372944,4.644183693951209,CV < 10%
Post-Planting,Groundnuts - unshelled,4. Anambra,0.05467045726911864,0.011987000219468158,0.21925919076296405,0.03117593683896105,0.07816497769927623,2.8506738433183294,4. South East,116,17,6463796.613372944,4.644183693951209,CV < 10%
Post-Planting,Guava,4. Anambra,0.04122157672663141,0.013268598410004594,0.3218847861642407,0.015215123843022406,0.06722802961024041,2.1494107864600664,4. South East,116,17,6463796.613372944,4.644183693951209,CV < 10%
Post-Planting,Guinea corn / sorghum,4. Anambra,0,0,NA,0,0,0,4. South East,116,17,6463796.613372944,4.644183693951209,No estimate
Post-Planting,Honey,4. Anambra,3.486099704622706e-4,3.04662409996834e-4,0.8739348722379902,0,9.457482940560652e-4,0.018177519888389827,4. South East,116,17,6463796.613372944,4.644183693951209,CV < 10%
Post-Planting,Kola nut,4. Anambra,8.592840157302046e-4,4.800588685189179e-4,0.5586731042715514,0,0.0018001993980272836,0.04480552367736067,4. South East,116,17,6463796.613372944,4.644183693951209,CV < 10%
Post-Planting,Leaves,4. Anambra,0.05101137921538593,0.021459739591494387,0.42068534357568893,0.008950289616056928,0.09307246881471493,2.6598790590879804,4. South East,116,17,6463796.613372944,4.644183693951209,CV < 10%
Post-Planting,Local eggs,4. Anambra,5.360909233210495e-4,3.960963249682837e-4,0.7388603457683856,0,0.0013124397202588854,0.02795331243031187,4. South East,116,17,6463796.613372944,4.644183693951209,CV < 10%
Post-Planting,Maize - shelled/off cob,4. Anambra,0.004029007926364447,0.003433697004733571,0.8522437948718429,0,0.010759054055642247,0.21008398473186046,4. South East,116,17,6463796.613372944,4.644183693951209,CV < 10%
Post-Planting,Maize - unshelled/on cob,4. Anambra,0.31237509242359646,0.10856868958207627,0.3475587273611803,0.09958046084272695,0.5251697240044659,16.288129819230388,4. South East,116,17,6463796.613372944,4.644183693951209,CV < 10%
Post-Planting,Maize flour,4. Anambra,0.005670808274653203,0.0038062358432975714,0.6711981183194455,0,0.013131030527516442,0.2956921457497742,4. South East,116,17,6463796.613372944,4.644183693951209,CV < 10%
Post-Planting,Malt drinks,4. Anambra,0.015826499464326352,0.005712534274850322,0.360947427934183,0.00462993228561972,0.027023066643032986,0.8252389006398742,4. South East,116,17,6463796.613372944,4.644183693951209,CV < 10%
Post-Planting,Mangoes,4. Anambra,0,0,NA,0,0,0,4. South East,116,17,6463796.613372944,4.644183693951209,No estimate
Post-Planting,Meat pie/Sausage roll,4. Anambra,0.0012774472615391154,6.228964351236352e-4,0.4876102942779389,5.65702486967903e-5,0.0024983242743814404,0.06660975006596816,4. South East,116,17,6463796.613372944,4.644183693951209,CV < 10%
Post-Planting,Melon - ground,4. Anambra,0.009254749410300302,0.003197327913036456,0.34547968521739886,0.0029879867007488485,0.015521512119851755,0.48256907639423,4. South East,116,17,6463796.613372944,4.644183693951209,CV < 10%
Post-Planting,Melon - shelled,4. Anambra,0.015748229503582838,0.003230546961494318,0.20513715276751238,0.009416357459053974,0.0220801015481117,0.8211576812582481,4. South East,116,17,6463796.613372944,4.644183693951209,CV < 10%
Post-Planting,Melon - unshelled,4. Anambra,8.854548648639029e-5,9.003407225918633e-5,1.0168115375708602,0,2.650122681143955e-4,0.004617014652504636,4. South East,116,17,6463796.613372944,4.644183693951209,CV < 10%
Post-Planting,Milk - tinned,4. Anambra,0.0026657981446347686,0.0012119412132138119,0.4546260247247098,2.9039336673569727e-4,0.00504120292253384,0.13900233182738436,4. South East,116,17,6463796.613372944,4.644183693951209,CV < 10%
Post-Planting,Milk powder,4. Anambra,0.009478806587613818,0.0011563758046922632,0.12199592786325306,0.007212310010416983,0.011745303164810653,0.49425205778272047,4. South East,116,17,6463796.613372944,4.644183693951209,CV < 10%
Post-Planting,Millet,4. Anambra,0,0,NA,0,0,0,4. South East,116,17,6463796.613372944,4.644183693951209,No estimate
Post-Planting,Mutton,4. Anambra,0,0,NA,0,0,0,4. South East,116,17,6463796.613372944,4.644183693951209,No estimate
Post-Planting,Ogbono - ground,4. Anambra,0.001871696871786364,4.067204721203472e-4,0.21730039636822687,0.0010745247464304833,0.0026688689971422447,0.09759562260028898,4. South East,116,17,6463796.613372944,4.644183693951209,CV < 10%
Post-Planting,Ogbono - unground,4. Anambra,0.006821034882873801,0.0014446509284810184,0.2117935112908213,0.003989519063051005,0.009652550702696598,0.3556682474641339,4. South East,116,17,6463796.613372944,4.644183693951209,CV < 10%
Post-Planting,Okra - dried,4. Anambra,0.0018671322130968907,7.293165784724887e-4,0.39060789233710386,4.3767171929081283e-4,0.0032965927069029686,0.09735760825433788,4. South East,116,17,6463796.613372944,4.644183693951209,CV < 10%
Post-Planting,Okra - fresh,4. Anambra,0.09593362626265589,0.007502716463797229,0.07820736853265198,0.08122830199361332,0.11063895053169846,5.002253369409914,4. South East,116,17,6463796.613372944,4.644183693951209,CV < 10%
Post-Planting,Onions,4. Anambra,0.23990933491460403,0.01716740523920525,0.07155788767167398,0.20626122064576174,0.2735574491834463,12.509558177690067,4. South East,116,17,6463796.613372944,4.644183693951209,CV < 10%
Post-Planting,Orange/Tangerine,4. Anambra,0.15417699968775303,0.02202945923641583,0.14288421282701694,0.11099925958437801,0.19735473979112805,8.039229269432836,4. South East,116,17,6463796.613372944,4.644183693951209,CV < 10%
Post-Planting,Other alcoholic beverages,4. Anambra,0,0,NA,0,0,0,4. South East,116,17,6463796.613372944,4.644183693951209,No estimate
Post-Planting,Other domestic poultry,4. Anambra,0,0,NA,0,0,0,4. South East,116,17,6463796.613372944,4.644183693951209,No estimate
Post-Planting,Other eggs,4. Anambra,0,0,NA,0,0,0,4. South East,116,17,6463796.613372944,4.644183693951209,No estimate
Post-Planting,Other fish/seafood,4. Anambra,0,0,NA,0,0,0,4. South East,116,17,6463796.613372944,4.644183693951209,No estimate
Post-Planting,Other fruits,4. Anambra,5.20746023471011e-4,5.425422426605851e-4,1.0418557573311693,0,0.001584128819085758,0.027153185509559863,4. South East,116,17,6463796.613372944,4.644183693951209,CV < 10%
Post-Planting,Other grains/flour,4. Anambra,0.004425899800330715,0.0037057177088177175,0.8372800732047336,0,0.011689106509613441,0.23077906101724444,4. South East,116,17,6463796.613372944,4.644183693951209,CV < 10%
Post-Planting,Other meat,4. Anambra,0,0,NA,0,0,0,4. South East,116,17,6463796.613372944,4.644183693951209,No estimate
Post-Planting,Other milk products,4. Anambra,0,0,NA,0,0,0,4. South East,116,17,6463796.613372944,4.644183693951209,No estimate
Post-Planting,Other non-alcoholic drinks,4. Anambra,0,0,NA,0,0,0,4. South East,116,17,6463796.613372944,4.644183693951209,No estimate
Post-Planting,Other nuts/seeds/pulses,4. Anambra,0,0,NA,0,0,0,4. South East,116,17,6463796.613372944,4.644183693951209,No estimate
Post-Planting,Other oil/fat,4. Anambra,0,0,NA,0,0,0,4. South East,116,17,6463796.613372944,4.644183693951209,No estimate
Post-Planting,Other roots/tubers,4. Anambra,0,0,NA,0,0,0,4. South East,116,17,6463796.613372944,4.644183693951209,No estimate
Post-Planting,Other spices,4. Anambra,0.00688117361859817,7.723489517152185e-4,0.11224087554305325,0.005367369673236342,0.008394977563959998,0.3588040529697617,4. South East,116,17,6463796.613372944,4.644183693951209,CV < 10%
Post-Planting,Other sweets,4. Anambra,0,0,NA,0,0,0,4. South East,116,17,6463796.613372944,4.644183693951209,No estimate
Post-Planting,Other vegetables,4. Anambra,0,0,NA,0,0,0,4. South East,116,17,6463796.613372944,4.644183693951209,No estimate
Post-Planting,Palm oil,4. Anambra,0.09455155332425573,0.006343750610896803,0.06709303430628477,0.082117802126898,0.10698530452161346,4.930188137621906,4. South East,116,17,6463796.613372944,4.644183693951209,CV < 10%
Post-Planting,Palm wine,4. Anambra,0,0,NA,0,0,0,4. South East,116,17,6463796.613372944,4.644183693951209,No estimate
Post-Planting,Pawpaw,4. Anambra,0.03089856089838767,0.0136120906760244,0.4405412511213329,0.004218863173379845,0.057578258623395495,1.6111392468444998,4. South East,116,17,6463796.613372944,4.644183693951209,CV < 10%
Post-Planting,Pineapples,4. Anambra,0.017981837173679564,0.00936218693735214,0.5206468530955108,0,0.03633172357088976,0.9376243669132915,4. South East,116,17,6463796.613372944,4.644183693951209,CV < 10%
Post-Planting,Pito,4. Anambra,0,0,NA,0,0,0,4. South East,116,17,6463796.613372944,4.644183693951209,No estimate
Post-Planting,Plantains,4. Anambra,0.06966264452332281,0.01157675910731914,0.16618317014139883,0.04697219667297729,0.09235309237366833,3.632409321573261,4. South East,116,17,6463796.613372944,4.644183693951209,CV < 10%
Post-Planting,Pork,4. Anambra,0,0,NA,0,0,0,4. South East,116,17,6463796.613372944,4.644183693951209,No estimate
Post-Planting,Potatoes,4. Anambra,9.446356987358865e-4,9.456300441145789e-4,1.001052623122356,0,0.002798070585200461,0.049256004291228374,4. South East,116,17,6463796.613372944,4.644183693951209,CV < 10%
Post-Planting,Rice - imported,4. Anambra,0.00461310813898546,0.0028118988138986526,0.6095453930800463,0,0.010124429814226819,0.24054063867567038,4. South East,116,17,6463796.613372944,4.644183693951209,CV < 10%
Post-Planting,Rice - local,4. Anambra,0.5008818325116172,0.023003256886674192,0.04592551654614198,0.4557954490137358,0.5459682160094986,26.117409838105754,4. South East,116,17,6463796.613372944,4.644183693951209,CV < 10%
Post-Planting,Sachet water,4. Anambra,1.0727223332140137,0.19128477881444358,0.17831714031843623,0.6978041667377042,1.4476404996903232,55.93480737473072,4. South East,116,17,6463796.613372944,4.644183693951209,CV < 10%
Post-Planting,Salt,4. Anambra,0.019536091061770986,0.0017015949335340635,0.08710007176736667,0.016200964992044223,0.02287121713149775,1.0186676053637729,4. South East,116,17,6463796.613372944,4.644183693951209,CV < 10%
Post-Planting,Seafood,4. Anambra,0,0,NA,0,0,0,4. South East,116,17,6463796.613372944,4.644183693951209,No estimate
Post-Planting,Shea butter,4. Anambra,0,0,NA,0,0,0,4. South East,116,17,6463796.613372944,4.644183693951209,No estimate
Post-Planting,Snails,4. Anambra,0,0,NA,0,0,0,4. South East,116,17,6463796.613372944,4.644183693951209,No estimate
Post-Planting,Soft drinks,4. Anambra,0.10999238219284221,0.016887378506055904,0.1535322553197221,0.07689312032097265,0.14309164406471178,5.735317071483915,4. South East,116,17,6463796.613372944,4.644183693951209,CV < 10%
Post-Planting,Soya beans,4. Anambra,0.0014638925678120715,0.0010334257283162046,0.7059436949398267,0,0.0034894069953118325,0.07633154103591515,4. South East,116,17,6463796.613372944,4.644183693951209,CV < 10%
Post-Planting,Sugar,4. Anambra,0.014654152910691713,0.0015810908884424486,0.10789370754340089,0.011555214769344515,0.017753091052038913,0.7641094017717822,4. South East,116,17,6463796.613372944,4.644183693951209,CV < 10%
Post-Planting,Sweet potatoes,4. Anambra,0.1607978863669667,0.03489782615491179,0.2170291347939072,0.0923981471033396,0.22919762563059382,8.384461217706122,4. South East,116,17,6463796.613372944,4.644183693951209,CV < 10%
Post-Planting,Tea,4. Anambra,0.003173443983925425,9.679149703160308e-4,0.3050045865686774,0.0012763306421060044,0.005070557325744845,0.16547243630468286,4. South East,116,17,6463796.613372944,4.644183693951209,CV < 10%
Post-Planting,Tomato puree - canned,4. Anambra,0.062019823260399294,0.005824520816402941,0.09391385705740951,0.05060376246024953,0.07343588406054906,3.233890784292249,4. South East,116,17,6463796.613372944,4.644183693951209,CV < 10%
Post-Planting,Tomatoes,4. Anambra,0.207215192888339,0.019956075588403892,0.09630604450493899,0.16810128473506739,0.24632910104161063,10.804792200606247,4. South East,116,17,6463796.613372944,4.644183693951209,CV < 10%
Post-Planting,Watermelon,4. Anambra,0.32281464196110143,0.06580324797263007,0.2038422036028937,0.1938402759347465,0.45178900798745636,16.832477759400287,4. South East,116,17,6463796.613372944,4.644183693951209,CV < 10%
Post-Planting,Wheat flour,4. Anambra,0,0,NA,0,0,0,4. South East,116,17,6463796.613372944,4.644183693951209,No estimate
Post-Planting,White beans,4. Anambra,0.13289999260184857,0.016429827053516522,0.12362549261186334,0.10069753157695618,0.16510245362674095,6.929785328524962,4. South East,116,17,6463796.613372944,4.644183693951209,CV < 10%
Post-Planting,Wild game/Bush meat,4. Anambra,0,0,NA,0,0,0,4. South East,116,17,6463796.613372944,4.644183693951209,No estimate
Post-Planting,Yam flour,4. Anambra,0,0,NA,0,0,0,4. South East,116,17,6463796.613372944,4.644183693951209,No estimate
Post-Planting,Yam roots,4. Anambra,0.318086815246882,0.08639335382763767,0.2716030645928652,0.14875584174471215,0.48741778874905184,16.58595536644456,4. South East,116,17,6463796.613372944,4.644183693951209,CV < 10%
Post-Planting,Agricultural eggs,5. Bauchi,6.454433237506609e-4,6.618906162188337e-4,1.0254821637515712,0,0.001942748931539575,0.033655259024141605,2. North East,225,23,9362428.726430766,8.90010838218174,CV < 10%
Post-Planting,Animal fat,5. Bauchi,0,0,NA,0,0,0,2. North East,225,23,9362428.726430766,8.90010838218174,No estimate
Post-Planting,Apples,5. Bauchi,2.815464893046844e-4,2.887209030488264e-4,1.0254821637515712,0,8.474394592803841e-4,0.014680638370887117,2. North East,225,23,9362428.726430766,8.90010838218174,CV < 10%
Post-Planting,Avocado pear,5. Bauchi,0,0,NA,0,0,0,2. North East,225,23,9362428.726430766,8.90010838218174,No estimate
Post-Planting,Baby milk powder,5. Bauchi,0,0,NA,0,0,0,2. North East,225,23,9362428.726430766,8.90010838218174,No estimate
Post-Planting,Bananas,5. Bauchi,0.00596343403883852,0.003338801435601641,0.5598789915100544,0,0.012507484852617736,0.31095048916800855,2. North East,225,23,9362428.726430766,8.90010838218174,CV < 10%
Post-Planting,Beef,5. Bauchi,0.005682432750228466,0.0021733753939177695,0.38247269953707547,0.0014226169781496375,0.009942248522307294,0.2962982791190557,2. North East,225,23,9362428.726430766,8.90010838218174,CV < 10%
Post-Planting,Beer,5. Bauchi,8.553598898615012e-4,8.631735972812412e-4,1.0091349939509149,0,0.002547180140532734,0.044600908542778275,2. North East,225,23,9362428.726430766,8.90010838218174,CV < 10%
Post-Planting,Biscuits,5. Bauchi,0.002961370797315214,8.453465007385528e-4,0.2854578364536268,0.0013044916558676504,0.004618249938762777,0.15441433443143615,2. North East,225,23,9362428.726430766,8.90010838218174,CV < 10%
Post-Planting,Bottled water,5. Bauchi,7.938340613169443e-4,8.140626708589973e-4,1.025482163751571,0,0.0023893968962005793,0.041392776054383525,2. North East,225,23,9362428.726430766,8.90010838218174,CV < 10%
Post-Planting,Bread,5. Bauchi,0.06605430658770076,0.0090805321700961,0.13747070613843798,0.0482564635343124,0.08385214964108911,3.444260272072968,2. North East,225,23,9362428.726430766,8.90010838218174,CV < 10%
Post-Planting,Brown beans,5. Bauchi,7.11768093655238e-4,5.148334352217306e-4,0.7233162596230432,0,0.00172084162668983,0.037113622026308836,2. North East,225,23,9362428.726430766,8.90010838218174,CV < 10%
Post-Planting,Buns/Pofpof/Donuts,5. Bauchi,6.195781202185635e-4,2.731532523735923e-4,0.440869752271488,8.41977455663226e-5,0.0011549584948708043,0.032306573411396526,2. North East,225,23,9362428.726430766,8.90010838218174,CV < 10%
Post-Planting,Butter/Margarine,5. Bauchi,0,0,NA,0,0,0,2. North East,225,23,9362428.726430766,8.90010838218174,No estimate
Post-Planting,Cake,5. Bauchi,7.256913506984881e-4,4.6172309640804847e-4,0.6362527208897192,0,0.0016306686196582631,0.03783962042927831,2. North East,225,23,9362428.726430766,8.90010838218174,CV < 10%
Post-Planting,Canned fish/seafood,5. Bauchi,0,0,NA,0,0,0,2. North East,225,23,9362428.726430766,8.90010838218174,No estimate
Post-Planting,Cashew nut,5. Bauchi,0,0,NA,0,0,0,2. North East,225,23,9362428.726430766,8.90010838218174,No estimate
Post-Planting,Cassava flour,5. Bauchi,0.008273266363490796,0.00495006388862057,0.598320381713415,0,0.017975391585187114,0.43139174609630576,2. North East,225,23,9362428.726430766,8.90010838218174,CV < 10%
Post-Planting,Cassava roots,5. Bauchi,2.6124616270022227,0.3863690466598533,0.14789463036178963,1.8551782955489102,3.3697449584555352,136.22121340797304,2. North East,225,23,9362428.726430766,8.90010838218174,CV < 10%
Post-Planting,Cheese/wara,5. Bauchi,0.004103453567493335,0.001822879622414776,0.4442305956268717,5.306095075603744e-4,0.007676297627426296,0.2139657931621525,2. North East,225,23,9362428.726430766,8.90010838218174,CV < 10%
Post-Planting,Chicken,5. Bauchi,0.005414321571874152,0.001964457900462468,0.3628262330533272,0.0015639840869677152,0.009264659056780589,0.28231819624772364,2. North East,225,23,9362428.726430766,8.90010838218174,CV < 10%
Post-Planting,Chocolate drinks,5. Bauchi,1.4967745357730915e-4,1.1034364965822011e-4,0.7372095597633017,0,3.6595100690742054e-4,0.0078046100793882625,2. North East,225,23,9362428.726430766,8.90010838218174,CV < 10%
Post-Planting,Coconut,5. Bauchi,2.1168908301785183e-4,2.1708337889573268e-4,1.0254821637515712,0,6.371725056534879e-4,0.011038073614502274,2. North East,225,23,9362428.726430766,8.90010838218174,CV < 10%
Post-Planting,Cocoyam,5. Bauchi,0,0,NA,0,0,0,2. North East,225,23,9362428.726430766,8.90010838218174,No estimate
Post-Planting,Coffee,5. Bauchi,4.2337817026948536e-5,4.341667621331329e-5,1.025482163751571,0,1.274345024050426e-4,0.002207614744976602,2. North East,225,23,9362428.726430766,8.90010838218174,CV < 10%
Post-Planting,Dry pepper,5. Bauchi,0.005612686979716952,9.473375691068153e-4,0.16878503514097443,0.003755905344267594,0.00746946861516631,0.29266153537095535,2. North East,225,23,9362428.726430766,8.90010838218174,CV < 10%
Post-Planting,Duck,5. Bauchi,5.370838105445131e-4,5.441545805947095e-4,1.0131651148505627,0,0.0016036267885101436,0.028005084406963896,2. North East,225,23,9362428.726430766,8.90010838218174,CV < 10%
Post-Planting,Fish - dried,5. Bauchi,0.017360680755730565,0.004501948427377718,0.2593186575296983,0.008536861838070238,0.02618449967339089,0.905235496548808,2. North East,225,23,9362428.726430766,8.90010838218174,CV < 10%
Post-Planting,Fish - fresh,5. Bauchi,0.009676797529700869,0.005215014303506746,0.5389194397733724,0,0.01989822556457409,0.5045758711915453,2. North East,225,23,9362428.726430766,8.90010838218174,CV < 10%
Post-Planting,Fish - frozen,5. Bauchi,4.532654436016108e-4,3.7222662929827367e-4,0.8212111347836066,0,0.0011828296370262272,0.023634555273512565,2. North East,225,23,9362428.726430766,8.90010838218174,CV < 10%
Post-Planting,Fish - smoked,5. Bauchi,0.001163240168050734,8.480308163243933e-4,0.7290247015330088,0,0.002825380568046545,0.06065466590550256,2. North East,225,23,9362428.726430766,8.90010838218174,CV < 10%
Post-Planting,Fresh milk,5. Bauchi,0.07415199394841725,0.010239324004708315,0.1380856192731803,0.05408291889918895,0.09422106899764554,3.866496827310328,2. North East,225,23,9362428.726430766,8.90010838218174,CV < 10%
Post-Planting,Fresh pepper,5. Bauchi,0.05460160182095575,0.010895050442767465,0.19953719450380691,0.03324730295313152,0.07595590068877997,2.8470835235212637,2. North East,225,23,9362428.726430766,8.90010838218174,CV < 10%
Post-Planting,Fruit juice,5. Bauchi,4.2337816603570366e-4,4.3416675779146536e-4,1.0254821637515712,0,0.0012743450113069758,0.02207614722900455,2. North East,225,23,9362428.726430766,8.90010838218174,CV < 10%
Post-Planting,Garden eggs/Eggplant,5. Bauchi,0.023113982314327815,0.005782741996191609,0.2501837163995329,0.011779808001792262,0.03444815662686337,1.205229077818522,2. North East,225,23,9362428.726430766,8.90010838218174,CV < 10%
Post-Planting,Gari - white,5. Bauchi,0.007304603655561242,0.0022386815357070262,0.3064754285473986,0.0029167878455754713,0.011692419465547013,0.3808829048971219,2. North East,225,23,9362428.726430766,8.90010838218174,CV < 10%
Post-Planting,Gari - yellow,5. Bauchi,0.00195320828999301,0.0014004674961867866,0.7170087815835547,0,0.0046981245825191125,0.10184586083534983,2. North East,225,23,9362428.726430766,8.90010838218174,CV < 10%
Post-Planting,Gin,5. Bauchi,0,0,NA,0,0,0,2. North East,225,23,9362428.726430766,8.90010838218174,No estimate
Post-Planting,Goat,5. Bauchi,0.008690412912670885,0.002695894873749342,0.3102148195764836,0.0034064589601221747,0.013974366865219596,0.453142959017839,2. North East,225,23,9362428.726430766,8.90010838218174,CV < 10%
Post-Planting,Ground pepper,5. Bauchi,0.0014795168860814703,5.222427060969092e-4,0.3529819166039255,4.5592118213152837e-4,0.0025031125900314122,0.07714623763139095,2. North East,225,23,9362428.726430766,8.90010838218174,CV < 10%
Post-Planting,Groundnut oil,5. Bauchi,0.045196211772015896,0.0025766029467189527,0.0570092679385644,0.04014606999644675,0.05024635354758504,2.3566596138265434,2. North East,225,23,9362428.726430766,8.90010838218174,CV < 10%
Post-Planting,Groundnuts - shelled,5. Bauchi,0.00837111386142263,0.002961472999966525,0.3537728728806511,0.002566626781488241,0.01417560094135702,0.4364937942027515,2. North East,225,23,9362428.726430766,8.90010838218174,CV < 10%
Post-Planting,Groundnuts - unshelled,5. Bauchi,0.001613248090507453,8.387095468872284e-4,0.5198887584757093,0,0.0032571188024064206,0.08411936471931718,2. North East,225,23,9362428.726430766,8.90010838218174,CV < 10%
Post-Planting,Guava,5. Bauchi,6.884918920461713e-4,5.848531789839854e-4,0.8494699585289587,0,0.0018348041228547825,0.03589993437097893,2. North East,225,23,9362428.726430766,8.90010838218174,CV < 10%
Post-Planting,Guinea corn / sorghum,5. Bauchi,0.8294747363681877,0.1219349516059826,0.1470026105193613,0.5904822312204618,1.0684672415159135,43.2511826820555,2. North East,225,23,9362428.726430766,8.90010838218174,CV < 10%
Post-Planting,Honey,5. Bauchi,0,0,NA,0,0,0,2. North East,225,23,9362428.726430766,8.90010838218174,No estimate
Post-Planting,Kola nut,5. Bauchi,0.002413205843648974,9.517851772196281e-4,0.3944069585794005,5.477068962985029e-4,0.004278704790999445,0.12583144756169648,2. North East,225,23,9362428.726430766,8.90010838218174,CV < 10%
Post-Planting,Leaves,5. Bauchi,0.06066902412464108,0.01071807333599822,0.17666467345804912,0.039661600386084565,0.08167644786319758,3.1634562579277135,2. North East,225,23,9362428.726430766,8.90010838218174,CV < 10%
Post-Planting,Local eggs,5. Bauchi,0.0019053691530363757,8.125100387115255e-4,0.4264318215799381,3.128494771617858e-4,0.0034978888289109657,0.09935139155118244,2. North East,225,23,9362428.726430766,8.90010838218174,CV < 10%
Post-Planting,Maize - shelled/off cob,5. Bauchi,0.3480637976817804,0.07347069527853936,0.2110839902566093,0.20406123493584327,0.49206636042771756,18.149040879121408,2. North East,225,23,9362428.726430766,8.90010838218174,CV < 10%
Post-Planting,Maize - unshelled/on cob,5. Bauchi,0.012840749286969705,0.007323095906460023,0.5703012918328074,0,0.02719401726363135,0.6695533556777061,2. North East,225,23,9362428.726430766,8.90010838218174,CV < 10%
Post-Planting,Maize flour,5. Bauchi,0.13638171516978992,0.04380627381702303,0.3212034235123523,0.05052141848842477,0.22224201185115505,7.111332290996189,2. North East,225,23,9362428.726430766,8.90010838218174,CV < 10%
Post-Planting,Malt drinks,5. Bauchi,0.0057610171269486445,0.0015003155833452383,0.2604254683304316,0.0028203985835919773,0.008701635670305312,0.30039589304803643,2. North East,225,23,9362428.726430766,8.90010838218174,CV < 10%
Post-Planting,Mangoes,5. Bauchi,0,0,NA,0,0,0,2. North East,225,23,9362428.726430766,8.90010838218174,No estimate
Post-Planting,Meat pie/Sausage roll,5. Bauchi,0,0,NA,0,0,0,2. North East,225,23,9362428.726430766,8.90010838218174,No estimate
Post-Planting,Melon - ground,5. Bauchi,0,0,NA,0,0,0,2. North East,225,23,9362428.726430766,8.90010838218174,No estimate
Post-Planting,Melon - shelled,5. Bauchi,0,0,NA,0,0,0,2. North East,225,23,9362428.726430766,8.90010838218174,No estimate
Post-Planting,Melon - unshelled,5. Bauchi,0,0,NA,0,0,0,2. North East,225,23,9362428.726430766,8.90010838218174,No estimate
Post-Planting,Milk - tinned,5. Bauchi,6.774050804753617e-5,6.946668276621812e-5,1.0254821637515712,0,2.0389520626932367e-4,0.003532183633907243,2. North East,225,23,9362428.726430766,8.90010838218174,CV < 10%
Post-Planting,Milk powder,5. Bauchi,3.634581158941314e-4,1.9447588779916144e-4,0.5350709732282017,0,7.446308559804878e-4,0.01895174461447971,2. North East,225,23,9362428.726430766,8.90010838218174,CV < 10%
Post-Planting,Millet,5. Bauchi,0.5028392388706895,0.10596122784153288,0.2107258536137868,0.29515523230128504,0.7105232454400939,26.21947459825738,2. North East,225,23,9362428.726430766,8.90010838218174,CV < 10%
Post-Planting,Mutton,5. Bauchi,0,0,NA,0,0,0,2. North East,225,23,9362428.726430766,8.90010838218174,No estimate
Post-Planting,Ogbono - ground,5. Bauchi,0,0,NA,0,0,0,2. North East,225,23,9362428.726430766,8.90010838218174,No estimate
Post-Planting,Ogbono - unground,5. Bauchi,0,0,NA,0,0,0,2. North East,225,23,9362428.726430766,8.90010838218174,No estimate
Post-Planting,Okra - dried,5. Bauchi,0.0012366108326732775,6.206994906164139e-4,0.5019359965289967,2.0039831065106397e-5,0.0024531818342814486,0.06448042198939233,2. North East,225,23,9362428.726430766,8.90010838218174,CV < 10%
Post-Planting,Okra - fresh,5. Bauchi,0.07657563355085718,0.005639353473081566,0.07364422873937083,0.06552250074361732,0.08762876635809705,3.9928723208661245,2. North East,225,23,9362428.726430766,8.90010838218174,CV < 10%
Post-Planting,Onions,5. Bauchi,0.12875108920786074,0.009158216116747522,0.07113117390379621,0.11080098561903559,0.1467011927966859,6.713449651552739,2. North East,225,23,9362428.726430766,8.90010838218174,CV < 10%
Post-Planting,Orange/Tangerine,5. Bauchi,0.04801187363707687,0.01020810154599121,0.2126161878862413,0.028003994606934098,0.06801975266721963,2.503476268219008,2. North East,225,23,9362428.726430766,8.90010838218174,CV < 10%
Post-Planting,Other alcoholic beverages,5. Bauchi,0,0,NA,0,0,0,2. North East,225,23,9362428.726430766,8.90010838218174,No estimate
Post-Planting,Other domestic poultry,5. Bauchi,0,0,NA,0,0,0,2. North East,225,23,9362428.726430766,8.90010838218174,No estimate
Post-Planting,Other eggs,5. Bauchi,0,0,NA,0,0,0,2. North East,225,23,9362428.726430766,8.90010838218174,No estimate
Post-Planting,Other fish/seafood,5. Bauchi,0,0,NA,0,0,0,2. North East,225,23,9362428.726430766,8.90010838218174,No estimate
Post-Planting,Other fruits,5. Bauchi,0,0,NA,0,0,0,2. North East,225,23,9362428.726430766,8.90010838218174,No estimate
Post-Planting,Other grains/flour,5. Bauchi,0.002540540073253874,0.0024687635334268675,0.9717475269992193,0,0.0073793165987705335,0.13247101810538056,2. North East,225,23,9362428.726430766,8.90010838218174,CV < 10%
Post-Planting,Other meat,5. Bauchi,0,0,NA,0,0,0,2. North East,225,23,9362428.726430766,8.90010838218174,No estimate
Post-Planting,Other milk products,5. Bauchi,0,0,NA,0,0,0,2. North East,225,23,9362428.726430766,8.90010838218174,No estimate
Post-Planting,Other non-alcoholic drinks,5. Bauchi,0,0,NA,0,0,0,2. North East,225,23,9362428.726430766,8.90010838218174,No estimate
Post-Planting,Other nuts/seeds/pulses,5. Bauchi,0,0,NA,0,0,0,2. North East,225,23,9362428.726430766,8.90010838218174,No estimate
Post-Planting,Other oil/fat,5. Bauchi,0,0,NA,0,0,0,2. North East,225,23,9362428.726430766,8.90010838218174,No estimate
Post-Planting,Other roots/tubers,5. Bauchi,0,0,NA,0,0,0,2. North East,225,23,9362428.726430766,8.90010838218174,No estimate
Post-Planting,Other spices,5. Bauchi,0.014557089755971168,0.0017957589377022567,0.1233597489474608,0.011037402238074746,0.01807677727386759,0.7590482515613538,2. North East,225,23,9362428.726430766,8.90010838218174,CV < 10%
Post-Planting,Other sweets,5. Bauchi,0,0,NA,0,0,0,2. North East,225,23,9362428.726430766,8.90010838218174,No estimate
Post-Planting,Other vegetables,5. Bauchi,0,0,NA,0,0,0,2. North East,225,23,9362428.726430766,8.90010838218174,No estimate
Post-Planting,Palm oil,5. Bauchi,0.06952743145467878,0.006149940626287442,0.08845344201009726,0.0574735478271554,0.08158131508220216,3.6253589258511076,2. North East,225,23,9362428.726430766,8.90010838218174,CV < 10%
Post-Planting,Palm wine,5. Bauchi,0,0,NA,0,0,0,2. North East,225,23,9362428.726430766,8.90010838218174,No estimate
Post-Planting,Pawpaw,5. Bauchi,0,0,NA,0,0,0,2. North East,225,23,9362428.726430766,8.90010838218174,No estimate
Post-Planting,Pineapples,5. Bauchi,5.789696198264711e-4,5.937230184860742e-4,1.0254821637515712,0,0.0017426667360591766,0.030189130176665992,2. North East,225,23,9362428.726430766,8.90010838218174,CV < 10%
Post-Planting,Pito,5. Bauchi,0,0,NA,0,0,0,2. North East,225,23,9362428.726430766,8.90010838218174,No estimate
Post-Planting,Plantains,5. Bauchi,0.0015654238268790709,0.0016053142131762146,1.0254821637515712,0,0.004711839684704452,0.08162567097298012,2. North East,225,23,9362428.726430766,8.90010838218174,CV < 10%
Post-Planting,Pork,5. Bauchi,0,0,NA,0,0,0,2. North East,225,23,9362428.726430766,8.90010838218174,No estimate
Post-Planting,Potatoes,5. Bauchi,0.011086700551398087,0.007232459160997501,0.6523545149855655,0,0.02526232050695319,0.5780922430371859,2. North East,225,23,9362428.726430766,8.90010838218174,CV < 10%
Post-Planting,Rice - imported,5. Bauchi,9.407959951479032e-4,9.647695127530842e-4,1.025482163751571,0,0.0028317442401439483,0.04905579117556924,2. North East,225,23,9362428.726430766,8.90010838218174,CV < 10%
Post-Planting,Rice - local,5. Bauchi,0.3996819827578763,0.05985676086394497,0.14976096858538068,0.28236273146454416,0.5170012340512085,20.840560529517834,2. North East,225,23,9362428.726430766,8.90010838218174,CV < 10%
Post-Planting,Sachet water,5. Bauchi,0.1971018591092777,0.054017095624389035,0.27405675354102443,0.09122835168547518,0.3029753665330802,10.277454082126622,2. North East,225,23,9362428.726430766,8.90010838218174,CV < 10%
Post-Planting,Salt,5. Bauchi,0.038536018764273816,0.004395592439868524,0.1140645188792469,0.02992065758213151,0.04715137994641612,2.0093781212799917,2. North East,225,23,9362428.726430766,8.90010838218174,CV < 10%
Post-Planting,Seafood,5. Bauchi,0,0,NA,0,0,0,2. North East,225,23,9362428.726430766,8.90010838218174,No estimate
Post-Planting,Shea butter,5. Bauchi,0,0,NA,0,0,0,2. North East,225,23,9362428.726430766,8.90010838218174,No estimate
Post-Planting,Snails,5. Bauchi,0,0,NA,0,0,0,2. North East,225,23,9362428.726430766,8.90010838218174,No estimate
Post-Planting,Soft drinks,5. Bauchi,0.014080965476035196,0.002945931569661803,0.20921374849441748,0.008306939599498062,0.01985499135257233,0.7342217712504067,2. North East,225,23,9362428.726430766,8.90010838218174,CV < 10%
Post-Planting,Soya beans,5. Bauchi,0.016970934718837507,0.006204404766543401,0.3655900437620914,0.004810301376412441,0.029131568061262575,0.8849130246250986,2. North East,225,23,9362428.726430766,8.90010838218174,CV < 10%
Post-Planting,Sugar,5. Bauchi,0.05631392252685347,0.007151810091029739,0.12699896881840145,0.042296374748435187,0.07033147030527176,2.9363688174716454,2. North East,225,23,9362428.726430766,8.90010838218174,CV < 10%
Post-Planting,Sweet potatoes,5. Bauchi,0.08096637456768296,0.023891119142572782,0.2950745821353439,0.03413978104824031,0.12779296808712562,4.221818102457755,2. North East,225,23,9362428.726430766,8.90010838218174,CV < 10%
Post-Planting,Tea,5. Bauchi,1.006248863696275e-4,5.092654210454034e-5,0.5061028532988431,8.088638447284252e-7,2.0044090889452656e-4,0.0052468690749877195,2. North East,225,23,9362428.726430766,8.90010838218174,CV < 10%
Post-Planting,Tomato puree - canned,5. Bauchi,0.0039739133074524514,0.002255589497869133,0.5675990700751143,0,0.008394868723275953,0.2072111938885921,2. North East,225,23,9362428.726430766,8.90010838218174,CV < 10%
Post-Planting,Tomatoes,5. Bauchi,0.09064311411933884,0.017241651682928558,0.19021468812543837,0.05684947682079887,0.12443675141787881,4.7263909505083825,2. North East,225,23,9362428.726430766,8.90010838218174,CV < 10%
Post-Planting,Watermelon,5. Bauchi,0.15924589024241542,0.037416418400041195,0.23496002529850699,0.08590971017833468,0.23258207030649616,8.303535705497376,2. North East,225,23,9362428.726430766,8.90010838218174,CV < 10%
Post-Planting,Wheat flour,5. Bauchi,0,0,NA,0,0,0,2. North East,225,23,9362428.726430766,8.90010838218174,No estimate
Post-Planting,White beans,5. Bauchi,0.23209300228418048,0.01700235056908276,0.07325662730780938,0.19876839516877826,0.2654176093995827,12.10199226196084,2. North East,225,23,9362428.726430766,8.90010838218174,CV < 10%
Post-Planting,Wild game/Bush meat,5. Bauchi,0,0,NA,0,0,0,2. North East,225,23,9362428.726430766,8.90010838218174,No estimate
Post-Planting,Yam flour,5. Bauchi,0,0,NA,0,0,0,2. North East,225,23,9362428.726430766,8.90010838218174,No estimate
Post-Planting,Yam roots,5. Bauchi,0.04059434539956871,0.021572989212081468,0.5314284292489335,0,0.0828774042552484,2.116705152977511,2. North East,225,23,9362428.726430766,8.90010838218174,CV < 10%
Post-Planting,Agricultural eggs,6. Bayelsa,0.021458349880481085,0.0055863716308775,0.2603355645700869,0.010509061483961185,0.03240763827700099,1.118899672339371,5. South South,75,9,2924706.619174361,5.511672098878259,CV < 10%
Post-Planting,Animal fat,6. Bayelsa,0,0,NA,0,0,0,5. South South,75,9,2924706.619174361,5.511672098878259,No estimate
Post-Planting,Apples,6. Bayelsa,0,0,NA,0,0,0,5. South South,75,9,2924706.619174361,5.511672098878259,No estimate
Post-Planting,Avocado pear,6. Bayelsa,0,0,NA,0,0,0,5. South South,75,9,2924706.619174361,5.511672098878259,No estimate
Post-Planting,Baby milk powder,6. Bayelsa,0.001009448358186004,6.83813691281001e-4,0.6774132482713884,0,0.0023497231930967657,0.0526355215339845,5. South South,75,9,2924706.619174361,5.511672098878259,CV < 10%
Post-Planting,Bananas,6. Bayelsa,0.08236847335707022,0.02764634960525777,0.3356423699321205,0.02818162813076499,0.13655531858337544,4.294927539332948,5. South South,75,9,2924706.619174361,5.511672098878259,CV < 10%
Post-Planting,Beef,6. Bayelsa,0.09002547401815321,0.02398393970609287,0.26641281223641905,0.043016952194211186,0.13703399584209525,4.69418543094656,5. South South,75,9,2924706.619174361,5.511672098878259,CV < 10%
Post-Planting,Beer,6. Bayelsa,0.0071555740524314945,0.0038482174943440723,0.537792980150409,0,0.014698080341345877,0.3731120755910708,5. South South,75,9,2924706.619174361,5.511672098878259,CV < 10%
Post-Planting,Biscuits,6. Bayelsa,0.018814366388943692,0.003640441042253247,0.19349261978827842,0.011679101946127328,0.025949630831760058,0.9810348188520639,5. South South,75,9,2924706.619174361,5.511672098878259,CV < 10%
Post-Planting,Bottled water,6. Bayelsa,0.0075420168820446425,0.005299157081040243,0.7026180349259097,0,0.017928364760883518,0.3932623088494706,5. South South,75,9,2924706.619174361,5.511672098878259,CV < 10%
Post-Planting,Bread,6. Bayelsa,0.36970547124928305,0.0709408436940963,0.1918847547870415,0.2306614176088543,0.5087495248897118,19.277499572284047,5. South South,75,9,2924706.619174361,5.511672098878259,CV < 10%
Post-Planting,Brown beans,6. Bayelsa,0.017236602765696392,0.00782490163309517,0.4539700623993019,0.0018997955648298575,0.032573409966562925,0.8987657156398833,5. South South,75,9,2924706.619174361,5.511672098878259,CV < 10%
Post-Planting,Buns/Pofpof/Donuts,6. Bayelsa,0.007091690764757609,0.002303923786532284,0.3248765157642955,0.0025760001431543323,0.011607381386360886,0.3697810184480753,5. South South,75,9,2924706.619174361,5.511672098878259,CV < 10%
Post-Planting,Butter/Margarine,6. Bayelsa,0,0,NA,0,0,0,5. South South,75,9,2924706.619174361,5.511672098878259,No estimate
Post-Planting,Cake,6. Bayelsa,0,0,NA,0,0,0,5. South South,75,9,2924706.619174361,5.511672098878259,No estimate
Post-Planting,Canned fish/seafood,6. Bayelsa,0,0,NA,0,0,0,5. South South,75,9,2924706.619174361,5.511672098878259,No estimate
Post-Planting,Cashew nut,6. Bayelsa,0,0,NA,0,0,0,5. South South,75,9,2924706.619174361,5.511672098878259,No estimate
Post-Planting,Cassava flour,6. Bayelsa,6.630874507873392e-4,7.235460646528437e-4,1.0911774363905045,0,0.002081237737506913,0.03457527421962554,5. South South,75,9,2924706.619174361,5.511672098878259,CV < 10%
Post-Planting,Cassava roots,6. Bayelsa,0.009812213209411336,0.008115175526502788,0.8270484296773288,0,0.0257179572413568,0.5116368316335911,5. South South,75,9,2924706.619174361,5.511672098878259,CV < 10%
Post-Planting,Cheese/wara,6. Bayelsa,0,0,NA,0,0,0,5. South South,75,9,2924706.619174361,5.511672098878259,No estimate
Post-Planting,Chicken,6. Bayelsa,0.011421596101128513,0.007212627478229983,0.6314903288794582,0,0.02555834595845928,0.5955546538445582,5. South South,75,9,2924706.619174361,5.511672098878259,CV < 10%
Post-Planting,Chocolate drinks,6. Bayelsa,0.00885828637844221,0.001547210936414632,0.17466255552315071,0.0058257529430695305,0.011890819813814889,0.46189636116162947,5. South South,75,9,2924706.619174361,5.511672098878259,CV < 10%
Post-Planting,Coconut,6. Bayelsa,0.007757246817595129,0.0033456691602158136,0.43129595317595226,0.001199735263572135,0.014314758371618124,0.404485012631746,5. South South,75,9,2924706.619174361,5.511672098878259,CV < 10%
Post-Planting,Cocoyam,6. Bayelsa,0.014484239348747947,0.010743696940141248,0.7417508563243923,0,0.035541885351424794,0.7552496231847143,5. South South,75,9,2924706.619174361,5.511672098878259,CV < 10%
Post-Planting,Coffee,6. Bayelsa,3.5054310350095835e-5,3.6786336163887644e-5,1.0494097814646373,0,1.0715552923131562e-4,0.0018278318968264257,5. South South,75,9,2924706.619174361,5.511672098878259,CV < 10%
Post-Planting,Dry pepper,6. Bayelsa,0.003617312993041521,6.954123454152131e-4,0.19224555540340296,0.0022543047960277033,0.004980321190055339,0.18861703463716503,5. South South,75,9,2924706.619174361,5.511672098878259,CV < 10%
Post-Planting,Duck,6. Bayelsa,0,0,NA,0,0,0,5. South South,75,9,2924706.619174361,5.511672098878259,No estimate
Post-Planting,Fish - dried,6. Bayelsa,0.017866901337682844,0.0020859877502817175,0.11675151224360256,0.013778365347130679,0.02195543732823501,0.9316312840363198,5. South South,75,9,2924706.619174361,5.511672098878259,CV < 10%
Post-Planting,Fish - fresh,6. Bayelsa,0.3952211507282684,0.05174918009056342,0.13093727396726096,0.29379275775076413,0.4966495437057727,20.60796000225971,5. South South,75,9,2924706.619174361,5.511672098878259,CV < 10%
Post-Planting,Fish - frozen,6. Bayelsa,0.0718588536548538,0.01578779609240579,0.21970564919162727,0.040914773313738446,0.10280293399596915,3.7469259405745197,5. South South,75,9,2924706.619174361,5.511672098878259,CV < 10%
Post-Planting,Fish - smoked,6. Bayelsa,0.009382223552420332,0.003836933367465648,0.4089577855428348,0.0018618341521876624,0.016902612952653003,0.48921594237620303,5. South South,75,9,2924706.619174361,5.511672098878259,CV < 10%
Post-Planting,Fresh milk,6. Bayelsa,0,0,NA,0,0,0,5. South South,75,9,2924706.619174361,5.511672098878259,No estimate
Post-Planting,Fresh pepper,6. Bayelsa,0.10135569186991487,0.02061059183096153,0.20334913067747815,0.06095893188123028,0.14175245185859947,5.284975361788418,5. South South,75,9,2924706.619174361,5.511672098878259,CV < 10%
Post-Planting,Fruit juice,6. Bayelsa,0,0,NA,0,0,0,5. South South,75,9,2924706.619174361,5.511672098878259,No estimate
Post-Planting,Garden eggs/Eggplant,6. Bayelsa,0.0030204633400646606,0.0023330685730497415,0.7724207548235948,0,0.007593277743242154,0.15749558844622874,5. South South,75,9,2924706.619174361,5.511672098878259,CV < 10%
Post-Planting,Gari - white,6. Bayelsa,0.3028951615725369,0.14644281490252903,0.4834769038311598,0.015867244363580002,0.5899230787814937,15.793819139139424,5. South South,75,9,2924706.619174361,5.511672098878259,CV < 10%
Post-Planting,Gari - yellow,6. Bayelsa,0.5770763911363149,0.19295990114740427,0.33437497030063734,0.19887498488740257,0.9552777973852273,30.09041182353642,5. South South,75,9,2924706.619174361,5.511672098878259,CV < 10%
Post-Planting,Gin,6. Bayelsa,0.016024088237233752,0.011618369451983789,0.7250565074265639,0,0.03879609236312198,0.8355417437986171,5. South South,75,9,2924706.619174361,5.511672098878259,CV < 10%
Post-Planting,Goat,6. Bayelsa,0,0,NA,0,0,0,5. South South,75,9,2924706.619174361,5.511672098878259,No estimate
Post-Planting,Ground pepper,6. Bayelsa,0.0019405366483130969,6.140243919429919e-4,0.31641988955826295,7.370488401048328e-4,0.003144024456521361,0.10118512523346863,5. South South,75,9,2924706.619174361,5.511672098878259,CV < 10%
Post-Planting,Groundnut oil,6. Bayelsa,0.024238556535883096,0.002428201118141831,0.10017927901552587,0.019479282344325107,0.028997830727441085,1.2638675907996186,5. South South,75,9,2924706.619174361,5.511672098878259,CV < 10%
Post-Planting,Groundnuts - shelled,6. Bayelsa,0.08536154712683337,0.052090171967000706,0.6102299421729457,0,0.18745828418215477,4.45099495732774,5. South South,75,9,2924706.619174361,5.511672098878259,CV < 10%
Post-Planting,Groundnuts - unshelled,6. Bayelsa,0.9515185876246427,0.6363146118050091,0.6687358713543324,0,2.1986952267624607,49.614897783284945,5. South South,75,9,2924706.619174361,5.511672098878259,CV < 10%
Post-Planting,Guava,6. Bayelsa,0.08987091632059797,0.04461055193555631,0.49638474561020796,0.0024342345269076082,0.17730759811428834,4.686126351002608,5. South South,75,9,2924706.619174361,5.511672098878259,CV < 10%
Post-Planting,Guinea corn / sorghum,6. Bayelsa,0,0,NA,0,0,0,5. South South,75,9,2924706.619174361,5.511672098878259,No estimate
Post-Planting,Honey,6. Bayelsa,4.977210153890265e-5,5.223133019897556e-5,1.049409781464637,0,1.5214550872889475e-4,0.002595259580242781,5. South South,75,9,2924706.619174361,5.511672098878259,CV < 10%
Post-Planting,Kola nut,6. Bayelsa,1.5906924925188605e-4,1.66607930333642e-4,1.047392447737139,0,4.8562079270582435e-4,0.008294325139562629,5. South South,75,9,2924706.619174361,5.511672098878259,CV < 10%
Post-Planting,Leaves,6. Bayelsa,0,0,NA,0,0,0,5. South South,75,9,2924706.619174361,5.511672098878259,No estimate
Post-Planting,Local eggs,6. Bayelsa,0.0010498273268110452,4.546088088967911e-4,0.4330319827715959,1.5879406137333466e-4,0.0019408605922487557,0.054740996326575926,5. South South,75,9,2924706.619174361,5.511672098878259,CV < 10%
Post-Planting,Maize - shelled/off cob,6. Bayelsa,0.025236208576106974,0.017095342025594894,0.6774132482713884,0,0.05874307894627297,1.315888018611292,5. South South,75,9,2924706.619174361,5.511672098878259,CV < 10%
Post-Planting,Maize - unshelled/on cob,6. Bayelsa,0.04128691895116025,0.027968305877823,0.6774132482713883,0,0.09610479847169333,2.15281791673907,5. South South,75,9,2924706.619174361,5.511672098878259,CV < 10%
Post-Planting,Maize flour,6. Bayelsa,0,0,NA,0,0,0,5. South South,75,9,2924706.619174361,5.511672098878259,No estimate
Post-Planting,Malt drinks,6. Bayelsa,0.014243379926453822,0.006281645935786086,0.4410221427934647,0.0019313538923130934,0.026555405960594552,0.7426905247365208,5. South South,75,9,2924706.619174361,5.511672098878259,CV < 10%
Post-Planting,Mangoes,6. Bayelsa,0,0,NA,0,0,0,5. South South,75,9,2924706.619174361,5.511672098878259,No estimate
Post-Planting,Meat pie/Sausage roll,6. Bayelsa,0.004038916199191926,0.0014623327685362839,0.36206068569307176,0.0011727439728608097,0.006905088425523042,0.21060063038643614,5. South South,75,9,2924706.619174361,5.511672098878259,CV < 10%
Post-Planting,Melon - ground,6. Bayelsa,0.006194961418383313,0.0015721886985711861,0.2537850669910188,0.0031134715691837882,0.009276451267582838,0.3230229882442727,5. South South,75,9,2924706.619174361,5.511672098878259,CV < 10%
Post-Planting,Melon - shelled,6. Bayelsa,0.0011630614781321642,6.805246052644916e-4,0.5851149041213111,0,0.0024968897044505677,0.06064534850260571,5. South South,75,9,2924706.619174361,5.511672098878259,CV < 10%
Post-Planting,Melon - unshelled,6. Bayelsa,0.004184311420076683,0.0038505298100297335,0.920230217940893,0,0.01173134984773496,0.2181819526182842,5. South South,75,9,2924706.619174361,5.511672098878259,CV < 10%
Post-Planting,Milk - tinned,6. Bayelsa,0.0020307390089714973,7.175086877272177e-4,0.35332393013448454,6.244219810261507e-4,0.0034370560369168437,0.10588853403922807,5. South South,75,9,2924706.619174361,5.511672098878259,CV < 10%
Post-Planting,Milk powder,6. Bayelsa,0.011813332374610564,0.003167260110445201,0.26810894758640125,0.00560550255813797,0.018021162191083157,0.615980902390408,5. South South,75,9,2924706.619174361,5.511672098878259,CV < 10%
Post-Planting,Millet,6. Bayelsa,0,0,NA,0,0,0,5. South South,75,9,2924706.619174361,5.511672098878259,No estimate
Post-Planting,Mutton,6. Bayelsa,0,0,NA,0,0,0,5. South South,75,9,2924706.619174361,5.511672098878259,No estimate
Post-Planting,Ogbono - ground,6. Bayelsa,0.00978856964973268,0.0020008756138046938,0.20440939640852804,0.00586685344667548,0.01371028585278988,0.5104039888789182,5. South South,75,9,2924706.619174361,5.511672098878259,CV < 10%
Post-Planting,Ogbono - unground,6. Bayelsa,0.00306634799974468,0.0012530766201998731,0.40865440592659763,6.103178241529286e-4,0.005522378175336431,0.1598881457009726,5. South South,75,9,2924706.619174361,5.511672098878259,CV < 10%
Post-Planting,Okra - dried,6. Bayelsa,0,0,NA,0,0,0,5. South South,75,9,2924706.619174361,5.511672098878259,No estimate
Post-Planting,Okra - fresh,6. Bayelsa,0.04579983302486782,0.009079968855089363,0.19825331787037814,0.02800309406889267,0.06359657198084298,2.388134150582393,5. South South,75,9,2924706.619174361,5.511672098878259,CV < 10%
Post-Planting,Onions,6. Bayelsa,0.14425047285724937,0.03290864728607737,0.2281354551859518,0.07974952417653773,0.208751421537961,7.521631798985146,5. South South,75,9,2924706.619174361,5.511672098878259,CV < 10%
Post-Planting,Orange/Tangerine,6. Bayelsa,0.008592353405415419,0.0036771960852376284,0.4279614573255376,0.0013850490783496672,0.01579965773248117,0.4480298561395183,5. South South,75,9,2924706.619174361,5.511672098878259,CV < 10%
Post-Planting,Other alcoholic beverages,6. Bayelsa,0,0,NA,0,0,0,5. South South,75,9,2924706.619174361,5.511672098878259,No estimate
Post-Planting,Other domestic poultry,6. Bayelsa,0,0,NA,0,0,0,5. South South,75,9,2924706.619174361,5.511672098878259,No estimate
Post-Planting,Other eggs,6. Bayelsa,0,0,NA,0,0,0,5. South South,75,9,2924706.619174361,5.511672098878259,No estimate
Post-Planting,Other fish/seafood,6. Bayelsa,0,0,NA,0,0,0,5. South South,75,9,2924706.619174361,5.511672098878259,No estimate
Post-Planting,Other fruits,6. Bayelsa,0,0,NA,0,0,0,5. South South,75,9,2924706.619174361,5.511672098878259,No estimate
Post-Planting,Other grains/flour,6. Bayelsa,0,0,NA,0,0,0,5. South South,75,9,2924706.619174361,5.511672098878259,No estimate
Post-Planting,Other meat,6. Bayelsa,0,0,NA,0,0,0,5. South South,75,9,2924706.619174361,5.511672098878259,No estimate
Post-Planting,Other milk products,6. Bayelsa,0,0,NA,0,0,0,5. South South,75,9,2924706.619174361,5.511672098878259,No estimate
Post-Planting,Other non-alcoholic drinks,6. Bayelsa,0.0010743917136150358,8.591842253221322e-4,0.799693644724056,0,0.002758392795246415,0.0560218536384983,5. South South,75,9,2924706.619174361,5.511672098878259,CV < 10%
Post-Planting,Other nuts/seeds/pulses,6. Bayelsa,0,0,NA,0,0,0,5. South South,75,9,2924706.619174361,5.511672098878259,No estimate
Post-Planting,Other oil/fat,6. Bayelsa,0,0,NA,0,0,0,5. South South,75,9,2924706.619174361,5.511672098878259,No estimate
Post-Planting,Other roots/tubers,6. Bayelsa,0,0,NA,0,0,0,5. South South,75,9,2924706.619174361,5.511672098878259,No estimate
Post-Planting,Other spices,6. Bayelsa,0.008555759378334965,0.0022182841617950744,0.25927379016902347,0.00420792242121662,0.01290359633545331,0.4461217390131803,5. South South,75,9,2924706.619174361,5.511672098878259,CV < 10%
Post-Planting,Other sweets,6. Bayelsa,0,0,NA,0,0,0,5. South South,75,9,2924706.619174361,5.511672098878259,No estimate
Post-Planting,Other vegetables,6. Bayelsa,0,0,NA,0,0,0,5. South South,75,9,2924706.619174361,5.511672098878259,No estimate
Post-Planting,Palm oil,6. Bayelsa,0.12263101307013698,0.018206533636256687,0.14846598083507417,0.08694620714307387,0.1583158189972001,6.3943313958,5. South South,75,9,2924706.619174361,5.511672098878259,CV < 10%
Post-Planting,Palm wine,6. Bayelsa,0.0038117439394147784,0.0031225635723996403,0.8191955236319077,0,0.009931968541318073,0.1987552196980563,5. South South,75,9,2924706.619174361,5.511672098878259,CV < 10%
Post-Planting,Pawpaw,6. Bayelsa,0.007131489262061033,0.0053063974783253975,0.7440798525148202,0,0.017532028319578813,0.37185622580746813,5. South South,75,9,2924706.619174361,5.511672098878259,CV < 10%
Post-Planting,Pineapples,6. Bayelsa,0.0018803720257303113,0.001969487458686114,1.0473924477371395,0,0.005740567444755095,0.09804796991308051,5. South South,75,9,2924706.619174361,5.511672098878259,CV < 10%
Post-Planting,Pito,6. Bayelsa,0,0,NA,0,0,0,5. South South,75,9,2924706.619174361,5.511672098878259,No estimate
Post-Planting,Plantains,6. Bayelsa,0.2512960793937288,0.016582472834281405,0.06598778967936111,0.21879443263853723,0.28379772614892035,13.103295568387285,5. South South,75,9,2924706.619174361,5.511672098878259,CV < 10%
Post-Planting,Pork,6. Bayelsa,0,0,NA,0,0,0,5. South South,75,9,2924706.619174361,5.511672098878259,No estimate
Post-Planting,Potatoes,6. Bayelsa,0,0,NA,0,0,0,5. South South,75,9,2924706.619174361,5.511672098878259,No estimate
Post-Planting,Rice - imported,6. Bayelsa,0.059848121482639995,0.012717798851934532,0.21250122037035957,0.03492123573284831,0.08477500723243167,3.120652048737657,5. South South,75,9,2924706.619174361,5.511672098878259,CV < 10%
Post-Planting,Rice - local,6. Bayelsa,0.26485962932913887,0.047456837642366786,0.17917731653770672,0.17184422755009998,0.35787503110817775,13.810537815019384,5. South South,75,9,2924706.619174361,5.511672098878259,CV < 10%
Post-Planting,Sachet water,6. Bayelsa,2.30082451994996,0.7828027043373446,0.3402270349389225,0.7665312194487646,3.8351178204511553,119.97156425453363,5. South South,75,9,2924706.619174361,5.511672098878259,CV < 10%
Post-Planting,Salt,6. Bayelsa,0.028946688740635412,0.0026731493711404076,0.09234732839711078,0.023707315973200214,0.03418606150807061,1.5093630557617035,5. South South,75,9,2924706.619174361,5.511672098878259,CV < 10%
Post-Planting,Seafood,6. Bayelsa,0.002425862939432452,0.0021336704235403363,0.8795511027673821,0,0.006607856969571511,0.12649142469897784,5. South South,75,9,2924706.619174361,5.511672098878259,CV < 10%
Post-Planting,Shea butter,6. Bayelsa,0,0,NA,0,0,0,5. South South,75,9,2924706.619174361,5.511672098878259,No estimate
Post-Planting,Snails,6. Bayelsa,6.903222931715037e-4,4.706197085466649e-4,0.681739114036904,0,0.0016127369219229668,0.035995376715371265,5. South South,75,9,2924706.619174361,5.511672098878259,CV < 10%
Post-Planting,Soft drinks,6. Bayelsa,0.17646392125447263,0.022607817211141842,0.1281158043549303,0.13215259952063463,0.22077524298831064,9.201333036840358,5. South South,75,9,2924706.619174361,5.511672098878259,CV < 10%
Post-Planting,Soya beans,6. Bayelsa,0,0,NA,0,0,0,5. South South,75,9,2924706.619174361,5.511672098878259,No estimate
Post-Planting,Sugar,6. Bayelsa,0.011992328624123569,0.0020324789665185513,0.16948159362728357,0.00800866984974721,0.015975987398499928,0.6253142782578719,5. South South,75,9,2924706.619174361,5.511672098878259,CV < 10%
Post-Planting,Sweet potatoes,6. Bayelsa,0.1496282770952056,0.029570549961573968,0.19762674900519503,0.09166999917052063,0.20758655501989057,7.802045877107149,5. South South,75,9,2924706.619174361,5.511672098878259,CV < 10%
Post-Planting,Tea,6. Bayelsa,0.00498944894647389,0.003189852468618135,0.6393195927723534,0,0.011241559784965435,0.26016412363756714,5. South South,75,9,2924706.619174361,5.511672098878259,CV < 10%
Post-Planting,Tomato puree - canned,6. Bayelsa,0.013606117086394889,0.0023186604102233823,0.1704130866653993,0.009061542682357059,0.01815069149043272,0.7094618195048764,5. South South,75,9,2924706.619174361,5.511672098878259,CV < 10%
Post-Planting,Tomatoes,6. Bayelsa,0.009116624800578281,0.004671087855539353,0.5123703078405792,0,0.01827195699743541,0.4753668646015818,5. South South,75,9,2924706.619174361,5.511672098878259,CV < 10%
Post-Planting,Watermelon,6. Bayelsa,0.014137211636071402,0.011289928692262413,0.798596567901404,0,0.036265471872905734,0.7371546067380088,5. South South,75,9,2924706.619174361,5.511672098878259,CV < 10%
Post-Planting,Wheat flour,6. Bayelsa,0,0,NA,0,0,0,5. South South,75,9,2924706.619174361,5.511672098878259,No estimate
Post-Planting,White beans,6. Bayelsa,0.19220010518452382,0.0397132133360751,0.20662430594378706,0.11436220704581662,0.270038003323231,10.021862627478741,5. South South,75,9,2924706.619174361,5.511672098878259,CV < 10%
Post-Planting,Wild game/Bush meat,6. Bayelsa,0,0,NA,0,0,0,5. South South,75,9,2924706.619174361,5.511672098878259,No estimate
Post-Planting,Yam flour,6. Bayelsa,0,0,NA,0,0,0,5. South South,75,9,2924706.619174361,5.511672098878259,No estimate
Post-Planting,Yam roots,6. Bayelsa,1.0269645330390669,0.3235256499344154,0.315030986490853,0.39285425916761274,1.661074806910521,53.54886493703706,5. South South,75,9,2924706.619174361,5.511672098878259,CV < 10%
Post-Planting,Agricultural eggs,7. Benue,0.005422107345455384,0.0014171857488280528,0.26137176166677833,0.0026444232777524004,0.008199791413158367,0.2827241687273164,1. North Central,163,18,6821221.487948736,5.480385726200303,CV < 10%
Post-Planting,Animal fat,7. Benue,0,0,NA,0,0,0,1. North Central,163,18,6821221.487948736,5.480385726200303,No estimate
Post-Planting,Apples,7. Benue,0,0,NA,0,0,0,1. North Central,163,18,6821221.487948736,5.480385726200303,No estimate
Post-Planting,Avocado pear,7. Benue,0,0,NA,0,0,0,1. North Central,163,18,6821221.487948736,5.480385726200303,No estimate
Post-Planting,Baby milk powder,7. Benue,0,0,NA,0,0,0,1. North Central,163,18,6821221.487948736,5.480385726200303,No estimate
Post-Planting,Bananas,7. Benue,0.05903737166962503,0.028756464768093567,0.48708917681863684,0.0026747007241616355,0.11540004261508842,3.0783772370590192,1. North Central,163,18,6821221.487948736,5.480385726200303,CV < 10%
Post-Planting,Beef,7. Benue,0.026065681219482693,0.008056723792600315,0.3090931606490433,0.010274502585986073,0.04185685985297931,1.3591390921587403,1. North Central,163,18,6821221.487948736,5.480385726200303,CV < 10%
Post-Planting,Beer,7. Benue,0.052797884987456044,0.01983758771294321,0.37572693901765786,0.01391621307008735,0.09167955690482474,2.7530325743459225,1. North Central,163,18,6821221.487948736,5.480385726200303,CV < 10%
Post-Planting,Biscuits,7. Benue,0.006255996996145034,0.0020600759030045346,0.32929617841472114,0.0022182482262561466,0.010293745766033922,0.32620555765613396,1. North Central,163,18,6821221.487948736,5.480385726200303,CV < 10%
Post-Planting,Bottled water,7. Benue,0.00521118296519142,0.005051261484591799,0.9693118661026044,0,0.015111655474991345,0.27172596889926687,1. North Central,163,18,6821221.487948736,5.480385726200303,CV < 10%
Post-Planting,Bread,7. Benue,0.07898806848118581,0.022342253241676383,0.28285605245554385,0.0351972521275001,0.12277888483487151,4.118663570804689,1. North Central,163,18,6821221.487948736,5.480385726200303,CV < 10%
Post-Planting,Brown beans,7. Benue,0.011538841730562287,0.004380441552341541,0.37962575920764297,0.002953176287972866,0.020124507173151708,0.6016681759507477,1. North Central,163,18,6821221.487948736,5.480385726200303,CV < 10%
Post-Planting,Buns/Pofpof/Donuts,7. Benue,0.0010190963759017398,3.987744183369845e-4,0.39130196884875773,2.3749851596125023e-4,0.0018006942358422292,0.053138596743447855,1. North Central,163,18,6821221.487948736,5.480385726200303,CV < 10%
Post-Planting,Butter/Margarine,7. Benue,0,0,NA,0,0,0,1. North Central,163,18,6821221.487948736,5.480385726200303,No estimate
Post-Planting,Cake,7. Benue,0.006421375102670757,0.00493221125168008,0.7680926861956235,0,0.016088509155963715,0.33482884463926094,1. North Central,163,18,6821221.487948736,5.480385726200303,CV < 10%
Post-Planting,Canned fish/seafood,7. Benue,0,0,NA,0,0,0,1. North Central,163,18,6821221.487948736,5.480385726200303,No estimate
Post-Planting,Cashew nut,7. Benue,0,0,NA,0,0,0,1. North Central,163,18,6821221.487948736,5.480385726200303,No estimate
Post-Planting,Cassava flour,7. Benue,0.20812978481919714,0.02662528513434648,0.12792635690021942,0.15594422595587804,0.26031534368251624,10.852481637000993,1. North Central,163,18,6821221.487948736,5.480385726200303,CV < 10%
Post-Planting,Cassava roots,7. Benue,0.8480993732993617,0.2502524566654,0.295074450641135,0.35760455823517767,1.3385941883635457,44.22232446489529,1. North Central,163,18,6821221.487948736,5.480385726200303,CV < 10%
Post-Planting,Cheese/wara,7. Benue,0,0,NA,0,0,0,1. North Central,163,18,6821221.487948736,5.480385726200303,No estimate
Post-Planting,Chicken,7. Benue,0.021293678577093807,0.007617738116244621,0.35774645929140825,0.00636291186925435,0.036224445284933265,1.11031324009132,1. North Central,163,18,6821221.487948736,5.480385726200303,CV < 10%
Post-Planting,Chocolate drinks,7. Benue,0.00157074788230201,5.215569404891457e-4,0.3320437011984239,5.484962789432844e-4,0.002592999485660736,0.0819032824343191,1. North Central,163,18,6821221.487948736,5.480385726200303,CV < 10%
Post-Planting,Coconut,7. Benue,0,0,NA,0,0,0,1. North Central,163,18,6821221.487948736,5.480385726200303,No estimate
Post-Planting,Cocoyam,7. Benue,0,0,NA,0,0,0,1. North Central,163,18,6821221.487948736,5.480385726200303,No estimate
Post-Planting,Coffee,7. Benue,0,0,NA,0,0,0,1. North Central,163,18,6821221.487948736,5.480385726200303,No estimate
Post-Planting,Dry pepper,7. Benue,0.0033351555793867103,8.317985764672666e-4,0.24940323072431395,0.0017048303695108677,0.004965480789262552,0.1739045409251642,1. North Central,163,18,6821221.487948736,5.480385726200303,CV < 10%
Post-Planting,Duck,7. Benue,0,0,NA,0,0,0,1. North Central,163,18,6821221.487948736,5.480385726200303,No estimate
Post-Planting,Fish - dried,7. Benue,0.031761400141618025,0.0052949445093996685,0.16671004696866387,0.021383308903194675,0.042139491380041375,1.6561301502415113,1. North Central,163,18,6821221.487948736,5.480385726200303,CV < 10%
Post-Planting,Fish - fresh,7. Benue,0.052560980129238724,0.030517879049944616,0.5806185306078049,0,0.11237602306713017,2.740679678167448,1. North Central,163,18,6821221.487948736,5.480385726200303,CV < 10%
Post-Planting,Fish - frozen,7. Benue,0.07355027038258333,0.018997478765360017,0.2582924395320593,0.0363152120024777,0.11078532876268896,3.8351212413775593,1. North Central,163,18,6821221.487948736,5.480385726200303,CV < 10%
Post-Planting,Fish - smoked,7. Benue,0.04705732717405015,0.011359507443899311,0.24139720902303036,0.024792692584007504,0.0693219617640928,2.4537034883611866,1. North Central,163,18,6821221.487948736,5.480385726200303,CV < 10%
Post-Planting,Fresh milk,7. Benue,0,0,NA,0,0,0,1. North Central,163,18,6821221.487948736,5.480385726200303,No estimate
Post-Planting,Fresh pepper,7. Benue,0.07194229719000811,0.006434354953919571,0.0894377189113892,0.05933096148032575,0.08455363289969046,3.7512769249075655,1. North Central,163,18,6821221.487948736,5.480385726200303,CV < 10%
Post-Planting,Fruit juice,7. Benue,0,0,NA,0,0,0,1. North Central,163,18,6821221.487948736,5.480385726200303,No estimate
Post-Planting,Garden eggs/Eggplant,7. Benue,0.017430526760351273,0.00802072308989922,0.4601537979990216,0.0017099095041488016,0.033151144016553745,0.908877466789745,1. North Central,163,18,6821221.487948736,5.480385726200303,CV < 10%
Post-Planting,Gari - white,7. Benue,0.2471194856836407,0.04655923200777317,0.18840777318296026,0.1558633909484053,0.3383755804188761,12.885516039218407,1. North Central,163,18,6821221.487948736,5.480385726200303,CV < 10%
Post-Planting,Gari - yellow,7. Benue,0.012769819616116469,0.006189329326406922,0.4846841625386411,6.387341363589018e-4,0.024900905095874035,0.6658548799832158,1. North Central,163,18,6821221.487948736,5.480385726200303,CV < 10%
Post-Planting,Gin,7. Benue,0.002307860448978386,0.0010667710531497097,0.4622337774460905,2.169891848049551e-4,0.004398731713151817,0.12033843769673012,1. North Central,163,18,6821221.487948736,5.480385726200303,CV < 10%
Post-Planting,Goat,7. Benue,0.018689636592634996,0.0038514901506209133,0.20607624613410974,0.011140715897418007,0.026238557287851984,0.9745310509016819,1. North Central,163,18,6821221.487948736,5.480385726200303,CV < 10%
Post-Planting,Ground pepper,7. Benue,0.00404268484255534,8.440587856614372e-4,0.20878668967129188,0.0023883296226589234,0.005697040062451757,0.21079713821895701,1. North Central,163,18,6821221.487948736,5.480385726200303,CV < 10%
Post-Planting,Groundnut oil,7. Benue,0.05000649996132453,0.010405159050532808,0.2080761312745393,0.029612388222280225,0.07040061170036883,2.607481783697636,1. North Central,163,18,6821221.487948736,5.480385726200303,CV < 10%
Post-Planting,Groundnuts - shelled,7. Benue,0.009781196313359225,0.0036525101098931084,0.3734216135611638,0.002622276497968732,0.016940116128749717,0.510019522053731,1. North Central,163,18,6821221.487948736,5.480385726200303,CV < 10%
Post-Planting,Groundnuts - unshelled,7. Benue,0.08496201869393007,0.018593374259024707,0.2188433672463231,0.04851900514624164,0.1214050322416185,4.430162403326354,1. North Central,163,18,6821221.487948736,5.480385726200303,CV < 10%
Post-Planting,Guava,7. Benue,0.00934772740712356,0.007648619609784974,0.8182330610064903,0,0.02433902184230211,0.48741721480001426,1. North Central,163,18,6821221.487948736,5.480385726200303,CV < 10%
Post-Planting,Guinea corn / sorghum,7. Benue,0.22931839787738265,0.0495549417117487,0.21609666808437195,0.1321907121223552,0.3264460836324101,11.957316460749238,1. North Central,163,18,6821221.487948736,5.480385726200303,CV < 10%
Post-Planting,Honey,7. Benue,2.0983515804052626e-4,2.063840315895054e-4,0.9835531543748529,0,6.143478599559568e-4,0.010941404669256012,1. North Central,163,18,6821221.487948736,5.480385726200303,CV < 10%
Post-Planting,Kola nut,7. Benue,3.2832423878807103e-4,1.615239987014517e-4,0.491964892076437,1.1737201333225698e-5,6.449112762429163e-4,0.017119763879663703,1. North Central,163,18,6821221.487948736,5.480385726200303,CV < 10%
Post-Planting,Leaves,7. Benue,0.013202459040404835,0.0038624374874880575,0.29255440033310803,0.005632081564928243,0.020772836515881427,0.6884139356782522,1. North Central,163,18,6821221.487948736,5.480385726200303,CV < 10%
Post-Planting,Local eggs,7. Benue,0.0010036440536888088,4.3061875955920835e-4,0.4290552591593659,1.5963128495276042e-4,0.001847656822424857,0.0523328685137736,1. North Central,163,18,6821221.487948736,5.480385726200303,CV < 10%
Post-Planting,Maize - shelled/off cob,7. Benue,0.007067046106429432,0.005600862429568656,0.7925323176359531,0,0.018044736468383997,0.36849597554953467,1. North Central,163,18,6821221.487948736,5.480385726200303,CV < 10%
Post-Planting,Maize - unshelled/on cob,7. Benue,0.5166126967928594,0.08139997486800397,0.1575647973294819,0.3570687460515716,0.6761566475341472,26.93766204705624,1. North Central,163,18,6821221.487948736,5.480385726200303,CV < 10%
Post-Planting,Maize flour,7. Benue,0.16533410015704997,0.04657423388754869,0.28169768876056467,0.07404860173745455,0.2566195985766454,8.62099236533189,1. North Central,163,18,6821221.487948736,5.480385726200303,CV < 10%
Post-Planting,Malt drinks,7. Benue,0.0034112241655606416,0.001342021500831603,0.39341345971352754,7.808620239306997e-4,0.0060415863071905836,0.1778709743470906,1. North Central,163,18,6821221.487948736,5.480385726200303,CV < 10%
Post-Planting,Mangoes,7. Benue,0.040949710112355396,0.021898518141078033,0.5347661334108147,0,0.08387080566886834,2.13523488442996,1. North Central,163,18,6821221.487948736,5.480385726200303,CV < 10%
Post-Planting,Meat pie/Sausage roll,7. Benue,0,0,NA,0,0,0,1. North Central,163,18,6821221.487948736,5.480385726200303,No estimate
Post-Planting,Melon - ground,7. Benue,0.005512022446072311,0.0019904960811824935,0.36111900861377233,0.0016106501269546238,0.009413394765189998,0.28741259897377047,1. North Central,163,18,6821221.487948736,5.480385726200303,CV < 10%
Post-Planting,Melon - shelled,7. Benue,0.016965763892603996,0.002279845709494516,0.13437919588686398,0.012497266301994745,0.021434261483213247,0.884643402971494,1. North Central,163,18,6821221.487948736,5.480385726200303,CV < 10%
Post-Planting,Melon - unshelled,7. Benue,0.001307121304969923,7.195909362555311e-4,0.5505158040952358,0,0.002717519540030764,0.0681570394734317,1. North Central,163,18,6821221.487948736,5.480385726200303,CV < 10%
Post-Planting,Milk - tinned,7. Benue,4.891966885183819e-5,4.99792943019412e-5,1.0216605196840614,0,1.4687908568364295e-4,0.002550811304417277,1. North Central,163,18,6821221.487948736,5.480385726200303,CV < 10%
Post-Planting,Milk powder,7. Benue,0.0035795000080580254,0.0017343888786301625,0.4845338384483242,1.8009780594290719e-4,0.006978902210173143,0.1866453575630256,1. North Central,163,18,6821221.487948736,5.480385726200303,CV < 10%
Post-Planting,Millet,7. Benue,0.012295308538931219,0.0048655119556526875,0.39572101344563954,0.002758905105851951,0.021831711972010486,0.6411125166728421,1. North Central,163,18,6821221.487948736,5.480385726200303,CV < 10%
Post-Planting,Mutton,7. Benue,0,0,NA,0,0,0,1. North Central,163,18,6821221.487948736,5.480385726200303,No estimate
Post-Planting,Ogbono - ground,7. Benue,0.001063348838791722,3.244473765114063e-4,0.3051184754008612,4.274319808293657e-4,0.0016992656967540784,0.0554460465941398,1. North Central,163,18,6821221.487948736,5.480385726200303,CV < 10%
Post-Planting,Ogbono - unground,7. Benue,0.004675444073624342,0.0013108727912928128,0.28037396462249664,0.002106133402690429,0.007244754744558254,0.24379101241041212,1. North Central,163,18,6821221.487948736,5.480385726200303,CV < 10%
Post-Planting,Okra - dried,7. Benue,0.004936294923936636,0.0016938138884197694,0.3431346616277483,0.0016164197026338886,0.008256170145239383,0.2573925210338389,1. North Central,163,18,6821221.487948736,5.480385726200303,CV < 10%
Post-Planting,Okra - fresh,7. Benue,0.08335681309555952,0.011323862079111416,0.13584806878508945,0.06116204342050115,0.1055515827706179,4.346462397125603,1. North Central,163,18,6821221.487948736,5.480385726200303,CV < 10%
Post-Planting,Onions,7. Benue,0.17609569023336272,0.015432018196203231,0.08763427529516854,0.14584893456880438,0.20634244589792106,9.182132419311056,1. North Central,163,18,6821221.487948736,5.480385726200303,CV < 10%
Post-Planting,Orange/Tangerine,7. Benue,0.2216819529821791,0.13322781395412914,0.6009862876155699,0,0.4828084683322722,11.55913040549934,1. North Central,163,18,6821221.487948736,5.480385726200303,CV < 10%
Post-Planting,Other alcoholic beverages,7. Benue,0,0,NA,0,0,0,1. North Central,163,18,6821221.487948736,5.480385726200303,No estimate
Post-Planting,Other domestic poultry,7. Benue,0,0,NA,0,0,0,1. North Central,163,18,6821221.487948736,5.480385726200303,No estimate
Post-Planting,Other eggs,7. Benue,0,0,NA,0,0,0,1. North Central,163,18,6821221.487948736,5.480385726200303,No estimate
Post-Planting,Other fish/seafood,7. Benue,0,0,NA,0,0,0,1. North Central,163,18,6821221.487948736,5.480385726200303,No estimate
Post-Planting,Other fruits,7. Benue,0,0,NA,0,0,0,1. North Central,163,18,6821221.487948736,5.480385726200303,No estimate
Post-Planting,Other grains/flour,7. Benue,0.0030362866350280393,0.002757755502292505,0.9082658634655019,0,0.00844148741952135,0.1583206602550335,1. North Central,163,18,6821221.487948736,5.480385726200303,CV < 10%
Post-Planting,Other meat,7. Benue,0,0,NA,0,0,0,1. North Central,163,18,6821221.487948736,5.480385726200303,No estimate
Post-Planting,Other milk products,7. Benue,0.0013360802934591714,0.0013498719387726296,1.0103224674302702,0,0.0039818292934535255,0.06966704387322822,1. North Central,163,18,6821221.487948736,5.480385726200303,CV < 10%
Post-Planting,Other non-alcoholic drinks,7. Benue,0,0,NA,0,0,0,1. North Central,163,18,6821221.487948736,5.480385726200303,No estimate
Post-Planting,Other nuts/seeds/pulses,7. Benue,0,0,NA,0,0,0,1. North Central,163,18,6821221.487948736,5.480385726200303,No estimate
Post-Planting,Other oil/fat,7. Benue,0,0,NA,0,0,0,1. North Central,163,18,6821221.487948736,5.480385726200303,No estimate
Post-Planting,Other roots/tubers,7. Benue,0,0,NA,0,0,0,1. North Central,163,18,6821221.487948736,5.480385726200303,No estimate
Post-Planting,Other spices,7. Benue,0.010955848148883781,0.002350007540666951,0.21449800222964735,0.0063498333691765566,0.015561862928591005,0.5712692249060829,1. North Central,163,18,6821221.487948736,5.480385726200303,CV < 10%
Post-Planting,Other sweets,7. Benue,0,0,NA,0,0,0,1. North Central,163,18,6821221.487948736,5.480385726200303,No estimate
Post-Planting,Other vegetables,7. Benue,0,0,NA,0,0,0,1. North Central,163,18,6821221.487948736,5.480385726200303,No estimate
Post-Planting,Palm oil,7. Benue,0.14197489649227474,0.014137561606456626,0.09957789690817553,0.11426527574361975,0.16968451724092973,7.402976745668611,1. North Central,163,18,6821221.487948736,5.480385726200303,CV < 10%
Post-Planting,Palm wine,7. Benue,0.0063181057765835606,0.004057251765618392,0.6421626843690328,0,0.014270319237195609,0.32944408692185706,1. North Central,163,18,6821221.487948736,5.480385726200303,CV < 10%
Post-Planting,Pawpaw,7. Benue,0,0,NA,0,0,0,1. North Central,163,18,6821221.487948736,5.480385726200303,No estimate
Post-Planting,Pineapples,7. Benue,0,0,NA,0,0,0,1. North Central,163,18,6821221.487948736,5.480385726200303,No estimate
Post-Planting,Pito,7. Benue,0.014246580653299944,0.012384554783511383,0.8693001559390141,0,0.03852030802898225,0.7428574197792114,1. North Central,163,18,6821221.487948736,5.480385726200303,CV < 10%
Post-Planting,Plantains,7. Benue,0.010861008454775343,0.00443736501518997,0.40855920826016484,0.0021637730250030004,0.019558243884547685,0.5663240122847143,1. North Central,163,18,6821221.487948736,5.480385726200303,CV < 10%
Post-Planting,Pork,7. Benue,0.028164549948890102,0.009264772758125338,0.3289515641094219,0.01000559534296444,0.046323504554815764,1.468580104477841,1. North Central,163,18,6821221.487948736,5.480385726200303,CV < 10%
Post-Planting,Potatoes,7. Benue,0,0,NA,0,0,0,1. North Central,163,18,6821221.487948736,5.480385726200303,No estimate
Post-Planting,Rice - imported,7. Benue,0,0,NA,0,0,0,1. North Central,163,18,6821221.487948736,5.480385726200303,No estimate
Post-Planting,Rice - local,7. Benue,0.4516548138853741,0.04220597787375394,0.09344742173934946,0.36893109725281636,0.5343785305179318,23.55057243830879,1. North Central,163,18,6821221.487948736,5.480385726200303,CV < 10%
Post-Planting,Sachet water,7. Benue,0.4040572793297382,0.1312967598210146,0.32494590875534635,0.14671563008054955,0.6613989285789268,21.068700993622063,1. North Central,163,18,6821221.487948736,5.480385726200303,CV < 10%
Post-Planting,Salt,7. Benue,0.046908212484213646,0.0031789317658308365,0.06776919429408368,0.04067750622318521,0.053138918745242084,2.44592822239114,1. North Central,163,18,6821221.487948736,5.480385726200303,CV < 10%
Post-Planting,Seafood,7. Benue,0,0,NA,0,0,0,1. North Central,163,18,6821221.487948736,5.480385726200303,No estimate
Post-Planting,Shea butter,7. Benue,0,0,NA,0,0,0,1. North Central,163,18,6821221.487948736,5.480385726200303,No estimate
Post-Planting,Snails,7. Benue,0,0,NA,0,0,0,1. North Central,163,18,6821221.487948736,5.480385726200303,No estimate
Post-Planting,Soft drinks,7. Benue,0.07167227310569334,0.01345154345359264,0.18768127297645465,0.045307247936651765,0.09803729827473491,3.73719709765401,1. North Central,163,18,6821221.487948736,5.480385726200303,CV < 10%
Post-Planting,Soya beans,7. Benue,0.021285278293320133,0.008372166178082124,0.3933312998171851,0.00487583258427917,0.037694724002361096,1.1098752252945498,1. North Central,163,18,6821221.487948736,5.480385726200303,CV < 10%
Post-Planting,Sugar,7. Benue,0.021919064518839577,0.004198534098127121,0.1915471389994064,0.01368993768651042,0.030148191351168734,1.1429226499109209,1. North Central,163,18,6821221.487948736,5.480385726200303,CV < 10%
Post-Planting,Sweet potatoes,7. Benue,0.2156297080584544,0.0652809836892029,0.3027457778290275,0.08767898002761673,0.3435804360892921,11.243549063047979,1. North Central,163,18,6821221.487948736,5.480385726200303,CV < 10%
Post-Planting,Tea,7. Benue,0.0010394544952450444,8.78358511988345e-4,0.8450187247314543,0,0.0027610371787422008,0.05420012725206303,1. North Central,163,18,6821221.487948736,5.480385726200303,CV < 10%
Post-Planting,Tomato puree - canned,7. Benue,0.012897954984653808,0.0028620804609781744,0.2219018801339843,0.007288277281136586,0.01850763268817103,0.6725362241998056,1. North Central,163,18,6821221.487948736,5.480385726200303,CV < 10%
Post-Planting,Tomatoes,7. Benue,0.15050694318102512,0.033614284076573825,0.22334042115348526,0.08462294639094042,0.2163909399711098,7.847862037296309,1. North Central,163,18,6821221.487948736,5.480385726200303,CV < 10%
Post-Planting,Watermelon,7. Benue,0.10651397790347614,0.028054175895784784,0.2633849232558727,0.05152779314773796,0.1615001626592143,5.553943133538398,1. North Central,163,18,6821221.487948736,5.480385726200303,CV < 10%
Post-Planting,Wheat flour,7. Benue,6.53422242888838e-4,6.566014233427277e-4,1.004865430414236,0,0.0019403610326405843,0.034071302664917986,1. North Central,163,18,6821221.487948736,5.480385726200303,CV < 10%
Post-Planting,White beans,7. Benue,0.18519080367510962,0.019092322320604625,0.10309541263236446,0.14776985192672457,0.22261175542349468,9.656377620202145,1. North Central,163,18,6821221.487948736,5.480385726200303,CV < 10%
Post-Planting,Wild game/Bush meat,7. Benue,6.994504988237343e-4,6.879467444471485e-4,0.9835531543748534,0,0.0020478261179401455,0.036471347438666146,1. North Central,163,18,6821221.487948736,5.480385726200303,CV < 10%
Post-Planting,Yam flour,7. Benue,0.1339732879105625,0.04199174933243196,0.3134337447959379,0.05166945921899588,0.21627711660212914,6.985750012479331,1. North Central,163,18,6821221.487948736,5.480385726200303,CV < 10%
Post-Planting,Yam roots,7. Benue,0.48057166251715094,0.11194569460498062,0.23294277073814237,0.26115810109138893,0.699985223942913,25.058379545537157,1. North Central,163,18,6821221.487948736,5.480385726200303,CV < 10%
Post-Planting,Agricultural eggs,8. Borno,6.463407085869961e-4,6.894027811658866e-4,1.0666244165140566,0,0.0019975701596721337,0.03370205123346479,2. North East,45,5,6869550.086884871,9.452236605596598,CV < 10%
Post-Planting,Animal fat,8. Borno,8.394535902905904e-4,6.994255153494228e-4,0.8331914038360422,0,0.002210327600375459,0.04377150863658079,2. North East,45,5,6869550.086884871,9.452236605596598,CV < 10%
Post-Planting,Apples,8. Borno,0,0,NA,0,0,0,2. North East,45,5,6869550.086884871,9.452236605596598,No estimate
Post-Planting,Avocado pear,8. Borno,0,0,NA,0,0,0,2. North East,45,5,6869550.086884871,9.452236605596598,No estimate
Post-Planting,Baby milk powder,8. Borno,0,0,NA,0,0,0,2. North East,45,5,6869550.086884871,9.452236605596598,No estimate
Post-Planting,Bananas,8. Borno,0.007314683063564776,0.006004746408881647,0.820916826703256,0,0.019083986024972806,0.38140847402873473,2. North East,45,5,6869550.086884871,9.452236605596598,CV < 10%
Post-Planting,Beef,8. Borno,0.002010676444604323,0.0017744965187098051,0.8825370802307304,0,0.005488689621275541,0.10484241461151111,2. North East,45,5,6869550.086884871,9.452236605596598,CV < 10%
Post-Planting,Beer,8. Borno,0,0,NA,0,0,0,2. North East,45,5,6869550.086884871,9.452236605596598,No estimate
Post-Planting,Biscuits,8. Borno,0.0034453162469564045,9.778751590596997e-4,0.28382740188902994,0.0015286809351993931,0.005361951558713416,0.17964863287701252,2. North East,45,5,6869550.086884871,9.452236605596598,CV < 10%
Post-Planting,Bottled water,8. Borno,0,0,NA,0,0,0,2. North East,45,5,6869550.086884871,9.452236605596598,No estimate
Post-Planting,Bread,8. Borno,0.033636175768653465,0.017582261851886747,0.5227188124124434,0,0.06809740899835148,1.7538863079369307,2. North East,45,5,6869550.086884871,9.452236605596598,CV < 10%
Post-Planting,Brown beans,8. Borno,0.0433075145898386,0.010204372026427782,0.235625898255128,0.023306945418040147,0.06330808376163705,2.2581775464701557,2. North East,45,5,6869550.086884871,9.452236605596598,CV < 10%
Post-Planting,Buns/Pofpof/Donuts,8. Borno,0.0031056549436213918,0.00189126293667065,0.6089739430180601,0,0.006812530299495866,0.16193772206025828,2. North East,45,5,6869550.086884871,9.452236605596598,CV < 10%
Post-Planting,Butter/Margarine,8. Borno,0,0,NA,0,0,0,2. North East,45,5,6869550.086884871,9.452236605596598,No estimate
Post-Planting,Cake,8. Borno,0,0,NA,0,0,0,2. North East,45,5,6869550.086884871,9.452236605596598,No estimate
Post-Planting,Canned fish/seafood,8. Borno,0,0,NA,0,0,0,2. North East,45,5,6869550.086884871,9.452236605596598,No estimate
Post-Planting,Cashew nut,8. Borno,0,0,NA,0,0,0,2. North East,45,5,6869550.086884871,9.452236605596598,No estimate
Post-Planting,Cassava flour,8. Borno,0.0510862254284414,0.010847748154129866,0.21234193881332566,0.029824639046346864,0.07234781181053593,2.663781754483016,2. North East,45,5,6869550.086884871,9.452236605596598,CV < 10%
Post-Planting,Cassava roots,8. Borno,0.9906825434351114,0.26014092235333736,0.2625875706372294,0.48080633562257025,1.5005587512476526,51.657018336259384,2. North East,45,5,6869550.086884871,9.452236605596598,CV < 10%
Post-Planting,Cheese/wara,8. Borno,0.0036991372254221826,0.0025436215758111932,0.6876256328990038,0,0.00868463551401212,0.1928835838970138,2. North East,45,5,6869550.086884871,9.452236605596598,CV < 10%
Post-Planting,Chicken,8. Borno,0.0034049664325211527,0.0029494982625808894,0.8662341673650453,0,0.009185983027179696,0.17754467826717438,2. North East,45,5,6869550.086884871,9.452236605596598,CV < 10%
Post-Planting,Chocolate drinks,8. Borno,0.0016511757611391937,0.001761184382787246,1.0666244165140566,0,0.0051030971514021955,0.08609702183082939,2. North East,45,5,6869550.086884871,9.452236605596598,CV < 10%
Post-Planting,Coconut,8. Borno,3.180406681819844e-4,3.3922994212734985e-4,1.0666244165140568,0,9.829313547515901e-4,0.016583549126632045,2. North East,45,5,6869550.086884871,9.452236605596598,CV < 10%
Post-Planting,Cocoyam,8. Borno,0,0,NA,0,0,0,2. North East,45,5,6869550.086884871,9.452236605596598,No estimate
Post-Planting,Coffee,8. Borno,0,0,NA,0,0,0,2. North East,45,5,6869550.086884871,9.452236605596598,No estimate
Post-Planting,Dry pepper,8. Borno,0.012521504021298872,0.001686349597055346,0.1346762812348176,0.009216258811070393,0.01582674923152735,0.6529069953962984,2. North East,45,5,6869550.086884871,9.452236605596598,CV < 10%
Post-Planting,Duck,8. Borno,0,0,NA,0,0,0,2. North East,45,5,6869550.086884871,9.452236605596598,No estimate
Post-Planting,Fish - dried,8. Borno,0.0071361340183671365,0.002044488308023198,0.28649802578834,0.0031289369346416684,0.011143331102092605,0.3720984166720007,2. North East,45,5,6869550.086884871,9.452236605596598,CV < 10%
Post-Planting,Fish - fresh,8. Borno,0.00884402818533193,0.009047883690260987,1.0230500740903512,0,0.026577880218243463,0.461152898235165,2. North East,45,5,6869550.086884871,9.452236605596598,CV < 10%
Post-Planting,Fish - frozen,8. Borno,0,0,NA,0,0,0,2. North East,45,5,6869550.086884871,9.452236605596598,No estimate
Post-Planting,Fish - smoked,8. Borno,0,0,NA,0,0,0,2. North East,45,5,6869550.086884871,9.452236605596598,No estimate
Post-Planting,Fresh milk,8. Borno,0.01893408362549923,0.015688839725884546,0.8286030650438138,0,0.04968420948823294,0.987277217615317,2. North East,45,5,6869550.086884871,9.452236605596598,CV < 10%
Post-Planting,Fresh pepper,8. Borno,0.028935768320769883,0.009012182177780109,0.3114547392650787,0.011271891252320872,0.046599645389218895,1.5087936338687153,2. North East,45,5,6869550.086884871,9.452236605596598,CV < 10%
Post-Planting,Fruit juice,8. Borno,0,0,NA,0,0,0,2. North East,45,5,6869550.086884871,9.452236605596598,No estimate
Post-Planting,Garden eggs/Eggplant,8. Borno,0.08446697238442227,0.015442969141562238,0.1828284914875236,0.054198752866960284,0.11473519190188426,4.40434927433059,2. North East,45,5,6869550.086884871,9.452236605596598,CV < 10%
Post-Planting,Gari - white,8. Borno,0.059039706674051194,0.0068337803490783845,0.1157488872159646,0.04564549718985756,0.07243391615824482,3.078498990861241,2. North East,45,5,6869550.086884871,9.452236605596598,CV < 10%
Post-Planting,Gari - yellow,8. Borno,0,0,NA,0,0,0,2. North East,45,5,6869550.086884871,9.452236605596598,No estimate
Post-Planting,Gin,8. Borno,0,0,NA,0,0,0,2. North East,45,5,6869550.086884871,9.452236605596598,No estimate
Post-Planting,Goat,8. Borno,0.0023233525544418114,0.0011864196749342478,0.5106498678670344,0,0.0046487351173129365,0.12114624033875158,2. North East,45,5,6869550.086884871,9.452236605596598,CV < 10%
Post-Planting,Ground pepper,8. Borno,2.1211076186913652e-4,1.4929775165801407e-4,0.7038669341545459,0,5.047343551188441e-4,0.011060061154604976,2. North East,45,5,6869550.086884871,9.452236605596598,CV < 10%
Post-Planting,Groundnut oil,8. Borno,0.01500288372171597,0.007398568574683722,0.4931430991479752,5.016893153358751e-4,0.029504078128096065,0.7822932226323328,2. North East,45,5,6869550.086884871,9.452236605596598,CV < 10%
Post-Planting,Groundnuts - shelled,8. Borno,0.012766106135983588,0.004460672886514492,0.349415306358865,0.004023187278415184,0.021509024993551992,0.6656612485191442,2. North East,45,5,6869550.086884871,9.452236605596598,CV < 10%
Post-Planting,Groundnuts - unshelled,8. Borno,0.008699999937086715,0.004251902939360546,0.4887244793227366,3.6627017594004566e-4,0.017033729698233385,0.45364285386237874,2. North East,45,5,6869550.086884871,9.452236605596598,CV < 10%
Post-Planting,Guava,8. Borno,0.005736436619772888,0.0048183649737534645,0.8399578506881907,0,0.015180431968329678,0.299114195173872,2. North East,45,5,6869550.086884871,9.452236605596598,CV < 10%
Post-Planting,Guinea corn / sorghum,8. Borno,0.292079898449938,0.08445722757311018,0.2891579599326176,0.12654373240664202,0.45761606449323394,15.229880419175336,2. North East,45,5,6869550.086884871,9.452236605596598,CV < 10%
Post-Planting,Honey,8. Borno,0,0,NA,0,0,0,2. North East,45,5,6869550.086884871,9.452236605596598,No estimate
Post-Planting,Kola nut,8. Borno,0.010994864400881706,0.004113486323267524,0.3741279722319862,0.0029324312072773594,0.01905729759448605,0.5733036437602604,2. North East,45,5,6869550.086884871,9.452236605596598,CV < 10%
Post-Planting,Leaves,8. Borno,0.052439208730386766,0.01488509235025636,0.28385425163043976,0.0232644277238843,0.08161398973688923,2.7343301695130244,2. North East,45,5,6869550.086884871,9.452236605596598,CV < 10%
Post-Planting,Local eggs,8. Borno,7.070370148457532e-4,7.752982160167385e-4,1.0965454420881728,0,0.0022266215182385604,0.03686693005981428,2. North East,45,5,6869550.086884871,9.452236605596598,CV < 10%
Post-Planting,Maize - shelled/off cob,8. Borno,0.08907996211607841,0.07965215018342714,0.894164616725296,0,0.2451981764755956,4.644883738909803,2. North East,45,5,6869550.086884871,9.452236605596598,CV < 10%
Post-Planting,Maize - unshelled/on cob,8. Borno,0.023628408305009434,0.019057487195209062,0.8065497662476361,0,0.06098108320761919,1.2320527187612063,2. North East,45,5,6869550.086884871,9.452236605596598,CV < 10%
Post-Planting,Maize flour,8. Borno,0.3189382810999074,0.03700207909281506,0.11601642476158,0.2464142060779899,0.3914623561218249,16.630353228780887,2. North East,45,5,6869550.086884871,9.452236605596598,CV < 10%
Post-Planting,Malt drinks,8. Borno,0,0,NA,0,0,0,2. North East,45,5,6869550.086884871,9.452236605596598,No estimate
Post-Planting,Mangoes,8. Borno,0,0,NA,0,0,0,2. North East,45,5,6869550.086884871,9.452236605596598,No estimate
Post-Planting,Meat pie/Sausage roll,8. Borno,0,0,NA,0,0,0,2. North East,45,5,6869550.086884871,9.452236605596598,No estimate
Post-Planting,Melon - ground,8. Borno,0,0,NA,0,0,0,2. North East,45,5,6869550.086884871,9.452236605596598,No estimate
Post-Planting,Melon - shelled,8. Borno,1.538906510572915e-4,1.6414352589095183e-4,1.0666244165140566,0,4.7561196180355707e-4,0.008024298233701628,2. North East,45,5,6869550.086884871,9.452236605596598,CV < 10%
Post-Planting,Melon - unshelled,8. Borno,0,0,NA,0,0,0,2. North East,45,5,6869550.086884871,9.452236605596598,No estimate
Post-Planting,Milk - tinned,8. Borno,0,0,NA,0,0,0,2. North East,45,5,6869550.086884871,9.452236605596598,No estimate
Post-Planting,Milk powder,8. Borno,0.0017544480488892618,0.0018713371264507338,1.0666244165140566,0,0.0054222688167327,0.09148193397779722,2. North East,45,5,6869550.086884871,9.452236605596598,CV < 10%
Post-Planting,Millet,8. Borno,0.164068211084761,0.07206236540737314,0.4392219853615899,0.022825974886309636,0.3053104472832123,8.554985292276823,2. North East,45,5,6869550.086884871,9.452236605596598,CV < 10%
Post-Planting,Mutton,8. Borno,0.003717797477003383,0.0030457326396060766,0.8192303799347876,0,0.009687433450631293,0.1938565827294621,2. North East,45,5,6869550.086884871,9.452236605596598,CV < 10%
Post-Planting,Ogbono - ground,8. Borno,0,0,NA,0,0,0,2. North East,45,5,6869550.086884871,9.452236605596598,No estimate
Post-Planting,Ogbono - unground,8. Borno,0,0,NA,0,0,0,2. North East,45,5,6869550.086884871,9.452236605596598,No estimate
Post-Planting,Okra - dried,8. Borno,0.005526356345097278,0.0018700834094398256,0.33839356217028516,0.0018609928625952193,0.009191719827599336,0.28816000942292946,2. North East,45,5,6869550.086884871,9.452236605596598,CV < 10%
Post-Planting,Okra - fresh,8. Borno,0.019217195018407858,0.009609994638557915,0.5000727020438023,3.8160552683434365e-4,0.03805278450998137,1.002039454531267,2. North East,45,5,6869550.086884871,9.452236605596598,CV < 10%
Post-Planting,Onions,8. Borno,0.0824247526299179,0.005453076744412297,0.0661582421593217,0.0717367222108698,0.093112783048966,4.297862101417148,2. North East,45,5,6869550.086884871,9.452236605596598,CV < 10%
Post-Planting,Orange/Tangerine,8. Borno,0.043775074474099146,0.013978559498247155,0.31932691528641477,0.016377097857534724,0.07117305109066357,2.2825574547208842,2. North East,45,5,6869550.086884871,9.452236605596598,CV < 10%
Post-Planting,Other alcoholic beverages,8. Borno,0,0,NA,0,0,0,2. North East,45,5,6869550.086884871,9.452236605596598,No estimate
Post-Planting,Other domestic poultry,8. Borno,0,0,NA,0,0,0,2. North East,45,5,6869550.086884871,9.452236605596598,No estimate
Post-Planting,Other eggs,8. Borno,0,0,NA,0,0,0,2. North East,45,5,6869550.086884871,9.452236605596598,No estimate
Post-Planting,Other fish/seafood,8. Borno,0,0,NA,0,0,0,2. North East,45,5,6869550.086884871,9.452236605596598,No estimate
Post-Planting,Other fruits,8. Borno,0,0,NA,0,0,0,2. North East,45,5,6869550.086884871,9.452236605596598,No estimate
Post-Planting,Other grains/flour,8. Borno,0,0,NA,0,0,0,2. North East,45,5,6869550.086884871,9.452236605596598,No estimate
Post-Planting,Other meat,8. Borno,0,0,NA,0,0,0,2. North East,45,5,6869550.086884871,9.452236605596598,No estimate
Post-Planting,Other milk products,8. Borno,0,0,NA,0,0,0,2. North East,45,5,6869550.086884871,9.452236605596598,No estimate
Post-Planting,Other non-alcoholic drinks,8. Borno,0,0,NA,0,0,0,2. North East,45,5,6869550.086884871,9.452236605596598,No estimate
Post-Planting,Other nuts/seeds/pulses,8. Borno,0.00206544575500136,0.002203054873269761,1.0666244165140568,0,0.0063834333066100915,0.10769824293935662,2. North East,45,5,6869550.086884871,9.452236605596598,CV < 10%
Post-Planting,Other oil/fat,8. Borno,0.01856368933495708,0.007728347480569395,0.41631527769731785,0.0034161282730410664,0.033711250396873095,0.9679638010370477,2. North East,45,5,6869550.086884871,9.452236605596598,CV < 10%
Post-Planting,Other roots/tubers,8. Borno,0,0,NA,0,0,0,2. North East,45,5,6869550.086884871,9.452236605596598,No estimate
Post-Planting,Other spices,8. Borno,0.025404905871264444,0.00242375215025936,0.09540488606969698,0.0206543516567561,0.03015546008577279,1.3246843775730746,2. North East,45,5,6869550.086884871,9.452236605596598,CV < 10%
Post-Planting,Other sweets,8. Borno,0,0,NA,0,0,0,2. North East,45,5,6869550.086884871,9.452236605596598,No estimate
Post-Planting,Other vegetables,8. Borno,0.015935596839863012,0.007688658901742029,0.48248327182253964,8.65825392448635e-4,0.031005368287277388,0.8309275495071428,2. North East,45,5,6869550.086884871,9.452236605596598,CV < 10%
Post-Planting,Palm oil,8. Borno,0.03001657849379042,0.003622491829695284,0.12068303622428769,0.022916494507587662,0.03711666247999318,1.565150164319072,2. North East,45,5,6869550.086884871,9.452236605596598,CV < 10%
Post-Planting,Palm wine,8. Borno,0,0,NA,0,0,0,2. North East,45,5,6869550.086884871,9.452236605596598,No estimate
Post-Planting,Pawpaw,8. Borno,0,0,NA,0,0,0,2. North East,45,5,6869550.086884871,9.452236605596598,No estimate
Post-Planting,Pineapples,8. Borno,0,0,NA,0,0,0,2. North East,45,5,6869550.086884871,9.452236605596598,No estimate
Post-Planting,Pito,8. Borno,0,0,NA,0,0,0,2. North East,45,5,6869550.086884871,9.452236605596598,No estimate
Post-Planting,Plantains,8. Borno,0,0,NA,0,0,0,2. North East,45,5,6869550.086884871,9.452236605596598,No estimate
Post-Planting,Pork,8. Borno,0,0,NA,0,0,0,2. North East,45,5,6869550.086884871,9.452236605596598,No estimate
Post-Planting,Potatoes,8. Borno,0.015874539576428943,0.0042266674637055504,0.26625449156216474,0.007590271347566064,0.024158807805291824,0.8277438493423663,2. North East,45,5,6869550.086884871,9.452236605596598,CV < 10%
Post-Planting,Rice - imported,8. Borno,0.006014278113077629,0.006414975883114687,1.0666244165140566,0,0.018587630843982416,0.31360164446761923,2. North East,45,5,6869550.086884871,9.452236605596598,CV < 10%
Post-Planting,Rice - local,8. Borno,0.39195297080841085,0.046879039322177095,0.11960373517641194,0.30007005373694373,0.48383588787987797,20.437547763581424,2. North East,45,5,6869550.086884871,9.452236605596598,CV < 10%
Post-Planting,Sachet water,8. Borno,0.05249369929853862,0.04309256472649874,0.820909276776735,0,0.13695512616247615,2.7371714634237994,2. North East,45,5,6869550.086884871,9.452236605596598,CV < 10%
Post-Planting,Salt,8. Borno,0.019909037300325904,0.0013578145855275329,0.06820091624949168,0.01724772071269194,0.022570353887959867,1.038114087802708,2. North East,45,5,6869550.086884871,9.452236605596598,CV < 10%
Post-Planting,Seafood,8. Borno,0,0,NA,0,0,0,2. North East,45,5,6869550.086884871,9.452236605596598,No estimate
Post-Planting,Shea butter,8. Borno,0,0,NA,0,0,0,2. North East,45,5,6869550.086884871,9.452236605596598,No estimate
Post-Planting,Snails,8. Borno,0,0,NA,0,0,0,2. North East,45,5,6869550.086884871,9.452236605596598,No estimate
Post-Planting,Soft drinks,8. Borno,0.005689439565238594,0.005036787711493977,0.8852871453750564,0,0.01556154347976679,0.2966636344731553,2. North East,45,5,6869550.086884871,9.452236605596598,CV < 10%
Post-Planting,Soya beans,8. Borno,0.009424622431200553,0.004447849298475124,0.47193925602264536,7.068378061893098e-4,0.0181424070562118,0.4914267410554574,2. North East,45,5,6869550.086884871,9.452236605596598,CV < 10%
Post-Planting,Sugar,8. Borno,0.008002301139416279,0.005487867067237309,0.6857861222200414,0,0.018758520591201405,0.417262845126706,2. North East,45,5,6869550.086884871,9.452236605596598,CV < 10%
Post-Planting,Sweet potatoes,8. Borno,0.03705422708483719,0.015914670608227002,0.4294967635349593,0.0058614726927122655,0.068246981476962107,1.9321132694236536,2. North East,45,5,6869550.086884871,9.452236605596598,CV < 10%
Post-Planting,Tea,8. Borno,0.002020106046907966,0.0017095457033521081,0.8462653265004524,0,0.005370815625478097,0.10533410101734395,2. North East,45,5,6869550.086884871,9.452236605596598,CV < 10%
Post-Planting,Tomato puree - canned,8. Borno,8.895695656269121e-4,5.278494355327115e-4,0.593376230402753,0,0.0019241544592710266,0.04638469877911756,2. North East,45,5,6869550.086884871,9.452236605596598,CV < 10%
Post-Planting,Tomatoes,8. Borno,0.01792305900228936,0.011906537527726382,0.6643139168489892,0,0.04125987255663307,0.9345595051193739,2. North East,45,5,6869550.086884871,9.452236605596598,CV < 10%
Post-Planting,Watermelon,8. Borno,0.02265038536677593,0.012986520995574643,0.5733465804349426,0,0.04810396651810223,1.1810558084104592,2. North East,45,5,6869550.086884871,9.452236605596598,CV < 10%
Post-Planting,Wheat flour,8. Borno,0.00686813326843126,0.003806924457959031,0.5542880880685889,0,0.014329705206030961,0.3581240918539157,2. North East,45,5,6869550.086884871,9.452236605596598,CV < 10%
Post-Planting,White beans,8. Borno,0.056595848306252194,0.013336578243904534,0.23564587585537136,0.03045615494819931,0.08273554166430508,2.9510692331117214,2. North East,45,5,6869550.086884871,9.452236605596598,CV < 10%
Post-Planting,Wild game/Bush meat,8. Borno,0,0,NA,0,0,0,2. North East,45,5,6869550.086884871,9.452236605596598,No estimate
Post-Planting,Yam flour,8. Borno,0,0,NA,0,0,0,2. North East,45,5,6869550.086884871,9.452236605596598,No estimate
Post-Planting,Yam roots,8. Borno,0.022356577571886707,0.011579339785757205,0.5179388369496309,0,0.04505208355197083,1.1657358305340926,2. North East,45,5,6869550.086884871,9.452236605596598,CV < 10%
Post-Planting,Agricultural eggs,9. Cross River,0.013307977863019483,0.007757799694029722,0.5829435376194362,0,0.02851326526331774,0.6939159885717301,5. South South,99,13,4438863.066396841,3.8029900335269584,CV < 10%
Post-Planting,Animal fat,9. Cross River,0,0,NA,0,0,0,5. South South,99,13,4438863.066396841,3.8029900335269584,No estimate
Post-Planting,Apples,9. Cross River,0,0,NA,0,0,0,5. South South,99,13,4438863.066396841,3.8029900335269584,No estimate
Post-Planting,Avocado pear,9. Cross River,0.010069322602357248,0.006982969368892604,0.6934894872926087,0,0.023755942565386753,0.5250432499800565,5. South South,99,13,4438863.066396841,3.8029900335269584,CV < 10%
Post-Planting,Baby milk powder,9. Cross River,4.864212367086964e-4,4.912470745918883e-4,1.0099211085351563,0,0.0014492655029087974,0.025363393056953454,5. South South,99,13,4438863.066396841,3.8029900335269584,CV < 10%
Post-Planting,Bananas,9. Cross River,0.2226106045241275,0.08339839256898302,0.3746380040935738,0.059149755088920813,0.3860714539593342,11.607552950186648,5. South South,99,13,4438863.066396841,3.8029900335269584,CV < 10%
Post-Planting,Beef,9. Cross River,0.07001839639827101,0.018997177353139657,0.2713169442653611,0.032783928786117286,0.10725286401042473,3.6509592407669884,5. South South,99,13,4438863.066396841,3.8029900335269584,CV < 10%
Post-Planting,Beer,9. Cross River,0.06412453350874714,0.02305481747978648,0.35953193291677676,0.018937091248365637,0.10931197576912864,3.343636390098958,5. South South,99,13,4438863.066396841,3.8029900335269584,CV < 10%
Post-Planting,Biscuits,9. Cross River,0.01074804436470511,0.0017211473756922112,0.16013586446890646,0.007374595508348376,0.014121493221061845,0.5604337418739093,5. South South,99,13,4438863.066396841,3.8029900335269584,CV < 10%
Post-Planting,Bottled water,9. Cross River,0,0,NA,0,0,0,5. South South,99,13,4438863.066396841,3.8029900335269584,No estimate
Post-Planting,Bread,9. Cross River,0.19024800764473032,0.03832231063655041,0.20143344001853414,0.11513627879709153,0.2653597364923691,9.920074684332366,5. South South,99,13,4438863.066396841,3.8029900335269584,CV < 10%
Post-Planting,Brown beans,9. Cross River,0.004948879914566454,0.0036745873067659004,0.7425088848792186,0,0.012151071035827618,0.2580487384023937,5. South South,99,13,4438863.066396841,3.8029900335269584,CV < 10%
Post-Planting,Buns/Pofpof/Donuts,9. Cross River,0.00336906240819315,0.0023443481643294424,0.6958458705390178,0,0.007963984810278858,0.17567253985578568,5. South South,99,13,4438863.066396841,3.8029900335269584,CV < 10%
Post-Planting,Butter/Margarine,9. Cross River,0,0,NA,0,0,0,5. South South,99,13,4438863.066396841,3.8029900335269584,No estimate
Post-Planting,Cake,9. Cross River,0,0,NA,0,0,0,5. South South,99,13,4438863.066396841,3.8029900335269584,No estimate
Post-Planting,Canned fish/seafood,9. Cross River,0,0,NA,0,0,0,5. South South,99,13,4438863.066396841,3.8029900335269584,No estimate
Post-Planting,Cashew nut,9. Cross River,0,0,NA,0,0,0,5. South South,99,13,4438863.066396841,3.8029900335269584,No estimate
Post-Planting,Cassava flour,9. Cross River,0,0,NA,0,0,0,5. South South,99,13,4438863.066396841,3.8029900335269584,No estimate
Post-Planting,Cassava roots,9. Cross River,0.06805405424169804,0.05568842916930857,0.8182970109543773,0,0.17720337541354284,3.548532828317112,5. South South,99,13,4438863.066396841,3.8029900335269584,CV < 10%
Post-Planting,Cheese/wara,9. Cross River,0,0,NA,0,0,0,5. South South,99,13,4438863.066396841,3.8029900335269584,No estimate
Post-Planting,Chicken,9. Cross River,0.01677559546189655,0.006496312247894581,0.38724778876851546,0.00404282345602317,0.029508367467769928,0.8747274776560344,5. South South,99,13,4438863.066396841,3.8029900335269584,CV < 10%
Post-Planting,Chocolate drinks,9. Cross River,8.909687257894025e-4,3.5549643723365625e-4,0.3989999053206775,1.9419570881143628e-4,0.0015877417427673688,0.04645765498759028,5. South South,99,13,4438863.066396841,3.8029900335269584,CV < 10%
Post-Planting,Coconut,9. Cross River,0.026003162824284155,0.010443558398130963,0.4016264663150055,0.005533788363947467,0.04647253728462084,1.3558792044091024,5. South South,99,13,4438863.066396841,3.8029900335269584,CV < 10%
Post-Planting,Cocoyam,9. Cross River,0.038710716941999915,0.01254561256489389,0.324086288138009,0.01412131631480789,0.06330011756919193,2.0184873834042816,5. South South,99,13,4438863.066396841,3.8029900335269584,CV < 10%
Post-Planting,Coffee,9. Cross River,6.60506651435215e-5,5.796549883352923e-5,0.8775914475285902,0,1.796630428572388e-4,0.0034440703967693353,5. South South,99,13,4438863.066396841,3.8029900335269584,CV < 10%
Post-Planting,Dry pepper,9. Cross River,0.01407983441684524,0.0013876604040039926,0.0985565854626659,0.011360020024997414,0.016799648808693064,0.7341627945926447,5. South South,99,13,4438863.066396841,3.8029900335269584,CV < 10%
Post-Planting,Duck,9. Cross River,0,0,NA,0,0,0,5. South South,99,13,4438863.066396841,3.8029900335269584,No estimate
Post-Planting,Fish - dried,9. Cross River,0.06390074926189128,0.011953360662437563,0.18706135374794786,0.040472162363513656,0.0873293361602689,3.3319676400843306,5. South South,99,13,4438863.066396841,3.8029900335269584,CV < 10%
Post-Planting,Fish - fresh,9. Cross River,0.049445444244945166,0.022256874438479027,0.45012993165198145,0.005821970345526277,0.09306891814436405,2.5782267356292836,5. South South,99,13,4438863.066396841,3.8029900335269584,CV < 10%
Post-Planting,Fish - frozen,9. Cross River,0.09994035904665731,0.017125915584443305,0.1713613573916424,0.06637356450114842,0.1335071535921662,5.2111758645757025,5. South South,99,13,4438863.066396841,3.8029900335269584,CV < 10%
Post-Planting,Fish - smoked,9. Cross River,0.09257698553087004,0.01051561591476127,0.11358779781455304,0.07196637833793795,0.11318759272380213,4.827228531252509,5. South South,99,13,4438863.066396841,3.8029900335269584,CV < 10%
Post-Planting,Fresh milk,9. Cross River,0,0,NA,0,0,0,5. South South,99,13,4438863.066396841,3.8029900335269584,No estimate
Post-Planting,Fresh pepper,9. Cross River,0.10165144152773775,0.012543377336499614,0.12339596121789269,0.07706642194819852,0.126236461107277,5.300396593946325,5. South South,99,13,4438863.066396841,3.8029900335269584,CV < 10%
Post-Planting,Fruit juice,9. Cross River,0.0033613851904960037,0.0031403016642483966,0.9342284463938558,0,0.009516376452422861,0.17527222779014878,5. South South,99,13,4438863.066396841,3.8029900335269584,CV < 10%
Post-Planting,Garden eggs/Eggplant,9. Cross River,0.02329337817763449,0.01242820545903264,0.5335510102594642,0,0.047652660877338465,1.2145832906909413,5. South South,99,13,4438863.066396841,3.8029900335269584,CV < 10%
Post-Planting,Gari - white,9. Cross River,0.09133392278025265,0.03887218340697339,0.42560510075209385,0.015144443302584812,0.1675234022579205,4.76241168782746,5. South South,99,13,4438863.066396841,3.8029900335269584,CV < 10%
Post-Planting,Gari - yellow,9. Cross River,0.8977191690661486,0.1183468128835231,0.1318305512030374,0.6657594158144433,1.1296789223178538,46.80964238702061,5. South South,99,13,4438863.066396841,3.8029900335269584,CV < 10%
Post-Planting,Gin,9. Cross River,0.007883201543404505,0.005068980296930455,0.6430103643831644,0,0.017818402925388194,0.411052651906092,5. South South,99,13,4438863.066396841,3.8029900335269584,CV < 10%
Post-Planting,Goat,9. Cross River,0.05468609044212112,0.02058236701295662,0.3763729834507125,0.014344651096726148,0.09502752978751608,2.851489001624887,5. South South,99,13,4438863.066396841,3.8029900335269584,CV < 10%
Post-Planting,Ground pepper,9. Cross River,0.004737778044119692,0.0014715619300405135,0.31060170323237224,0.0018535166612402855,0.007622039426999098,0.24704128372909823,5. South South,99,13,4438863.066396841,3.8029900335269584,CV < 10%
Post-Planting,Groundnut oil,9. Cross River,0.32105190022055147,0.26194143065611736,0.8158850032539061,0,0.8344571043065414,16.74056336864304,5. South South,99,13,4438863.066396841,3.8029900335269584,CV < 10%
Post-Planting,Groundnuts - shelled,9. Cross River,0.011695062939315127,0.006542422746807148,0.5594174893076957,0,0.024518211523057137,0.6098139961214316,5. South South,99,13,4438863.066396841,3.8029900335269584,CV < 10%
Post-Planting,Groundnuts - unshelled,9. Cross River,0.022725486211580992,0.013458734768716986,0.5922308831332447,0,0.04910460635826629,1.1849717810324374,5. South South,99,13,4438863.066396841,3.8029900335269584,CV < 10%
Post-Planting,Guava,9. Cross River,0.04015741137615826,0.0181720125336019,0.45251952032921006,0.004540266810298538,0.07577455594201798,2.0939221646139665,5. South South,99,13,4438863.066396841,3.8029900335269584,CV < 10%
Post-Planting,Guinea corn / sorghum,9. Cross River,0.003181293579627604,0.002972054958418239,0.9342284463938539,0,0.009006521298127353,0.1658817366520108,5. South South,99,13,4438863.066396841,3.8029900335269584,CV < 10%
Post-Planting,Honey,9. Cross River,0.006482552189137206,0.0037614681205937394,0.580244942246176,0,0.013855029705500935,0.3380187927192972,5. South South,99,13,4438863.066396841,3.8029900335269584,CV < 10%
Post-Planting,Kola nut,9. Cross River,3.3428518272600406e-4,2.241183934873038e-4,0.6704407047290571,0,7.735572339611195e-4,0.017430584527855928,5. South South,99,13,4438863.066396841,3.8029900335269584,CV < 10%
Post-Planting,Leaves,9. Cross River,0.25491169930000424,0.03685482862523003,0.14457880405816828,0.1826762351945534,0.3271471634054551,13.291824320643077,5. South South,99,13,4438863.066396841,3.8029900335269584,CV < 10%
Post-Planting,Local eggs,9. Cross River,8.051361671170372e-4,5.085449905420053e-4,0.6316260668837667,0,0.0018018843485793678,0.04198210014253123,5. South South,99,13,4438863.066396841,3.8029900335269584,CV < 10%
Post-Planting,Maize - shelled/off cob,9. Cross River,0.016626261175694466,0.015532726147507472,0.9342284463938527,0,0.047070404424809115,0.8669407613040685,5. South South,99,13,4438863.066396841,3.8029900335269584,CV < 10%
Post-Planting,Maize - unshelled/on cob,9. Cross River,0.16894012139188563,0.10764865808844906,0.6372000753967704,0,0.3799314912452458,8.809020615434036,5. South South,99,13,4438863.066396841,3.8029900335269584,CV < 10%
Post-Planting,Maize flour,9. Cross River,0,0,NA,0,0,0,5. South South,99,13,4438863.066396841,3.8029900335269584,No estimate
Post-Planting,Malt drinks,9. Cross River,0.02725167928541342,0.009741511520333566,0.3574646324840522,0.00815831670555963,0.04634504186526721,1.420980419882271,5. South South,99,13,4438863.066396841,3.8029900335269584,CV < 10%
Post-Planting,Mangoes,9. Cross River,0,0,NA,0,0,0,5. South South,99,13,4438863.066396841,3.8029900335269584,No estimate
Post-Planting,Meat pie/Sausage roll,9. Cross River,0.0019872816156307686,0.001460013736133765,0.7346788319532421,0,0.004848908538452948,0.10362254138646151,5. South South,99,13,4438863.066396841,3.8029900335269584,CV < 10%
Post-Planting,Melon - ground,9. Cross River,0.01288743327634991,0.004117269226626584,0.3194793826154894,0.004817585592161807,0.020957280960538012,0.6719875922668167,5. South South,99,13,4438863.066396841,3.8029900335269584,CV < 10%
Post-Planting,Melon - shelled,9. Cross River,0.018642241185792052,0.004462146629401011,0.23935676965716865,0.009896433792166072,0.027388048579418033,0.9720597189734427,5. South South,99,13,4438863.066396841,3.8029900335269584,CV < 10%
Post-Planting,Melon - unshelled,9. Cross River,0.0033287773835059455,0.0016101679867057462,0.4837115256442532,1.7284812956268282e-4,0.006484706637449208,0.17357196356852428,5. South South,99,13,4438863.066396841,3.8029900335269584,CV < 10%
Post-Planting,Milk - tinned,9. Cross River,0,0,NA,0,0,0,5. South South,99,13,4438863.066396841,3.8029900335269584,No estimate
Post-Planting,Milk powder,9. Cross River,0.003552976294376187,0.0017111890093652522,0.4816212852514103,1.9904583602029262e-4,0.006906906752732081,0.18526233534961545,5. South South,99,13,4438863.066396841,3.8029900335269584,CV < 10%
Post-Planting,Millet,9. Cross River,0.07539683558894815,0.06616761808358011,0.87759144752859,0,0.20508536703276514,3.9314064271380107,5. South South,99,13,4438863.066396841,3.8029900335269584,CV < 10%
Post-Planting,Mutton,9. Cross River,0,0,NA,0,0,0,5. South South,99,13,4438863.066396841,3.8029900335269584,No estimate
Post-Planting,Ogbono - ground,9. Cross River,0.002223854646731022,3.897243958018477e-4,0.17524724305823094,0.0014599948309594005,0.0029877144625026436,0.11595813515097472,5. South South,99,13,4438863.066396841,3.8029900335269584,CV < 10%
Post-Planting,Ogbono - unground,9. Cross River,0.003315409998830038,0.0013196047109681548,0.39802157544129535,7.289847653324543e-4,0.005901835232327622,0.17287494993899483,5. South South,99,13,4438863.066396841,3.8029900335269584,CV < 10%
Post-Planting,Okra - dried,9. Cross River,9.528472334450308e-4,7.016796709923312e-4,0.7364031151724079,0,0.00232813938859,0.04968417717249089,5. South South,99,13,4438863.066396841,3.8029900335269584,CV < 10%
Post-Planting,Okra - fresh,9. Cross River,0.0924092118123388,0.010716567821766642,0.11596860974779713,0.07140473888167617,0.11341368474300142,4.818480330214809,5. South South,99,13,4438863.066396841,3.8029900335269584,CV < 10%
Post-Planting,Onions,9. Cross River,0.18506695625911293,0.02416139595310191,0.13055488911415092,0.1377106201910332,0.23242329232719267,9.649919862082317,5. South South,99,13,4438863.066396841,3.8029900335269584,CV < 10%
Post-Planting,Orange/Tangerine,9. Cross River,0.07322352494614313,0.03779059794805495,0.5160991358426193,0,0.14729309692433085,3.8180838007631777,5. South South,99,13,4438863.066396841,3.8029900335269584,CV < 10%
Post-Planting,Other alcoholic beverages,9. Cross River,0.004392561546445754,0.003854874445903757,0.8775914475285914,0,0.011948115460417116,0.2290407092075286,5. South South,99,13,4438863.066396841,3.8029900335269584,CV < 10%
Post-Planting,Other domestic poultry,9. Cross River,0,0,NA,0,0,0,5. South South,99,13,4438863.066396841,3.8029900335269584,No estimate
Post-Planting,Other eggs,9. Cross River,0,0,NA,0,0,0,5. South South,99,13,4438863.066396841,3.8029900335269584,No estimate
Post-Planting,Other fish/seafood,9. Cross River,0,0,NA,0,0,0,5. South South,99,13,4438863.066396841,3.8029900335269584,No estimate
Post-Planting,Other fruits,9. Cross River,0,0,NA,0,0,0,5. South South,99,13,4438863.066396841,3.8029900335269584,No estimate
Post-Planting,Other grains/flour,9. Cross River,0,0,NA,0,0,0,5. South South,99,13,4438863.066396841,3.8029900335269584,No estimate
Post-Planting,Other meat,9. Cross River,0,0,NA,0,0,0,5. South South,99,13,4438863.066396841,3.8029900335269584,No estimate
Post-Planting,Other milk products,9. Cross River,0,0,NA,0,0,0,5. South South,99,13,4438863.066396841,3.8029900335269584,No estimate
Post-Planting,Other non-alcoholic drinks,9. Cross River,0,0,NA,0,0,0,5. South South,99,13,4438863.066396841,3.8029900335269584,No estimate
Post-Planting,Other nuts/seeds/pulses,9. Cross River,0,0,NA,0,0,0,5. South South,99,13,4438863.066396841,3.8029900335269584,No estimate
Post-Planting,Other oil/fat,9. Cross River,0,0,NA,0,0,0,5. South South,99,13,4438863.066396841,3.8029900335269584,No estimate
Post-Planting,Other roots/tubers,9. Cross River,0,0,NA,0,0,0,5. South South,99,13,4438863.066396841,3.8029900335269584,No estimate
Post-Planting,Other spices,9. Cross River,0.007981412839525725,0.00220369595295729,0.27610349160791425,0.003662168771729437,0.012300656907322013,0.41617366948955564,5. South South,99,13,4438863.066396841,3.8029900335269584,CV < 10%
Post-Planting,Other sweets,9. Cross River,0,0,NA,0,0,0,5. South South,99,13,4438863.066396841,3.8029900335269584,No estimate
Post-Planting,Other vegetables,9. Cross River,0,0,NA,0,0,0,5. South South,99,13,4438863.066396841,3.8029900335269584,No estimate
Post-Planting,Palm oil,9. Cross River,0.16214171992276422,0.012976085689451624,0.08002928361456108,0.13670859197143903,0.1875748478740894,8.454532538829849,5. South South,99,13,4438863.066396841,3.8029900335269584,CV < 10%
Post-Planting,Palm wine,9. Cross River,0.07119969215391965,0.027311498543726682,0.38359012121407243,0.017669155008215358,0.12473022929962393,3.712555376597239,5. South South,99,13,4438863.066396841,3.8029900335269584,CV < 10%
Post-Planting,Pawpaw,9. Cross River,0.05963009331978964,0.018131028146761274,0.30405835606405246,0.02409327815213755,0.09516690848744173,3.1092834373890312,5. South South,99,13,4438863.066396841,3.8029900335269584,CV < 10%
Post-Planting,Pineapples,9. Cross River,0.0241153169307875,0.016610561197473016,0.6887971344165366,0,0.05667201687783461,1.2574415256767768,5. South South,99,13,4438863.066396841,3.8029900335269584,CV < 10%
Post-Planting,Pito,9. Cross River,0,0,NA,0,0,0,5. South South,99,13,4438863.066396841,3.8029900335269584,No estimate
Post-Planting,Plantains,9. Cross River,0.5577678844771784,0.12369747439428377,0.2217723139621621,0.3153208346643822,0.8002149342899746,29.08361111916716,5. South South,99,13,4438863.066396841,3.8029900335269584,CV < 10%
Post-Planting,Pork,9. Cross River,0.02631568039372281,0.010401251519483847,0.3952491960635341,0.00592922741553447,0.04670213337191115,1.372174763386975,5. South South,99,13,4438863.066396841,3.8029900335269584,CV < 10%
Post-Planting,Potatoes,9. Cross River,0,0,NA,0,0,0,5. South South,99,13,4438863.066396841,3.8029900335269584,No estimate
Post-Planting,Rice - imported,9. Cross River,0.04333778558237991,0.02367804778769556,0.5463603520462863,0,0.08974675924626321,2.25975596250981,5. South South,99,13,4438863.066396841,3.8029900335269584,CV < 10%
Post-Planting,Rice - local,9. Cross River,0.36310493054894394,0.018175154354337864,0.050054826649862806,0.32748162801444175,0.3987282330834461,18.93332852148065,5. South South,99,13,4438863.066396841,3.8029900335269584,CV < 10%
Post-Planting,Sachet water,9. Cross River,0.5868452189512209,0.24530172910026612,0.41800072860550275,0.1060538299146993,1.0676366079877424,30.599786416742234,5. South South,99,13,4438863.066396841,3.8029900335269584,CV < 10%
Post-Planting,Salt,9. Cross River,0.05155103320415584,0.008189918939603727,0.15887012210151955,0.03549879208253254,0.06760327432577914,2.688018159930983,5. South South,99,13,4438863.066396841,3.8029900335269584,CV < 10%
Post-Planting,Seafood,9. Cross River,0.00728150457816866,0.0013840394939018282,0.19007603154593114,0.0045687871701210764,0.009994221986216243,0.3796784530045087,5. South South,99,13,4438863.066396841,3.8029900335269584,CV < 10%
Post-Planting,Shea butter,9. Cross River,0,0,NA,0,0,0,5. South South,99,13,4438863.066396841,3.8029900335269584,No estimate
Post-Planting,Snails,9. Cross River,0.009491277609006112,0.006195601010438121,0.6527678638921298,0,0.021634655589464827,0.4949023324696044,5. South South,99,13,4438863.066396841,3.8029900335269584,CV < 10%
Post-Planting,Soft drinks,9. Cross River,0.05778660711711251,0.01675683623566633,0.2899778525101205,0.024943208095206504,0.09063000613901852,3.0131587996780094,5. South South,99,13,4438863.066396841,3.8029900335269584,CV < 10%
Post-Planting,Soya beans,9. Cross River,0,0,NA,0,0,0,5. South South,99,13,4438863.066396841,3.8029900335269584,No estimate
Post-Planting,Sugar,9. Cross River,0.016342616029303023,0.0056495033088247385,0.3456914914169759,0.005269589544006536,0.02741564251459951,0.8521506929565147,5. South South,99,13,4438863.066396841,3.8029900335269584,CV < 10%
Post-Planting,Sweet potatoes,9. Cross River,0.13389461936342945,0.037983928029561555,0.283685245980363,0.0594461204254888,0.2083431183013701,6.981648009664535,5. South South,99,13,4438863.066396841,3.8029900335269584,CV < 10%
Post-Planting,Tea,9. Cross River,3.156588046859085e-4,2.240270709855516e-4,0.709712726716007,0,7.547518638175896e-4,0.01645935195862237,5. South South,99,13,4438863.066396841,3.8029900335269584,CV < 10%
Post-Planting,Tomato puree - canned,9. Cross River,0.01887738723652582,0.0022333556400750336,0.11830851441950177,0.014500010181978752,0.023254764291072885,0.9843209059045606,5. South South,99,13,4438863.066396841,3.8029900335269584,CV < 10%
Post-Planting,Tomatoes,9. Cross River,0.06072417938286657,0.010047030251574348,0.1654535368560145,0.04103200008978085,0.08041635867595229,3.1663322106780427,5. South South,99,13,4438863.066396841,3.8029900335269584,CV < 10%
Post-Planting,Watermelon,9. Cross River,0.04595129265036574,0.03128727514480055,0.6808791078601252,0,0.10727435193417481,2.3960316881976422,5. South South,99,13,4438863.066396841,3.8029900335269584,CV < 10%
Post-Planting,Wheat flour,9. Cross River,0,0,NA,0,0,0,5. South South,99,13,4438863.066396841,3.8029900335269584,No estimate
Post-Planting,White beans,9. Cross River,0.257207961036205,0.042648690742560696,0.1658140384564434,0.17361652718078607,0.340799394891624,13.411557968316405,5. South South,99,13,4438863.066396841,3.8029900335269584,CV < 10%
Post-Planting,Wild game/Bush meat,9. Cross River,0.058659112363885914,0.03125754337975648,0.5328676503976646,0,0.11992389738820862,3.058653716116908,5. South South,99,13,4438863.066396841,3.8029900335269584,CV < 10%
Post-Planting,Yam flour,9. Cross River,0,0,NA,0,0,0,5. South South,99,13,4438863.066396841,3.8029900335269584,No estimate
Post-Planting,Yam roots,9. Cross River,0.36885275934908235,0.12163167572311717,0.3297567190164488,0.1304546749317727,0.6072508437663919,19.23303673748787,5. South South,99,13,4438863.066396841,3.8029900335269584,CV < 10%
